account_id,prediction_date,horizon_days,eligible_for_prediction,outcome_within_90d,outcome_type
ACC00001,2024-01-31,90,True,0.0,no_target_event_within_90d
ACC00001,2024-02-29,90,True,0.0,no_target_event_within_90d
ACC00001,2024-03-31,90,True,0.0,no_target_event_within_90d
ACC00001,2024-04-30,90,True,0.0,no_target_event_within_90d
ACC00001,2024-05-31,90,True,0.0,no_target_event_within_90d
ACC00001,2024-06-30,90,True,1.0,renewed
ACC00001,2024-07-31,90,True,1.0,renewed
ACC00001,2024-08-31,90,True,1.0,renewed
ACC00002,2024-01-31,90,True,,censored
ACC00002,2024-02-29,90,True,,censored
ACC00002,2024-03-31,90,True,,censored
ACC00002,2024-04-30,90,True,,censored
ACC00002,2024-05-31,90,True,,censored
ACC00002,2024-06-30,90,True,,censored
ACC00002,2024-07-31,90,True,,censored
ACC00002,2024-08-31,90,True,,censored
ACC00002,2024-09-30,90,True,,censored
ACC00002,2024-10-31,90,True,,censored
ACC00002,2024-11-30,90,True,,censored
ACC00002,2024-12-31,90,True,,censored
ACC00002,2025-01-31,90,True,,censored
ACC00002,2025-02-28,90,True,,censored
ACC00002,2025-03-31,90,True,,censored
ACC00002,2025-04-30,90,True,,censored
ACC00002,2025-05-31,90,True,,censored
ACC00002,2025-06-30,90,True,,censored
ACC00002,2025-07-31,90,True,,censored
ACC00002,2025-08-31,90,True,,censored
ACC00002,2025-09-30,90,True,,censored
ACC00002,2025-10-31,90,True,,censored
ACC00002,2025-11-30,90,True,,censored
ACC00002,2025-12-31,90,True,,censored
ACC00003,2024-01-31,90,True,0.0,no_target_event_within_90d
ACC00003,2024-02-29,90,True,0.0,no_target_event_within_90d
ACC00003,2024-03-31,90,True,0.0,no_target_event_within_90d
ACC00003,2024-04-30,90,True,0.0,no_target_event_within_90d
ACC00003,2024-05-31,90,True,0.0,no_target_event_within_90d
ACC00003,2024-06-30,90,True,0.0,no_target_event_within_90d
ACC00003,2024-07-31,90,True,0.0,no_target_event_within_90d
ACC00003,2024-08-31,90,True,0.0,no_target_event_within_90d
ACC00003,2024-09-30,90,True,0.0,no_target_event_within_90d
ACC00003,2024-10-31,90,True,0.0,no_target_event_within_90d
ACC00003,2024-11-30,90,True,0.0,no_target_event_within_90d
ACC00003,2024-12-31,90,True,0.0,no_target_event_within_90d
ACC00003,2025-01-31,90,True,0.0,no_target_event_within_90d
ACC00003,2025-02-28,90,True,0.0,no_target_event_within_90d
ACC00003,2025-03-31,90,True,0.0,no_target_event_within_90d
ACC00003,2025-04-30,90,True,0.0,no_target_event_within_90d
ACC00003,2025-05-31,90,True,1.0,renewed
ACC00003,2025-06-30,90,True,1.0,renewed
ACC00003,2025-07-31,90,True,1.0,renewed
ACC00004,2024-01-31,90,True,0.0,no_target_event_within_90d
ACC00004,2024-02-29,90,True,0.0,no_target_event_within_90d
ACC00004,2024-03-31,90,True,0.0,no_target_event_within_90d
ACC00004,2024-04-30,90,True,0.0,no_target_event_within_90d
ACC00004,2024-05-31,90,True,0.0,no_target_event_within_90d
ACC00004,2024-06-30,90,True,0.0,no_target_event_within_90d
ACC00004,2024-07-31,90,True,0.0,no_target_event_within_90d
ACC00004,2024-08-31,90,True,0.0,no_target_event_within_90d
ACC00004,2024-09-30,90,True,0.0,no_target_event_within_90d
ACC00004,2024-10-31,90,True,0.0,no_target_event_within_90d
ACC00004,2024-11-30,90,True,0.0,no_target_event_within_90d
ACC00004,2024-12-31,90,True,0.0,no_target_event_within_90d
ACC00004,2025-01-31,90,True,0.0,no_target_event_within_90d
ACC00004,2025-02-28,90,True,0.0,no_target_event_within_90d
ACC00004,2025-03-31,90,True,0.0,no_target_event_within_90d
ACC00004,2025-04-30,90,True,0.0,no_target_event_within_90d
ACC00004,2025-05-31,90,True,0.0,no_target_event_within_90d
ACC00004,2025-06-30,90,True,0.0,no_target_event_within_90d
ACC00004,2025-07-31,90,True,1.0,renewed
ACC00004,2025-08-31,90,True,1.0,renewed
ACC00004,2025-09-30,90,True,1.0,renewed
ACC00005,2024-01-31,90,True,0.0,no_target_event_within_90d
ACC00005,2024-02-29,90,True,0.0,no_target_event_within_90d
ACC00005,2024-03-31,90,True,0.0,no_target_event_within_90d
ACC00005,2024-04-30,90,True,0.0,no_target_event_within_90d
ACC00005,2024-05-31,90,True,0.0,no_target_event_within_90d
ACC00005,2024-06-30,90,True,0.0,no_target_event_within_90d
ACC00005,2024-07-31,90,True,0.0,no_target_event_within_90d
ACC00005,2024-08-31,90,True,0.0,no_target_event_within_90d
ACC00005,2024-09-30,90,True,0.0,no_target_event_within_90d
ACC00005,2024-10-31,90,True,0.0,no_target_event_within_90d
ACC00005,2024-11-30,90,True,0.0,no_target_event_within_90d
ACC00005,2024-12-31,90,True,0.0,no_target_event_within_90d
ACC00005,2025-01-31,90,True,0.0,no_target_event_within_90d
ACC00005,2025-02-28,90,True,0.0,no_target_event_within_90d
ACC00005,2025-03-31,90,True,0.0,no_target_event_within_90d
ACC00005,2025-04-30,90,True,1.0,downgraded
ACC00005,2025-05-31,90,True,1.0,downgraded
ACC00005,2025-06-30,90,True,1.0,downgraded
ACC00006,2024-01-31,90,True,0.0,no_target_event_within_90d
ACC00006,2024-02-29,90,True,0.0,no_target_event_within_90d
ACC00006,2024-03-31,90,True,0.0,no_target_event_within_90d
ACC00006,2024-04-30,90,True,0.0,no_target_event_within_90d
ACC00006,2024-05-31,90,True,0.0,no_target_event_within_90d
ACC00006,2024-06-30,90,True,0.0,no_target_event_within_90d
ACC00006,2024-07-31,90,True,0.0,no_target_event_within_90d
ACC00006,2024-08-31,90,True,0.0,no_target_event_within_90d
ACC00006,2024-09-30,90,True,0.0,no_target_event_within_90d
ACC00006,2024-10-31,90,True,0.0,no_target_event_within_90d
ACC00006,2024-11-30,90,True,0.0,no_target_event_within_90d
ACC00006,2024-12-31,90,True,0.0,no_target_event_within_90d
ACC00006,2025-01-31,90,True,1.0,downgraded
ACC00006,2025-02-28,90,True,1.0,downgraded
ACC00006,2025-03-31,90,True,1.0,downgraded
ACC00007,2024-01-31,90,True,0.0,no_target_event_within_90d
ACC00007,2024-02-29,90,True,0.0,no_target_event_within_90d
ACC00007,2024-03-31,90,True,0.0,no_target_event_within_90d
ACC00007,2024-04-30,90,True,0.0,no_target_event_within_90d
ACC00007,2024-05-31,90,True,0.0,no_target_event_within_90d
ACC00007,2024-06-30,90,True,0.0,no_target_event_within_90d
ACC00007,2024-07-31,90,True,0.0,no_target_event_within_90d
ACC00007,2024-08-31,90,True,1.0,churned_voluntary
ACC00007,2024-09-30,90,True,1.0,churned_voluntary
ACC00007,2024-10-31,90,True,1.0,churned_voluntary
ACC00008,2024-01-31,90,True,,censored
ACC00008,2024-02-29,90,True,,censored
ACC00008,2024-03-31,90,True,,censored
ACC00008,2024-04-30,90,True,,censored
ACC00008,2024-05-31,90,True,,censored
ACC00008,2024-06-30,90,True,,censored
ACC00008,2024-07-31,90,True,,censored
ACC00008,2024-08-31,90,True,,censored
ACC00008,2024-09-30,90,True,,censored
ACC00008,2024-10-31,90,True,,censored
ACC00008,2024-11-30,90,True,,censored
ACC00008,2024-12-31,90,True,,censored
ACC00008,2025-01-31,90,True,,censored
ACC00008,2025-02-28,90,True,,censored
ACC00008,2025-03-31,90,True,,censored
ACC00008,2025-04-30,90,True,,censored
ACC00008,2025-05-31,90,True,,censored
ACC00008,2025-06-30,90,True,,censored
ACC00008,2025-07-31,90,True,,censored
ACC00008,2025-08-31,90,True,,censored
ACC00008,2025-09-30,90,True,,censored
ACC00008,2025-10-31,90,True,,censored
ACC00008,2025-11-30,90,True,,censored
ACC00008,2025-12-31,90,True,,censored
ACC00009,2024-01-31,90,True,0.0,no_target_event_within_90d
ACC00009,2024-02-29,90,True,0.0,no_target_event_within_90d
ACC00009,2024-03-31,90,True,0.0,no_target_event_within_90d
ACC00009,2024-04-30,90,True,0.0,no_target_event_within_90d
ACC00009,2024-05-31,90,True,0.0,no_target_event_within_90d
ACC00009,2024-06-30,90,True,0.0,no_target_event_within_90d
ACC00009,2024-07-31,90,True,0.0,no_target_event_within_90d
ACC00009,2024-08-31,90,True,0.0,no_target_event_within_90d
ACC00009,2024-09-30,90,True,0.0,no_target_event_within_90d
ACC00009,2024-10-31,90,True,0.0,no_target_event_within_90d
ACC00009,2024-11-30,90,True,0.0,no_target_event_within_90d
ACC00009,2024-12-31,90,True,0.0,no_target_event_within_90d
ACC00009,2025-01-31,90,True,0.0,no_target_event_within_90d
ACC00009,2025-02-28,90,True,0.0,no_target_event_within_90d
ACC00009,2025-03-31,90,True,0.0,no_target_event_within_90d
ACC00009,2025-04-30,90,True,0.0,no_target_event_within_90d
ACC00009,2025-05-31,90,True,0.0,no_target_event_within_90d
ACC00009,2025-06-30,90,True,1.0,renewed
ACC00009,2025-07-31,90,True,1.0,renewed
ACC00009,2025-08-31,90,True,1.0,renewed
ACC00010,2024-01-31,90,True,0.0,no_target_event_within_90d
ACC00010,2024-02-29,90,True,0.0,no_target_event_within_90d
ACC00010,2024-03-31,90,True,0.0,no_target_event_within_90d
ACC00010,2024-04-30,90,True,0.0,no_target_event_within_90d
ACC00010,2024-05-31,90,True,0.0,no_target_event_within_90d
ACC00010,2024-06-30,90,True,0.0,no_target_event_within_90d
ACC00010,2024-07-31,90,True,0.0,no_target_event_within_90d
ACC00010,2024-08-31,90,True,0.0,no_target_event_within_90d
ACC00010,2024-09-30,90,True,0.0,no_target_event_within_90d
ACC00010,2024-10-31,90,True,0.0,no_target_event_within_90d
ACC00010,2024-11-30,90,True,0.0,no_target_event_within_90d
ACC00010,2024-12-31,90,True,0.0,no_target_event_within_90d
ACC00010,2025-01-31,90,True,0.0,no_target_event_within_90d
ACC00010,2025-02-28,90,True,0.0,no_target_event_within_90d
ACC00010,2025-03-31,90,True,0.0,no_target_event_within_90d
ACC00010,2025-04-30,90,True,0.0,no_target_event_within_90d
ACC00010,2025-05-31,90,True,1.0,renewed
ACC00010,2025-06-30,90,True,1.0,renewed
ACC00010,2025-07-31,90,True,1.0,renewed
ACC00011,2024-01-31,90,True,0.0,no_target_event_within_90d
ACC00011,2024-02-29,90,True,0.0,no_target_event_within_90d
ACC00011,2024-03-31,90,True,0.0,no_target_event_within_90d
ACC00011,2024-04-30,90,True,0.0,no_target_event_within_90d
ACC00011,2024-05-31,90,True,0.0,no_target_event_within_90d
ACC00011,2024-06-30,90,True,0.0,no_target_event_within_90d
ACC00011,2024-07-31,90,True,0.0,no_target_event_within_90d
ACC00011,2024-08-31,90,True,0.0,no_target_event_within_90d
ACC00011,2024-09-30,90,True,0.0,no_target_event_within_90d
ACC00011,2024-10-31,90,True,0.0,no_target_event_within_90d
ACC00011,2024-11-30,90,True,0.0,no_target_event_within_90d
ACC00011,2024-12-31,90,True,0.0,no_target_event_within_90d
ACC00011,2025-01-31,90,True,0.0,no_target_event_within_90d
ACC00011,2025-02-28,90,True,0.0,no_target_event_within_90d
ACC00011,2025-03-31,90,True,0.0,no_target_event_within_90d
ACC00011,2025-04-30,90,True,0.0,no_target_event_within_90d
ACC00011,2025-05-31,90,True,0.0,no_target_event_within_90d
ACC00011,2025-06-30,90,True,0.0,no_target_event_within_90d
ACC00011,2025-07-31,90,True,1.0,churned_voluntary
ACC00011,2025-08-31,90,True,1.0,churned_voluntary
ACC00011,2025-09-30,90,True,1.0,churned_voluntary
ACC00012,2024-01-31,90,True,,censored
ACC00012,2024-02-29,90,True,,censored
ACC00012,2024-03-31,90,True,,censored
ACC00012,2024-04-30,90,True,,censored
ACC00012,2024-05-31,90,True,,censored
ACC00012,2024-06-30,90,True,,censored
ACC00012,2024-07-31,90,True,,censored
ACC00012,2024-08-31,90,True,,censored
ACC00012,2024-09-30,90,True,,censored
ACC00012,2024-10-31,90,True,,censored
ACC00012,2024-11-30,90,True,,censored
ACC00012,2024-12-31,90,True,,censored
ACC00012,2025-01-31,90,True,,censored
ACC00012,2025-02-28,90,True,,censored
ACC00012,2025-03-31,90,True,,censored
ACC00012,2025-04-30,90,True,,censored
ACC00012,2025-05-31,90,True,,censored
ACC00012,2025-06-30,90,True,,censored
ACC00012,2025-07-31,90,True,,censored
ACC00012,2025-08-31,90,True,,censored
ACC00012,2025-09-30,90,True,,censored
ACC00012,2025-10-31,90,True,,censored
ACC00012,2025-11-30,90,True,,censored
ACC00012,2025-12-31,90,True,,censored
ACC00013,2024-01-31,90,True,,censored
ACC00013,2024-02-29,90,True,,censored
ACC00013,2024-03-31,90,True,,censored
ACC00013,2024-04-30,90,True,,censored
ACC00013,2024-05-31,90,True,,censored
ACC00013,2024-06-30,90,True,,censored
ACC00013,2024-07-31,90,True,,censored
ACC00013,2024-08-31,90,True,,censored
ACC00013,2024-09-30,90,True,,censored
ACC00013,2024-10-31,90,True,,censored
ACC00013,2024-11-30,90,True,,censored
ACC00013,2024-12-31,90,True,,censored
ACC00013,2025-01-31,90,True,,censored
ACC00013,2025-02-28,90,True,,censored
ACC00013,2025-03-31,90,True,,censored
ACC00013,2025-04-30,90,True,,censored
ACC00013,2025-05-31,90,True,,censored
ACC00013,2025-06-30,90,True,,censored
ACC00013,2025-07-31,90,True,,censored
ACC00013,2025-08-31,90,True,,censored
ACC00013,2025-09-30,90,True,,censored
ACC00013,2025-10-31,90,True,,censored
ACC00013,2025-11-30,90,True,,censored
ACC00013,2025-12-31,90,True,,censored
ACC00014,2024-01-31,90,True,0.0,no_target_event_within_90d
ACC00014,2024-02-29,90,True,0.0,no_target_event_within_90d
ACC00014,2024-03-31,90,True,0.0,no_target_event_within_90d
ACC00014,2024-04-30,90,True,0.0,no_target_event_within_90d
ACC00014,2024-05-31,90,True,0.0,no_target_event_within_90d
ACC00014,2024-06-30,90,True,0.0,no_target_event_within_90d
ACC00014,2024-07-31,90,True,0.0,no_target_event_within_90d
ACC00014,2024-08-31,90,True,0.0,no_target_event_within_90d
ACC00014,2024-09-30,90,True,0.0,no_target_event_within_90d
ACC00014,2024-10-31,90,True,1.0,renewed
ACC00014,2024-11-30,90,True,1.0,renewed
ACC00014,2024-12-31,90,True,1.0,renewed
ACC00015,2024-01-31,90,True,0.0,no_target_event_within_90d
ACC00015,2024-02-29,90,True,0.0,no_target_event_within_90d
ACC00015,2024-03-31,90,True,0.0,no_target_event_within_90d
ACC00015,2024-04-30,90,True,0.0,no_target_event_within_90d
ACC00015,2024-05-31,90,True,0.0,no_target_event_within_90d
ACC00015,2024-06-30,90,True,0.0,no_target_event_within_90d
ACC00015,2024-07-31,90,True,0.0,no_target_event_within_90d
ACC00015,2024-08-31,90,True,0.0,no_target_event_within_90d
ACC00015,2024-09-30,90,True,0.0,no_target_event_within_90d
ACC00015,2024-10-31,90,True,0.0,no_target_event_within_90d
ACC00015,2024-11-30,90,True,0.0,no_target_event_within_90d
ACC00015,2024-12-31,90,True,0.0,no_target_event_within_90d
ACC00015,2025-01-31,90,True,0.0,no_target_event_within_90d
ACC00015,2025-02-28,90,True,0.0,no_target_event_within_90d
ACC00015,2025-03-31,90,True,0.0,no_target_event_within_90d
ACC00015,2025-04-30,90,True,0.0,no_target_event_within_90d
ACC00015,2025-05-31,90,True,0.0,no_target_event_within_90d
ACC00015,2025-06-30,90,True,1.0,renewed
ACC00015,2025-07-31,90,True,1.0,renewed
ACC00015,2025-08-31,90,True,1.0,renewed
ACC00016,2024-01-31,90,True,0.0,no_target_event_within_90d
ACC00016,2024-02-29,90,True,0.0,no_target_event_within_90d
ACC00016,2024-03-31,90,True,0.0,no_target_event_within_90d
ACC00016,2024-04-30,90,True,0.0,no_target_event_within_90d
ACC00016,2024-05-31,90,True,0.0,no_target_event_within_90d
ACC00016,2024-06-30,90,True,0.0,no_target_event_within_90d
ACC00016,2024-07-31,90,True,0.0,no_target_event_within_90d
ACC00016,2024-08-31,90,True,0.0,no_target_event_within_90d
ACC00016,2024-09-30,90,True,0.0,no_target_event_within_90d
ACC00016,2024-10-31,90,True,0.0,no_target_event_within_90d
ACC00016,2024-11-30,90,True,0.0,no_target_event_within_90d
ACC00016,2024-12-31,90,True,0.0,no_target_event_within_90d
ACC00016,2025-01-31,90,True,0.0,no_target_event_within_90d
ACC00016,2025-02-28,90,True,0.0,no_target_event_within_90d
ACC00016,2025-03-31,90,True,0.0,no_target_event_within_90d
ACC00016,2025-04-30,90,True,0.0,no_target_event_within_90d
ACC00016,2025-05-31,90,True,0.0,no_target_event_within_90d
ACC00016,2025-06-30,90,True,0.0,no_target_event_within_90d
ACC00016,2025-07-31,90,True,0.0,no_target_event_within_90d
ACC00016,2025-08-31,90,True,0.0,no_target_event_within_90d
ACC00016,2025-09-30,90,True,1.0,renewed
ACC00016,2025-10-31,90,True,1.0,renewed
ACC00016,2025-11-30,90,True,1.0,renewed
ACC00017,2024-01-31,90,True,0.0,no_target_event_within_90d
ACC00017,2024-02-29,90,True,0.0,no_target_event_within_90d
ACC00017,2024-03-31,90,True,0.0,no_target_event_within_90d
ACC00017,2024-04-30,90,True,0.0,no_target_event_within_90d
ACC00017,2024-05-31,90,True,0.0,no_target_event_within_90d
ACC00017,2024-06-30,90,True,0.0,no_target_event_within_90d
ACC00017,2024-07-31,90,True,0.0,no_target_event_within_90d
ACC00017,2024-08-31,90,True,0.0,no_target_event_within_90d
ACC00017,2024-09-30,90,True,0.0,no_target_event_within_90d
ACC00017,2024-10-31,90,True,0.0,no_target_event_within_90d
ACC00017,2024-11-30,90,True,0.0,no_target_event_within_90d
ACC00017,2024-12-31,90,True,0.0,no_target_event_within_90d
ACC00017,2025-01-31,90,True,0.0,no_target_event_within_90d
ACC00017,2025-02-28,90,True,0.0,no_target_event_within_90d
ACC00017,2025-03-31,90,True,0.0,no_target_event_within_90d
ACC00017,2025-04-30,90,True,1.0,renewed
ACC00017,2025-05-31,90,True,1.0,renewed
ACC00017,2025-06-30,90,True,1.0,renewed
ACC00018,2024-01-31,90,True,0.0,no_target_event_within_90d
ACC00018,2024-02-29,90,True,0.0,no_target_event_within_90d
ACC00018,2024-03-31,90,True,0.0,no_target_event_within_90d
ACC00018,2024-04-30,90,True,0.0,no_target_event_within_90d
ACC00018,2024-05-31,90,True,0.0,no_target_event_within_90d
ACC00018,2024-06-30,90,True,0.0,no_target_event_within_90d
ACC00018,2024-07-31,90,True,0.0,no_target_event_within_90d
ACC00018,2024-08-31,90,True,1.0,renewed
ACC00018,2024-09-30,90,True,1.0,renewed
ACC00018,2024-10-31,90,True,1.0,renewed
ACC00019,2024-01-31,90,True,0.0,no_target_event_within_90d
ACC00019,2024-02-29,90,True,0.0,no_target_event_within_90d
ACC00019,2024-03-31,90,True,0.0,no_target_event_within_90d
ACC00019,2024-04-30,90,True,0.0,no_target_event_within_90d
ACC00019,2024-05-31,90,True,0.0,no_target_event_within_90d
ACC00019,2024-06-30,90,True,0.0,no_target_event_within_90d
ACC00019,2024-07-31,90,True,0.0,no_target_event_within_90d
ACC00019,2024-08-31,90,True,0.0,no_target_event_within_90d
ACC00019,2024-09-30,90,True,0.0,no_target_event_within_90d
ACC00019,2024-10-31,90,True,0.0,no_target_event_within_90d
ACC00019,2024-11-30,90,True,0.0,no_target_event_within_90d
ACC00019,2024-12-31,90,True,0.0,no_target_event_within_90d
ACC00019,2025-01-31,90,True,0.0,no_target_event_within_90d
ACC00019,2025-02-28,90,True,0.0,no_target_event_within_90d
ACC00019,2025-03-31,90,True,0.0,no_target_event_within_90d
ACC00019,2025-04-30,90,True,0.0,no_target_event_within_90d
ACC00019,2025-05-31,90,True,0.0,no_target_event_within_90d
ACC00019,2025-06-30,90,True,0.0,no_target_event_within_90d
ACC00019,2025-07-31,90,True,0.0,no_target_event_within_90d
ACC00019,2025-08-31,90,True,1.0,renewed
ACC00019,2025-09-30,90,True,1.0,renewed
ACC00019,2025-10-31,90,True,1.0,renewed
ACC00020,2024-01-31,90,True,0.0,no_target_event_within_90d
ACC00020,2024-02-29,90,True,0.0,no_target_event_within_90d
ACC00020,2024-03-31,90,True,0.0,no_target_event_within_90d
ACC00020,2024-04-30,90,True,0.0,no_target_event_within_90d
ACC00020,2024-05-31,90,True,0.0,no_target_event_within_90d
ACC00020,2024-06-30,90,True,0.0,no_target_event_within_90d
ACC00020,2024-07-31,90,True,0.0,no_target_event_within_90d
ACC00020,2024-08-31,90,True,0.0,no_target_event_within_90d
ACC00020,2024-09-30,90,True,0.0,no_target_event_within_90d
ACC00020,2024-10-31,90,True,1.0,renewed
ACC00020,2024-11-30,90,True,1.0,renewed
ACC00020,2024-12-31,90,True,1.0,renewed
ACC00021,2024-01-31,90,True,0.0,no_target_event_within_90d
ACC00021,2024-02-29,90,True,0.0,no_target_event_within_90d
ACC00021,2024-03-31,90,True,0.0,no_target_event_within_90d
ACC00021,2024-04-30,90,True,0.0,no_target_event_within_90d
ACC00021,2024-05-31,90,True,0.0,no_target_event_within_90d
ACC00021,2024-06-30,90,True,0.0,no_target_event_within_90d
ACC00021,2024-07-31,90,True,0.0,no_target_event_within_90d
ACC00021,2024-08-31,90,True,0.0,no_target_event_within_90d
ACC00021,2024-09-30,90,True,1.0,renewed
ACC00021,2024-10-31,90,True,1.0,renewed
ACC00021,2024-11-30,90,True,1.0,renewed
ACC00022,2024-01-31,90,True,0.0,no_target_event_within_90d
ACC00022,2024-02-29,90,True,0.0,no_target_event_within_90d
ACC00022,2024-03-31,90,True,0.0,no_target_event_within_90d
ACC00022,2024-04-30,90,True,0.0,no_target_event_within_90d
ACC00022,2024-05-31,90,True,0.0,no_target_event_within_90d
ACC00022,2024-06-30,90,True,0.0,no_target_event_within_90d
ACC00022,2024-07-31,90,True,0.0,no_target_event_within_90d
ACC00022,2024-08-31,90,True,0.0,no_target_event_within_90d
ACC00022,2024-09-30,90,True,0.0,no_target_event_within_90d
ACC00022,2024-10-31,90,True,0.0,no_target_event_within_90d
ACC00022,2024-11-30,90,True,0.0,no_target_event_within_90d
ACC00022,2024-12-31,90,True,0.0,no_target_event_within_90d
ACC00022,2025-01-31,90,True,0.0,no_target_event_within_90d
ACC00022,2025-02-28,90,True,0.0,no_target_event_within_90d
ACC00022,2025-03-31,90,True,1.0,downgraded
ACC00022,2025-04-30,90,True,1.0,downgraded
ACC00023,2024-01-31,90,True,0.0,no_target_event_within_90d
ACC00023,2024-02-29,90,True,0.0,no_target_event_within_90d
ACC00023,2024-03-31,90,True,0.0,no_target_event_within_90d
ACC00023,2024-04-30,90,True,0.0,no_target_event_within_90d
ACC00023,2024-05-31,90,True,0.0,no_target_event_within_90d
ACC00023,2024-06-30,90,True,0.0,no_target_event_within_90d
ACC00023,2024-07-31,90,True,0.0,no_target_event_within_90d
ACC00023,2024-08-31,90,True,0.0,no_target_event_within_90d
ACC00023,2024-09-30,90,True,0.0,no_target_event_within_90d
ACC00023,2024-10-31,90,True,0.0,no_target_event_within_90d
ACC00023,2024-11-30,90,True,0.0,no_target_event_within_90d
ACC00023,2024-12-31,90,True,0.0,no_target_event_within_90d
ACC00023,2025-01-31,90,True,0.0,no_target_event_within_90d
ACC00023,2025-02-28,90,True,0.0,no_target_event_within_90d
ACC00023,2025-03-31,90,True,0.0,no_target_event_within_90d
ACC00023,2025-04-30,90,True,1.0,renewed
ACC00023,2025-05-31,90,True,1.0,renewed
ACC00023,2025-06-30,90,True,1.0,renewed
ACC00024,2024-01-31,90,True,0.0,no_target_event_within_90d
ACC00024,2024-02-29,90,True,0.0,no_target_event_within_90d
ACC00024,2024-03-31,90,True,0.0,no_target_event_within_90d
ACC00024,2024-04-30,90,True,0.0,no_target_event_within_90d
ACC00024,2024-05-31,90,True,0.0,no_target_event_within_90d
ACC00024,2024-06-30,90,True,0.0,no_target_event_within_90d
ACC00024,2024-07-31,90,True,0.0,no_target_event_within_90d
ACC00024,2024-08-31,90,True,0.0,no_target_event_within_90d
ACC00024,2024-09-30,90,True,0.0,no_target_event_within_90d
ACC00024,2024-10-31,90,True,0.0,no_target_event_within_90d
ACC00024,2024-11-30,90,True,0.0,no_target_event_within_90d
ACC00024,2024-12-31,90,True,0.0,no_target_event_within_90d
ACC00024,2025-01-31,90,True,0.0,no_target_event_within_90d
ACC00024,2025-02-28,90,True,0.0,no_target_event_within_90d
ACC00024,2025-03-31,90,True,0.0,no_target_event_within_90d
ACC00024,2025-04-30,90,True,0.0,no_target_event_within_90d
ACC00024,2025-05-31,90,True,0.0,no_target_event_within_90d
ACC00024,2025-06-30,90,True,0.0,no_target_event_within_90d
ACC00024,2025-07-31,90,True,0.0,no_target_event_within_90d
ACC00024,2025-08-31,90,True,0.0,no_target_event_within_90d
ACC00024,2025-09-30,90,True,0.0,no_target_event_within_90d
ACC00024,2025-10-31,90,True,1.0,renewed
ACC00024,2025-11-30,90,True,1.0,renewed
ACC00024,2025-12-31,90,True,1.0,renewed
ACC00025,2024-01-31,90,True,0.0,no_target_event_within_90d
ACC00025,2024-02-29,90,True,0.0,no_target_event_within_90d
ACC00025,2024-03-31,90,True,0.0,no_target_event_within_90d
ACC00025,2024-04-30,90,True,0.0,no_target_event_within_90d
ACC00025,2024-05-31,90,True,0.0,no_target_event_within_90d
ACC00025,2024-06-30,90,True,1.0,renewed
ACC00025,2024-07-31,90,True,1.0,renewed
ACC00026,2024-01-31,90,True,,censored
ACC00026,2024-02-29,90,True,,censored
ACC00026,2024-03-31,90,True,,censored
ACC00026,2024-04-30,90,True,,censored
ACC00026,2024-05-31,90,True,,censored
ACC00026,2024-06-30,90,True,,censored
ACC00026,2024-07-31,90,True,,censored
ACC00026,2024-08-31,90,True,,censored
ACC00026,2024-09-30,90,True,,censored
ACC00026,2024-10-31,90,True,,censored
ACC00026,2024-11-30,90,True,,censored
ACC00026,2024-12-31,90,True,,censored
ACC00026,2025-01-31,90,True,,censored
ACC00026,2025-02-28,90,True,,censored
ACC00026,2025-03-31,90,True,,censored
ACC00026,2025-04-30,90,True,,censored
ACC00026,2025-05-31,90,True,,censored
ACC00026,2025-06-30,90,True,,censored
ACC00026,2025-07-31,90,True,,censored
ACC00026,2025-08-31,90,True,,censored
ACC00026,2025-09-30,90,True,,censored
ACC00026,2025-10-31,90,True,,censored
ACC00026,2025-11-30,90,True,,censored
ACC00026,2025-12-31,90,True,,censored
ACC00027,2024-01-31,90,True,0.0,no_target_event_within_90d
ACC00027,2024-02-29,90,True,0.0,no_target_event_within_90d
ACC00027,2024-03-31,90,True,0.0,no_target_event_within_90d
ACC00027,2024-04-30,90,True,0.0,no_target_event_within_90d
ACC00027,2024-05-31,90,True,0.0,no_target_event_within_90d
ACC00027,2024-06-30,90,True,0.0,no_target_event_within_90d
ACC00027,2024-07-31,90,True,0.0,no_target_event_within_90d
ACC00027,2024-08-31,90,True,0.0,no_target_event_within_90d
ACC00027,2024-09-30,90,True,0.0,no_target_event_within_90d
ACC00027,2024-10-31,90,True,0.0,no_target_event_within_90d
ACC00027,2024-11-30,90,True,0.0,no_target_event_within_90d
ACC00027,2024-12-31,90,True,0.0,no_target_event_within_90d
ACC00027,2025-01-31,90,True,0.0,no_target_event_within_90d
ACC00027,2025-02-28,90,True,0.0,no_target_event_within_90d
ACC00027,2025-03-31,90,True,0.0,no_target_event_within_90d
ACC00027,2025-04-30,90,True,0.0,no_target_event_within_90d
ACC00027,2025-05-31,90,True,1.0,renewed
ACC00027,2025-06-30,90,True,1.0,renewed
ACC00027,2025-07-31,90,True,1.0,renewed
ACC00028,2024-01-31,90,True,0.0,no_target_event_within_90d
ACC00028,2024-02-29,90,True,0.0,no_target_event_within_90d
ACC00028,2024-03-31,90,True,0.0,no_target_event_within_90d
ACC00028,2024-04-30,90,True,0.0,no_target_event_within_90d
ACC00028,2024-05-31,90,True,0.0,no_target_event_within_90d
ACC00028,2024-06-30,90,True,0.0,no_target_event_within_90d
ACC00028,2024-07-31,90,True,0.0,no_target_event_within_90d
ACC00028,2024-08-31,90,True,0.0,no_target_event_within_90d
ACC00028,2024-09-30,90,True,0.0,no_target_event_within_90d
ACC00028,2024-10-31,90,True,0.0,no_target_event_within_90d
ACC00028,2024-11-30,90,True,0.0,no_target_event_within_90d
ACC00028,2024-12-31,90,True,0.0,no_target_event_within_90d
ACC00028,2025-01-31,90,True,0.0,no_target_event_within_90d
ACC00028,2025-02-28,90,True,0.0,no_target_event_within_90d
ACC00028,2025-03-31,90,True,0.0,no_target_event_within_90d
ACC00028,2025-04-30,90,True,0.0,no_target_event_within_90d
ACC00028,2025-05-31,90,True,0.0,no_target_event_within_90d
ACC00028,2025-06-30,90,True,0.0,no_target_event_within_90d
ACC00028,2025-07-31,90,True,0.0,no_target_event_within_90d
ACC00028,2025-08-31,90,True,1.0,renewed
ACC00028,2025-09-30,90,True,1.0,renewed
ACC00028,2025-10-31,90,True,1.0,renewed
ACC00029,2024-01-31,90,True,0.0,no_target_event_within_90d
ACC00029,2024-02-29,90,True,0.0,no_target_event_within_90d
ACC00029,2024-03-31,90,True,0.0,no_target_event_within_90d
ACC00029,2024-04-30,90,True,0.0,no_target_event_within_90d
ACC00029,2024-05-31,90,True,0.0,no_target_event_within_90d
ACC00029,2024-06-30,90,True,0.0,no_target_event_within_90d
ACC00029,2024-07-31,90,True,0.0,no_target_event_within_90d
ACC00029,2024-08-31,90,True,0.0,no_target_event_within_90d
ACC00029,2024-09-30,90,True,0.0,no_target_event_within_90d
ACC00029,2024-10-31,90,True,0.0,no_target_event_within_90d
ACC00029,2024-11-30,90,True,0.0,no_target_event_within_90d
ACC00029,2024-12-31,90,True,0.0,no_target_event_within_90d
ACC00029,2025-01-31,90,True,0.0,no_target_event_within_90d
ACC00029,2025-02-28,90,True,0.0,no_target_event_within_90d
ACC00029,2025-03-31,90,True,0.0,no_target_event_within_90d
ACC00029,2025-04-30,90,True,0.0,no_target_event_within_90d
ACC00029,2025-05-31,90,True,0.0,no_target_event_within_90d
ACC00029,2025-06-30,90,True,0.0,no_target_event_within_90d
ACC00029,2025-07-31,90,True,0.0,no_target_event_within_90d
ACC00029,2025-08-31,90,True,1.0,renewed
ACC00029,2025-09-30,90,True,1.0,renewed
ACC00029,2025-10-31,90,True,1.0,renewed
ACC00030,2024-01-31,90,True,0.0,no_target_event_within_90d
ACC00030,2024-02-29,90,True,0.0,no_target_event_within_90d
ACC00030,2024-03-31,90,True,0.0,no_target_event_within_90d
ACC00030,2024-04-30,90,True,0.0,no_target_event_within_90d
ACC00030,2024-05-31,90,True,0.0,no_target_event_within_90d
ACC00030,2024-06-30,90,True,0.0,no_target_event_within_90d
ACC00030,2024-07-31,90,True,0.0,no_target_event_within_90d
ACC00030,2024-08-31,90,True,0.0,no_target_event_within_90d
ACC00030,2024-09-30,90,True,0.0,no_target_event_within_90d
ACC00030,2024-10-31,90,True,0.0,no_target_event_within_90d
ACC00030,2024-11-30,90,True,0.0,no_target_event_within_90d
ACC00030,2024-12-31,90,True,0.0,no_target_event_within_90d
ACC00030,2025-01-31,90,True,0.0,no_target_event_within_90d
ACC00030,2025-02-28,90,True,0.0,no_target_event_within_90d
ACC00030,2025-03-31,90,True,0.0,no_target_event_within_90d
ACC00030,2025-04-30,90,True,1.0,churned_voluntary
ACC00030,2025-05-31,90,True,1.0,churned_voluntary
ACC00030,2025-06-30,90,True,1.0,churned_voluntary
ACC00031,2024-01-31,90,True,0.0,no_target_event_within_90d
ACC00031,2024-02-29,90,True,0.0,no_target_event_within_90d
ACC00031,2024-03-31,90,True,0.0,no_target_event_within_90d
ACC00031,2024-04-30,90,True,0.0,no_target_event_within_90d
ACC00031,2024-05-31,90,True,0.0,no_target_event_within_90d
ACC00031,2024-06-30,90,True,0.0,no_target_event_within_90d
ACC00031,2024-07-31,90,True,0.0,no_target_event_within_90d
ACC00031,2024-08-31,90,True,0.0,no_target_event_within_90d
ACC00031,2024-09-30,90,True,0.0,no_target_event_within_90d
ACC00031,2024-10-31,90,True,0.0,no_target_event_within_90d
ACC00031,2024-11-30,90,True,0.0,no_target_event_within_90d
ACC00031,2024-12-31,90,True,0.0,no_target_event_within_90d
ACC00031,2025-01-31,90,True,0.0,no_target_event_within_90d
ACC00031,2025-02-28,90,True,0.0,no_target_event_within_90d
ACC00031,2025-03-31,90,True,0.0,no_target_event_within_90d
ACC00031,2025-04-30,90,True,0.0,no_target_event_within_90d
ACC00031,2025-05-31,90,True,0.0,no_target_event_within_90d
ACC00031,2025-06-30,90,True,1.0,renewed
ACC00031,2025-07-31,90,True,1.0,renewed
ACC00031,2025-08-31,90,True,1.0,renewed
ACC00032,2024-01-31,90,True,0.0,no_target_event_within_90d
ACC00032,2024-02-29,90,True,0.0,no_target_event_within_90d
ACC00032,2024-03-31,90,True,0.0,no_target_event_within_90d
ACC00032,2024-04-30,90,True,0.0,no_target_event_within_90d
ACC00032,2024-05-31,90,True,0.0,no_target_event_within_90d
ACC00032,2024-06-30,90,True,1.0,renewed
ACC00032,2024-07-31,90,True,1.0,renewed
ACC00032,2024-08-31,90,True,1.0,renewed
ACC00033,2024-01-31,90,True,0.0,no_target_event_within_90d
ACC00033,2024-02-29,90,True,0.0,no_target_event_within_90d
ACC00033,2024-03-31,90,True,0.0,no_target_event_within_90d
ACC00033,2024-04-30,90,True,0.0,no_target_event_within_90d
ACC00033,2024-05-31,90,True,0.0,no_target_event_within_90d
ACC00033,2024-06-30,90,True,0.0,no_target_event_within_90d
ACC00033,2024-07-31,90,True,0.0,no_target_event_within_90d
ACC00033,2024-08-31,90,True,1.0,churned_voluntary
ACC00033,2024-09-30,90,True,1.0,churned_voluntary
ACC00034,2024-01-31,90,True,,censored
ACC00034,2024-02-29,90,True,,censored
ACC00034,2024-03-31,90,True,,censored
ACC00034,2024-04-30,90,True,,censored
ACC00034,2024-05-31,90,True,,censored
ACC00034,2024-06-30,90,True,,censored
ACC00034,2024-07-31,90,True,,censored
ACC00034,2024-08-31,90,True,,censored
ACC00034,2024-09-30,90,True,,censored
ACC00034,2024-10-31,90,True,,censored
ACC00034,2024-11-30,90,True,,censored
ACC00034,2024-12-31,90,True,,censored
ACC00034,2025-01-31,90,True,,censored
ACC00034,2025-02-28,90,True,,censored
ACC00034,2025-03-31,90,True,,censored
ACC00034,2025-04-30,90,True,,censored
ACC00034,2025-05-31,90,True,,censored
ACC00034,2025-06-30,90,True,,censored
ACC00034,2025-07-31,90,True,,censored
ACC00034,2025-08-31,90,True,,censored
ACC00034,2025-09-30,90,True,,censored
ACC00034,2025-10-31,90,True,,censored
ACC00034,2025-11-30,90,True,,censored
ACC00034,2025-12-31,90,True,,censored
ACC00035,2024-01-31,90,True,,censored
ACC00035,2024-02-29,90,True,,censored
ACC00035,2024-03-31,90,True,,censored
ACC00035,2024-04-30,90,True,,censored
ACC00035,2024-05-31,90,True,,censored
ACC00035,2024-06-30,90,True,,censored
ACC00035,2024-07-31,90,True,,censored
ACC00035,2024-08-31,90,True,,censored
ACC00035,2024-09-30,90,True,,censored
ACC00035,2024-10-31,90,True,,censored
ACC00035,2024-11-30,90,True,,censored
ACC00035,2024-12-31,90,True,,censored
ACC00035,2025-01-31,90,True,,censored
ACC00035,2025-02-28,90,True,,censored
ACC00035,2025-03-31,90,True,,censored
ACC00035,2025-04-30,90,True,,censored
ACC00035,2025-05-31,90,True,,censored
ACC00035,2025-06-30,90,True,,censored
ACC00035,2025-07-31,90,True,,censored
ACC00035,2025-08-31,90,True,,censored
ACC00035,2025-09-30,90,True,,censored
ACC00035,2025-10-31,90,True,,censored
ACC00035,2025-11-30,90,True,,censored
ACC00035,2025-12-31,90,True,,censored
ACC00036,2024-01-31,90,True,,censored
ACC00036,2024-02-29,90,True,,censored
ACC00036,2024-03-31,90,True,,censored
ACC00036,2024-04-30,90,True,,censored
ACC00036,2024-05-31,90,True,,censored
ACC00036,2024-06-30,90,True,,censored
ACC00036,2024-07-31,90,True,,censored
ACC00036,2024-08-31,90,True,,censored
ACC00036,2024-09-30,90,True,,censored
ACC00036,2024-10-31,90,True,,censored
ACC00036,2024-11-30,90,True,,censored
ACC00036,2024-12-31,90,True,,censored
ACC00036,2025-01-31,90,True,,censored
ACC00036,2025-02-28,90,True,,censored
ACC00036,2025-03-31,90,True,,censored
ACC00036,2025-04-30,90,True,,censored
ACC00036,2025-05-31,90,True,,censored
ACC00036,2025-06-30,90,True,,censored
ACC00036,2025-07-31,90,True,,censored
ACC00036,2025-08-31,90,True,,censored
ACC00036,2025-09-30,90,True,,censored
ACC00036,2025-10-31,90,True,,censored
ACC00036,2025-11-30,90,True,,censored
ACC00036,2025-12-31,90,True,,censored
ACC00037,2024-01-31,90,True,0.0,no_target_event_within_90d
ACC00037,2024-02-29,90,True,0.0,no_target_event_within_90d
ACC00037,2024-03-31,90,True,0.0,no_target_event_within_90d
ACC00037,2024-04-30,90,True,0.0,no_target_event_within_90d
ACC00037,2024-05-31,90,True,0.0,no_target_event_within_90d
ACC00037,2024-06-30,90,True,1.0,renewed
ACC00037,2024-07-31,90,True,1.0,renewed
ACC00037,2024-08-31,90,True,1.0,renewed
ACC00038,2024-01-31,90,True,0.0,no_target_event_within_90d
ACC00038,2024-02-29,90,True,0.0,no_target_event_within_90d
ACC00038,2024-03-31,90,True,0.0,no_target_event_within_90d
ACC00038,2024-04-30,90,True,0.0,no_target_event_within_90d
ACC00038,2024-05-31,90,True,0.0,no_target_event_within_90d
ACC00038,2024-06-30,90,True,0.0,no_target_event_within_90d
ACC00038,2024-07-31,90,True,1.0,churned_nonpayment
ACC00038,2024-08-31,90,True,1.0,churned_nonpayment
ACC00038,2024-09-30,90,True,1.0,churned_nonpayment
ACC00039,2024-01-31,90,True,0.0,no_target_event_within_90d
ACC00039,2024-02-29,90,True,0.0,no_target_event_within_90d
ACC00039,2024-03-31,90,True,0.0,no_target_event_within_90d
ACC00039,2024-04-30,90,True,0.0,no_target_event_within_90d
ACC00039,2024-05-31,90,True,0.0,no_target_event_within_90d
ACC00039,2024-06-30,90,True,0.0,no_target_event_within_90d
ACC00039,2024-07-31,90,True,0.0,no_target_event_within_90d
ACC00039,2024-08-31,90,True,0.0,no_target_event_within_90d
ACC00039,2024-09-30,90,True,0.0,no_target_event_within_90d
ACC00039,2024-10-31,90,True,0.0,no_target_event_within_90d
ACC00039,2024-11-30,90,True,0.0,no_target_event_within_90d
ACC00039,2024-12-31,90,True,0.0,no_target_event_within_90d
ACC00039,2025-01-31,90,True,0.0,no_target_event_within_90d
ACC00039,2025-02-28,90,True,0.0,no_target_event_within_90d
ACC00039,2025-03-31,90,True,0.0,no_target_event_within_90d
ACC00039,2025-04-30,90,True,0.0,no_target_event_within_90d
ACC00039,2025-05-31,90,True,0.0,no_target_event_within_90d
ACC00039,2025-06-30,90,True,0.0,no_target_event_within_90d
ACC00039,2025-07-31,90,True,0.0,no_target_event_within_90d
ACC00039,2025-08-31,90,True,0.0,no_target_event_within_90d
ACC00039,2025-09-30,90,True,1.0,renewed
ACC00039,2025-10-31,90,True,1.0,renewed
ACC00039,2025-11-30,90,True,1.0,renewed
ACC00040,2024-01-31,90,True,0.0,no_target_event_within_90d
ACC00040,2024-02-29,90,True,0.0,no_target_event_within_90d
ACC00040,2024-03-31,90,True,0.0,no_target_event_within_90d
ACC00040,2024-04-30,90,True,0.0,no_target_event_within_90d
ACC00040,2024-05-31,90,True,0.0,no_target_event_within_90d
ACC00040,2024-06-30,90,True,0.0,no_target_event_within_90d
ACC00040,2024-07-31,90,True,0.0,no_target_event_within_90d
ACC00040,2024-08-31,90,True,0.0,no_target_event_within_90d
ACC00040,2024-09-30,90,True,0.0,no_target_event_within_90d
ACC00040,2024-10-31,90,True,0.0,no_target_event_within_90d
ACC00040,2024-11-30,90,True,0.0,no_target_event_within_90d
ACC00040,2024-12-31,90,True,0.0,no_target_event_within_90d
ACC00040,2025-01-31,90,True,0.0,no_target_event_within_90d
ACC00040,2025-02-28,90,True,0.0,no_target_event_within_90d
ACC00040,2025-03-31,90,True,0.0,no_target_event_within_90d
ACC00040,2025-04-30,90,True,0.0,no_target_event_within_90d
ACC00040,2025-05-31,90,True,0.0,no_target_event_within_90d
ACC00040,2025-06-30,90,True,1.0,renewed
ACC00040,2025-07-31,90,True,1.0,renewed
ACC00040,2025-08-31,90,True,1.0,renewed
ACC00041,2024-01-31,90,True,0.0,no_target_event_within_90d
ACC00041,2024-02-29,90,True,0.0,no_target_event_within_90d
ACC00041,2024-03-31,90,True,0.0,no_target_event_within_90d
ACC00041,2024-04-30,90,True,0.0,no_target_event_within_90d
ACC00041,2024-05-31,90,True,0.0,no_target_event_within_90d
ACC00041,2024-06-30,90,True,0.0,no_target_event_within_90d
ACC00041,2024-07-31,90,True,1.0,downgraded
ACC00041,2024-08-31,90,True,1.0,downgraded
ACC00041,2024-09-30,90,True,1.0,downgraded
ACC00042,2024-01-31,90,True,0.0,no_target_event_within_90d
ACC00042,2024-02-29,90,True,0.0,no_target_event_within_90d
ACC00042,2024-03-31,90,True,0.0,no_target_event_within_90d
ACC00042,2024-04-30,90,True,0.0,no_target_event_within_90d
ACC00042,2024-05-31,90,True,0.0,no_target_event_within_90d
ACC00042,2024-06-30,90,True,0.0,no_target_event_within_90d
ACC00042,2024-07-31,90,True,0.0,no_target_event_within_90d
ACC00042,2024-08-31,90,True,0.0,no_target_event_within_90d
ACC00042,2024-09-30,90,True,0.0,no_target_event_within_90d
ACC00042,2024-10-31,90,True,0.0,no_target_event_within_90d
ACC00042,2024-11-30,90,True,0.0,no_target_event_within_90d
ACC00042,2024-12-31,90,True,0.0,no_target_event_within_90d
ACC00042,2025-01-31,90,True,0.0,no_target_event_within_90d
ACC00042,2025-02-28,90,True,0.0,no_target_event_within_90d
ACC00042,2025-03-31,90,True,0.0,no_target_event_within_90d
ACC00042,2025-04-30,90,True,1.0,renewed
ACC00042,2025-05-31,90,True,1.0,renewed
ACC00042,2025-06-30,90,True,1.0,renewed
ACC00043,2024-01-31,90,True,0.0,no_target_event_within_90d
ACC00043,2024-02-29,90,True,0.0,no_target_event_within_90d
ACC00043,2024-03-31,90,True,0.0,no_target_event_within_90d
ACC00043,2024-04-30,90,True,0.0,no_target_event_within_90d
ACC00043,2024-05-31,90,True,0.0,no_target_event_within_90d
ACC00043,2024-06-30,90,True,0.0,no_target_event_within_90d
ACC00043,2024-07-31,90,True,0.0,no_target_event_within_90d
ACC00043,2024-08-31,90,True,0.0,no_target_event_within_90d
ACC00043,2024-09-30,90,True,0.0,no_target_event_within_90d
ACC00043,2024-10-31,90,True,0.0,no_target_event_within_90d
ACC00043,2024-11-30,90,True,0.0,no_target_event_within_90d
ACC00043,2024-12-31,90,True,1.0,churned_voluntary
ACC00043,2025-01-31,90,True,1.0,churned_voluntary
ACC00043,2025-02-28,90,True,1.0,churned_voluntary
ACC00044,2024-01-31,90,True,,censored
ACC00044,2024-02-29,90,True,,censored
ACC00044,2024-03-31,90,True,,censored
ACC00044,2024-04-30,90,True,,censored
ACC00044,2024-05-31,90,True,,censored
ACC00044,2024-06-30,90,True,,censored
ACC00044,2024-07-31,90,True,,censored
ACC00044,2024-08-31,90,True,,censored
ACC00044,2024-09-30,90,True,,censored
ACC00044,2024-10-31,90,True,,censored
ACC00044,2024-11-30,90,True,,censored
ACC00044,2024-12-31,90,True,,censored
ACC00044,2025-01-31,90,True,,censored
ACC00044,2025-02-28,90,True,,censored
ACC00044,2025-03-31,90,True,,censored
ACC00044,2025-04-30,90,True,,censored
ACC00044,2025-05-31,90,True,,censored
ACC00044,2025-06-30,90,True,,censored
ACC00044,2025-07-31,90,True,,censored
ACC00044,2025-08-31,90,True,,censored
ACC00044,2025-09-30,90,True,,censored
ACC00044,2025-10-31,90,True,,censored
ACC00044,2025-11-30,90,True,,censored
ACC00044,2025-12-31,90,True,,censored
ACC00045,2024-01-31,90,True,0.0,no_target_event_within_90d
ACC00045,2024-02-29,90,True,0.0,no_target_event_within_90d
ACC00045,2024-03-31,90,True,0.0,no_target_event_within_90d
ACC00045,2024-04-30,90,True,0.0,no_target_event_within_90d
ACC00045,2024-05-31,90,True,0.0,no_target_event_within_90d
ACC00045,2024-06-30,90,True,0.0,no_target_event_within_90d
ACC00045,2024-07-31,90,True,0.0,no_target_event_within_90d
ACC00045,2024-08-31,90,True,0.0,no_target_event_within_90d
ACC00045,2024-09-30,90,True,0.0,no_target_event_within_90d
ACC00045,2024-10-31,90,True,0.0,no_target_event_within_90d
ACC00045,2024-11-30,90,True,0.0,no_target_event_within_90d
ACC00045,2024-12-31,90,True,0.0,no_target_event_within_90d
ACC00045,2025-01-31,90,True,0.0,no_target_event_within_90d
ACC00045,2025-02-28,90,True,0.0,no_target_event_within_90d
ACC00045,2025-03-31,90,True,0.0,no_target_event_within_90d
ACC00045,2025-04-30,90,True,0.0,no_target_event_within_90d
ACC00045,2025-05-31,90,True,0.0,no_target_event_within_90d
ACC00045,2025-06-30,90,True,0.0,no_target_event_within_90d
ACC00045,2025-07-31,90,True,1.0,renewed
ACC00045,2025-08-31,90,True,1.0,renewed
ACC00045,2025-09-30,90,True,1.0,renewed
ACC00046,2024-01-31,90,True,0.0,no_target_event_within_90d
ACC00046,2024-02-29,90,True,0.0,no_target_event_within_90d
ACC00046,2024-03-31,90,True,0.0,no_target_event_within_90d
ACC00046,2024-04-30,90,True,0.0,no_target_event_within_90d
ACC00046,2024-05-31,90,True,0.0,no_target_event_within_90d
ACC00046,2024-06-30,90,True,0.0,no_target_event_within_90d
ACC00046,2024-07-31,90,True,0.0,no_target_event_within_90d
ACC00046,2024-08-31,90,True,0.0,no_target_event_within_90d
ACC00046,2024-09-30,90,True,0.0,no_target_event_within_90d
ACC00046,2024-10-31,90,True,0.0,no_target_event_within_90d
ACC00046,2024-11-30,90,True,0.0,no_target_event_within_90d
ACC00046,2024-12-31,90,True,0.0,no_target_event_within_90d
ACC00046,2025-01-31,90,True,0.0,no_target_event_within_90d
ACC00046,2025-02-28,90,True,0.0,no_target_event_within_90d
ACC00046,2025-03-31,90,True,0.0,no_target_event_within_90d
ACC00046,2025-04-30,90,True,1.0,renewed
ACC00046,2025-05-31,90,True,1.0,renewed
ACC00046,2025-06-30,90,True,1.0,renewed
ACC00047,2024-01-31,90,True,0.0,no_target_event_within_90d
ACC00047,2024-02-29,90,True,0.0,no_target_event_within_90d
ACC00047,2024-03-31,90,True,0.0,no_target_event_within_90d
ACC00047,2024-04-30,90,True,0.0,no_target_event_within_90d
ACC00047,2024-05-31,90,True,0.0,no_target_event_within_90d
ACC00047,2024-06-30,90,True,0.0,no_target_event_within_90d
ACC00047,2024-07-31,90,True,0.0,no_target_event_within_90d
ACC00047,2024-08-31,90,True,0.0,no_target_event_within_90d
ACC00047,2024-09-30,90,True,0.0,no_target_event_within_90d
ACC00047,2024-10-31,90,True,0.0,no_target_event_within_90d
ACC00047,2024-11-30,90,True,0.0,no_target_event_within_90d
ACC00047,2024-12-31,90,True,0.0,no_target_event_within_90d
ACC00047,2025-01-31,90,True,0.0,no_target_event_within_90d
ACC00047,2025-02-28,90,True,0.0,no_target_event_within_90d
ACC00047,2025-03-31,90,True,0.0,no_target_event_within_90d
ACC00047,2025-04-30,90,True,0.0,no_target_event_within_90d
ACC00047,2025-05-31,90,True,0.0,no_target_event_within_90d
ACC00047,2025-06-30,90,True,1.0,renewed
ACC00047,2025-07-31,90,True,1.0,renewed
ACC00047,2025-08-31,90,True,1.0,renewed
ACC00048,2024-01-31,90,True,0.0,no_target_event_within_90d
ACC00048,2024-02-29,90,True,0.0,no_target_event_within_90d
ACC00048,2024-03-31,90,True,0.0,no_target_event_within_90d
ACC00048,2024-04-30,90,True,0.0,no_target_event_within_90d
ACC00048,2024-05-31,90,True,0.0,no_target_event_within_90d
ACC00048,2024-06-30,90,True,0.0,no_target_event_within_90d
ACC00048,2024-07-31,90,True,0.0,no_target_event_within_90d
ACC00048,2024-08-31,90,True,0.0,no_target_event_within_90d
ACC00048,2024-09-30,90,True,0.0,no_target_event_within_90d
ACC00048,2024-10-31,90,True,1.0,renewed
ACC00048,2024-11-30,90,True,1.0,renewed
ACC00048,2024-12-31,90,True,1.0,renewed
ACC00049,2024-01-31,90,True,0.0,no_target_event_within_90d
ACC00049,2024-02-29,90,True,0.0,no_target_event_within_90d
ACC00049,2024-03-31,90,True,0.0,no_target_event_within_90d
ACC00049,2024-04-30,90,True,0.0,no_target_event_within_90d
ACC00049,2024-05-31,90,True,0.0,no_target_event_within_90d
ACC00049,2024-06-30,90,True,0.0,no_target_event_within_90d
ACC00049,2024-07-31,90,True,0.0,no_target_event_within_90d
ACC00049,2024-08-31,90,True,0.0,no_target_event_within_90d
ACC00049,2024-09-30,90,True,1.0,renewed
ACC00049,2024-10-31,90,True,1.0,renewed
ACC00049,2024-11-30,90,True,1.0,renewed
ACC00050,2024-01-31,90,True,0.0,no_target_event_within_90d
ACC00050,2024-02-29,90,True,0.0,no_target_event_within_90d
ACC00050,2024-03-31,90,True,0.0,no_target_event_within_90d
ACC00050,2024-04-30,90,True,0.0,no_target_event_within_90d
ACC00050,2024-05-31,90,True,0.0,no_target_event_within_90d
ACC00050,2024-06-30,90,True,0.0,no_target_event_within_90d
ACC00050,2024-07-31,90,True,0.0,no_target_event_within_90d
ACC00050,2024-08-31,90,True,0.0,no_target_event_within_90d
ACC00050,2024-09-30,90,True,0.0,no_target_event_within_90d
ACC00050,2024-10-31,90,True,0.0,no_target_event_within_90d
ACC00050,2024-11-30,90,True,0.0,no_target_event_within_90d
ACC00050,2024-12-31,90,True,0.0,no_target_event_within_90d
ACC00050,2025-01-31,90,True,0.0,no_target_event_within_90d
ACC00050,2025-02-28,90,True,0.0,no_target_event_within_90d
ACC00050,2025-03-31,90,True,0.0,no_target_event_within_90d
ACC00050,2025-04-30,90,True,0.0,no_target_event_within_90d
ACC00050,2025-05-31,90,True,0.0,no_target_event_within_90d
ACC00050,2025-06-30,90,True,0.0,no_target_event_within_90d
ACC00050,2025-07-31,90,True,0.0,no_target_event_within_90d
ACC00050,2025-08-31,90,True,0.0,no_target_event_within_90d
ACC00050,2025-09-30,90,True,0.0,no_target_event_within_90d
ACC00050,2025-10-31,90,True,1.0,renewed
ACC00050,2025-11-30,90,True,1.0,renewed
ACC00051,2024-01-31,90,True,,censored
ACC00051,2024-02-29,90,True,,censored
ACC00051,2024-03-31,90,True,,censored
ACC00051,2024-04-30,90,True,,censored
ACC00051,2024-05-31,90,True,,censored
ACC00051,2024-06-30,90,True,,censored
ACC00051,2024-07-31,90,True,,censored
ACC00051,2024-08-31,90,True,,censored
ACC00051,2024-09-30,90,True,,censored
ACC00051,2024-10-31,90,True,,censored
ACC00051,2024-11-30,90,True,,censored
ACC00051,2024-12-31,90,True,,censored
ACC00051,2025-01-31,90,True,,censored
ACC00051,2025-02-28,90,True,,censored
ACC00051,2025-03-31,90,True,,censored
ACC00051,2025-04-30,90,True,,censored
ACC00051,2025-05-31,90,True,,censored
ACC00051,2025-06-30,90,True,,censored
ACC00051,2025-07-31,90,True,,censored
ACC00051,2025-08-31,90,True,,censored
ACC00051,2025-09-30,90,True,,censored
ACC00051,2025-10-31,90,True,,censored
ACC00051,2025-11-30,90,True,,censored
ACC00051,2025-12-31,90,True,,censored
ACC00052,2024-01-31,90,True,,censored
ACC00052,2024-02-29,90,True,,censored
ACC00052,2024-03-31,90,True,,censored
ACC00052,2024-04-30,90,True,,censored
ACC00052,2024-05-31,90,True,,censored
ACC00052,2024-06-30,90,True,,censored
ACC00052,2024-07-31,90,True,,censored
ACC00052,2024-08-31,90,True,,censored
ACC00052,2024-09-30,90,True,,censored
ACC00052,2024-10-31,90,True,,censored
ACC00052,2024-11-30,90,True,,censored
ACC00052,2024-12-31,90,True,,censored
ACC00052,2025-01-31,90,True,,censored
ACC00052,2025-02-28,90,True,,censored
ACC00052,2025-03-31,90,True,,censored
ACC00052,2025-04-30,90,True,,censored
ACC00052,2025-05-31,90,True,,censored
ACC00052,2025-06-30,90,True,,censored
ACC00052,2025-07-31,90,True,,censored
ACC00052,2025-08-31,90,True,,censored
ACC00052,2025-09-30,90,True,,censored
ACC00052,2025-10-31,90,True,,censored
ACC00052,2025-11-30,90,True,,censored
ACC00052,2025-12-31,90,True,,censored
ACC00053,2024-01-31,90,True,,censored
ACC00053,2024-02-29,90,True,,censored
ACC00053,2024-03-31,90,True,,censored
ACC00053,2024-04-30,90,True,,censored
ACC00053,2024-05-31,90,True,,censored
ACC00053,2024-06-30,90,True,,censored
ACC00053,2024-07-31,90,True,,censored
ACC00053,2024-08-31,90,True,,censored
ACC00053,2024-09-30,90,True,,censored
ACC00053,2024-10-31,90,True,,censored
ACC00053,2024-11-30,90,True,,censored
ACC00053,2024-12-31,90,True,,censored
ACC00053,2025-01-31,90,True,,censored
ACC00053,2025-02-28,90,True,,censored
ACC00053,2025-03-31,90,True,,censored
ACC00053,2025-04-30,90,True,,censored
ACC00053,2025-05-31,90,True,,censored
ACC00053,2025-06-30,90,True,,censored
ACC00053,2025-07-31,90,True,,censored
ACC00053,2025-08-31,90,True,,censored
ACC00053,2025-09-30,90,True,,censored
ACC00053,2025-10-31,90,True,,censored
ACC00053,2025-11-30,90,True,,censored
ACC00053,2025-12-31,90,True,,censored
ACC00054,2024-01-31,90,True,,censored
ACC00054,2024-02-29,90,True,,censored
ACC00054,2024-03-31,90,True,,censored
ACC00054,2024-04-30,90,True,,censored
ACC00054,2024-05-31,90,True,,censored
ACC00054,2024-06-30,90,True,,censored
ACC00054,2024-07-31,90,True,,censored
ACC00054,2024-08-31,90,True,,censored
ACC00054,2024-09-30,90,True,,censored
ACC00054,2024-10-31,90,True,,censored
ACC00054,2024-11-30,90,True,,censored
ACC00054,2024-12-31,90,True,,censored
ACC00054,2025-01-31,90,True,,censored
ACC00054,2025-02-28,90,True,,censored
ACC00054,2025-03-31,90,True,,censored
ACC00054,2025-04-30,90,True,,censored
ACC00054,2025-05-31,90,True,,censored
ACC00054,2025-06-30,90,True,,censored
ACC00054,2025-07-31,90,True,,censored
ACC00054,2025-08-31,90,True,,censored
ACC00054,2025-09-30,90,True,,censored
ACC00054,2025-10-31,90,True,,censored
ACC00054,2025-11-30,90,True,,censored
ACC00054,2025-12-31,90,True,,censored
ACC00055,2024-01-31,90,True,0.0,no_target_event_within_90d
ACC00055,2024-02-29,90,True,0.0,no_target_event_within_90d
ACC00055,2024-03-31,90,True,0.0,no_target_event_within_90d
ACC00055,2024-04-30,90,True,0.0,no_target_event_within_90d
ACC00055,2024-05-31,90,True,0.0,no_target_event_within_90d
ACC00055,2024-06-30,90,True,0.0,no_target_event_within_90d
ACC00055,2024-07-31,90,True,1.0,renewed
ACC00055,2024-08-31,90,True,1.0,renewed
ACC00055,2024-09-30,90,True,1.0,renewed
ACC00056,2024-01-31,90,True,,censored
ACC00056,2024-02-29,90,True,,censored
ACC00056,2024-03-31,90,True,,censored
ACC00056,2024-04-30,90,True,,censored
ACC00056,2024-05-31,90,True,,censored
ACC00056,2024-06-30,90,True,,censored
ACC00056,2024-07-31,90,True,,censored
ACC00056,2024-08-31,90,True,,censored
ACC00056,2024-09-30,90,True,,censored
ACC00056,2024-10-31,90,True,,censored
ACC00056,2024-11-30,90,True,,censored
ACC00056,2024-12-31,90,True,,censored
ACC00056,2025-01-31,90,True,,censored
ACC00056,2025-02-28,90,True,,censored
ACC00056,2025-03-31,90,True,,censored
ACC00056,2025-04-30,90,True,,censored
ACC00056,2025-05-31,90,True,,censored
ACC00056,2025-06-30,90,True,,censored
ACC00056,2025-07-31,90,True,,censored
ACC00056,2025-08-31,90,True,,censored
ACC00056,2025-09-30,90,True,,censored
ACC00056,2025-10-31,90,True,,censored
ACC00056,2025-11-30,90,True,,censored
ACC00056,2025-12-31,90,True,,censored
ACC00057,2024-01-31,90,True,0.0,no_target_event_within_90d
ACC00057,2024-02-29,90,True,0.0,no_target_event_within_90d
ACC00057,2024-03-31,90,True,0.0,no_target_event_within_90d
ACC00057,2024-04-30,90,True,0.0,no_target_event_within_90d
ACC00057,2024-05-31,90,True,0.0,no_target_event_within_90d
ACC00057,2024-06-30,90,True,0.0,no_target_event_within_90d
ACC00057,2024-07-31,90,True,0.0,no_target_event_within_90d
ACC00057,2024-08-31,90,True,0.0,no_target_event_within_90d
ACC00057,2024-09-30,90,True,0.0,no_target_event_within_90d
ACC00057,2024-10-31,90,True,0.0,no_target_event_within_90d
ACC00057,2024-11-30,90,True,0.0,no_target_event_within_90d
ACC00057,2024-12-31,90,True,0.0,no_target_event_within_90d
ACC00057,2025-01-31,90,True,0.0,no_target_event_within_90d
ACC00057,2025-02-28,90,True,0.0,no_target_event_within_90d
ACC00057,2025-03-31,90,True,0.0,no_target_event_within_90d
ACC00057,2025-04-30,90,True,1.0,churned_voluntary
ACC00057,2025-05-31,90,True,1.0,churned_voluntary
ACC00057,2025-06-30,90,True,1.0,churned_voluntary
ACC00058,2024-01-31,90,True,0.0,no_target_event_within_90d
ACC00058,2024-02-29,90,True,0.0,no_target_event_within_90d
ACC00058,2024-03-31,90,True,0.0,no_target_event_within_90d
ACC00058,2024-04-30,90,True,0.0,no_target_event_within_90d
ACC00058,2024-05-31,90,True,1.0,renewed
ACC00058,2024-06-30,90,True,1.0,renewed
ACC00058,2024-07-31,90,True,1.0,renewed
ACC00059,2024-01-31,90,True,0.0,no_target_event_within_90d
ACC00059,2024-02-29,90,True,0.0,no_target_event_within_90d
ACC00059,2024-03-31,90,True,0.0,no_target_event_within_90d
ACC00059,2024-04-30,90,True,0.0,no_target_event_within_90d
ACC00059,2024-05-31,90,True,0.0,no_target_event_within_90d
ACC00059,2024-06-30,90,True,0.0,no_target_event_within_90d
ACC00059,2024-07-31,90,True,0.0,no_target_event_within_90d
ACC00059,2024-08-31,90,True,0.0,no_target_event_within_90d
ACC00059,2024-09-30,90,True,0.0,no_target_event_within_90d
ACC00059,2024-10-31,90,True,0.0,no_target_event_within_90d
ACC00059,2024-11-30,90,True,0.0,no_target_event_within_90d
ACC00059,2024-12-31,90,True,0.0,no_target_event_within_90d
ACC00059,2025-01-31,90,True,0.0,no_target_event_within_90d
ACC00059,2025-02-28,90,True,0.0,no_target_event_within_90d
ACC00059,2025-03-31,90,True,1.0,churned_voluntary
ACC00059,2025-04-30,90,True,1.0,churned_voluntary
ACC00059,2025-05-31,90,True,1.0,churned_voluntary
ACC00060,2024-01-31,90,True,0.0,no_target_event_within_90d
ACC00060,2024-02-29,90,True,0.0,no_target_event_within_90d
ACC00060,2024-03-31,90,True,0.0,no_target_event_within_90d
ACC00060,2024-04-30,90,True,0.0,no_target_event_within_90d
ACC00060,2024-05-31,90,True,0.0,no_target_event_within_90d
ACC00060,2024-06-30,90,True,1.0,renewed
ACC00060,2024-07-31,90,True,1.0,renewed
ACC00060,2024-08-31,90,True,1.0,renewed
ACC00061,2024-01-31,90,True,0.0,no_target_event_within_90d
ACC00061,2024-02-29,90,True,0.0,no_target_event_within_90d
ACC00061,2024-03-31,90,True,0.0,no_target_event_within_90d
ACC00061,2024-04-30,90,True,0.0,no_target_event_within_90d
ACC00061,2024-05-31,90,True,0.0,no_target_event_within_90d
ACC00061,2024-06-30,90,True,0.0,no_target_event_within_90d
ACC00061,2024-07-31,90,True,0.0,no_target_event_within_90d
ACC00061,2024-08-31,90,True,0.0,no_target_event_within_90d
ACC00061,2024-09-30,90,True,0.0,no_target_event_within_90d
ACC00061,2024-10-31,90,True,1.0,renewed
ACC00061,2024-11-30,90,True,1.0,renewed
ACC00061,2024-12-31,90,True,1.0,renewed
ACC00062,2024-01-31,90,True,0.0,no_target_event_within_90d
ACC00062,2024-02-29,90,True,0.0,no_target_event_within_90d
ACC00062,2024-03-31,90,True,0.0,no_target_event_within_90d
ACC00062,2024-04-30,90,True,0.0,no_target_event_within_90d
ACC00062,2024-05-31,90,True,0.0,no_target_event_within_90d
ACC00062,2024-06-30,90,True,0.0,no_target_event_within_90d
ACC00062,2024-07-31,90,True,0.0,no_target_event_within_90d
ACC00062,2024-08-31,90,True,0.0,no_target_event_within_90d
ACC00062,2024-09-30,90,True,0.0,no_target_event_within_90d
ACC00062,2024-10-31,90,True,0.0,no_target_event_within_90d
ACC00062,2024-11-30,90,True,0.0,no_target_event_within_90d
ACC00062,2024-12-31,90,True,0.0,no_target_event_within_90d
ACC00062,2025-01-31,90,True,0.0,no_target_event_within_90d
ACC00062,2025-02-28,90,True,0.0,no_target_event_within_90d
ACC00062,2025-03-31,90,True,0.0,no_target_event_within_90d
ACC00062,2025-04-30,90,True,0.0,no_target_event_within_90d
ACC00062,2025-05-31,90,True,0.0,no_target_event_within_90d
ACC00062,2025-06-30,90,True,0.0,no_target_event_within_90d
ACC00062,2025-07-31,90,True,0.0,no_target_event_within_90d
ACC00062,2025-08-31,90,True,0.0,no_target_event_within_90d
ACC00062,2025-09-30,90,True,0.0,no_target_event_within_90d
ACC00062,2025-10-31,90,True,1.0,renewed
ACC00062,2025-11-30,90,True,1.0,renewed
ACC00062,2025-12-31,90,True,1.0,renewed
ACC00063,2024-01-31,90,True,,censored
ACC00063,2024-02-29,90,True,,censored
ACC00063,2024-03-31,90,True,,censored
ACC00063,2024-04-30,90,True,,censored
ACC00063,2024-05-31,90,True,,censored
ACC00063,2024-06-30,90,True,,censored
ACC00063,2024-07-31,90,True,,censored
ACC00063,2024-08-31,90,True,,censored
ACC00063,2024-09-30,90,True,,censored
ACC00063,2024-10-31,90,True,,censored
ACC00063,2024-11-30,90,True,,censored
ACC00063,2024-12-31,90,True,,censored
ACC00063,2025-01-31,90,True,,censored
ACC00063,2025-02-28,90,True,,censored
ACC00063,2025-03-31,90,True,,censored
ACC00063,2025-04-30,90,True,,censored
ACC00063,2025-05-31,90,True,,censored
ACC00063,2025-06-30,90,True,,censored
ACC00063,2025-07-31,90,True,,censored
ACC00063,2025-08-31,90,True,,censored
ACC00063,2025-09-30,90,True,,censored
ACC00063,2025-10-31,90,True,,censored
ACC00063,2025-11-30,90,True,,censored
ACC00063,2025-12-31,90,True,,censored
ACC00064,2024-01-31,90,True,0.0,no_target_event_within_90d
ACC00064,2024-02-29,90,True,0.0,no_target_event_within_90d
ACC00064,2024-03-31,90,True,0.0,no_target_event_within_90d
ACC00064,2024-04-30,90,True,0.0,no_target_event_within_90d
ACC00064,2024-05-31,90,True,0.0,no_target_event_within_90d
ACC00064,2024-06-30,90,True,0.0,no_target_event_within_90d
ACC00064,2024-07-31,90,True,0.0,no_target_event_within_90d
ACC00064,2024-08-31,90,True,0.0,no_target_event_within_90d
ACC00064,2024-09-30,90,True,0.0,no_target_event_within_90d
ACC00064,2024-10-31,90,True,0.0,no_target_event_within_90d
ACC00064,2024-11-30,90,True,0.0,no_target_event_within_90d
ACC00064,2024-12-31,90,True,0.0,no_target_event_within_90d
ACC00064,2025-01-31,90,True,0.0,no_target_event_within_90d
ACC00064,2025-02-28,90,True,0.0,no_target_event_within_90d
ACC00064,2025-03-31,90,True,0.0,no_target_event_within_90d
ACC00064,2025-04-30,90,True,0.0,no_target_event_within_90d
ACC00064,2025-05-31,90,True,0.0,no_target_event_within_90d
ACC00064,2025-06-30,90,True,1.0,renewed
ACC00064,2025-07-31,90,True,1.0,renewed
ACC00064,2025-08-31,90,True,1.0,renewed
ACC00065,2024-01-31,90,True,0.0,no_target_event_within_90d
ACC00065,2024-02-29,90,True,0.0,no_target_event_within_90d
ACC00065,2024-03-31,90,True,0.0,no_target_event_within_90d
ACC00065,2024-04-30,90,True,0.0,no_target_event_within_90d
ACC00065,2024-05-31,90,True,0.0,no_target_event_within_90d
ACC00065,2024-06-30,90,True,0.0,no_target_event_within_90d
ACC00065,2024-07-31,90,True,0.0,no_target_event_within_90d
ACC00065,2024-08-31,90,True,0.0,no_target_event_within_90d
ACC00065,2024-09-30,90,True,0.0,no_target_event_within_90d
ACC00065,2024-10-31,90,True,0.0,no_target_event_within_90d
ACC00065,2024-11-30,90,True,0.0,no_target_event_within_90d
ACC00065,2024-12-31,90,True,0.0,no_target_event_within_90d
ACC00065,2025-01-31,90,True,0.0,no_target_event_within_90d
ACC00065,2025-02-28,90,True,0.0,no_target_event_within_90d
ACC00065,2025-03-31,90,True,0.0,no_target_event_within_90d
ACC00065,2025-04-30,90,True,0.0,no_target_event_within_90d
ACC00065,2025-05-31,90,True,0.0,no_target_event_within_90d
ACC00065,2025-06-30,90,True,1.0,renewed
ACC00065,2025-07-31,90,True,1.0,renewed
ACC00065,2025-08-31,90,True,1.0,renewed
ACC00066,2024-01-31,90,True,0.0,no_target_event_within_90d
ACC00066,2024-02-29,90,True,0.0,no_target_event_within_90d
ACC00066,2024-03-31,90,True,0.0,no_target_event_within_90d
ACC00066,2024-04-30,90,True,0.0,no_target_event_within_90d
ACC00066,2024-05-31,90,True,0.0,no_target_event_within_90d
ACC00066,2024-06-30,90,True,0.0,no_target_event_within_90d
ACC00066,2024-07-31,90,True,0.0,no_target_event_within_90d
ACC00066,2024-08-31,90,True,0.0,no_target_event_within_90d
ACC00066,2024-09-30,90,True,0.0,no_target_event_within_90d
ACC00066,2024-10-31,90,True,0.0,no_target_event_within_90d
ACC00066,2024-11-30,90,True,0.0,no_target_event_within_90d
ACC00066,2024-12-31,90,True,0.0,no_target_event_within_90d
ACC00066,2025-01-31,90,True,0.0,no_target_event_within_90d
ACC00066,2025-02-28,90,True,0.0,no_target_event_within_90d
ACC00066,2025-03-31,90,True,0.0,no_target_event_within_90d
ACC00066,2025-04-30,90,True,0.0,no_target_event_within_90d
ACC00066,2025-05-31,90,True,0.0,no_target_event_within_90d
ACC00066,2025-06-30,90,True,0.0,no_target_event_within_90d
ACC00066,2025-07-31,90,True,0.0,no_target_event_within_90d
ACC00066,2025-08-31,90,True,1.0,renewed
ACC00066,2025-09-30,90,True,1.0,renewed
ACC00066,2025-10-31,90,True,1.0,renewed
ACC00067,2024-01-31,90,True,0.0,no_target_event_within_90d
ACC00067,2024-02-29,90,True,0.0,no_target_event_within_90d
ACC00067,2024-03-31,90,True,0.0,no_target_event_within_90d
ACC00067,2024-04-30,90,True,0.0,no_target_event_within_90d
ACC00067,2024-05-31,90,True,0.0,no_target_event_within_90d
ACC00067,2024-06-30,90,True,0.0,no_target_event_within_90d
ACC00067,2024-07-31,90,True,0.0,no_target_event_within_90d
ACC00067,2024-08-31,90,True,0.0,no_target_event_within_90d
ACC00067,2024-09-30,90,True,0.0,no_target_event_within_90d
ACC00067,2024-10-31,90,True,0.0,no_target_event_within_90d
ACC00067,2024-11-30,90,True,0.0,no_target_event_within_90d
ACC00067,2024-12-31,90,True,0.0,no_target_event_within_90d
ACC00067,2025-01-31,90,True,0.0,no_target_event_within_90d
ACC00067,2025-02-28,90,True,0.0,no_target_event_within_90d
ACC00067,2025-03-31,90,True,0.0,no_target_event_within_90d
ACC00067,2025-04-30,90,True,0.0,no_target_event_within_90d
ACC00067,2025-05-31,90,True,0.0,no_target_event_within_90d
ACC00067,2025-06-30,90,True,0.0,no_target_event_within_90d
ACC00067,2025-07-31,90,True,1.0,downgraded
ACC00067,2025-08-31,90,True,1.0,downgraded
ACC00067,2025-09-30,90,True,1.0,downgraded
ACC00068,2024-01-31,90,True,,censored
ACC00068,2024-02-29,90,True,,censored
ACC00068,2024-03-31,90,True,,censored
ACC00068,2024-04-30,90,True,,censored
ACC00068,2024-05-31,90,True,,censored
ACC00068,2024-06-30,90,True,,censored
ACC00068,2024-07-31,90,True,,censored
ACC00068,2024-08-31,90,True,,censored
ACC00068,2024-09-30,90,True,,censored
ACC00068,2024-10-31,90,True,,censored
ACC00068,2024-11-30,90,True,,censored
ACC00068,2024-12-31,90,True,,censored
ACC00068,2025-01-31,90,True,,censored
ACC00068,2025-02-28,90,True,,censored
ACC00068,2025-03-31,90,True,,censored
ACC00068,2025-04-30,90,True,,censored
ACC00068,2025-05-31,90,True,,censored
ACC00068,2025-06-30,90,True,,censored
ACC00068,2025-07-31,90,True,,censored
ACC00068,2025-08-31,90,True,,censored
ACC00068,2025-09-30,90,True,,censored
ACC00068,2025-10-31,90,True,,censored
ACC00068,2025-11-30,90,True,,censored
ACC00068,2025-12-31,90,True,,censored
ACC00069,2024-01-31,90,True,0.0,no_target_event_within_90d
ACC00069,2024-02-29,90,True,0.0,no_target_event_within_90d
ACC00069,2024-03-31,90,True,0.0,no_target_event_within_90d
ACC00069,2024-04-30,90,True,0.0,no_target_event_within_90d
ACC00069,2024-05-31,90,True,0.0,no_target_event_within_90d
ACC00069,2024-06-30,90,True,0.0,no_target_event_within_90d
ACC00069,2024-07-31,90,True,0.0,no_target_event_within_90d
ACC00069,2024-08-31,90,True,0.0,no_target_event_within_90d
ACC00069,2024-09-30,90,True,0.0,no_target_event_within_90d
ACC00069,2024-10-31,90,True,0.0,no_target_event_within_90d
ACC00069,2024-11-30,90,True,0.0,no_target_event_within_90d
ACC00069,2024-12-31,90,True,0.0,no_target_event_within_90d
ACC00069,2025-01-31,90,True,0.0,no_target_event_within_90d
ACC00069,2025-02-28,90,True,0.0,no_target_event_within_90d
ACC00069,2025-03-31,90,True,0.0,no_target_event_within_90d
ACC00069,2025-04-30,90,True,0.0,no_target_event_within_90d
ACC00069,2025-05-31,90,True,1.0,churned_voluntary
ACC00069,2025-06-30,90,True,1.0,churned_voluntary
ACC00070,2024-01-31,90,True,,censored
ACC00070,2024-02-29,90,True,,censored
ACC00070,2024-03-31,90,True,,censored
ACC00070,2024-04-30,90,True,,censored
ACC00070,2024-05-31,90,True,,censored
ACC00070,2024-06-30,90,True,,censored
ACC00070,2024-07-31,90,True,,censored
ACC00070,2024-08-31,90,True,,censored
ACC00070,2024-09-30,90,True,,censored
ACC00070,2024-10-31,90,True,,censored
ACC00070,2024-11-30,90,True,,censored
ACC00070,2024-12-31,90,True,,censored
ACC00070,2025-01-31,90,True,,censored
ACC00070,2025-02-28,90,True,,censored
ACC00070,2025-03-31,90,True,,censored
ACC00070,2025-04-30,90,True,,censored
ACC00070,2025-05-31,90,True,,censored
ACC00070,2025-06-30,90,True,,censored
ACC00070,2025-07-31,90,True,,censored
ACC00070,2025-08-31,90,True,,censored
ACC00070,2025-09-30,90,True,,censored
ACC00070,2025-10-31,90,True,,censored
ACC00070,2025-11-30,90,True,,censored
ACC00070,2025-12-31,90,True,,censored
ACC00071,2024-01-31,90,True,,censored
ACC00071,2024-02-29,90,True,,censored
ACC00071,2024-03-31,90,True,,censored
ACC00071,2024-04-30,90,True,,censored
ACC00071,2024-05-31,90,True,,censored
ACC00071,2024-06-30,90,True,,censored
ACC00071,2024-07-31,90,True,,censored
ACC00071,2024-08-31,90,True,,censored
ACC00071,2024-09-30,90,True,,censored
ACC00071,2024-10-31,90,True,,censored
ACC00071,2024-11-30,90,True,,censored
ACC00071,2024-12-31,90,True,,censored
ACC00071,2025-01-31,90,True,,censored
ACC00071,2025-02-28,90,True,,censored
ACC00071,2025-03-31,90,True,,censored
ACC00071,2025-04-30,90,True,,censored
ACC00071,2025-05-31,90,True,,censored
ACC00071,2025-06-30,90,True,,censored
ACC00071,2025-07-31,90,True,,censored
ACC00071,2025-08-31,90,True,,censored
ACC00071,2025-09-30,90,True,,censored
ACC00071,2025-10-31,90,True,,censored
ACC00071,2025-11-30,90,True,,censored
ACC00071,2025-12-31,90,True,,censored
ACC00072,2024-01-31,90,True,0.0,no_target_event_within_90d
ACC00072,2024-02-29,90,True,0.0,no_target_event_within_90d
ACC00072,2024-03-31,90,True,0.0,no_target_event_within_90d
ACC00072,2024-04-30,90,True,0.0,no_target_event_within_90d
ACC00072,2024-05-31,90,True,1.0,renewed
ACC00072,2024-06-30,90,True,1.0,renewed
ACC00072,2024-07-31,90,True,1.0,renewed
ACC00073,2024-01-31,90,True,0.0,no_target_event_within_90d
ACC00073,2024-02-29,90,True,0.0,no_target_event_within_90d
ACC00073,2024-03-31,90,True,0.0,no_target_event_within_90d
ACC00073,2024-04-30,90,True,0.0,no_target_event_within_90d
ACC00073,2024-05-31,90,True,0.0,no_target_event_within_90d
ACC00073,2024-06-30,90,True,0.0,no_target_event_within_90d
ACC00073,2024-07-31,90,True,0.0,no_target_event_within_90d
ACC00073,2024-08-31,90,True,0.0,no_target_event_within_90d
ACC00073,2024-09-30,90,True,0.0,no_target_event_within_90d
ACC00073,2024-10-31,90,True,0.0,no_target_event_within_90d
ACC00073,2024-11-30,90,True,0.0,no_target_event_within_90d
ACC00073,2024-12-31,90,True,0.0,no_target_event_within_90d
ACC00073,2025-01-31,90,True,0.0,no_target_event_within_90d
ACC00073,2025-02-28,90,True,1.0,churned_voluntary
ACC00073,2025-03-31,90,True,1.0,churned_voluntary
ACC00073,2025-04-30,90,True,1.0,churned_voluntary
ACC00074,2024-01-31,90,True,,censored
ACC00074,2024-02-29,90,True,,censored
ACC00074,2024-03-31,90,True,,censored
ACC00074,2024-04-30,90,True,,censored
ACC00074,2024-05-31,90,True,,censored
ACC00074,2024-06-30,90,True,,censored
ACC00074,2024-07-31,90,True,,censored
ACC00074,2024-08-31,90,True,,censored
ACC00074,2024-09-30,90,True,,censored
ACC00074,2024-10-31,90,True,,censored
ACC00074,2024-11-30,90,True,,censored
ACC00074,2024-12-31,90,True,,censored
ACC00074,2025-01-31,90,True,,censored
ACC00074,2025-02-28,90,True,,censored
ACC00074,2025-03-31,90,True,,censored
ACC00074,2025-04-30,90,True,,censored
ACC00074,2025-05-31,90,True,,censored
ACC00074,2025-06-30,90,True,,censored
ACC00074,2025-07-31,90,True,,censored
ACC00074,2025-08-31,90,True,,censored
ACC00074,2025-09-30,90,True,,censored
ACC00074,2025-10-31,90,True,,censored
ACC00074,2025-11-30,90,True,,censored
ACC00074,2025-12-31,90,True,,censored
ACC00075,2024-01-31,90,True,0.0,no_target_event_within_90d
ACC00075,2024-02-29,90,True,0.0,no_target_event_within_90d
ACC00075,2024-03-31,90,True,0.0,no_target_event_within_90d
ACC00075,2024-04-30,90,True,0.0,no_target_event_within_90d
ACC00075,2024-05-31,90,True,0.0,no_target_event_within_90d
ACC00075,2024-06-30,90,True,0.0,no_target_event_within_90d
ACC00075,2024-07-31,90,True,0.0,no_target_event_within_90d
ACC00075,2024-08-31,90,True,0.0,no_target_event_within_90d
ACC00075,2024-09-30,90,True,0.0,no_target_event_within_90d
ACC00075,2024-10-31,90,True,0.0,no_target_event_within_90d
ACC00075,2024-11-30,90,True,0.0,no_target_event_within_90d
ACC00075,2024-12-31,90,True,0.0,no_target_event_within_90d
ACC00075,2025-01-31,90,True,0.0,no_target_event_within_90d
ACC00075,2025-02-28,90,True,0.0,no_target_event_within_90d
ACC00075,2025-03-31,90,True,0.0,no_target_event_within_90d
ACC00075,2025-04-30,90,True,0.0,no_target_event_within_90d
ACC00075,2025-05-31,90,True,0.0,no_target_event_within_90d
ACC00075,2025-06-30,90,True,1.0,renewed
ACC00075,2025-07-31,90,True,1.0,renewed
ACC00075,2025-08-31,90,True,1.0,renewed
ACC00076,2024-01-31,90,True,0.0,no_target_event_within_90d
ACC00076,2024-02-29,90,True,0.0,no_target_event_within_90d
ACC00076,2024-03-31,90,True,0.0,no_target_event_within_90d
ACC00076,2024-04-30,90,True,0.0,no_target_event_within_90d
ACC00076,2024-05-31,90,True,1.0,renewed
ACC00076,2024-06-30,90,True,1.0,renewed
ACC00076,2024-07-31,90,True,1.0,renewed
ACC00077,2024-01-31,90,True,,censored
ACC00077,2024-02-29,90,True,,censored
ACC00077,2024-03-31,90,True,,censored
ACC00077,2024-04-30,90,True,,censored
ACC00077,2024-05-31,90,True,,censored
ACC00077,2024-06-30,90,True,,censored
ACC00077,2024-07-31,90,True,,censored
ACC00077,2024-08-31,90,True,,censored
ACC00077,2024-09-30,90,True,,censored
ACC00077,2024-10-31,90,True,,censored
ACC00077,2024-11-30,90,True,,censored
ACC00077,2024-12-31,90,True,,censored
ACC00077,2025-01-31,90,True,,censored
ACC00077,2025-02-28,90,True,,censored
ACC00077,2025-03-31,90,True,,censored
ACC00077,2025-04-30,90,True,,censored
ACC00077,2025-05-31,90,True,,censored
ACC00077,2025-06-30,90,True,,censored
ACC00077,2025-07-31,90,True,,censored
ACC00077,2025-08-31,90,True,,censored
ACC00077,2025-09-30,90,True,,censored
ACC00077,2025-10-31,90,True,,censored
ACC00077,2025-11-30,90,True,,censored
ACC00077,2025-12-31,90,True,,censored
ACC00078,2024-01-31,90,True,0.0,no_target_event_within_90d
ACC00078,2024-02-29,90,True,0.0,no_target_event_within_90d
ACC00078,2024-03-31,90,True,0.0,no_target_event_within_90d
ACC00078,2024-04-30,90,True,0.0,no_target_event_within_90d
ACC00078,2024-05-31,90,True,0.0,no_target_event_within_90d
ACC00078,2024-06-30,90,True,0.0,no_target_event_within_90d
ACC00078,2024-07-31,90,True,0.0,no_target_event_within_90d
ACC00078,2024-08-31,90,True,0.0,no_target_event_within_90d
ACC00078,2024-09-30,90,True,0.0,no_target_event_within_90d
ACC00078,2024-10-31,90,True,0.0,no_target_event_within_90d
ACC00078,2024-11-30,90,True,0.0,no_target_event_within_90d
ACC00078,2024-12-31,90,True,1.0,churned_voluntary
ACC00078,2025-01-31,90,True,1.0,churned_voluntary
ACC00078,2025-02-28,90,True,1.0,churned_voluntary
ACC00079,2024-01-31,90,True,0.0,no_target_event_within_90d
ACC00079,2024-02-29,90,True,0.0,no_target_event_within_90d
ACC00079,2024-03-31,90,True,0.0,no_target_event_within_90d
ACC00079,2024-04-30,90,True,0.0,no_target_event_within_90d
ACC00079,2024-05-31,90,True,0.0,no_target_event_within_90d
ACC00079,2024-06-30,90,True,0.0,no_target_event_within_90d
ACC00079,2024-07-31,90,True,0.0,no_target_event_within_90d
ACC00079,2024-08-31,90,True,0.0,no_target_event_within_90d
ACC00079,2024-09-30,90,True,0.0,no_target_event_within_90d
ACC00079,2024-10-31,90,True,0.0,no_target_event_within_90d
ACC00079,2024-11-30,90,True,0.0,no_target_event_within_90d
ACC00079,2024-12-31,90,True,0.0,no_target_event_within_90d
ACC00079,2025-01-31,90,True,0.0,no_target_event_within_90d
ACC00079,2025-02-28,90,True,0.0,no_target_event_within_90d
ACC00079,2025-03-31,90,True,0.0,no_target_event_within_90d
ACC00079,2025-04-30,90,True,0.0,no_target_event_within_90d
ACC00079,2025-05-31,90,True,0.0,no_target_event_within_90d
ACC00079,2025-06-30,90,True,0.0,no_target_event_within_90d
ACC00079,2025-07-31,90,True,1.0,renewed
ACC00079,2025-08-31,90,True,1.0,renewed
ACC00079,2025-09-30,90,True,1.0,renewed
ACC00080,2024-01-31,90,True,0.0,no_target_event_within_90d
ACC00080,2024-02-29,90,True,0.0,no_target_event_within_90d
ACC00080,2024-03-31,90,True,0.0,no_target_event_within_90d
ACC00080,2024-04-30,90,True,0.0,no_target_event_within_90d
ACC00080,2024-05-31,90,True,0.0,no_target_event_within_90d
ACC00080,2024-06-30,90,True,0.0,no_target_event_within_90d
ACC00080,2024-07-31,90,True,0.0,no_target_event_within_90d
ACC00080,2024-08-31,90,True,0.0,no_target_event_within_90d
ACC00080,2024-09-30,90,True,0.0,no_target_event_within_90d
ACC00080,2024-10-31,90,True,0.0,no_target_event_within_90d
ACC00080,2024-11-30,90,True,0.0,no_target_event_within_90d
ACC00080,2024-12-31,90,True,0.0,no_target_event_within_90d
ACC00080,2025-01-31,90,True,0.0,no_target_event_within_90d
ACC00080,2025-02-28,90,True,0.0,no_target_event_within_90d
ACC00080,2025-03-31,90,True,0.0,no_target_event_within_90d
ACC00080,2025-04-30,90,True,0.0,no_target_event_within_90d
ACC00080,2025-05-31,90,True,0.0,no_target_event_within_90d
ACC00080,2025-06-30,90,True,0.0,no_target_event_within_90d
ACC00080,2025-07-31,90,True,1.0,churned_nonpayment
ACC00080,2025-08-31,90,True,1.0,churned_nonpayment
ACC00080,2025-09-30,90,True,1.0,churned_nonpayment
ACC00081,2024-01-31,90,True,,censored
ACC00081,2024-02-29,90,True,,censored
ACC00081,2024-03-31,90,True,,censored
ACC00081,2024-04-30,90,True,,censored
ACC00081,2024-05-31,90,True,,censored
ACC00081,2024-06-30,90,True,,censored
ACC00081,2024-07-31,90,True,,censored
ACC00081,2024-08-31,90,True,,censored
ACC00081,2024-09-30,90,True,,censored
ACC00081,2024-10-31,90,True,,censored
ACC00081,2024-11-30,90,True,,censored
ACC00081,2024-12-31,90,True,,censored
ACC00081,2025-01-31,90,True,,censored
ACC00081,2025-02-28,90,True,,censored
ACC00081,2025-03-31,90,True,,censored
ACC00081,2025-04-30,90,True,,censored
ACC00081,2025-05-31,90,True,,censored
ACC00081,2025-06-30,90,True,,censored
ACC00081,2025-07-31,90,True,,censored
ACC00081,2025-08-31,90,True,,censored
ACC00081,2025-09-30,90,True,,censored
ACC00081,2025-10-31,90,True,,censored
ACC00081,2025-11-30,90,True,,censored
ACC00081,2025-12-31,90,True,,censored
ACC00082,2024-01-31,90,True,0.0,no_target_event_within_90d
ACC00082,2024-02-29,90,True,0.0,no_target_event_within_90d
ACC00082,2024-03-31,90,True,0.0,no_target_event_within_90d
ACC00082,2024-04-30,90,True,0.0,no_target_event_within_90d
ACC00082,2024-05-31,90,True,0.0,no_target_event_within_90d
ACC00082,2024-06-30,90,True,0.0,no_target_event_within_90d
ACC00082,2024-07-31,90,True,0.0,no_target_event_within_90d
ACC00082,2024-08-31,90,True,0.0,no_target_event_within_90d
ACC00082,2024-09-30,90,True,0.0,no_target_event_within_90d
ACC00082,2024-10-31,90,True,0.0,no_target_event_within_90d
ACC00082,2024-11-30,90,True,0.0,no_target_event_within_90d
ACC00082,2024-12-31,90,True,0.0,no_target_event_within_90d
ACC00082,2025-01-31,90,True,0.0,no_target_event_within_90d
ACC00082,2025-02-28,90,True,0.0,no_target_event_within_90d
ACC00082,2025-03-31,90,True,0.0,no_target_event_within_90d
ACC00082,2025-04-30,90,True,0.0,no_target_event_within_90d
ACC00082,2025-05-31,90,True,0.0,no_target_event_within_90d
ACC00082,2025-06-30,90,True,0.0,no_target_event_within_90d
ACC00082,2025-07-31,90,True,0.0,no_target_event_within_90d
ACC00082,2025-08-31,90,True,0.0,no_target_event_within_90d
ACC00082,2025-09-30,90,True,0.0,no_target_event_within_90d
ACC00082,2025-10-31,90,True,1.0,renewed
ACC00082,2025-11-30,90,True,1.0,renewed
ACC00082,2025-12-31,90,True,1.0,renewed
ACC00083,2024-01-31,90,True,0.0,no_target_event_within_90d
ACC00083,2024-02-29,90,True,0.0,no_target_event_within_90d
ACC00083,2024-03-31,90,True,0.0,no_target_event_within_90d
ACC00083,2024-04-30,90,True,0.0,no_target_event_within_90d
ACC00083,2024-05-31,90,True,1.0,renewed
ACC00083,2024-06-30,90,True,1.0,renewed
ACC00083,2024-07-31,90,True,1.0,renewed
ACC00084,2024-01-31,90,True,0.0,no_target_event_within_90d
ACC00084,2024-02-29,90,True,0.0,no_target_event_within_90d
ACC00084,2024-03-31,90,True,0.0,no_target_event_within_90d
ACC00084,2024-04-30,90,True,0.0,no_target_event_within_90d
ACC00084,2024-05-31,90,True,0.0,no_target_event_within_90d
ACC00084,2024-06-30,90,True,0.0,no_target_event_within_90d
ACC00084,2024-07-31,90,True,0.0,no_target_event_within_90d
ACC00084,2024-08-31,90,True,0.0,no_target_event_within_90d
ACC00084,2024-09-30,90,True,0.0,no_target_event_within_90d
ACC00084,2024-10-31,90,True,1.0,churned_voluntary
ACC00084,2024-11-30,90,True,1.0,churned_voluntary
ACC00084,2024-12-31,90,True,1.0,churned_voluntary
ACC00085,2024-01-31,90,True,0.0,no_target_event_within_90d
ACC00085,2024-02-29,90,True,0.0,no_target_event_within_90d
ACC00085,2024-03-31,90,True,0.0,no_target_event_within_90d
ACC00085,2024-04-30,90,True,0.0,no_target_event_within_90d
ACC00085,2024-05-31,90,True,0.0,no_target_event_within_90d
ACC00085,2024-06-30,90,True,1.0,renewed
ACC00085,2024-07-31,90,True,1.0,renewed
ACC00085,2024-08-31,90,True,1.0,renewed
ACC00086,2024-01-31,90,True,0.0,no_target_event_within_90d
ACC00086,2024-02-29,90,True,0.0,no_target_event_within_90d
ACC00086,2024-03-31,90,True,0.0,no_target_event_within_90d
ACC00086,2024-04-30,90,True,0.0,no_target_event_within_90d
ACC00086,2024-05-31,90,True,0.0,no_target_event_within_90d
ACC00086,2024-06-30,90,True,0.0,no_target_event_within_90d
ACC00086,2024-07-31,90,True,0.0,no_target_event_within_90d
ACC00086,2024-08-31,90,True,0.0,no_target_event_within_90d
ACC00086,2024-09-30,90,True,0.0,no_target_event_within_90d
ACC00086,2024-10-31,90,True,1.0,renewed
ACC00086,2024-11-30,90,True,1.0,renewed
ACC00086,2024-12-31,90,True,1.0,renewed
ACC00087,2024-01-31,90,True,0.0,no_target_event_within_90d
ACC00087,2024-02-29,90,True,0.0,no_target_event_within_90d
ACC00087,2024-03-31,90,True,0.0,no_target_event_within_90d
ACC00087,2024-04-30,90,True,0.0,no_target_event_within_90d
ACC00087,2024-05-31,90,True,0.0,no_target_event_within_90d
ACC00087,2024-06-30,90,True,0.0,no_target_event_within_90d
ACC00087,2024-07-31,90,True,1.0,renewed
ACC00087,2024-08-31,90,True,1.0,renewed
ACC00087,2024-09-30,90,True,1.0,renewed
ACC00088,2024-01-31,90,True,0.0,no_target_event_within_90d
ACC00088,2024-02-29,90,True,0.0,no_target_event_within_90d
ACC00088,2024-03-31,90,True,0.0,no_target_event_within_90d
ACC00088,2024-04-30,90,True,0.0,no_target_event_within_90d
ACC00088,2024-05-31,90,True,0.0,no_target_event_within_90d
ACC00088,2024-06-30,90,True,0.0,no_target_event_within_90d
ACC00088,2024-07-31,90,True,0.0,no_target_event_within_90d
ACC00088,2024-08-31,90,True,0.0,no_target_event_within_90d
ACC00088,2024-09-30,90,True,0.0,no_target_event_within_90d
ACC00088,2024-10-31,90,True,0.0,no_target_event_within_90d
ACC00088,2024-11-30,90,True,0.0,no_target_event_within_90d
ACC00088,2024-12-31,90,True,0.0,no_target_event_within_90d
ACC00088,2025-01-31,90,True,0.0,no_target_event_within_90d
ACC00088,2025-02-28,90,True,0.0,no_target_event_within_90d
ACC00088,2025-03-31,90,True,0.0,no_target_event_within_90d
ACC00088,2025-04-30,90,True,0.0,no_target_event_within_90d
ACC00088,2025-05-31,90,True,0.0,no_target_event_within_90d
ACC00088,2025-06-30,90,True,1.0,renewed
ACC00088,2025-07-31,90,True,1.0,renewed
ACC00088,2025-08-31,90,True,1.0,renewed
ACC00089,2024-01-31,90,True,,censored
ACC00089,2024-02-29,90,True,,censored
ACC00089,2024-03-31,90,True,,censored
ACC00089,2024-04-30,90,True,,censored
ACC00089,2024-05-31,90,True,,censored
ACC00089,2024-06-30,90,True,,censored
ACC00089,2024-07-31,90,True,,censored
ACC00089,2024-08-31,90,True,,censored
ACC00089,2024-09-30,90,True,,censored
ACC00089,2024-10-31,90,True,,censored
ACC00089,2024-11-30,90,True,,censored
ACC00089,2024-12-31,90,True,,censored
ACC00089,2025-01-31,90,True,,censored
ACC00089,2025-02-28,90,True,,censored
ACC00089,2025-03-31,90,True,,censored
ACC00089,2025-04-30,90,True,,censored
ACC00089,2025-05-31,90,True,,censored
ACC00089,2025-06-30,90,True,,censored
ACC00089,2025-07-31,90,True,,censored
ACC00089,2025-08-31,90,True,,censored
ACC00089,2025-09-30,90,True,,censored
ACC00089,2025-10-31,90,True,,censored
ACC00089,2025-11-30,90,True,,censored
ACC00089,2025-12-31,90,True,,censored
ACC00090,2024-01-31,90,True,0.0,no_target_event_within_90d
ACC00090,2024-02-29,90,True,0.0,no_target_event_within_90d
ACC00090,2024-03-31,90,True,0.0,no_target_event_within_90d
ACC00090,2024-04-30,90,True,0.0,no_target_event_within_90d
ACC00090,2024-05-31,90,True,0.0,no_target_event_within_90d
ACC00090,2024-06-30,90,True,0.0,no_target_event_within_90d
ACC00090,2024-07-31,90,True,0.0,no_target_event_within_90d
ACC00090,2024-08-31,90,True,0.0,no_target_event_within_90d
ACC00090,2024-09-30,90,True,0.0,no_target_event_within_90d
ACC00090,2024-10-31,90,True,0.0,no_target_event_within_90d
ACC00090,2024-11-30,90,True,0.0,no_target_event_within_90d
ACC00090,2024-12-31,90,True,0.0,no_target_event_within_90d
ACC00090,2025-01-31,90,True,0.0,no_target_event_within_90d
ACC00090,2025-02-28,90,True,0.0,no_target_event_within_90d
ACC00090,2025-03-31,90,True,0.0,no_target_event_within_90d
ACC00090,2025-04-30,90,True,1.0,renewed
ACC00090,2025-05-31,90,True,1.0,renewed
ACC00090,2025-06-30,90,True,1.0,renewed
ACC00091,2024-01-31,90,True,0.0,no_target_event_within_90d
ACC00091,2024-02-29,90,True,0.0,no_target_event_within_90d
ACC00091,2024-03-31,90,True,0.0,no_target_event_within_90d
ACC00091,2024-04-30,90,True,0.0,no_target_event_within_90d
ACC00091,2024-05-31,90,True,0.0,no_target_event_within_90d
ACC00091,2024-06-30,90,True,0.0,no_target_event_within_90d
ACC00091,2024-07-31,90,True,0.0,no_target_event_within_90d
ACC00091,2024-08-31,90,True,0.0,no_target_event_within_90d
ACC00091,2024-09-30,90,True,0.0,no_target_event_within_90d
ACC00091,2024-10-31,90,True,0.0,no_target_event_within_90d
ACC00091,2024-11-30,90,True,1.0,churned_nonpayment
ACC00091,2024-12-31,90,True,1.0,churned_nonpayment
ACC00091,2025-01-31,90,True,1.0,churned_nonpayment
ACC00092,2024-01-31,90,True,0.0,no_target_event_within_90d
ACC00092,2024-02-29,90,True,0.0,no_target_event_within_90d
ACC00092,2024-03-31,90,True,0.0,no_target_event_within_90d
ACC00092,2024-04-30,90,True,0.0,no_target_event_within_90d
ACC00092,2024-05-31,90,True,0.0,no_target_event_within_90d
ACC00092,2024-06-30,90,True,0.0,no_target_event_within_90d
ACC00092,2024-07-31,90,True,1.0,renewed
ACC00092,2024-08-31,90,True,1.0,renewed
ACC00092,2024-09-30,90,True,1.0,renewed
ACC00093,2024-01-31,90,True,,censored
ACC00093,2024-02-29,90,True,,censored
ACC00093,2024-03-31,90,True,,censored
ACC00093,2024-04-30,90,True,,censored
ACC00093,2024-05-31,90,True,,censored
ACC00093,2024-06-30,90,True,,censored
ACC00093,2024-07-31,90,True,,censored
ACC00093,2024-08-31,90,True,,censored
ACC00093,2024-09-30,90,True,,censored
ACC00093,2024-10-31,90,True,,censored
ACC00093,2024-11-30,90,True,,censored
ACC00093,2024-12-31,90,True,,censored
ACC00093,2025-01-31,90,True,,censored
ACC00093,2025-02-28,90,True,,censored
ACC00093,2025-03-31,90,True,,censored
ACC00093,2025-04-30,90,True,,censored
ACC00093,2025-05-31,90,True,,censored
ACC00093,2025-06-30,90,True,,censored
ACC00093,2025-07-31,90,True,,censored
ACC00093,2025-08-31,90,True,,censored
ACC00093,2025-09-30,90,True,,censored
ACC00093,2025-10-31,90,True,,censored
ACC00093,2025-11-30,90,True,,censored
ACC00093,2025-12-31,90,True,,censored
ACC00094,2024-01-31,90,True,0.0,no_target_event_within_90d
ACC00094,2024-02-29,90,True,0.0,no_target_event_within_90d
ACC00094,2024-03-31,90,True,0.0,no_target_event_within_90d
ACC00094,2024-04-30,90,True,0.0,no_target_event_within_90d
ACC00094,2024-05-31,90,True,0.0,no_target_event_within_90d
ACC00094,2024-06-30,90,True,0.0,no_target_event_within_90d
ACC00094,2024-07-31,90,True,0.0,no_target_event_within_90d
ACC00094,2024-08-31,90,True,1.0,renewed
ACC00094,2024-09-30,90,True,1.0,renewed
ACC00094,2024-10-31,90,True,1.0,renewed
ACC00095,2024-01-31,90,True,,censored
ACC00095,2024-02-29,90,True,,censored
ACC00095,2024-03-31,90,True,,censored
ACC00095,2024-04-30,90,True,,censored
ACC00095,2024-05-31,90,True,,censored
ACC00095,2024-06-30,90,True,,censored
ACC00095,2024-07-31,90,True,,censored
ACC00095,2024-08-31,90,True,,censored
ACC00095,2024-09-30,90,True,,censored
ACC00095,2024-10-31,90,True,,censored
ACC00095,2024-11-30,90,True,,censored
ACC00095,2024-12-31,90,True,,censored
ACC00095,2025-01-31,90,True,,censored
ACC00095,2025-02-28,90,True,,censored
ACC00095,2025-03-31,90,True,,censored
ACC00095,2025-04-30,90,True,,censored
ACC00095,2025-05-31,90,True,,censored
ACC00095,2025-06-30,90,True,,censored
ACC00095,2025-07-31,90,True,,censored
ACC00095,2025-08-31,90,True,,censored
ACC00095,2025-09-30,90,True,,censored
ACC00095,2025-10-31,90,True,,censored
ACC00095,2025-11-30,90,True,,censored
ACC00095,2025-12-31,90,True,,censored
ACC00096,2024-01-31,90,True,0.0,no_target_event_within_90d
ACC00096,2024-02-29,90,True,0.0,no_target_event_within_90d
ACC00096,2024-03-31,90,True,0.0,no_target_event_within_90d
ACC00096,2024-04-30,90,True,0.0,no_target_event_within_90d
ACC00096,2024-05-31,90,True,0.0,no_target_event_within_90d
ACC00096,2024-06-30,90,True,0.0,no_target_event_within_90d
ACC00096,2024-07-31,90,True,0.0,no_target_event_within_90d
ACC00096,2024-08-31,90,True,0.0,no_target_event_within_90d
ACC00096,2024-09-30,90,True,0.0,no_target_event_within_90d
ACC00096,2024-10-31,90,True,0.0,no_target_event_within_90d
ACC00096,2024-11-30,90,True,0.0,no_target_event_within_90d
ACC00096,2024-12-31,90,True,0.0,no_target_event_within_90d
ACC00096,2025-01-31,90,True,0.0,no_target_event_within_90d
ACC00096,2025-02-28,90,True,0.0,no_target_event_within_90d
ACC00096,2025-03-31,90,True,0.0,no_target_event_within_90d
ACC00096,2025-04-30,90,True,0.0,no_target_event_within_90d
ACC00096,2025-05-31,90,True,1.0,renewed
ACC00096,2025-06-30,90,True,1.0,renewed
ACC00096,2025-07-31,90,True,1.0,renewed
ACC00097,2024-01-31,90,True,0.0,no_target_event_within_90d
ACC00097,2024-02-29,90,True,0.0,no_target_event_within_90d
ACC00097,2024-03-31,90,True,0.0,no_target_event_within_90d
ACC00097,2024-04-30,90,True,0.0,no_target_event_within_90d
ACC00097,2024-05-31,90,True,0.0,no_target_event_within_90d
ACC00097,2024-06-30,90,True,0.0,no_target_event_within_90d
ACC00097,2024-07-31,90,True,0.0,no_target_event_within_90d
ACC00097,2024-08-31,90,True,0.0,no_target_event_within_90d
ACC00097,2024-09-30,90,True,0.0,no_target_event_within_90d
ACC00097,2024-10-31,90,True,0.0,no_target_event_within_90d
ACC00097,2024-11-30,90,True,0.0,no_target_event_within_90d
ACC00097,2024-12-31,90,True,0.0,no_target_event_within_90d
ACC00097,2025-01-31,90,True,0.0,no_target_event_within_90d
ACC00097,2025-02-28,90,True,0.0,no_target_event_within_90d
ACC00097,2025-03-31,90,True,0.0,no_target_event_within_90d
ACC00097,2025-04-30,90,True,0.0,no_target_event_within_90d
ACC00097,2025-05-31,90,True,0.0,no_target_event_within_90d
ACC00097,2025-06-30,90,True,0.0,no_target_event_within_90d
ACC00097,2025-07-31,90,True,0.0,no_target_event_within_90d
ACC00097,2025-08-31,90,True,0.0,no_target_event_within_90d
ACC00097,2025-09-30,90,True,1.0,renewed
ACC00097,2025-10-31,90,True,1.0,renewed
ACC00097,2025-11-30,90,True,1.0,renewed
ACC00098,2024-01-31,90,True,0.0,no_target_event_within_90d
ACC00098,2024-02-29,90,True,0.0,no_target_event_within_90d
ACC00098,2024-03-31,90,True,0.0,no_target_event_within_90d
ACC00098,2024-04-30,90,True,0.0,no_target_event_within_90d
ACC00098,2024-05-31,90,True,1.0,renewed
ACC00098,2024-06-30,90,True,1.0,renewed
ACC00098,2024-07-31,90,True,1.0,renewed
ACC00099,2024-01-31,90,True,0.0,no_target_event_within_90d
ACC00099,2024-02-29,90,True,0.0,no_target_event_within_90d
ACC00099,2024-03-31,90,True,0.0,no_target_event_within_90d
ACC00099,2024-04-30,90,True,0.0,no_target_event_within_90d
ACC00099,2024-05-31,90,True,0.0,no_target_event_within_90d
ACC00099,2024-06-30,90,True,0.0,no_target_event_within_90d
ACC00099,2024-07-31,90,True,0.0,no_target_event_within_90d
ACC00099,2024-08-31,90,True,0.0,no_target_event_within_90d
ACC00099,2024-09-30,90,True,0.0,no_target_event_within_90d
ACC00099,2024-10-31,90,True,0.0,no_target_event_within_90d
ACC00099,2024-11-30,90,True,0.0,no_target_event_within_90d
ACC00099,2024-12-31,90,True,0.0,no_target_event_within_90d
ACC00099,2025-01-31,90,True,0.0,no_target_event_within_90d
ACC00099,2025-02-28,90,True,0.0,no_target_event_within_90d
ACC00099,2025-03-31,90,True,0.0,no_target_event_within_90d
ACC00099,2025-04-30,90,True,0.0,no_target_event_within_90d
ACC00099,2025-05-31,90,True,1.0,churned_voluntary
ACC00099,2025-06-30,90,True,1.0,churned_voluntary
ACC00100,2024-01-31,90,True,0.0,no_target_event_within_90d
ACC00100,2024-02-29,90,True,0.0,no_target_event_within_90d
ACC00100,2024-03-31,90,True,0.0,no_target_event_within_90d
ACC00100,2024-04-30,90,True,0.0,no_target_event_within_90d
ACC00100,2024-05-31,90,True,0.0,no_target_event_within_90d
ACC00100,2024-06-30,90,True,0.0,no_target_event_within_90d
ACC00100,2024-07-31,90,True,0.0,no_target_event_within_90d
ACC00100,2024-08-31,90,True,0.0,no_target_event_within_90d
ACC00100,2024-09-30,90,True,0.0,no_target_event_within_90d
ACC00100,2024-10-31,90,True,0.0,no_target_event_within_90d
ACC00100,2024-11-30,90,True,0.0,no_target_event_within_90d
ACC00100,2024-12-31,90,True,0.0,no_target_event_within_90d
ACC00100,2025-01-31,90,True,0.0,no_target_event_within_90d
ACC00100,2025-02-28,90,True,0.0,no_target_event_within_90d
ACC00100,2025-03-31,90,True,0.0,no_target_event_within_90d
ACC00100,2025-04-30,90,True,0.0,no_target_event_within_90d
ACC00100,2025-05-31,90,True,0.0,no_target_event_within_90d
ACC00100,2025-06-30,90,True,0.0,no_target_event_within_90d
ACC00100,2025-07-31,90,True,0.0,no_target_event_within_90d
ACC00100,2025-08-31,90,True,0.0,no_target_event_within_90d
ACC00100,2025-09-30,90,True,1.0,churned_nonpayment
ACC00100,2025-10-31,90,True,1.0,churned_nonpayment
ACC00100,2025-11-30,90,True,1.0,churned_nonpayment
ACC00101,2024-01-31,90,True,0.0,no_target_event_within_90d
ACC00101,2024-02-29,90,True,0.0,no_target_event_within_90d
ACC00101,2024-03-31,90,True,0.0,no_target_event_within_90d
ACC00101,2024-04-30,90,True,0.0,no_target_event_within_90d
ACC00101,2024-05-31,90,True,0.0,no_target_event_within_90d
ACC00101,2024-06-30,90,True,0.0,no_target_event_within_90d
ACC00101,2024-07-31,90,True,0.0,no_target_event_within_90d
ACC00101,2024-08-31,90,True,0.0,no_target_event_within_90d
ACC00101,2024-09-30,90,True,0.0,no_target_event_within_90d
ACC00101,2024-10-31,90,True,0.0,no_target_event_within_90d
ACC00101,2024-11-30,90,True,0.0,no_target_event_within_90d
ACC00101,2024-12-31,90,True,0.0,no_target_event_within_90d
ACC00101,2025-01-31,90,True,0.0,no_target_event_within_90d
ACC00101,2025-02-28,90,True,1.0,churned_voluntary
ACC00101,2025-03-31,90,True,1.0,churned_voluntary
ACC00101,2025-04-30,90,True,1.0,churned_voluntary
ACC00102,2024-01-31,90,True,0.0,no_target_event_within_90d
ACC00102,2024-02-29,90,True,0.0,no_target_event_within_90d
ACC00102,2024-03-31,90,True,0.0,no_target_event_within_90d
ACC00102,2024-04-30,90,True,0.0,no_target_event_within_90d
ACC00102,2024-05-31,90,True,0.0,no_target_event_within_90d
ACC00102,2024-06-30,90,True,0.0,no_target_event_within_90d
ACC00102,2024-07-31,90,True,0.0,no_target_event_within_90d
ACC00102,2024-08-31,90,True,0.0,no_target_event_within_90d
ACC00102,2024-09-30,90,True,1.0,renewed
ACC00102,2024-10-31,90,True,1.0,renewed
ACC00102,2024-11-30,90,True,1.0,renewed
ACC00103,2024-01-31,90,True,0.0,no_target_event_within_90d
ACC00103,2024-02-29,90,True,0.0,no_target_event_within_90d
ACC00103,2024-03-31,90,True,0.0,no_target_event_within_90d
ACC00103,2024-04-30,90,True,0.0,no_target_event_within_90d
ACC00103,2024-05-31,90,True,0.0,no_target_event_within_90d
ACC00103,2024-06-30,90,True,0.0,no_target_event_within_90d
ACC00103,2024-07-31,90,True,0.0,no_target_event_within_90d
ACC00103,2024-08-31,90,True,0.0,no_target_event_within_90d
ACC00103,2024-09-30,90,True,0.0,no_target_event_within_90d
ACC00103,2024-10-31,90,True,0.0,no_target_event_within_90d
ACC00103,2024-11-30,90,True,0.0,no_target_event_within_90d
ACC00103,2024-12-31,90,True,0.0,no_target_event_within_90d
ACC00103,2025-01-31,90,True,0.0,no_target_event_within_90d
ACC00103,2025-02-28,90,True,0.0,no_target_event_within_90d
ACC00103,2025-03-31,90,True,0.0,no_target_event_within_90d
ACC00103,2025-04-30,90,True,0.0,no_target_event_within_90d
ACC00103,2025-05-31,90,True,0.0,no_target_event_within_90d
ACC00103,2025-06-30,90,True,0.0,no_target_event_within_90d
ACC00103,2025-07-31,90,True,1.0,renewed
ACC00103,2025-08-31,90,True,1.0,renewed
ACC00103,2025-09-30,90,True,1.0,renewed
ACC00104,2024-01-31,90,True,0.0,no_target_event_within_90d
ACC00104,2024-02-29,90,True,0.0,no_target_event_within_90d
ACC00104,2024-03-31,90,True,0.0,no_target_event_within_90d
ACC00104,2024-04-30,90,True,0.0,no_target_event_within_90d
ACC00104,2024-05-31,90,True,0.0,no_target_event_within_90d
ACC00104,2024-06-30,90,True,0.0,no_target_event_within_90d
ACC00104,2024-07-31,90,True,0.0,no_target_event_within_90d
ACC00104,2024-08-31,90,True,1.0,renewed
ACC00104,2024-09-30,90,True,1.0,renewed
ACC00104,2024-10-31,90,True,1.0,renewed
ACC00105,2024-01-31,90,True,,censored
ACC00105,2024-02-29,90,True,,censored
ACC00105,2024-03-31,90,True,,censored
ACC00105,2024-04-30,90,True,,censored
ACC00105,2024-05-31,90,True,,censored
ACC00105,2024-06-30,90,True,,censored
ACC00105,2024-07-31,90,True,,censored
ACC00105,2024-08-31,90,True,,censored
ACC00105,2024-09-30,90,True,,censored
ACC00105,2024-10-31,90,True,,censored
ACC00105,2024-11-30,90,True,,censored
ACC00105,2024-12-31,90,True,,censored
ACC00105,2025-01-31,90,True,,censored
ACC00105,2025-02-28,90,True,,censored
ACC00105,2025-03-31,90,True,,censored
ACC00105,2025-04-30,90,True,,censored
ACC00105,2025-05-31,90,True,,censored
ACC00105,2025-06-30,90,True,,censored
ACC00105,2025-07-31,90,True,,censored
ACC00105,2025-08-31,90,True,,censored
ACC00105,2025-09-30,90,True,,censored
ACC00105,2025-10-31,90,True,,censored
ACC00105,2025-11-30,90,True,,censored
ACC00105,2025-12-31,90,True,,censored
ACC00106,2024-01-31,90,True,0.0,no_target_event_within_90d
ACC00106,2024-02-29,90,True,0.0,no_target_event_within_90d
ACC00106,2024-03-31,90,True,0.0,no_target_event_within_90d
ACC00106,2024-04-30,90,True,0.0,no_target_event_within_90d
ACC00106,2024-05-31,90,True,0.0,no_target_event_within_90d
ACC00106,2024-06-30,90,True,1.0,renewed
ACC00106,2024-07-31,90,True,1.0,renewed
ACC00106,2024-08-31,90,True,1.0,renewed
ACC00107,2024-01-31,90,True,0.0,no_target_event_within_90d
ACC00107,2024-02-29,90,True,0.0,no_target_event_within_90d
ACC00107,2024-03-31,90,True,0.0,no_target_event_within_90d
ACC00107,2024-04-30,90,True,1.0,renewed
ACC00107,2024-05-31,90,True,1.0,renewed
ACC00107,2024-06-30,90,True,1.0,renewed
ACC00108,2024-01-31,90,True,0.0,no_target_event_within_90d
ACC00108,2024-02-29,90,True,0.0,no_target_event_within_90d
ACC00108,2024-03-31,90,True,0.0,no_target_event_within_90d
ACC00108,2024-04-30,90,True,0.0,no_target_event_within_90d
ACC00108,2024-05-31,90,True,0.0,no_target_event_within_90d
ACC00108,2024-06-30,90,True,0.0,no_target_event_within_90d
ACC00108,2024-07-31,90,True,0.0,no_target_event_within_90d
ACC00108,2024-08-31,90,True,0.0,no_target_event_within_90d
ACC00108,2024-09-30,90,True,0.0,no_target_event_within_90d
ACC00108,2024-10-31,90,True,1.0,renewed
ACC00108,2024-11-30,90,True,1.0,renewed
ACC00108,2024-12-31,90,True,1.0,renewed
ACC00109,2024-01-31,90,True,0.0,no_target_event_within_90d
ACC00109,2024-02-29,90,True,0.0,no_target_event_within_90d
ACC00109,2024-03-31,90,True,0.0,no_target_event_within_90d
ACC00109,2024-04-30,90,True,0.0,no_target_event_within_90d
ACC00109,2024-05-31,90,True,0.0,no_target_event_within_90d
ACC00109,2024-06-30,90,True,0.0,no_target_event_within_90d
ACC00109,2024-07-31,90,True,0.0,no_target_event_within_90d
ACC00109,2024-08-31,90,True,0.0,no_target_event_within_90d
ACC00109,2024-09-30,90,True,0.0,no_target_event_within_90d
ACC00109,2024-10-31,90,True,1.0,renewed
ACC00109,2024-11-30,90,True,1.0,renewed
ACC00109,2024-12-31,90,True,1.0,renewed
ACC00110,2024-01-31,90,True,0.0,no_target_event_within_90d
ACC00110,2024-02-29,90,True,0.0,no_target_event_within_90d
ACC00110,2024-03-31,90,True,0.0,no_target_event_within_90d
ACC00110,2024-04-30,90,True,0.0,no_target_event_within_90d
ACC00110,2024-05-31,90,True,0.0,no_target_event_within_90d
ACC00110,2024-06-30,90,True,0.0,no_target_event_within_90d
ACC00110,2024-07-31,90,True,0.0,no_target_event_within_90d
ACC00110,2024-08-31,90,True,0.0,no_target_event_within_90d
ACC00110,2024-09-30,90,True,1.0,churned_voluntary
ACC00110,2024-10-31,90,True,1.0,churned_voluntary
ACC00110,2024-11-30,90,True,1.0,churned_voluntary
ACC00111,2024-01-31,90,True,0.0,no_target_event_within_90d
ACC00111,2024-02-29,90,True,0.0,no_target_event_within_90d
ACC00111,2024-03-31,90,True,0.0,no_target_event_within_90d
ACC00111,2024-04-30,90,True,0.0,no_target_event_within_90d
ACC00111,2024-05-31,90,True,0.0,no_target_event_within_90d
ACC00111,2024-06-30,90,True,0.0,no_target_event_within_90d
ACC00111,2024-07-31,90,True,0.0,no_target_event_within_90d
ACC00111,2024-08-31,90,True,1.0,renewed
ACC00111,2024-09-30,90,True,1.0,renewed
ACC00111,2024-10-31,90,True,1.0,renewed
ACC00112,2024-01-31,90,True,0.0,no_target_event_within_90d
ACC00112,2024-02-29,90,True,0.0,no_target_event_within_90d
ACC00112,2024-03-31,90,True,0.0,no_target_event_within_90d
ACC00112,2024-04-30,90,True,0.0,no_target_event_within_90d
ACC00112,2024-05-31,90,True,0.0,no_target_event_within_90d
ACC00112,2024-06-30,90,True,0.0,no_target_event_within_90d
ACC00112,2024-07-31,90,True,0.0,no_target_event_within_90d
ACC00112,2024-08-31,90,True,0.0,no_target_event_within_90d
ACC00112,2024-09-30,90,True,0.0,no_target_event_within_90d
ACC00112,2024-10-31,90,True,0.0,no_target_event_within_90d
ACC00112,2024-11-30,90,True,0.0,no_target_event_within_90d
ACC00112,2024-12-31,90,True,0.0,no_target_event_within_90d
ACC00112,2025-01-31,90,True,0.0,no_target_event_within_90d
ACC00112,2025-02-28,90,True,0.0,no_target_event_within_90d
ACC00112,2025-03-31,90,True,0.0,no_target_event_within_90d
ACC00112,2025-04-30,90,True,0.0,no_target_event_within_90d
ACC00112,2025-05-31,90,True,0.0,no_target_event_within_90d
ACC00112,2025-06-30,90,True,0.0,no_target_event_within_90d
ACC00112,2025-07-31,90,True,0.0,no_target_event_within_90d
ACC00112,2025-08-31,90,True,1.0,downgraded
ACC00112,2025-09-30,90,True,1.0,downgraded
ACC00112,2025-10-31,90,True,1.0,downgraded
ACC00113,2024-01-31,90,True,,censored
ACC00113,2024-02-29,90,True,,censored
ACC00113,2024-03-31,90,True,,censored
ACC00113,2024-04-30,90,True,,censored
ACC00113,2024-05-31,90,True,,censored
ACC00113,2024-06-30,90,True,,censored
ACC00113,2024-07-31,90,True,,censored
ACC00113,2024-08-31,90,True,,censored
ACC00113,2024-09-30,90,True,,censored
ACC00113,2024-10-31,90,True,,censored
ACC00113,2024-11-30,90,True,,censored
ACC00113,2024-12-31,90,True,,censored
ACC00113,2025-01-31,90,True,,censored
ACC00113,2025-02-28,90,True,,censored
ACC00113,2025-03-31,90,True,,censored
ACC00113,2025-04-30,90,True,,censored
ACC00113,2025-05-31,90,True,,censored
ACC00113,2025-06-30,90,True,,censored
ACC00113,2025-07-31,90,True,,censored
ACC00113,2025-08-31,90,True,,censored
ACC00113,2025-09-30,90,True,,censored
ACC00113,2025-10-31,90,True,,censored
ACC00113,2025-11-30,90,True,,censored
ACC00113,2025-12-31,90,True,,censored
ACC00114,2024-01-31,90,True,,censored
ACC00114,2024-02-29,90,True,,censored
ACC00114,2024-03-31,90,True,,censored
ACC00114,2024-04-30,90,True,,censored
ACC00114,2024-05-31,90,True,,censored
ACC00114,2024-06-30,90,True,,censored
ACC00114,2024-07-31,90,True,,censored
ACC00114,2024-08-31,90,True,,censored
ACC00114,2024-09-30,90,True,,censored
ACC00114,2024-10-31,90,True,,censored
ACC00114,2024-11-30,90,True,,censored
ACC00114,2024-12-31,90,True,,censored
ACC00114,2025-01-31,90,True,,censored
ACC00114,2025-02-28,90,True,,censored
ACC00114,2025-03-31,90,True,,censored
ACC00114,2025-04-30,90,True,,censored
ACC00114,2025-05-31,90,True,,censored
ACC00114,2025-06-30,90,True,,censored
ACC00114,2025-07-31,90,True,,censored
ACC00114,2025-08-31,90,True,,censored
ACC00114,2025-09-30,90,True,,censored
ACC00114,2025-10-31,90,True,,censored
ACC00114,2025-11-30,90,True,,censored
ACC00114,2025-12-31,90,True,,censored
ACC00115,2024-01-31,90,True,0.0,no_target_event_within_90d
ACC00115,2024-02-29,90,True,0.0,no_target_event_within_90d
ACC00115,2024-03-31,90,True,0.0,no_target_event_within_90d
ACC00115,2024-04-30,90,True,0.0,no_target_event_within_90d
ACC00115,2024-05-31,90,True,0.0,no_target_event_within_90d
ACC00115,2024-06-30,90,True,0.0,no_target_event_within_90d
ACC00115,2024-07-31,90,True,0.0,no_target_event_within_90d
ACC00115,2024-08-31,90,True,0.0,no_target_event_within_90d
ACC00115,2024-09-30,90,True,1.0,renewed
ACC00115,2024-10-31,90,True,1.0,renewed
ACC00115,2024-11-30,90,True,1.0,renewed
ACC00116,2024-01-31,90,True,,censored
ACC00116,2024-02-29,90,True,,censored
ACC00116,2024-03-31,90,True,,censored
ACC00116,2024-04-30,90,True,,censored
ACC00116,2024-05-31,90,True,,censored
ACC00116,2024-06-30,90,True,,censored
ACC00116,2024-07-31,90,True,,censored
ACC00116,2024-08-31,90,True,,censored
ACC00116,2024-09-30,90,True,,censored
ACC00116,2024-10-31,90,True,,censored
ACC00116,2024-11-30,90,True,,censored
ACC00116,2024-12-31,90,True,,censored
ACC00116,2025-01-31,90,True,,censored
ACC00116,2025-02-28,90,True,,censored
ACC00116,2025-03-31,90,True,,censored
ACC00116,2025-04-30,90,True,,censored
ACC00116,2025-05-31,90,True,,censored
ACC00116,2025-06-30,90,True,,censored
ACC00116,2025-07-31,90,True,,censored
ACC00116,2025-08-31,90,True,,censored
ACC00116,2025-09-30,90,True,,censored
ACC00116,2025-10-31,90,True,,censored
ACC00116,2025-11-30,90,True,,censored
ACC00116,2025-12-31,90,True,,censored
ACC00117,2024-01-31,90,True,,censored
ACC00117,2024-02-29,90,True,,censored
ACC00117,2024-03-31,90,True,,censored
ACC00117,2024-04-30,90,True,,censored
ACC00117,2024-05-31,90,True,,censored
ACC00117,2024-06-30,90,True,,censored
ACC00117,2024-07-31,90,True,,censored
ACC00117,2024-08-31,90,True,,censored
ACC00117,2024-09-30,90,True,,censored
ACC00117,2024-10-31,90,True,,censored
ACC00117,2024-11-30,90,True,,censored
ACC00117,2024-12-31,90,True,,censored
ACC00117,2025-01-31,90,True,,censored
ACC00117,2025-02-28,90,True,,censored
ACC00117,2025-03-31,90,True,,censored
ACC00117,2025-04-30,90,True,,censored
ACC00117,2025-05-31,90,True,,censored
ACC00117,2025-06-30,90,True,,censored
ACC00117,2025-07-31,90,True,,censored
ACC00117,2025-08-31,90,True,,censored
ACC00117,2025-09-30,90,True,,censored
ACC00117,2025-10-31,90,True,,censored
ACC00117,2025-11-30,90,True,,censored
ACC00117,2025-12-31,90,True,,censored
ACC00118,2024-01-31,90,True,0.0,no_target_event_within_90d
ACC00118,2024-02-29,90,True,0.0,no_target_event_within_90d
ACC00118,2024-03-31,90,True,0.0,no_target_event_within_90d
ACC00118,2024-04-30,90,True,0.0,no_target_event_within_90d
ACC00118,2024-05-31,90,True,1.0,renewed
ACC00118,2024-06-30,90,True,1.0,renewed
ACC00118,2024-07-31,90,True,1.0,renewed
ACC00119,2024-01-31,90,True,,censored
ACC00119,2024-02-29,90,True,,censored
ACC00119,2024-03-31,90,True,,censored
ACC00119,2024-04-30,90,True,,censored
ACC00119,2024-05-31,90,True,,censored
ACC00119,2024-06-30,90,True,,censored
ACC00119,2024-07-31,90,True,,censored
ACC00119,2024-08-31,90,True,,censored
ACC00119,2024-09-30,90,True,,censored
ACC00119,2024-10-31,90,True,,censored
ACC00119,2024-11-30,90,True,,censored
ACC00119,2024-12-31,90,True,,censored
ACC00119,2025-01-31,90,True,,censored
ACC00119,2025-02-28,90,True,,censored
ACC00119,2025-03-31,90,True,,censored
ACC00119,2025-04-30,90,True,,censored
ACC00119,2025-05-31,90,True,,censored
ACC00119,2025-06-30,90,True,,censored
ACC00119,2025-07-31,90,True,,censored
ACC00119,2025-08-31,90,True,,censored
ACC00119,2025-09-30,90,True,,censored
ACC00119,2025-10-31,90,True,,censored
ACC00119,2025-11-30,90,True,,censored
ACC00119,2025-12-31,90,True,,censored
ACC00120,2024-01-31,90,True,0.0,no_target_event_within_90d
ACC00120,2024-02-29,90,True,0.0,no_target_event_within_90d
ACC00120,2024-03-31,90,True,0.0,no_target_event_within_90d
ACC00120,2024-04-30,90,True,0.0,no_target_event_within_90d
ACC00120,2024-05-31,90,True,0.0,no_target_event_within_90d
ACC00120,2024-06-30,90,True,0.0,no_target_event_within_90d
ACC00120,2024-07-31,90,True,1.0,renewed
ACC00120,2024-08-31,90,True,1.0,renewed
ACC00120,2024-09-30,90,True,1.0,renewed
ACC00121,2024-01-31,90,True,,censored
ACC00121,2024-02-29,90,True,,censored
ACC00121,2024-03-31,90,True,,censored
ACC00121,2024-04-30,90,True,,censored
ACC00121,2024-05-31,90,True,,censored
ACC00121,2024-06-30,90,True,,censored
ACC00121,2024-07-31,90,True,,censored
ACC00121,2024-08-31,90,True,,censored
ACC00121,2024-09-30,90,True,,censored
ACC00121,2024-10-31,90,True,,censored
ACC00121,2024-11-30,90,True,,censored
ACC00121,2024-12-31,90,True,,censored
ACC00121,2025-01-31,90,True,,censored
ACC00121,2025-02-28,90,True,,censored
ACC00121,2025-03-31,90,True,,censored
ACC00121,2025-04-30,90,True,,censored
ACC00121,2025-05-31,90,True,,censored
ACC00121,2025-06-30,90,True,,censored
ACC00121,2025-07-31,90,True,,censored
ACC00121,2025-08-31,90,True,,censored
ACC00121,2025-09-30,90,True,,censored
ACC00121,2025-10-31,90,True,,censored
ACC00121,2025-11-30,90,True,,censored
ACC00121,2025-12-31,90,True,,censored
ACC00122,2024-01-31,90,True,,censored
ACC00122,2024-02-29,90,True,,censored
ACC00122,2024-03-31,90,True,,censored
ACC00122,2024-04-30,90,True,,censored
ACC00122,2024-05-31,90,True,,censored
ACC00122,2024-06-30,90,True,,censored
ACC00122,2024-07-31,90,True,,censored
ACC00122,2024-08-31,90,True,,censored
ACC00122,2024-09-30,90,True,,censored
ACC00122,2024-10-31,90,True,,censored
ACC00122,2024-11-30,90,True,,censored
ACC00122,2024-12-31,90,True,,censored
ACC00122,2025-01-31,90,True,,censored
ACC00122,2025-02-28,90,True,,censored
ACC00122,2025-03-31,90,True,,censored
ACC00122,2025-04-30,90,True,,censored
ACC00122,2025-05-31,90,True,,censored
ACC00122,2025-06-30,90,True,,censored
ACC00122,2025-07-31,90,True,,censored
ACC00122,2025-08-31,90,True,,censored
ACC00122,2025-09-30,90,True,,censored
ACC00122,2025-10-31,90,True,,censored
ACC00122,2025-11-30,90,True,,censored
ACC00122,2025-12-31,90,True,,censored
ACC00123,2024-01-31,90,True,0.0,no_target_event_within_90d
ACC00123,2024-02-29,90,True,0.0,no_target_event_within_90d
ACC00123,2024-03-31,90,True,0.0,no_target_event_within_90d
ACC00123,2024-04-30,90,True,0.0,no_target_event_within_90d
ACC00123,2024-05-31,90,True,0.0,no_target_event_within_90d
ACC00123,2024-06-30,90,True,0.0,no_target_event_within_90d
ACC00123,2024-07-31,90,True,0.0,no_target_event_within_90d
ACC00123,2024-08-31,90,True,0.0,no_target_event_within_90d
ACC00123,2024-09-30,90,True,0.0,no_target_event_within_90d
ACC00123,2024-10-31,90,True,0.0,no_target_event_within_90d
ACC00123,2024-11-30,90,True,0.0,no_target_event_within_90d
ACC00123,2024-12-31,90,True,0.0,no_target_event_within_90d
ACC00123,2025-01-31,90,True,0.0,no_target_event_within_90d
ACC00123,2025-02-28,90,True,0.0,no_target_event_within_90d
ACC00123,2025-03-31,90,True,0.0,no_target_event_within_90d
ACC00123,2025-04-30,90,True,0.0,no_target_event_within_90d
ACC00123,2025-05-31,90,True,0.0,no_target_event_within_90d
ACC00123,2025-06-30,90,True,0.0,no_target_event_within_90d
ACC00123,2025-07-31,90,True,0.0,no_target_event_within_90d
ACC00123,2025-08-31,90,True,0.0,no_target_event_within_90d
ACC00123,2025-09-30,90,True,1.0,renewed
ACC00123,2025-10-31,90,True,1.0,renewed
ACC00123,2025-11-30,90,True,1.0,renewed
ACC00124,2024-01-31,90,True,0.0,no_target_event_within_90d
ACC00124,2024-02-29,90,True,0.0,no_target_event_within_90d
ACC00124,2024-03-31,90,True,0.0,no_target_event_within_90d
ACC00124,2024-04-30,90,True,0.0,no_target_event_within_90d
ACC00124,2024-05-31,90,True,0.0,no_target_event_within_90d
ACC00124,2024-06-30,90,True,0.0,no_target_event_within_90d
ACC00124,2024-07-31,90,True,0.0,no_target_event_within_90d
ACC00124,2024-08-31,90,True,0.0,no_target_event_within_90d
ACC00124,2024-09-30,90,True,0.0,no_target_event_within_90d
ACC00124,2024-10-31,90,True,0.0,no_target_event_within_90d
ACC00124,2024-11-30,90,True,0.0,no_target_event_within_90d
ACC00124,2024-12-31,90,True,0.0,no_target_event_within_90d
ACC00124,2025-01-31,90,True,0.0,no_target_event_within_90d
ACC00124,2025-02-28,90,True,0.0,no_target_event_within_90d
ACC00124,2025-03-31,90,True,0.0,no_target_event_within_90d
ACC00124,2025-04-30,90,True,0.0,no_target_event_within_90d
ACC00124,2025-05-31,90,True,0.0,no_target_event_within_90d
ACC00124,2025-06-30,90,True,1.0,churned_nonpayment
ACC00124,2025-07-31,90,True,1.0,churned_nonpayment
ACC00124,2025-08-31,90,True,1.0,churned_nonpayment
ACC00125,2024-01-31,90,True,0.0,no_target_event_within_90d
ACC00125,2024-02-29,90,True,0.0,no_target_event_within_90d
ACC00125,2024-03-31,90,True,0.0,no_target_event_within_90d
ACC00125,2024-04-30,90,True,0.0,no_target_event_within_90d
ACC00125,2024-05-31,90,True,0.0,no_target_event_within_90d
ACC00125,2024-06-30,90,True,0.0,no_target_event_within_90d
ACC00125,2024-07-31,90,True,0.0,no_target_event_within_90d
ACC00125,2024-08-31,90,True,0.0,no_target_event_within_90d
ACC00125,2024-09-30,90,True,0.0,no_target_event_within_90d
ACC00125,2024-10-31,90,True,0.0,no_target_event_within_90d
ACC00125,2024-11-30,90,True,0.0,no_target_event_within_90d
ACC00125,2024-12-31,90,True,0.0,no_target_event_within_90d
ACC00125,2025-01-31,90,True,0.0,no_target_event_within_90d
ACC00125,2025-02-28,90,True,0.0,no_target_event_within_90d
ACC00125,2025-03-31,90,True,0.0,no_target_event_within_90d
ACC00125,2025-04-30,90,True,0.0,no_target_event_within_90d
ACC00125,2025-05-31,90,True,0.0,no_target_event_within_90d
ACC00125,2025-06-30,90,True,0.0,no_target_event_within_90d
ACC00125,2025-07-31,90,True,1.0,renewed
ACC00125,2025-08-31,90,True,1.0,renewed
ACC00125,2025-09-30,90,True,1.0,renewed
ACC00126,2024-01-31,90,True,0.0,no_target_event_within_90d
ACC00126,2024-02-29,90,True,0.0,no_target_event_within_90d
ACC00126,2024-03-31,90,True,0.0,no_target_event_within_90d
ACC00126,2024-04-30,90,True,0.0,no_target_event_within_90d
ACC00126,2024-05-31,90,True,1.0,renewed
ACC00126,2024-06-30,90,True,1.0,renewed
ACC00126,2024-07-31,90,True,1.0,renewed
ACC00127,2024-01-31,90,True,,censored
ACC00127,2024-02-29,90,True,,censored
ACC00127,2024-03-31,90,True,,censored
ACC00127,2024-04-30,90,True,,censored
ACC00127,2024-05-31,90,True,,censored
ACC00127,2024-06-30,90,True,,censored
ACC00127,2024-07-31,90,True,,censored
ACC00127,2024-08-31,90,True,,censored
ACC00127,2024-09-30,90,True,,censored
ACC00127,2024-10-31,90,True,,censored
ACC00127,2024-11-30,90,True,,censored
ACC00127,2024-12-31,90,True,,censored
ACC00127,2025-01-31,90,True,,censored
ACC00127,2025-02-28,90,True,,censored
ACC00127,2025-03-31,90,True,,censored
ACC00127,2025-04-30,90,True,,censored
ACC00127,2025-05-31,90,True,,censored
ACC00127,2025-06-30,90,True,,censored
ACC00127,2025-07-31,90,True,,censored
ACC00127,2025-08-31,90,True,,censored
ACC00127,2025-09-30,90,True,,censored
ACC00127,2025-10-31,90,True,,censored
ACC00127,2025-11-30,90,True,,censored
ACC00127,2025-12-31,90,True,,censored
ACC00128,2024-01-31,90,True,,censored
ACC00128,2024-02-29,90,True,,censored
ACC00128,2024-03-31,90,True,,censored
ACC00128,2024-04-30,90,True,,censored
ACC00128,2024-05-31,90,True,,censored
ACC00128,2024-06-30,90,True,,censored
ACC00128,2024-07-31,90,True,,censored
ACC00128,2024-08-31,90,True,,censored
ACC00128,2024-09-30,90,True,,censored
ACC00128,2024-10-31,90,True,,censored
ACC00128,2024-11-30,90,True,,censored
ACC00128,2024-12-31,90,True,,censored
ACC00128,2025-01-31,90,True,,censored
ACC00128,2025-02-28,90,True,,censored
ACC00128,2025-03-31,90,True,,censored
ACC00128,2025-04-30,90,True,,censored
ACC00128,2025-05-31,90,True,,censored
ACC00128,2025-06-30,90,True,,censored
ACC00128,2025-07-31,90,True,,censored
ACC00128,2025-08-31,90,True,,censored
ACC00128,2025-09-30,90,True,,censored
ACC00128,2025-10-31,90,True,,censored
ACC00128,2025-11-30,90,True,,censored
ACC00128,2025-12-31,90,True,,censored
ACC00129,2024-01-31,90,True,0.0,no_target_event_within_90d
ACC00129,2024-02-29,90,True,0.0,no_target_event_within_90d
ACC00129,2024-03-31,90,True,0.0,no_target_event_within_90d
ACC00129,2024-04-30,90,True,0.0,no_target_event_within_90d
ACC00129,2024-05-31,90,True,0.0,no_target_event_within_90d
ACC00129,2024-06-30,90,True,0.0,no_target_event_within_90d
ACC00129,2024-07-31,90,True,0.0,no_target_event_within_90d
ACC00129,2024-08-31,90,True,0.0,no_target_event_within_90d
ACC00129,2024-09-30,90,True,0.0,no_target_event_within_90d
ACC00129,2024-10-31,90,True,0.0,no_target_event_within_90d
ACC00129,2024-11-30,90,True,1.0,churned_voluntary
ACC00129,2024-12-31,90,True,1.0,churned_voluntary
ACC00129,2025-01-31,90,True,1.0,churned_voluntary
ACC00130,2024-01-31,90,True,0.0,no_target_event_within_90d
ACC00130,2024-02-29,90,True,0.0,no_target_event_within_90d
ACC00130,2024-03-31,90,True,0.0,no_target_event_within_90d
ACC00130,2024-04-30,90,True,0.0,no_target_event_within_90d
ACC00130,2024-05-31,90,True,0.0,no_target_event_within_90d
ACC00130,2024-06-30,90,True,0.0,no_target_event_within_90d
ACC00130,2024-07-31,90,True,0.0,no_target_event_within_90d
ACC00130,2024-08-31,90,True,0.0,no_target_event_within_90d
ACC00130,2024-09-30,90,True,0.0,no_target_event_within_90d
ACC00130,2024-10-31,90,True,0.0,no_target_event_within_90d
ACC00130,2024-11-30,90,True,0.0,no_target_event_within_90d
ACC00130,2024-12-31,90,True,0.0,no_target_event_within_90d
ACC00130,2025-01-31,90,True,0.0,no_target_event_within_90d
ACC00130,2025-02-28,90,True,0.0,no_target_event_within_90d
ACC00130,2025-03-31,90,True,0.0,no_target_event_within_90d
ACC00130,2025-04-30,90,True,0.0,no_target_event_within_90d
ACC00130,2025-05-31,90,True,0.0,no_target_event_within_90d
ACC00130,2025-06-30,90,True,0.0,no_target_event_within_90d
ACC00130,2025-07-31,90,True,0.0,no_target_event_within_90d
ACC00130,2025-08-31,90,True,0.0,no_target_event_within_90d
ACC00130,2025-09-30,90,True,0.0,no_target_event_within_90d
ACC00130,2025-10-31,90,True,1.0,renewed
ACC00130,2025-11-30,90,True,1.0,renewed
ACC00131,2024-01-31,90,True,0.0,no_target_event_within_90d
ACC00131,2024-02-29,90,True,0.0,no_target_event_within_90d
ACC00131,2024-03-31,90,True,0.0,no_target_event_within_90d
ACC00131,2024-04-30,90,True,0.0,no_target_event_within_90d
ACC00131,2024-05-31,90,True,0.0,no_target_event_within_90d
ACC00131,2024-06-30,90,True,0.0,no_target_event_within_90d
ACC00131,2024-07-31,90,True,1.0,renewed
ACC00131,2024-08-31,90,True,1.0,renewed
ACC00131,2024-09-30,90,True,1.0,renewed
ACC00132,2024-01-31,90,True,0.0,no_target_event_within_90d
ACC00132,2024-02-29,90,True,0.0,no_target_event_within_90d
ACC00132,2024-03-31,90,True,0.0,no_target_event_within_90d
ACC00132,2024-04-30,90,True,0.0,no_target_event_within_90d
ACC00132,2024-05-31,90,True,0.0,no_target_event_within_90d
ACC00132,2024-06-30,90,True,0.0,no_target_event_within_90d
ACC00132,2024-07-31,90,True,0.0,no_target_event_within_90d
ACC00132,2024-08-31,90,True,0.0,no_target_event_within_90d
ACC00132,2024-09-30,90,True,0.0,no_target_event_within_90d
ACC00132,2024-10-31,90,True,0.0,no_target_event_within_90d
ACC00132,2024-11-30,90,True,0.0,no_target_event_within_90d
ACC00132,2024-12-31,90,True,0.0,no_target_event_within_90d
ACC00132,2025-01-31,90,True,0.0,no_target_event_within_90d
ACC00132,2025-02-28,90,True,0.0,no_target_event_within_90d
ACC00132,2025-03-31,90,True,0.0,no_target_event_within_90d
ACC00132,2025-04-30,90,True,1.0,renewed
ACC00132,2025-05-31,90,True,1.0,renewed
ACC00132,2025-06-30,90,True,1.0,renewed
ACC00133,2024-01-31,90,True,0.0,no_target_event_within_90d
ACC00133,2024-02-29,90,True,0.0,no_target_event_within_90d
ACC00133,2024-03-31,90,True,0.0,no_target_event_within_90d
ACC00133,2024-04-30,90,True,0.0,no_target_event_within_90d
ACC00133,2024-05-31,90,True,0.0,no_target_event_within_90d
ACC00133,2024-06-30,90,True,0.0,no_target_event_within_90d
ACC00133,2024-07-31,90,True,0.0,no_target_event_within_90d
ACC00133,2024-08-31,90,True,0.0,no_target_event_within_90d
ACC00133,2024-09-30,90,True,1.0,churned_nonpayment
ACC00133,2024-10-31,90,True,1.0,churned_nonpayment
ACC00133,2024-11-30,90,True,1.0,churned_nonpayment
ACC00134,2024-01-31,90,True,0.0,no_target_event_within_90d
ACC00134,2024-02-29,90,True,0.0,no_target_event_within_90d
ACC00134,2024-03-31,90,True,0.0,no_target_event_within_90d
ACC00134,2024-04-30,90,True,0.0,no_target_event_within_90d
ACC00134,2024-05-31,90,True,0.0,no_target_event_within_90d
ACC00134,2024-06-30,90,True,0.0,no_target_event_within_90d
ACC00134,2024-07-31,90,True,0.0,no_target_event_within_90d
ACC00134,2024-08-31,90,True,0.0,no_target_event_within_90d
ACC00134,2024-09-30,90,True,0.0,no_target_event_within_90d
ACC00134,2024-10-31,90,True,0.0,no_target_event_within_90d
ACC00134,2024-11-30,90,True,0.0,no_target_event_within_90d
ACC00134,2024-12-31,90,True,0.0,no_target_event_within_90d
ACC00134,2025-01-31,90,True,0.0,no_target_event_within_90d
ACC00134,2025-02-28,90,True,0.0,no_target_event_within_90d
ACC00134,2025-03-31,90,True,0.0,no_target_event_within_90d
ACC00134,2025-04-30,90,True,0.0,no_target_event_within_90d
ACC00134,2025-05-31,90,True,1.0,renewed
ACC00134,2025-06-30,90,True,1.0,renewed
ACC00134,2025-07-31,90,True,1.0,renewed
ACC00135,2024-01-31,90,True,,censored
ACC00135,2024-02-29,90,True,,censored
ACC00135,2024-03-31,90,True,,censored
ACC00135,2024-04-30,90,True,,censored
ACC00135,2024-05-31,90,True,,censored
ACC00135,2024-06-30,90,True,,censored
ACC00135,2024-07-31,90,True,,censored
ACC00135,2024-08-31,90,True,,censored
ACC00135,2024-09-30,90,True,,censored
ACC00135,2024-10-31,90,True,,censored
ACC00135,2024-11-30,90,True,,censored
ACC00135,2024-12-31,90,True,,censored
ACC00135,2025-01-31,90,True,,censored
ACC00135,2025-02-28,90,True,,censored
ACC00135,2025-03-31,90,True,,censored
ACC00135,2025-04-30,90,True,,censored
ACC00135,2025-05-31,90,True,,censored
ACC00135,2025-06-30,90,True,,censored
ACC00135,2025-07-31,90,True,,censored
ACC00135,2025-08-31,90,True,,censored
ACC00135,2025-09-30,90,True,,censored
ACC00135,2025-10-31,90,True,,censored
ACC00135,2025-11-30,90,True,,censored
ACC00135,2025-12-31,90,True,,censored
ACC00136,2024-01-31,90,True,0.0,no_target_event_within_90d
ACC00136,2024-02-29,90,True,0.0,no_target_event_within_90d
ACC00136,2024-03-31,90,True,0.0,no_target_event_within_90d
ACC00136,2024-04-30,90,True,0.0,no_target_event_within_90d
ACC00136,2024-05-31,90,True,0.0,no_target_event_within_90d
ACC00136,2024-06-30,90,True,0.0,no_target_event_within_90d
ACC00136,2024-07-31,90,True,0.0,no_target_event_within_90d
ACC00136,2024-08-31,90,True,0.0,no_target_event_within_90d
ACC00136,2024-09-30,90,True,0.0,no_target_event_within_90d
ACC00136,2024-10-31,90,True,0.0,no_target_event_within_90d
ACC00136,2024-11-30,90,True,0.0,no_target_event_within_90d
ACC00136,2024-12-31,90,True,0.0,no_target_event_within_90d
ACC00136,2025-01-31,90,True,0.0,no_target_event_within_90d
ACC00136,2025-02-28,90,True,0.0,no_target_event_within_90d
ACC00136,2025-03-31,90,True,0.0,no_target_event_within_90d
ACC00136,2025-04-30,90,True,0.0,no_target_event_within_90d
ACC00136,2025-05-31,90,True,0.0,no_target_event_within_90d
ACC00136,2025-06-30,90,True,1.0,renewed
ACC00136,2025-07-31,90,True,1.0,renewed
ACC00136,2025-08-31,90,True,1.0,renewed
ACC00137,2024-01-31,90,True,0.0,no_target_event_within_90d
ACC00137,2024-02-29,90,True,0.0,no_target_event_within_90d
ACC00137,2024-03-31,90,True,0.0,no_target_event_within_90d
ACC00137,2024-04-30,90,True,0.0,no_target_event_within_90d
ACC00137,2024-05-31,90,True,0.0,no_target_event_within_90d
ACC00137,2024-06-30,90,True,0.0,no_target_event_within_90d
ACC00137,2024-07-31,90,True,0.0,no_target_event_within_90d
ACC00137,2024-08-31,90,True,0.0,no_target_event_within_90d
ACC00137,2024-09-30,90,True,0.0,no_target_event_within_90d
ACC00137,2024-10-31,90,True,0.0,no_target_event_within_90d
ACC00137,2024-11-30,90,True,0.0,no_target_event_within_90d
ACC00137,2024-12-31,90,True,0.0,no_target_event_within_90d
ACC00137,2025-01-31,90,True,0.0,no_target_event_within_90d
ACC00137,2025-02-28,90,True,0.0,no_target_event_within_90d
ACC00137,2025-03-31,90,True,0.0,no_target_event_within_90d
ACC00137,2025-04-30,90,True,1.0,renewed
ACC00137,2025-05-31,90,True,1.0,renewed
ACC00137,2025-06-30,90,True,1.0,renewed
ACC00138,2024-01-31,90,True,0.0,no_target_event_within_90d
ACC00138,2024-02-29,90,True,0.0,no_target_event_within_90d
ACC00138,2024-03-31,90,True,0.0,no_target_event_within_90d
ACC00138,2024-04-30,90,True,0.0,no_target_event_within_90d
ACC00138,2024-05-31,90,True,0.0,no_target_event_within_90d
ACC00138,2024-06-30,90,True,0.0,no_target_event_within_90d
ACC00138,2024-07-31,90,True,1.0,renewed
ACC00138,2024-08-31,90,True,1.0,renewed
ACC00138,2024-09-30,90,True,1.0,renewed
ACC00139,2024-01-31,90,True,0.0,no_target_event_within_90d
ACC00139,2024-02-29,90,True,0.0,no_target_event_within_90d
ACC00139,2024-03-31,90,True,0.0,no_target_event_within_90d
ACC00139,2024-04-30,90,True,0.0,no_target_event_within_90d
ACC00139,2024-05-31,90,True,0.0,no_target_event_within_90d
ACC00139,2024-06-30,90,True,0.0,no_target_event_within_90d
ACC00139,2024-07-31,90,True,0.0,no_target_event_within_90d
ACC00139,2024-08-31,90,True,0.0,no_target_event_within_90d
ACC00139,2024-09-30,90,True,0.0,no_target_event_within_90d
ACC00139,2024-10-31,90,True,0.0,no_target_event_within_90d
ACC00139,2024-11-30,90,True,0.0,no_target_event_within_90d
ACC00139,2024-12-31,90,True,0.0,no_target_event_within_90d
ACC00139,2025-01-31,90,True,0.0,no_target_event_within_90d
ACC00139,2025-02-28,90,True,0.0,no_target_event_within_90d
ACC00139,2025-03-31,90,True,0.0,no_target_event_within_90d
ACC00139,2025-04-30,90,True,0.0,no_target_event_within_90d
ACC00139,2025-05-31,90,True,0.0,no_target_event_within_90d
ACC00139,2025-06-30,90,True,0.0,no_target_event_within_90d
ACC00139,2025-07-31,90,True,0.0,no_target_event_within_90d
ACC00139,2025-08-31,90,True,1.0,renewed
ACC00139,2025-09-30,90,True,1.0,renewed
ACC00139,2025-10-31,90,True,1.0,renewed
ACC00140,2024-01-31,90,True,,censored
ACC00140,2024-02-29,90,True,,censored
ACC00140,2024-03-31,90,True,,censored
ACC00140,2024-04-30,90,True,,censored
ACC00140,2024-05-31,90,True,,censored
ACC00140,2024-06-30,90,True,,censored
ACC00140,2024-07-31,90,True,,censored
ACC00140,2024-08-31,90,True,,censored
ACC00140,2024-09-30,90,True,,censored
ACC00140,2024-10-31,90,True,,censored
ACC00140,2024-11-30,90,True,,censored
ACC00140,2024-12-31,90,True,,censored
ACC00140,2025-01-31,90,True,,censored
ACC00140,2025-02-28,90,True,,censored
ACC00140,2025-03-31,90,True,,censored
ACC00140,2025-04-30,90,True,,censored
ACC00140,2025-05-31,90,True,,censored
ACC00140,2025-06-30,90,True,,censored
ACC00140,2025-07-31,90,True,,censored
ACC00140,2025-08-31,90,True,,censored
ACC00140,2025-09-30,90,True,,censored
ACC00140,2025-10-31,90,True,,censored
ACC00140,2025-11-30,90,True,,censored
ACC00140,2025-12-31,90,True,,censored
ACC00141,2024-01-31,90,True,,censored
ACC00141,2024-02-29,90,True,,censored
ACC00141,2024-03-31,90,True,,censored
ACC00141,2024-04-30,90,True,,censored
ACC00141,2024-05-31,90,True,,censored
ACC00141,2024-06-30,90,True,,censored
ACC00141,2024-07-31,90,True,,censored
ACC00141,2024-08-31,90,True,,censored
ACC00141,2024-09-30,90,True,,censored
ACC00141,2024-10-31,90,True,,censored
ACC00141,2024-11-30,90,True,,censored
ACC00141,2024-12-31,90,True,,censored
ACC00141,2025-01-31,90,True,,censored
ACC00141,2025-02-28,90,True,,censored
ACC00141,2025-03-31,90,True,,censored
ACC00141,2025-04-30,90,True,,censored
ACC00141,2025-05-31,90,True,,censored
ACC00141,2025-06-30,90,True,,censored
ACC00141,2025-07-31,90,True,,censored
ACC00141,2025-08-31,90,True,,censored
ACC00141,2025-09-30,90,True,,censored
ACC00141,2025-10-31,90,True,,censored
ACC00141,2025-11-30,90,True,,censored
ACC00141,2025-12-31,90,True,,censored
ACC00142,2024-01-31,90,True,0.0,no_target_event_within_90d
ACC00142,2024-02-29,90,True,0.0,no_target_event_within_90d
ACC00142,2024-03-31,90,True,0.0,no_target_event_within_90d
ACC00142,2024-04-30,90,True,0.0,no_target_event_within_90d
ACC00142,2024-05-31,90,True,0.0,no_target_event_within_90d
ACC00142,2024-06-30,90,True,0.0,no_target_event_within_90d
ACC00142,2024-07-31,90,True,0.0,no_target_event_within_90d
ACC00142,2024-08-31,90,True,0.0,no_target_event_within_90d
ACC00142,2024-09-30,90,True,0.0,no_target_event_within_90d
ACC00142,2024-10-31,90,True,0.0,no_target_event_within_90d
ACC00142,2024-11-30,90,True,0.0,no_target_event_within_90d
ACC00142,2024-12-31,90,True,0.0,no_target_event_within_90d
ACC00142,2025-01-31,90,True,0.0,no_target_event_within_90d
ACC00142,2025-02-28,90,True,0.0,no_target_event_within_90d
ACC00142,2025-03-31,90,True,0.0,no_target_event_within_90d
ACC00142,2025-04-30,90,True,0.0,no_target_event_within_90d
ACC00142,2025-05-31,90,True,0.0,no_target_event_within_90d
ACC00142,2025-06-30,90,True,0.0,no_target_event_within_90d
ACC00142,2025-07-31,90,True,0.0,no_target_event_within_90d
ACC00142,2025-08-31,90,True,0.0,no_target_event_within_90d
ACC00142,2025-09-30,90,True,0.0,no_target_event_within_90d
ACC00142,2025-10-31,90,True,1.0,renewed
ACC00142,2025-11-30,90,True,1.0,renewed
ACC00143,2024-01-31,90,True,0.0,no_target_event_within_90d
ACC00143,2024-02-29,90,True,0.0,no_target_event_within_90d
ACC00143,2024-03-31,90,True,0.0,no_target_event_within_90d
ACC00143,2024-04-30,90,True,0.0,no_target_event_within_90d
ACC00143,2024-05-31,90,True,0.0,no_target_event_within_90d
ACC00143,2024-06-30,90,True,0.0,no_target_event_within_90d
ACC00143,2024-07-31,90,True,0.0,no_target_event_within_90d
ACC00143,2024-08-31,90,True,0.0,no_target_event_within_90d
ACC00143,2024-09-30,90,True,0.0,no_target_event_within_90d
ACC00143,2024-10-31,90,True,0.0,no_target_event_within_90d
ACC00143,2024-11-30,90,True,0.0,no_target_event_within_90d
ACC00143,2024-12-31,90,True,0.0,no_target_event_within_90d
ACC00143,2025-01-31,90,True,0.0,no_target_event_within_90d
ACC00143,2025-02-28,90,True,0.0,no_target_event_within_90d
ACC00143,2025-03-31,90,True,0.0,no_target_event_within_90d
ACC00143,2025-04-30,90,True,0.0,no_target_event_within_90d
ACC00143,2025-05-31,90,True,0.0,no_target_event_within_90d
ACC00143,2025-06-30,90,True,0.0,no_target_event_within_90d
ACC00143,2025-07-31,90,True,0.0,no_target_event_within_90d
ACC00143,2025-08-31,90,True,0.0,no_target_event_within_90d
ACC00143,2025-09-30,90,True,0.0,no_target_event_within_90d
ACC00143,2025-10-31,90,True,1.0,renewed
ACC00143,2025-11-30,90,True,1.0,renewed
ACC00143,2025-12-31,90,True,1.0,renewed
ACC00144,2024-01-31,90,True,0.0,no_target_event_within_90d
ACC00144,2024-02-29,90,True,0.0,no_target_event_within_90d
ACC00144,2024-03-31,90,True,0.0,no_target_event_within_90d
ACC00144,2024-04-30,90,True,0.0,no_target_event_within_90d
ACC00144,2024-05-31,90,True,0.0,no_target_event_within_90d
ACC00144,2024-06-30,90,True,0.0,no_target_event_within_90d
ACC00144,2024-07-31,90,True,0.0,no_target_event_within_90d
ACC00144,2024-08-31,90,True,0.0,no_target_event_within_90d
ACC00144,2024-09-30,90,True,0.0,no_target_event_within_90d
ACC00144,2024-10-31,90,True,0.0,no_target_event_within_90d
ACC00144,2024-11-30,90,True,0.0,no_target_event_within_90d
ACC00144,2024-12-31,90,True,0.0,no_target_event_within_90d
ACC00144,2025-01-31,90,True,0.0,no_target_event_within_90d
ACC00144,2025-02-28,90,True,0.0,no_target_event_within_90d
ACC00144,2025-03-31,90,True,0.0,no_target_event_within_90d
ACC00144,2025-04-30,90,True,0.0,no_target_event_within_90d
ACC00144,2025-05-31,90,True,0.0,no_target_event_within_90d
ACC00144,2025-06-30,90,True,0.0,no_target_event_within_90d
ACC00144,2025-07-31,90,True,1.0,renewed
ACC00144,2025-08-31,90,True,1.0,renewed
ACC00144,2025-09-30,90,True,1.0,renewed
ACC00145,2024-01-31,90,True,0.0,no_target_event_within_90d
ACC00145,2024-02-29,90,True,0.0,no_target_event_within_90d
ACC00145,2024-03-31,90,True,0.0,no_target_event_within_90d
ACC00145,2024-04-30,90,True,0.0,no_target_event_within_90d
ACC00145,2024-05-31,90,True,0.0,no_target_event_within_90d
ACC00145,2024-06-30,90,True,0.0,no_target_event_within_90d
ACC00145,2024-07-31,90,True,0.0,no_target_event_within_90d
ACC00145,2024-08-31,90,True,0.0,no_target_event_within_90d
ACC00145,2024-09-30,90,True,1.0,renewed
ACC00145,2024-10-31,90,True,1.0,renewed
ACC00145,2024-11-30,90,True,1.0,renewed
ACC00146,2024-01-31,90,True,0.0,no_target_event_within_90d
ACC00146,2024-02-29,90,True,0.0,no_target_event_within_90d
ACC00146,2024-03-31,90,True,0.0,no_target_event_within_90d
ACC00146,2024-04-30,90,True,0.0,no_target_event_within_90d
ACC00146,2024-05-31,90,True,0.0,no_target_event_within_90d
ACC00146,2024-06-30,90,True,0.0,no_target_event_within_90d
ACC00146,2024-07-31,90,True,0.0,no_target_event_within_90d
ACC00146,2024-08-31,90,True,0.0,no_target_event_within_90d
ACC00146,2024-09-30,90,True,0.0,no_target_event_within_90d
ACC00146,2024-10-31,90,True,0.0,no_target_event_within_90d
ACC00146,2024-11-30,90,True,0.0,no_target_event_within_90d
ACC00146,2024-12-31,90,True,0.0,no_target_event_within_90d
ACC00146,2025-01-31,90,True,0.0,no_target_event_within_90d
ACC00146,2025-02-28,90,True,0.0,no_target_event_within_90d
ACC00146,2025-03-31,90,True,0.0,no_target_event_within_90d
ACC00146,2025-04-30,90,True,0.0,no_target_event_within_90d
ACC00146,2025-05-31,90,True,0.0,no_target_event_within_90d
ACC00146,2025-06-30,90,True,0.0,no_target_event_within_90d
ACC00146,2025-07-31,90,True,0.0,no_target_event_within_90d
ACC00146,2025-08-31,90,True,1.0,churned_voluntary
ACC00146,2025-09-30,90,True,1.0,churned_voluntary
ACC00147,2024-01-31,90,True,0.0,no_target_event_within_90d
ACC00147,2024-02-29,90,True,0.0,no_target_event_within_90d
ACC00147,2024-03-31,90,True,0.0,no_target_event_within_90d
ACC00147,2024-04-30,90,True,0.0,no_target_event_within_90d
ACC00147,2024-05-31,90,True,0.0,no_target_event_within_90d
ACC00147,2024-06-30,90,True,0.0,no_target_event_within_90d
ACC00147,2024-07-31,90,True,0.0,no_target_event_within_90d
ACC00147,2024-08-31,90,True,0.0,no_target_event_within_90d
ACC00147,2024-09-30,90,True,0.0,no_target_event_within_90d
ACC00147,2024-10-31,90,True,0.0,no_target_event_within_90d
ACC00147,2024-11-30,90,True,0.0,no_target_event_within_90d
ACC00147,2024-12-31,90,True,0.0,no_target_event_within_90d
ACC00147,2025-01-31,90,True,0.0,no_target_event_within_90d
ACC00147,2025-02-28,90,True,0.0,no_target_event_within_90d
ACC00147,2025-03-31,90,True,0.0,no_target_event_within_90d
ACC00147,2025-04-30,90,True,0.0,no_target_event_within_90d
ACC00147,2025-05-31,90,True,1.0,renewed
ACC00147,2025-06-30,90,True,1.0,renewed
ACC00147,2025-07-31,90,True,1.0,renewed
ACC00148,2024-01-31,90,True,0.0,no_target_event_within_90d
ACC00148,2024-02-29,90,True,0.0,no_target_event_within_90d
ACC00148,2024-03-31,90,True,0.0,no_target_event_within_90d
ACC00148,2024-04-30,90,True,0.0,no_target_event_within_90d
ACC00148,2024-05-31,90,True,0.0,no_target_event_within_90d
ACC00148,2024-06-30,90,True,0.0,no_target_event_within_90d
ACC00148,2024-07-31,90,True,0.0,no_target_event_within_90d
ACC00148,2024-08-31,90,True,0.0,no_target_event_within_90d
ACC00148,2024-09-30,90,True,0.0,no_target_event_within_90d
ACC00148,2024-10-31,90,True,0.0,no_target_event_within_90d
ACC00148,2024-11-30,90,True,0.0,no_target_event_within_90d
ACC00148,2024-12-31,90,True,0.0,no_target_event_within_90d
ACC00148,2025-01-31,90,True,0.0,no_target_event_within_90d
ACC00148,2025-02-28,90,True,0.0,no_target_event_within_90d
ACC00148,2025-03-31,90,True,0.0,no_target_event_within_90d
ACC00148,2025-04-30,90,True,0.0,no_target_event_within_90d
ACC00148,2025-05-31,90,True,0.0,no_target_event_within_90d
ACC00148,2025-06-30,90,True,0.0,no_target_event_within_90d
ACC00148,2025-07-31,90,True,0.0,no_target_event_within_90d
ACC00148,2025-08-31,90,True,0.0,no_target_event_within_90d
ACC00148,2025-09-30,90,True,0.0,no_target_event_within_90d
ACC00148,2025-10-31,90,True,1.0,renewed
ACC00148,2025-11-30,90,True,1.0,renewed
ACC00148,2025-12-31,90,True,1.0,renewed
ACC00149,2024-01-31,90,True,0.0,no_target_event_within_90d
ACC00149,2024-02-29,90,True,0.0,no_target_event_within_90d
ACC00149,2024-03-31,90,True,0.0,no_target_event_within_90d
ACC00149,2024-04-30,90,True,0.0,no_target_event_within_90d
ACC00149,2024-05-31,90,True,0.0,no_target_event_within_90d
ACC00149,2024-06-30,90,True,0.0,no_target_event_within_90d
ACC00149,2024-07-31,90,True,0.0,no_target_event_within_90d
ACC00149,2024-08-31,90,True,0.0,no_target_event_within_90d
ACC00149,2024-09-30,90,True,0.0,no_target_event_within_90d
ACC00149,2024-10-31,90,True,0.0,no_target_event_within_90d
ACC00149,2024-11-30,90,True,1.0,churned_voluntary
ACC00149,2024-12-31,90,True,1.0,churned_voluntary
ACC00149,2025-01-31,90,True,1.0,churned_voluntary
ACC00150,2024-01-31,90,True,0.0,no_target_event_within_90d
ACC00150,2024-02-29,90,True,0.0,no_target_event_within_90d
ACC00150,2024-03-31,90,True,0.0,no_target_event_within_90d
ACC00150,2024-04-30,90,True,0.0,no_target_event_within_90d
ACC00150,2024-05-31,90,True,0.0,no_target_event_within_90d
ACC00150,2024-06-30,90,True,0.0,no_target_event_within_90d
ACC00150,2024-07-31,90,True,0.0,no_target_event_within_90d
ACC00150,2024-08-31,90,True,0.0,no_target_event_within_90d
ACC00150,2024-09-30,90,True,0.0,no_target_event_within_90d
ACC00150,2024-10-31,90,True,0.0,no_target_event_within_90d
ACC00150,2024-11-30,90,True,0.0,no_target_event_within_90d
ACC00150,2024-12-31,90,True,0.0,no_target_event_within_90d
ACC00150,2025-01-31,90,True,0.0,no_target_event_within_90d
ACC00150,2025-02-28,90,True,0.0,no_target_event_within_90d
ACC00150,2025-03-31,90,True,0.0,no_target_event_within_90d
ACC00150,2025-04-30,90,True,0.0,no_target_event_within_90d
ACC00150,2025-05-31,90,True,0.0,no_target_event_within_90d
ACC00150,2025-06-30,90,True,0.0,no_target_event_within_90d
ACC00150,2025-07-31,90,True,0.0,no_target_event_within_90d
ACC00150,2025-08-31,90,True,0.0,no_target_event_within_90d
ACC00150,2025-09-30,90,True,1.0,renewed
ACC00150,2025-10-31,90,True,1.0,renewed
ACC00150,2025-11-30,90,True,1.0,renewed
ACC00151,2024-01-31,90,True,,censored
ACC00151,2024-02-29,90,True,,censored
ACC00151,2024-03-31,90,True,,censored
ACC00151,2024-04-30,90,True,,censored
ACC00151,2024-05-31,90,True,,censored
ACC00151,2024-06-30,90,True,,censored
ACC00151,2024-07-31,90,True,,censored
ACC00151,2024-08-31,90,True,,censored
ACC00151,2024-09-30,90,True,,censored
ACC00151,2024-10-31,90,True,,censored
ACC00151,2024-11-30,90,True,,censored
ACC00151,2024-12-31,90,True,,censored
ACC00151,2025-01-31,90,True,,censored
ACC00151,2025-02-28,90,True,,censored
ACC00151,2025-03-31,90,True,,censored
ACC00151,2025-04-30,90,True,,censored
ACC00151,2025-05-31,90,True,,censored
ACC00151,2025-06-30,90,True,,censored
ACC00151,2025-07-31,90,True,,censored
ACC00151,2025-08-31,90,True,,censored
ACC00151,2025-09-30,90,True,,censored
ACC00151,2025-10-31,90,True,,censored
ACC00151,2025-11-30,90,True,,censored
ACC00151,2025-12-31,90,True,,censored
ACC00152,2024-01-31,90,True,0.0,no_target_event_within_90d
ACC00152,2024-02-29,90,True,0.0,no_target_event_within_90d
ACC00152,2024-03-31,90,True,0.0,no_target_event_within_90d
ACC00152,2024-04-30,90,True,0.0,no_target_event_within_90d
ACC00152,2024-05-31,90,True,0.0,no_target_event_within_90d
ACC00152,2024-06-30,90,True,1.0,renewed
ACC00152,2024-07-31,90,True,1.0,renewed
ACC00152,2024-08-31,90,True,1.0,renewed
ACC00153,2024-01-31,90,True,0.0,no_target_event_within_90d
ACC00153,2024-02-29,90,True,0.0,no_target_event_within_90d
ACC00153,2024-03-31,90,True,0.0,no_target_event_within_90d
ACC00153,2024-04-30,90,True,0.0,no_target_event_within_90d
ACC00153,2024-05-31,90,True,0.0,no_target_event_within_90d
ACC00153,2024-06-30,90,True,0.0,no_target_event_within_90d
ACC00153,2024-07-31,90,True,0.0,no_target_event_within_90d
ACC00153,2024-08-31,90,True,0.0,no_target_event_within_90d
ACC00153,2024-09-30,90,True,0.0,no_target_event_within_90d
ACC00153,2024-10-31,90,True,1.0,downgraded
ACC00153,2024-11-30,90,True,1.0,downgraded
ACC00153,2024-12-31,90,True,1.0,downgraded
ACC00154,2024-01-31,90,True,0.0,no_target_event_within_90d
ACC00154,2024-02-29,90,True,0.0,no_target_event_within_90d
ACC00154,2024-03-31,90,True,0.0,no_target_event_within_90d
ACC00154,2024-04-30,90,True,0.0,no_target_event_within_90d
ACC00154,2024-05-31,90,True,0.0,no_target_event_within_90d
ACC00154,2024-06-30,90,True,0.0,no_target_event_within_90d
ACC00154,2024-07-31,90,True,0.0,no_target_event_within_90d
ACC00154,2024-08-31,90,True,0.0,no_target_event_within_90d
ACC00154,2024-09-30,90,True,0.0,no_target_event_within_90d
ACC00154,2024-10-31,90,True,0.0,no_target_event_within_90d
ACC00154,2024-11-30,90,True,0.0,no_target_event_within_90d
ACC00154,2024-12-31,90,True,0.0,no_target_event_within_90d
ACC00154,2025-01-31,90,True,0.0,no_target_event_within_90d
ACC00154,2025-02-28,90,True,0.0,no_target_event_within_90d
ACC00154,2025-03-31,90,True,0.0,no_target_event_within_90d
ACC00154,2025-04-30,90,True,0.0,no_target_event_within_90d
ACC00154,2025-05-31,90,True,0.0,no_target_event_within_90d
ACC00154,2025-06-30,90,True,0.0,no_target_event_within_90d
ACC00154,2025-07-31,90,True,1.0,renewed
ACC00154,2025-08-31,90,True,1.0,renewed
ACC00154,2025-09-30,90,True,1.0,renewed
ACC00155,2024-01-31,90,True,,censored
ACC00155,2024-02-29,90,True,,censored
ACC00155,2024-03-31,90,True,,censored
ACC00155,2024-04-30,90,True,,censored
ACC00155,2024-05-31,90,True,,censored
ACC00155,2024-06-30,90,True,,censored
ACC00155,2024-07-31,90,True,,censored
ACC00155,2024-08-31,90,True,,censored
ACC00155,2024-09-30,90,True,,censored
ACC00155,2024-10-31,90,True,,censored
ACC00155,2024-11-30,90,True,,censored
ACC00155,2024-12-31,90,True,,censored
ACC00155,2025-01-31,90,True,,censored
ACC00155,2025-02-28,90,True,,censored
ACC00155,2025-03-31,90,True,,censored
ACC00155,2025-04-30,90,True,,censored
ACC00155,2025-05-31,90,True,,censored
ACC00155,2025-06-30,90,True,,censored
ACC00155,2025-07-31,90,True,,censored
ACC00155,2025-08-31,90,True,,censored
ACC00155,2025-09-30,90,True,,censored
ACC00155,2025-10-31,90,True,,censored
ACC00155,2025-11-30,90,True,,censored
ACC00155,2025-12-31,90,True,,censored
ACC00156,2024-01-31,90,True,0.0,no_target_event_within_90d
ACC00156,2024-02-29,90,True,0.0,no_target_event_within_90d
ACC00156,2024-03-31,90,True,0.0,no_target_event_within_90d
ACC00156,2024-04-30,90,True,0.0,no_target_event_within_90d
ACC00156,2024-05-31,90,True,0.0,no_target_event_within_90d
ACC00156,2024-06-30,90,True,0.0,no_target_event_within_90d
ACC00156,2024-07-31,90,True,0.0,no_target_event_within_90d
ACC00156,2024-08-31,90,True,0.0,no_target_event_within_90d
ACC00156,2024-09-30,90,True,0.0,no_target_event_within_90d
ACC00156,2024-10-31,90,True,0.0,no_target_event_within_90d
ACC00156,2024-11-30,90,True,0.0,no_target_event_within_90d
ACC00156,2024-12-31,90,True,0.0,no_target_event_within_90d
ACC00156,2025-01-31,90,True,0.0,no_target_event_within_90d
ACC00156,2025-02-28,90,True,0.0,no_target_event_within_90d
ACC00156,2025-03-31,90,True,0.0,no_target_event_within_90d
ACC00156,2025-04-30,90,True,0.0,no_target_event_within_90d
ACC00156,2025-05-31,90,True,0.0,no_target_event_within_90d
ACC00156,2025-06-30,90,True,0.0,no_target_event_within_90d
ACC00156,2025-07-31,90,True,1.0,renewed
ACC00156,2025-08-31,90,True,1.0,renewed
ACC00156,2025-09-30,90,True,1.0,renewed
ACC00157,2024-01-31,90,True,0.0,no_target_event_within_90d
ACC00157,2024-02-29,90,True,0.0,no_target_event_within_90d
ACC00157,2024-03-31,90,True,0.0,no_target_event_within_90d
ACC00157,2024-04-30,90,True,0.0,no_target_event_within_90d
ACC00157,2024-05-31,90,True,0.0,no_target_event_within_90d
ACC00157,2024-06-30,90,True,0.0,no_target_event_within_90d
ACC00157,2024-07-31,90,True,0.0,no_target_event_within_90d
ACC00157,2024-08-31,90,True,0.0,no_target_event_within_90d
ACC00157,2024-09-30,90,True,0.0,no_target_event_within_90d
ACC00157,2024-10-31,90,True,0.0,no_target_event_within_90d
ACC00157,2024-11-30,90,True,0.0,no_target_event_within_90d
ACC00157,2024-12-31,90,True,0.0,no_target_event_within_90d
ACC00157,2025-01-31,90,True,0.0,no_target_event_within_90d
ACC00157,2025-02-28,90,True,0.0,no_target_event_within_90d
ACC00157,2025-03-31,90,True,0.0,no_target_event_within_90d
ACC00157,2025-04-30,90,True,0.0,no_target_event_within_90d
ACC00157,2025-05-31,90,True,0.0,no_target_event_within_90d
ACC00157,2025-06-30,90,True,0.0,no_target_event_within_90d
ACC00157,2025-07-31,90,True,1.0,renewed
ACC00157,2025-08-31,90,True,1.0,renewed
ACC00157,2025-09-30,90,True,1.0,renewed
ACC00158,2024-01-31,90,True,,censored
ACC00158,2024-02-29,90,True,,censored
ACC00158,2024-03-31,90,True,,censored
ACC00158,2024-04-30,90,True,,censored
ACC00158,2024-05-31,90,True,,censored
ACC00158,2024-06-30,90,True,,censored
ACC00158,2024-07-31,90,True,,censored
ACC00158,2024-08-31,90,True,,censored
ACC00158,2024-09-30,90,True,,censored
ACC00158,2024-10-31,90,True,,censored
ACC00158,2024-11-30,90,True,,censored
ACC00158,2024-12-31,90,True,,censored
ACC00158,2025-01-31,90,True,,censored
ACC00158,2025-02-28,90,True,,censored
ACC00158,2025-03-31,90,True,,censored
ACC00158,2025-04-30,90,True,,censored
ACC00158,2025-05-31,90,True,,censored
ACC00158,2025-06-30,90,True,,censored
ACC00158,2025-07-31,90,True,,censored
ACC00158,2025-08-31,90,True,,censored
ACC00158,2025-09-30,90,True,,censored
ACC00158,2025-10-31,90,True,,censored
ACC00158,2025-11-30,90,True,,censored
ACC00158,2025-12-31,90,True,,censored
ACC00159,2024-01-31,90,True,0.0,no_target_event_within_90d
ACC00159,2024-02-29,90,True,0.0,no_target_event_within_90d
ACC00159,2024-03-31,90,True,0.0,no_target_event_within_90d
ACC00159,2024-04-30,90,True,0.0,no_target_event_within_90d
ACC00159,2024-05-31,90,True,0.0,no_target_event_within_90d
ACC00159,2024-06-30,90,True,0.0,no_target_event_within_90d
ACC00159,2024-07-31,90,True,0.0,no_target_event_within_90d
ACC00159,2024-08-31,90,True,0.0,no_target_event_within_90d
ACC00159,2024-09-30,90,True,1.0,renewed
ACC00159,2024-10-31,90,True,1.0,renewed
ACC00159,2024-11-30,90,True,1.0,renewed
ACC00160,2024-01-31,90,True,0.0,no_target_event_within_90d
ACC00160,2024-02-29,90,True,0.0,no_target_event_within_90d
ACC00160,2024-03-31,90,True,0.0,no_target_event_within_90d
ACC00160,2024-04-30,90,True,0.0,no_target_event_within_90d
ACC00160,2024-05-31,90,True,0.0,no_target_event_within_90d
ACC00160,2024-06-30,90,True,0.0,no_target_event_within_90d
ACC00160,2024-07-31,90,True,0.0,no_target_event_within_90d
ACC00160,2024-08-31,90,True,0.0,no_target_event_within_90d
ACC00160,2024-09-30,90,True,0.0,no_target_event_within_90d
ACC00160,2024-10-31,90,True,0.0,no_target_event_within_90d
ACC00160,2024-11-30,90,True,0.0,no_target_event_within_90d
ACC00160,2024-12-31,90,True,0.0,no_target_event_within_90d
ACC00160,2025-01-31,90,True,0.0,no_target_event_within_90d
ACC00160,2025-02-28,90,True,0.0,no_target_event_within_90d
ACC00160,2025-03-31,90,True,0.0,no_target_event_within_90d
ACC00160,2025-04-30,90,True,0.0,no_target_event_within_90d
ACC00160,2025-05-31,90,True,0.0,no_target_event_within_90d
ACC00160,2025-06-30,90,True,0.0,no_target_event_within_90d
ACC00160,2025-07-31,90,True,0.0,no_target_event_within_90d
ACC00160,2025-08-31,90,True,0.0,no_target_event_within_90d
ACC00160,2025-09-30,90,True,0.0,no_target_event_within_90d
ACC00160,2025-10-31,90,True,1.0,renewed
ACC00160,2025-11-30,90,True,1.0,renewed
ACC00160,2025-12-31,90,True,1.0,renewed
ACC00161,2024-01-31,90,True,0.0,no_target_event_within_90d
ACC00161,2024-02-29,90,True,0.0,no_target_event_within_90d
ACC00161,2024-03-31,90,True,0.0,no_target_event_within_90d
ACC00161,2024-04-30,90,True,0.0,no_target_event_within_90d
ACC00161,2024-05-31,90,True,0.0,no_target_event_within_90d
ACC00161,2024-06-30,90,True,0.0,no_target_event_within_90d
ACC00161,2024-07-31,90,True,0.0,no_target_event_within_90d
ACC00161,2024-08-31,90,True,0.0,no_target_event_within_90d
ACC00161,2024-09-30,90,True,0.0,no_target_event_within_90d
ACC00161,2024-10-31,90,True,0.0,no_target_event_within_90d
ACC00161,2024-11-30,90,True,0.0,no_target_event_within_90d
ACC00161,2024-12-31,90,True,0.0,no_target_event_within_90d
ACC00161,2025-01-31,90,True,0.0,no_target_event_within_90d
ACC00161,2025-02-28,90,True,0.0,no_target_event_within_90d
ACC00161,2025-03-31,90,True,0.0,no_target_event_within_90d
ACC00161,2025-04-30,90,True,0.0,no_target_event_within_90d
ACC00161,2025-05-31,90,True,0.0,no_target_event_within_90d
ACC00161,2025-06-30,90,True,1.0,renewed
ACC00161,2025-07-31,90,True,1.0,renewed
ACC00161,2025-08-31,90,True,1.0,renewed
ACC00162,2024-01-31,90,True,0.0,no_target_event_within_90d
ACC00162,2024-02-29,90,True,0.0,no_target_event_within_90d
ACC00162,2024-03-31,90,True,0.0,no_target_event_within_90d
ACC00162,2024-04-30,90,True,0.0,no_target_event_within_90d
ACC00162,2024-05-31,90,True,0.0,no_target_event_within_90d
ACC00162,2024-06-30,90,True,0.0,no_target_event_within_90d
ACC00162,2024-07-31,90,True,0.0,no_target_event_within_90d
ACC00162,2024-08-31,90,True,0.0,no_target_event_within_90d
ACC00162,2024-09-30,90,True,0.0,no_target_event_within_90d
ACC00162,2024-10-31,90,True,0.0,no_target_event_within_90d
ACC00162,2024-11-30,90,True,0.0,no_target_event_within_90d
ACC00162,2024-12-31,90,True,0.0,no_target_event_within_90d
ACC00162,2025-01-31,90,True,0.0,no_target_event_within_90d
ACC00162,2025-02-28,90,True,0.0,no_target_event_within_90d
ACC00162,2025-03-31,90,True,0.0,no_target_event_within_90d
ACC00162,2025-04-30,90,True,0.0,no_target_event_within_90d
ACC00162,2025-05-31,90,True,0.0,no_target_event_within_90d
ACC00162,2025-06-30,90,True,0.0,no_target_event_within_90d
ACC00162,2025-07-31,90,True,1.0,renewed
ACC00162,2025-08-31,90,True,1.0,renewed
ACC00162,2025-09-30,90,True,1.0,renewed
ACC00163,2024-01-31,90,True,0.0,no_target_event_within_90d
ACC00163,2024-02-29,90,True,0.0,no_target_event_within_90d
ACC00163,2024-03-31,90,True,0.0,no_target_event_within_90d
ACC00163,2024-04-30,90,True,0.0,no_target_event_within_90d
ACC00163,2024-05-31,90,True,0.0,no_target_event_within_90d
ACC00163,2024-06-30,90,True,1.0,renewed
ACC00163,2024-07-31,90,True,1.0,renewed
ACC00164,2024-01-31,90,True,0.0,no_target_event_within_90d
ACC00164,2024-02-29,90,True,0.0,no_target_event_within_90d
ACC00164,2024-03-31,90,True,0.0,no_target_event_within_90d
ACC00164,2024-04-30,90,True,0.0,no_target_event_within_90d
ACC00164,2024-05-31,90,True,0.0,no_target_event_within_90d
ACC00164,2024-06-30,90,True,0.0,no_target_event_within_90d
ACC00164,2024-07-31,90,True,0.0,no_target_event_within_90d
ACC00164,2024-08-31,90,True,0.0,no_target_event_within_90d
ACC00164,2024-09-30,90,True,0.0,no_target_event_within_90d
ACC00164,2024-10-31,90,True,0.0,no_target_event_within_90d
ACC00164,2024-11-30,90,True,0.0,no_target_event_within_90d
ACC00164,2024-12-31,90,True,0.0,no_target_event_within_90d
ACC00164,2025-01-31,90,True,0.0,no_target_event_within_90d
ACC00164,2025-02-28,90,True,0.0,no_target_event_within_90d
ACC00164,2025-03-31,90,True,0.0,no_target_event_within_90d
ACC00164,2025-04-30,90,True,0.0,no_target_event_within_90d
ACC00164,2025-05-31,90,True,0.0,no_target_event_within_90d
ACC00164,2025-06-30,90,True,0.0,no_target_event_within_90d
ACC00164,2025-07-31,90,True,1.0,renewed
ACC00164,2025-08-31,90,True,1.0,renewed
ACC00164,2025-09-30,90,True,1.0,renewed
ACC00165,2024-01-31,90,True,0.0,no_target_event_within_90d
ACC00165,2024-02-29,90,True,0.0,no_target_event_within_90d
ACC00165,2024-03-31,90,True,0.0,no_target_event_within_90d
ACC00165,2024-04-30,90,True,0.0,no_target_event_within_90d
ACC00165,2024-05-31,90,True,0.0,no_target_event_within_90d
ACC00165,2024-06-30,90,True,0.0,no_target_event_within_90d
ACC00165,2024-07-31,90,True,0.0,no_target_event_within_90d
ACC00165,2024-08-31,90,True,0.0,no_target_event_within_90d
ACC00165,2024-09-30,90,True,0.0,no_target_event_within_90d
ACC00165,2024-10-31,90,True,0.0,no_target_event_within_90d
ACC00165,2024-11-30,90,True,0.0,no_target_event_within_90d
ACC00165,2024-12-31,90,True,0.0,no_target_event_within_90d
ACC00165,2025-01-31,90,True,0.0,no_target_event_within_90d
ACC00165,2025-02-28,90,True,0.0,no_target_event_within_90d
ACC00165,2025-03-31,90,True,0.0,no_target_event_within_90d
ACC00165,2025-04-30,90,True,1.0,churned_nonpayment
ACC00165,2025-05-31,90,True,1.0,churned_nonpayment
ACC00165,2025-06-30,90,True,1.0,churned_nonpayment
ACC00166,2024-01-31,90,True,,censored
ACC00166,2024-02-29,90,True,,censored
ACC00166,2024-03-31,90,True,,censored
ACC00166,2024-04-30,90,True,,censored
ACC00166,2024-05-31,90,True,,censored
ACC00166,2024-06-30,90,True,,censored
ACC00166,2024-07-31,90,True,,censored
ACC00166,2024-08-31,90,True,,censored
ACC00166,2024-09-30,90,True,,censored
ACC00166,2024-10-31,90,True,,censored
ACC00166,2024-11-30,90,True,,censored
ACC00166,2024-12-31,90,True,,censored
ACC00166,2025-01-31,90,True,,censored
ACC00166,2025-02-28,90,True,,censored
ACC00166,2025-03-31,90,True,,censored
ACC00166,2025-04-30,90,True,,censored
ACC00166,2025-05-31,90,True,,censored
ACC00166,2025-06-30,90,True,,censored
ACC00166,2025-07-31,90,True,,censored
ACC00166,2025-08-31,90,True,,censored
ACC00166,2025-09-30,90,True,,censored
ACC00166,2025-10-31,90,True,,censored
ACC00166,2025-11-30,90,True,,censored
ACC00166,2025-12-31,90,True,,censored
ACC00167,2024-01-31,90,True,0.0,no_target_event_within_90d
ACC00167,2024-02-29,90,True,0.0,no_target_event_within_90d
ACC00167,2024-03-31,90,True,0.0,no_target_event_within_90d
ACC00167,2024-04-30,90,True,0.0,no_target_event_within_90d
ACC00167,2024-05-31,90,True,0.0,no_target_event_within_90d
ACC00167,2024-06-30,90,True,1.0,renewed
ACC00167,2024-07-31,90,True,1.0,renewed
ACC00167,2024-08-31,90,True,1.0,renewed
ACC00168,2024-01-31,90,True,0.0,no_target_event_within_90d
ACC00168,2024-02-29,90,True,0.0,no_target_event_within_90d
ACC00168,2024-03-31,90,True,0.0,no_target_event_within_90d
ACC00168,2024-04-30,90,True,0.0,no_target_event_within_90d
ACC00168,2024-05-31,90,True,0.0,no_target_event_within_90d
ACC00168,2024-06-30,90,True,0.0,no_target_event_within_90d
ACC00168,2024-07-31,90,True,0.0,no_target_event_within_90d
ACC00168,2024-08-31,90,True,0.0,no_target_event_within_90d
ACC00168,2024-09-30,90,True,0.0,no_target_event_within_90d
ACC00168,2024-10-31,90,True,0.0,no_target_event_within_90d
ACC00168,2024-11-30,90,True,0.0,no_target_event_within_90d
ACC00168,2024-12-31,90,True,0.0,no_target_event_within_90d
ACC00168,2025-01-31,90,True,0.0,no_target_event_within_90d
ACC00168,2025-02-28,90,True,0.0,no_target_event_within_90d
ACC00168,2025-03-31,90,True,0.0,no_target_event_within_90d
ACC00168,2025-04-30,90,True,0.0,no_target_event_within_90d
ACC00168,2025-05-31,90,True,0.0,no_target_event_within_90d
ACC00168,2025-06-30,90,True,0.0,no_target_event_within_90d
ACC00168,2025-07-31,90,True,0.0,no_target_event_within_90d
ACC00168,2025-08-31,90,True,1.0,renewed
ACC00168,2025-09-30,90,True,1.0,renewed
ACC00168,2025-10-31,90,True,1.0,renewed
ACC00169,2024-01-31,90,True,0.0,no_target_event_within_90d
ACC00169,2024-02-29,90,True,0.0,no_target_event_within_90d
ACC00169,2024-03-31,90,True,0.0,no_target_event_within_90d
ACC00169,2024-04-30,90,True,0.0,no_target_event_within_90d
ACC00169,2024-05-31,90,True,0.0,no_target_event_within_90d
ACC00169,2024-06-30,90,True,0.0,no_target_event_within_90d
ACC00169,2024-07-31,90,True,0.0,no_target_event_within_90d
ACC00169,2024-08-31,90,True,0.0,no_target_event_within_90d
ACC00169,2024-09-30,90,True,0.0,no_target_event_within_90d
ACC00169,2024-10-31,90,True,0.0,no_target_event_within_90d
ACC00169,2024-11-30,90,True,0.0,no_target_event_within_90d
ACC00169,2024-12-31,90,True,0.0,no_target_event_within_90d
ACC00169,2025-01-31,90,True,0.0,no_target_event_within_90d
ACC00169,2025-02-28,90,True,0.0,no_target_event_within_90d
ACC00169,2025-03-31,90,True,0.0,no_target_event_within_90d
ACC00169,2025-04-30,90,True,0.0,no_target_event_within_90d
ACC00169,2025-05-31,90,True,0.0,no_target_event_within_90d
ACC00169,2025-06-30,90,True,0.0,no_target_event_within_90d
ACC00169,2025-07-31,90,True,0.0,no_target_event_within_90d
ACC00169,2025-08-31,90,True,1.0,churned_voluntary
ACC00169,2025-09-30,90,True,1.0,churned_voluntary
ACC00169,2025-10-31,90,True,1.0,churned_voluntary
ACC00170,2024-01-31,90,True,0.0,no_target_event_within_90d
ACC00170,2024-02-29,90,True,0.0,no_target_event_within_90d
ACC00170,2024-03-31,90,True,0.0,no_target_event_within_90d
ACC00170,2024-04-30,90,True,0.0,no_target_event_within_90d
ACC00170,2024-05-31,90,True,0.0,no_target_event_within_90d
ACC00170,2024-06-30,90,True,0.0,no_target_event_within_90d
ACC00170,2024-07-31,90,True,0.0,no_target_event_within_90d
ACC00170,2024-08-31,90,True,0.0,no_target_event_within_90d
ACC00170,2024-09-30,90,True,1.0,renewed
ACC00170,2024-10-31,90,True,1.0,renewed
ACC00170,2024-11-30,90,True,1.0,renewed
ACC00171,2024-01-31,90,True,0.0,no_target_event_within_90d
ACC00171,2024-02-29,90,True,0.0,no_target_event_within_90d
ACC00171,2024-03-31,90,True,0.0,no_target_event_within_90d
ACC00171,2024-04-30,90,True,0.0,no_target_event_within_90d
ACC00171,2024-05-31,90,True,0.0,no_target_event_within_90d
ACC00171,2024-06-30,90,True,0.0,no_target_event_within_90d
ACC00171,2024-07-31,90,True,0.0,no_target_event_within_90d
ACC00171,2024-08-31,90,True,0.0,no_target_event_within_90d
ACC00171,2024-09-30,90,True,0.0,no_target_event_within_90d
ACC00171,2024-10-31,90,True,0.0,no_target_event_within_90d
ACC00171,2024-11-30,90,True,0.0,no_target_event_within_90d
ACC00171,2024-12-31,90,True,0.0,no_target_event_within_90d
ACC00171,2025-01-31,90,True,0.0,no_target_event_within_90d
ACC00171,2025-02-28,90,True,0.0,no_target_event_within_90d
ACC00171,2025-03-31,90,True,0.0,no_target_event_within_90d
ACC00171,2025-04-30,90,True,0.0,no_target_event_within_90d
ACC00171,2025-05-31,90,True,0.0,no_target_event_within_90d
ACC00171,2025-06-30,90,True,0.0,no_target_event_within_90d
ACC00171,2025-07-31,90,True,0.0,no_target_event_within_90d
ACC00171,2025-08-31,90,True,1.0,renewed
ACC00171,2025-09-30,90,True,1.0,renewed
ACC00171,2025-10-31,90,True,1.0,renewed
ACC00172,2024-01-31,90,True,0.0,no_target_event_within_90d
ACC00172,2024-02-29,90,True,0.0,no_target_event_within_90d
ACC00172,2024-03-31,90,True,0.0,no_target_event_within_90d
ACC00172,2024-04-30,90,True,0.0,no_target_event_within_90d
ACC00172,2024-05-31,90,True,0.0,no_target_event_within_90d
ACC00172,2024-06-30,90,True,0.0,no_target_event_within_90d
ACC00172,2024-07-31,90,True,0.0,no_target_event_within_90d
ACC00172,2024-08-31,90,True,0.0,no_target_event_within_90d
ACC00172,2024-09-30,90,True,0.0,no_target_event_within_90d
ACC00172,2024-10-31,90,True,0.0,no_target_event_within_90d
ACC00172,2024-11-30,90,True,0.0,no_target_event_within_90d
ACC00172,2024-12-31,90,True,0.0,no_target_event_within_90d
ACC00172,2025-01-31,90,True,0.0,no_target_event_within_90d
ACC00172,2025-02-28,90,True,0.0,no_target_event_within_90d
ACC00172,2025-03-31,90,True,0.0,no_target_event_within_90d
ACC00172,2025-04-30,90,True,0.0,no_target_event_within_90d
ACC00172,2025-05-31,90,True,1.0,churned_voluntary
ACC00172,2025-06-30,90,True,1.0,churned_voluntary
ACC00172,2025-07-31,90,True,1.0,churned_voluntary
ACC00173,2024-01-31,90,True,0.0,no_target_event_within_90d
ACC00173,2024-02-29,90,True,0.0,no_target_event_within_90d
ACC00173,2024-03-31,90,True,0.0,no_target_event_within_90d
ACC00173,2024-04-30,90,True,0.0,no_target_event_within_90d
ACC00173,2024-05-31,90,True,1.0,renewed
ACC00173,2024-06-30,90,True,1.0,renewed
ACC00173,2024-07-31,90,True,1.0,renewed
ACC00174,2024-01-31,90,True,0.0,no_target_event_within_90d
ACC00174,2024-02-29,90,True,0.0,no_target_event_within_90d
ACC00174,2024-03-31,90,True,0.0,no_target_event_within_90d
ACC00174,2024-04-30,90,True,0.0,no_target_event_within_90d
ACC00174,2024-05-31,90,True,0.0,no_target_event_within_90d
ACC00174,2024-06-30,90,True,0.0,no_target_event_within_90d
ACC00174,2024-07-31,90,True,0.0,no_target_event_within_90d
ACC00174,2024-08-31,90,True,0.0,no_target_event_within_90d
ACC00174,2024-09-30,90,True,0.0,no_target_event_within_90d
ACC00174,2024-10-31,90,True,0.0,no_target_event_within_90d
ACC00174,2024-11-30,90,True,0.0,no_target_event_within_90d
ACC00174,2024-12-31,90,True,0.0,no_target_event_within_90d
ACC00174,2025-01-31,90,True,0.0,no_target_event_within_90d
ACC00174,2025-02-28,90,True,0.0,no_target_event_within_90d
ACC00174,2025-03-31,90,True,0.0,no_target_event_within_90d
ACC00174,2025-04-30,90,True,0.0,no_target_event_within_90d
ACC00174,2025-05-31,90,True,0.0,no_target_event_within_90d
ACC00174,2025-06-30,90,True,1.0,renewed
ACC00174,2025-07-31,90,True,1.0,renewed
ACC00174,2025-08-31,90,True,1.0,renewed
ACC00175,2024-01-31,90,True,0.0,no_target_event_within_90d
ACC00175,2024-02-29,90,True,0.0,no_target_event_within_90d
ACC00175,2024-03-31,90,True,0.0,no_target_event_within_90d
ACC00175,2024-04-30,90,True,0.0,no_target_event_within_90d
ACC00175,2024-05-31,90,True,0.0,no_target_event_within_90d
ACC00175,2024-06-30,90,True,0.0,no_target_event_within_90d
ACC00175,2024-07-31,90,True,0.0,no_target_event_within_90d
ACC00175,2024-08-31,90,True,1.0,renewed
ACC00175,2024-09-30,90,True,1.0,renewed
ACC00175,2024-10-31,90,True,1.0,renewed
ACC00176,2024-01-31,90,True,0.0,no_target_event_within_90d
ACC00176,2024-02-29,90,True,0.0,no_target_event_within_90d
ACC00176,2024-03-31,90,True,0.0,no_target_event_within_90d
ACC00176,2024-04-30,90,True,0.0,no_target_event_within_90d
ACC00176,2024-05-31,90,True,0.0,no_target_event_within_90d
ACC00176,2024-06-30,90,True,0.0,no_target_event_within_90d
ACC00176,2024-07-31,90,True,0.0,no_target_event_within_90d
ACC00176,2024-08-31,90,True,0.0,no_target_event_within_90d
ACC00176,2024-09-30,90,True,0.0,no_target_event_within_90d
ACC00176,2024-10-31,90,True,0.0,no_target_event_within_90d
ACC00176,2024-11-30,90,True,0.0,no_target_event_within_90d
ACC00176,2024-12-31,90,True,0.0,no_target_event_within_90d
ACC00176,2025-01-31,90,True,0.0,no_target_event_within_90d
ACC00176,2025-02-28,90,True,0.0,no_target_event_within_90d
ACC00176,2025-03-31,90,True,0.0,no_target_event_within_90d
ACC00176,2025-04-30,90,True,1.0,renewed
ACC00176,2025-05-31,90,True,1.0,renewed
ACC00176,2025-06-30,90,True,1.0,renewed
ACC00177,2024-01-31,90,True,0.0,no_target_event_within_90d
ACC00177,2024-02-29,90,True,0.0,no_target_event_within_90d
ACC00177,2024-03-31,90,True,0.0,no_target_event_within_90d
ACC00177,2024-04-30,90,True,0.0,no_target_event_within_90d
ACC00177,2024-05-31,90,True,0.0,no_target_event_within_90d
ACC00177,2024-06-30,90,True,0.0,no_target_event_within_90d
ACC00177,2024-07-31,90,True,0.0,no_target_event_within_90d
ACC00177,2024-08-31,90,True,0.0,no_target_event_within_90d
ACC00177,2024-09-30,90,True,0.0,no_target_event_within_90d
ACC00177,2024-10-31,90,True,1.0,renewed
ACC00177,2024-11-30,90,True,1.0,renewed
ACC00178,2024-01-31,90,True,0.0,no_target_event_within_90d
ACC00178,2024-02-29,90,True,0.0,no_target_event_within_90d
ACC00178,2024-03-31,90,True,0.0,no_target_event_within_90d
ACC00178,2024-04-30,90,True,0.0,no_target_event_within_90d
ACC00178,2024-05-31,90,True,1.0,renewed
ACC00178,2024-06-30,90,True,1.0,renewed
ACC00178,2024-07-31,90,True,1.0,renewed
ACC00179,2024-01-31,90,True,,censored
ACC00179,2024-02-29,90,True,,censored
ACC00179,2024-03-31,90,True,,censored
ACC00179,2024-04-30,90,True,,censored
ACC00179,2024-05-31,90,True,,censored
ACC00179,2024-06-30,90,True,,censored
ACC00179,2024-07-31,90,True,,censored
ACC00179,2024-08-31,90,True,,censored
ACC00179,2024-09-30,90,True,,censored
ACC00179,2024-10-31,90,True,,censored
ACC00179,2024-11-30,90,True,,censored
ACC00179,2024-12-31,90,True,,censored
ACC00179,2025-01-31,90,True,,censored
ACC00179,2025-02-28,90,True,,censored
ACC00179,2025-03-31,90,True,,censored
ACC00179,2025-04-30,90,True,,censored
ACC00179,2025-05-31,90,True,,censored
ACC00179,2025-06-30,90,True,,censored
ACC00179,2025-07-31,90,True,,censored
ACC00179,2025-08-31,90,True,,censored
ACC00179,2025-09-30,90,True,,censored
ACC00179,2025-10-31,90,True,,censored
ACC00179,2025-11-30,90,True,,censored
ACC00179,2025-12-31,90,True,,censored
ACC00180,2024-01-31,90,True,0.0,no_target_event_within_90d
ACC00180,2024-02-29,90,True,0.0,no_target_event_within_90d
ACC00180,2024-03-31,90,True,0.0,no_target_event_within_90d
ACC00180,2024-04-30,90,True,0.0,no_target_event_within_90d
ACC00180,2024-05-31,90,True,0.0,no_target_event_within_90d
ACC00180,2024-06-30,90,True,0.0,no_target_event_within_90d
ACC00180,2024-07-31,90,True,0.0,no_target_event_within_90d
ACC00180,2024-08-31,90,True,0.0,no_target_event_within_90d
ACC00180,2024-09-30,90,True,0.0,no_target_event_within_90d
ACC00180,2024-10-31,90,True,0.0,no_target_event_within_90d
ACC00180,2024-11-30,90,True,0.0,no_target_event_within_90d
ACC00180,2024-12-31,90,True,0.0,no_target_event_within_90d
ACC00180,2025-01-31,90,True,1.0,downgraded
ACC00180,2025-02-28,90,True,1.0,downgraded
ACC00180,2025-03-31,90,True,1.0,downgraded
ACC00181,2024-01-31,90,True,0.0,no_target_event_within_90d
ACC00181,2024-02-29,90,True,0.0,no_target_event_within_90d
ACC00181,2024-03-31,90,True,0.0,no_target_event_within_90d
ACC00181,2024-04-30,90,True,0.0,no_target_event_within_90d
ACC00181,2024-05-31,90,True,0.0,no_target_event_within_90d
ACC00181,2024-06-30,90,True,0.0,no_target_event_within_90d
ACC00181,2024-07-31,90,True,0.0,no_target_event_within_90d
ACC00181,2024-08-31,90,True,0.0,no_target_event_within_90d
ACC00181,2024-09-30,90,True,0.0,no_target_event_within_90d
ACC00181,2024-10-31,90,True,0.0,no_target_event_within_90d
ACC00181,2024-11-30,90,True,0.0,no_target_event_within_90d
ACC00181,2024-12-31,90,True,0.0,no_target_event_within_90d
ACC00181,2025-01-31,90,True,0.0,no_target_event_within_90d
ACC00181,2025-02-28,90,True,0.0,no_target_event_within_90d
ACC00181,2025-03-31,90,True,0.0,no_target_event_within_90d
ACC00181,2025-04-30,90,True,0.0,no_target_event_within_90d
ACC00181,2025-05-31,90,True,0.0,no_target_event_within_90d
ACC00181,2025-06-30,90,True,0.0,no_target_event_within_90d
ACC00181,2025-07-31,90,True,1.0,renewed
ACC00181,2025-08-31,90,True,1.0,renewed
ACC00181,2025-09-30,90,True,1.0,renewed
ACC00182,2024-01-31,90,True,0.0,no_target_event_within_90d
ACC00182,2024-02-29,90,True,0.0,no_target_event_within_90d
ACC00182,2024-03-31,90,True,0.0,no_target_event_within_90d
ACC00182,2024-04-30,90,True,0.0,no_target_event_within_90d
ACC00182,2024-05-31,90,True,0.0,no_target_event_within_90d
ACC00182,2024-06-30,90,True,0.0,no_target_event_within_90d
ACC00182,2024-07-31,90,True,0.0,no_target_event_within_90d
ACC00182,2024-08-31,90,True,0.0,no_target_event_within_90d
ACC00182,2024-09-30,90,True,0.0,no_target_event_within_90d
ACC00182,2024-10-31,90,True,0.0,no_target_event_within_90d
ACC00182,2024-11-30,90,True,0.0,no_target_event_within_90d
ACC00182,2024-12-31,90,True,0.0,no_target_event_within_90d
ACC00182,2025-01-31,90,True,0.0,no_target_event_within_90d
ACC00182,2025-02-28,90,True,0.0,no_target_event_within_90d
ACC00182,2025-03-31,90,True,0.0,no_target_event_within_90d
ACC00182,2025-04-30,90,True,0.0,no_target_event_within_90d
ACC00182,2025-05-31,90,True,1.0,churned_nonpayment
ACC00182,2025-06-30,90,True,1.0,churned_nonpayment
ACC00182,2025-07-31,90,True,1.0,churned_nonpayment
ACC00183,2024-01-31,90,True,,censored
ACC00183,2024-02-29,90,True,,censored
ACC00183,2024-03-31,90,True,,censored
ACC00183,2024-04-30,90,True,,censored
ACC00183,2024-05-31,90,True,,censored
ACC00183,2024-06-30,90,True,,censored
ACC00183,2024-07-31,90,True,,censored
ACC00183,2024-08-31,90,True,,censored
ACC00183,2024-09-30,90,True,,censored
ACC00183,2024-10-31,90,True,,censored
ACC00183,2024-11-30,90,True,,censored
ACC00183,2024-12-31,90,True,,censored
ACC00183,2025-01-31,90,True,,censored
ACC00183,2025-02-28,90,True,,censored
ACC00183,2025-03-31,90,True,,censored
ACC00183,2025-04-30,90,True,,censored
ACC00183,2025-05-31,90,True,,censored
ACC00183,2025-06-30,90,True,,censored
ACC00183,2025-07-31,90,True,,censored
ACC00183,2025-08-31,90,True,,censored
ACC00183,2025-09-30,90,True,,censored
ACC00183,2025-10-31,90,True,,censored
ACC00183,2025-11-30,90,True,,censored
ACC00183,2025-12-31,90,True,,censored
ACC00184,2024-01-31,90,True,,censored
ACC00184,2024-02-29,90,True,,censored
ACC00184,2024-03-31,90,True,,censored
ACC00184,2024-04-30,90,True,,censored
ACC00184,2024-05-31,90,True,,censored
ACC00184,2024-06-30,90,True,,censored
ACC00184,2024-07-31,90,True,,censored
ACC00184,2024-08-31,90,True,,censored
ACC00184,2024-09-30,90,True,,censored
ACC00184,2024-10-31,90,True,,censored
ACC00184,2024-11-30,90,True,,censored
ACC00184,2024-12-31,90,True,,censored
ACC00184,2025-01-31,90,True,,censored
ACC00184,2025-02-28,90,True,,censored
ACC00184,2025-03-31,90,True,,censored
ACC00184,2025-04-30,90,True,,censored
ACC00184,2025-05-31,90,True,,censored
ACC00184,2025-06-30,90,True,,censored
ACC00184,2025-07-31,90,True,,censored
ACC00184,2025-08-31,90,True,,censored
ACC00184,2025-09-30,90,True,,censored
ACC00184,2025-10-31,90,True,,censored
ACC00184,2025-11-30,90,True,,censored
ACC00184,2025-12-31,90,True,,censored
ACC00185,2024-01-31,90,True,0.0,no_target_event_within_90d
ACC00185,2024-02-29,90,True,0.0,no_target_event_within_90d
ACC00185,2024-03-31,90,True,0.0,no_target_event_within_90d
ACC00185,2024-04-30,90,True,0.0,no_target_event_within_90d
ACC00185,2024-05-31,90,True,0.0,no_target_event_within_90d
ACC00185,2024-06-30,90,True,0.0,no_target_event_within_90d
ACC00185,2024-07-31,90,True,0.0,no_target_event_within_90d
ACC00185,2024-08-31,90,True,0.0,no_target_event_within_90d
ACC00185,2024-09-30,90,True,0.0,no_target_event_within_90d
ACC00185,2024-10-31,90,True,0.0,no_target_event_within_90d
ACC00185,2024-11-30,90,True,0.0,no_target_event_within_90d
ACC00185,2024-12-31,90,True,0.0,no_target_event_within_90d
ACC00185,2025-01-31,90,True,0.0,no_target_event_within_90d
ACC00185,2025-02-28,90,True,0.0,no_target_event_within_90d
ACC00185,2025-03-31,90,True,0.0,no_target_event_within_90d
ACC00185,2025-04-30,90,True,0.0,no_target_event_within_90d
ACC00185,2025-05-31,90,True,0.0,no_target_event_within_90d
ACC00185,2025-06-30,90,True,1.0,renewed
ACC00185,2025-07-31,90,True,1.0,renewed
ACC00185,2025-08-31,90,True,1.0,renewed
ACC00186,2024-01-31,90,True,0.0,no_target_event_within_90d
ACC00186,2024-02-29,90,True,0.0,no_target_event_within_90d
ACC00186,2024-03-31,90,True,0.0,no_target_event_within_90d
ACC00186,2024-04-30,90,True,0.0,no_target_event_within_90d
ACC00186,2024-05-31,90,True,0.0,no_target_event_within_90d
ACC00186,2024-06-30,90,True,1.0,renewed
ACC00186,2024-07-31,90,True,1.0,renewed
ACC00186,2024-08-31,90,True,1.0,renewed
ACC00187,2024-01-31,90,True,,censored
ACC00187,2024-02-29,90,True,,censored
ACC00187,2024-03-31,90,True,,censored
ACC00187,2024-04-30,90,True,,censored
ACC00187,2024-05-31,90,True,,censored
ACC00187,2024-06-30,90,True,,censored
ACC00187,2024-07-31,90,True,,censored
ACC00187,2024-08-31,90,True,,censored
ACC00187,2024-09-30,90,True,,censored
ACC00187,2024-10-31,90,True,,censored
ACC00187,2024-11-30,90,True,,censored
ACC00187,2024-12-31,90,True,,censored
ACC00187,2025-01-31,90,True,,censored
ACC00187,2025-02-28,90,True,,censored
ACC00187,2025-03-31,90,True,,censored
ACC00187,2025-04-30,90,True,,censored
ACC00187,2025-05-31,90,True,,censored
ACC00187,2025-06-30,90,True,,censored
ACC00187,2025-07-31,90,True,,censored
ACC00187,2025-08-31,90,True,,censored
ACC00187,2025-09-30,90,True,,censored
ACC00187,2025-10-31,90,True,,censored
ACC00187,2025-11-30,90,True,,censored
ACC00187,2025-12-31,90,True,,censored
ACC00188,2024-01-31,90,True,0.0,no_target_event_within_90d
ACC00188,2024-02-29,90,True,0.0,no_target_event_within_90d
ACC00188,2024-03-31,90,True,0.0,no_target_event_within_90d
ACC00188,2024-04-30,90,True,1.0,renewed
ACC00188,2024-05-31,90,True,1.0,renewed
ACC00188,2024-06-30,90,True,1.0,renewed
ACC00189,2024-01-31,90,True,0.0,no_target_event_within_90d
ACC00189,2024-02-29,90,True,0.0,no_target_event_within_90d
ACC00189,2024-03-31,90,True,0.0,no_target_event_within_90d
ACC00189,2024-04-30,90,True,0.0,no_target_event_within_90d
ACC00189,2024-05-31,90,True,0.0,no_target_event_within_90d
ACC00189,2024-06-30,90,True,0.0,no_target_event_within_90d
ACC00189,2024-07-31,90,True,0.0,no_target_event_within_90d
ACC00189,2024-08-31,90,True,1.0,renewed
ACC00189,2024-09-30,90,True,1.0,renewed
ACC00189,2024-10-31,90,True,1.0,renewed
ACC00190,2024-01-31,90,True,0.0,no_target_event_within_90d
ACC00190,2024-02-29,90,True,0.0,no_target_event_within_90d
ACC00190,2024-03-31,90,True,0.0,no_target_event_within_90d
ACC00190,2024-04-30,90,True,0.0,no_target_event_within_90d
ACC00190,2024-05-31,90,True,0.0,no_target_event_within_90d
ACC00190,2024-06-30,90,True,0.0,no_target_event_within_90d
ACC00190,2024-07-31,90,True,0.0,no_target_event_within_90d
ACC00190,2024-08-31,90,True,0.0,no_target_event_within_90d
ACC00190,2024-09-30,90,True,0.0,no_target_event_within_90d
ACC00190,2024-10-31,90,True,0.0,no_target_event_within_90d
ACC00190,2024-11-30,90,True,0.0,no_target_event_within_90d
ACC00190,2024-12-31,90,True,0.0,no_target_event_within_90d
ACC00190,2025-01-31,90,True,0.0,no_target_event_within_90d
ACC00190,2025-02-28,90,True,0.0,no_target_event_within_90d
ACC00190,2025-03-31,90,True,0.0,no_target_event_within_90d
ACC00190,2025-04-30,90,True,0.0,no_target_event_within_90d
ACC00190,2025-05-31,90,True,0.0,no_target_event_within_90d
ACC00190,2025-06-30,90,True,0.0,no_target_event_within_90d
ACC00190,2025-07-31,90,True,1.0,renewed
ACC00190,2025-08-31,90,True,1.0,renewed
ACC00190,2025-09-30,90,True,1.0,renewed
ACC00191,2024-01-31,90,True,0.0,no_target_event_within_90d
ACC00191,2024-02-29,90,True,0.0,no_target_event_within_90d
ACC00191,2024-03-31,90,True,0.0,no_target_event_within_90d
ACC00191,2024-04-30,90,True,0.0,no_target_event_within_90d
ACC00191,2024-05-31,90,True,0.0,no_target_event_within_90d
ACC00191,2024-06-30,90,True,0.0,no_target_event_within_90d
ACC00191,2024-07-31,90,True,0.0,no_target_event_within_90d
ACC00191,2024-08-31,90,True,0.0,no_target_event_within_90d
ACC00191,2024-09-30,90,True,0.0,no_target_event_within_90d
ACC00191,2024-10-31,90,True,0.0,no_target_event_within_90d
ACC00191,2024-11-30,90,True,0.0,no_target_event_within_90d
ACC00191,2024-12-31,90,True,0.0,no_target_event_within_90d
ACC00191,2025-01-31,90,True,0.0,no_target_event_within_90d
ACC00191,2025-02-28,90,True,0.0,no_target_event_within_90d
ACC00191,2025-03-31,90,True,1.0,churned_nonpayment
ACC00191,2025-04-30,90,True,1.0,churned_nonpayment
ACC00192,2024-01-31,90,True,,censored
ACC00192,2024-02-29,90,True,,censored
ACC00192,2024-03-31,90,True,,censored
ACC00192,2024-04-30,90,True,,censored
ACC00192,2024-05-31,90,True,,censored
ACC00192,2024-06-30,90,True,,censored
ACC00192,2024-07-31,90,True,,censored
ACC00192,2024-08-31,90,True,,censored
ACC00192,2024-09-30,90,True,,censored
ACC00192,2024-10-31,90,True,,censored
ACC00192,2024-11-30,90,True,,censored
ACC00192,2024-12-31,90,True,,censored
ACC00192,2025-01-31,90,True,,censored
ACC00192,2025-02-28,90,True,,censored
ACC00192,2025-03-31,90,True,,censored
ACC00192,2025-04-30,90,True,,censored
ACC00192,2025-05-31,90,True,,censored
ACC00192,2025-06-30,90,True,,censored
ACC00192,2025-07-31,90,True,,censored
ACC00192,2025-08-31,90,True,,censored
ACC00192,2025-09-30,90,True,,censored
ACC00192,2025-10-31,90,True,,censored
ACC00192,2025-11-30,90,True,,censored
ACC00192,2025-12-31,90,True,,censored
ACC00193,2024-01-31,90,True,,censored
ACC00193,2024-02-29,90,True,,censored
ACC00193,2024-03-31,90,True,,censored
ACC00193,2024-04-30,90,True,,censored
ACC00193,2024-05-31,90,True,,censored
ACC00193,2024-06-30,90,True,,censored
ACC00193,2024-07-31,90,True,,censored
ACC00193,2024-08-31,90,True,,censored
ACC00193,2024-09-30,90,True,,censored
ACC00193,2024-10-31,90,True,,censored
ACC00193,2024-11-30,90,True,,censored
ACC00193,2024-12-31,90,True,,censored
ACC00193,2025-01-31,90,True,,censored
ACC00193,2025-02-28,90,True,,censored
ACC00193,2025-03-31,90,True,,censored
ACC00193,2025-04-30,90,True,,censored
ACC00193,2025-05-31,90,True,,censored
ACC00193,2025-06-30,90,True,,censored
ACC00193,2025-07-31,90,True,,censored
ACC00193,2025-08-31,90,True,,censored
ACC00193,2025-09-30,90,True,,censored
ACC00193,2025-10-31,90,True,,censored
ACC00193,2025-11-30,90,True,,censored
ACC00193,2025-12-31,90,True,,censored
ACC00194,2024-01-31,90,True,0.0,no_target_event_within_90d
ACC00194,2024-02-29,90,True,0.0,no_target_event_within_90d
ACC00194,2024-03-31,90,True,0.0,no_target_event_within_90d
ACC00194,2024-04-30,90,True,0.0,no_target_event_within_90d
ACC00194,2024-05-31,90,True,0.0,no_target_event_within_90d
ACC00194,2024-06-30,90,True,1.0,renewed
ACC00194,2024-07-31,90,True,1.0,renewed
ACC00194,2024-08-31,90,True,1.0,renewed
ACC00195,2024-01-31,90,True,0.0,no_target_event_within_90d
ACC00195,2024-02-29,90,True,0.0,no_target_event_within_90d
ACC00195,2024-03-31,90,True,0.0,no_target_event_within_90d
ACC00195,2024-04-30,90,True,0.0,no_target_event_within_90d
ACC00195,2024-05-31,90,True,0.0,no_target_event_within_90d
ACC00195,2024-06-30,90,True,0.0,no_target_event_within_90d
ACC00195,2024-07-31,90,True,0.0,no_target_event_within_90d
ACC00195,2024-08-31,90,True,0.0,no_target_event_within_90d
ACC00195,2024-09-30,90,True,0.0,no_target_event_within_90d
ACC00195,2024-10-31,90,True,0.0,no_target_event_within_90d
ACC00195,2024-11-30,90,True,0.0,no_target_event_within_90d
ACC00195,2024-12-31,90,True,0.0,no_target_event_within_90d
ACC00195,2025-01-31,90,True,0.0,no_target_event_within_90d
ACC00195,2025-02-28,90,True,0.0,no_target_event_within_90d
ACC00195,2025-03-31,90,True,0.0,no_target_event_within_90d
ACC00195,2025-04-30,90,True,0.0,no_target_event_within_90d
ACC00195,2025-05-31,90,True,0.0,no_target_event_within_90d
ACC00195,2025-06-30,90,True,0.0,no_target_event_within_90d
ACC00195,2025-07-31,90,True,1.0,renewed
ACC00195,2025-08-31,90,True,1.0,renewed
ACC00196,2024-01-31,90,True,0.0,no_target_event_within_90d
ACC00196,2024-02-29,90,True,0.0,no_target_event_within_90d
ACC00196,2024-03-31,90,True,0.0,no_target_event_within_90d
ACC00196,2024-04-30,90,True,0.0,no_target_event_within_90d
ACC00196,2024-05-31,90,True,0.0,no_target_event_within_90d
ACC00196,2024-06-30,90,True,0.0,no_target_event_within_90d
ACC00196,2024-07-31,90,True,0.0,no_target_event_within_90d
ACC00196,2024-08-31,90,True,0.0,no_target_event_within_90d
ACC00196,2024-09-30,90,True,0.0,no_target_event_within_90d
ACC00196,2024-10-31,90,True,0.0,no_target_event_within_90d
ACC00196,2024-11-30,90,True,0.0,no_target_event_within_90d
ACC00196,2024-12-31,90,True,0.0,no_target_event_within_90d
ACC00196,2025-01-31,90,True,0.0,no_target_event_within_90d
ACC00196,2025-02-28,90,True,0.0,no_target_event_within_90d
ACC00196,2025-03-31,90,True,0.0,no_target_event_within_90d
ACC00196,2025-04-30,90,True,0.0,no_target_event_within_90d
ACC00196,2025-05-31,90,True,0.0,no_target_event_within_90d
ACC00196,2025-06-30,90,True,1.0,renewed
ACC00196,2025-07-31,90,True,1.0,renewed
ACC00197,2024-01-31,90,True,0.0,no_target_event_within_90d
ACC00197,2024-02-29,90,True,0.0,no_target_event_within_90d
ACC00197,2024-03-31,90,True,0.0,no_target_event_within_90d
ACC00197,2024-04-30,90,True,0.0,no_target_event_within_90d
ACC00197,2024-05-31,90,True,0.0,no_target_event_within_90d
ACC00197,2024-06-30,90,True,0.0,no_target_event_within_90d
ACC00197,2024-07-31,90,True,0.0,no_target_event_within_90d
ACC00197,2024-08-31,90,True,0.0,no_target_event_within_90d
ACC00197,2024-09-30,90,True,0.0,no_target_event_within_90d
ACC00197,2024-10-31,90,True,0.0,no_target_event_within_90d
ACC00197,2024-11-30,90,True,0.0,no_target_event_within_90d
ACC00197,2024-12-31,90,True,0.0,no_target_event_within_90d
ACC00197,2025-01-31,90,True,0.0,no_target_event_within_90d
ACC00197,2025-02-28,90,True,0.0,no_target_event_within_90d
ACC00197,2025-03-31,90,True,0.0,no_target_event_within_90d
ACC00197,2025-04-30,90,True,0.0,no_target_event_within_90d
ACC00197,2025-05-31,90,True,0.0,no_target_event_within_90d
ACC00197,2025-06-30,90,True,0.0,no_target_event_within_90d
ACC00197,2025-07-31,90,True,0.0,no_target_event_within_90d
ACC00197,2025-08-31,90,True,0.0,no_target_event_within_90d
ACC00197,2025-09-30,90,True,1.0,renewed
ACC00197,2025-10-31,90,True,1.0,renewed
ACC00197,2025-11-30,90,True,1.0,renewed
ACC00198,2024-01-31,90,True,,censored
ACC00198,2024-02-29,90,True,,censored
ACC00198,2024-03-31,90,True,,censored
ACC00198,2024-04-30,90,True,,censored
ACC00198,2024-05-31,90,True,,censored
ACC00198,2024-06-30,90,True,,censored
ACC00198,2024-07-31,90,True,,censored
ACC00198,2024-08-31,90,True,,censored
ACC00198,2024-09-30,90,True,,censored
ACC00198,2024-10-31,90,True,,censored
ACC00198,2024-11-30,90,True,,censored
ACC00198,2024-12-31,90,True,,censored
ACC00198,2025-01-31,90,True,,censored
ACC00198,2025-02-28,90,True,,censored
ACC00198,2025-03-31,90,True,,censored
ACC00198,2025-04-30,90,True,,censored
ACC00198,2025-05-31,90,True,,censored
ACC00198,2025-06-30,90,True,,censored
ACC00198,2025-07-31,90,True,,censored
ACC00198,2025-08-31,90,True,,censored
ACC00198,2025-09-30,90,True,,censored
ACC00198,2025-10-31,90,True,,censored
ACC00198,2025-11-30,90,True,,censored
ACC00198,2025-12-31,90,True,,censored
ACC00199,2024-01-31,90,True,,censored
ACC00199,2024-02-29,90,True,,censored
ACC00199,2024-03-31,90,True,,censored
ACC00199,2024-04-30,90,True,,censored
ACC00199,2024-05-31,90,True,,censored
ACC00199,2024-06-30,90,True,,censored
ACC00199,2024-07-31,90,True,,censored
ACC00199,2024-08-31,90,True,,censored
ACC00199,2024-09-30,90,True,,censored
ACC00199,2024-10-31,90,True,,censored
ACC00199,2024-11-30,90,True,,censored
ACC00199,2024-12-31,90,True,,censored
ACC00199,2025-01-31,90,True,,censored
ACC00199,2025-02-28,90,True,,censored
ACC00199,2025-03-31,90,True,,censored
ACC00199,2025-04-30,90,True,,censored
ACC00199,2025-05-31,90,True,,censored
ACC00199,2025-06-30,90,True,,censored
ACC00199,2025-07-31,90,True,,censored
ACC00199,2025-08-31,90,True,,censored
ACC00199,2025-09-30,90,True,,censored
ACC00199,2025-10-31,90,True,,censored
ACC00199,2025-11-30,90,True,,censored
ACC00199,2025-12-31,90,True,,censored
ACC00200,2024-01-31,90,True,,censored
ACC00200,2024-02-29,90,True,,censored
ACC00200,2024-03-31,90,True,,censored
ACC00200,2024-04-30,90,True,,censored
ACC00200,2024-05-31,90,True,,censored
ACC00200,2024-06-30,90,True,,censored
ACC00200,2024-07-31,90,True,,censored
ACC00200,2024-08-31,90,True,,censored
ACC00200,2024-09-30,90,True,,censored
ACC00200,2024-10-31,90,True,,censored
ACC00200,2024-11-30,90,True,,censored
ACC00200,2024-12-31,90,True,,censored
ACC00200,2025-01-31,90,True,,censored
ACC00200,2025-02-28,90,True,,censored
ACC00200,2025-03-31,90,True,,censored
ACC00200,2025-04-30,90,True,,censored
ACC00200,2025-05-31,90,True,,censored
ACC00200,2025-06-30,90,True,,censored
ACC00200,2025-07-31,90,True,,censored
ACC00200,2025-08-31,90,True,,censored
ACC00200,2025-09-30,90,True,,censored
ACC00200,2025-10-31,90,True,,censored
ACC00200,2025-11-30,90,True,,censored
ACC00200,2025-12-31,90,True,,censored
ACC00201,2024-01-31,90,True,0.0,no_target_event_within_90d
ACC00201,2024-02-29,90,True,0.0,no_target_event_within_90d
ACC00201,2024-03-31,90,True,0.0,no_target_event_within_90d
ACC00201,2024-04-30,90,True,0.0,no_target_event_within_90d
ACC00201,2024-05-31,90,True,0.0,no_target_event_within_90d
ACC00201,2024-06-30,90,True,0.0,no_target_event_within_90d
ACC00201,2024-07-31,90,True,0.0,no_target_event_within_90d
ACC00201,2024-08-31,90,True,1.0,renewed
ACC00201,2024-09-30,90,True,1.0,renewed
ACC00201,2024-10-31,90,True,1.0,renewed
ACC00202,2024-01-31,90,True,0.0,no_target_event_within_90d
ACC00202,2024-02-29,90,True,0.0,no_target_event_within_90d
ACC00202,2024-03-31,90,True,0.0,no_target_event_within_90d
ACC00202,2024-04-30,90,True,0.0,no_target_event_within_90d
ACC00202,2024-05-31,90,True,0.0,no_target_event_within_90d
ACC00202,2024-06-30,90,True,0.0,no_target_event_within_90d
ACC00202,2024-07-31,90,True,0.0,no_target_event_within_90d
ACC00202,2024-08-31,90,True,0.0,no_target_event_within_90d
ACC00202,2024-09-30,90,True,0.0,no_target_event_within_90d
ACC00202,2024-10-31,90,True,0.0,no_target_event_within_90d
ACC00202,2024-11-30,90,True,0.0,no_target_event_within_90d
ACC00202,2024-12-31,90,True,0.0,no_target_event_within_90d
ACC00202,2025-01-31,90,True,0.0,no_target_event_within_90d
ACC00202,2025-02-28,90,True,0.0,no_target_event_within_90d
ACC00202,2025-03-31,90,True,0.0,no_target_event_within_90d
ACC00202,2025-04-30,90,True,1.0,churned_voluntary
ACC00202,2025-05-31,90,True,1.0,churned_voluntary
ACC00202,2025-06-30,90,True,1.0,churned_voluntary
ACC00203,2024-01-31,90,True,0.0,no_target_event_within_90d
ACC00203,2024-02-29,90,True,0.0,no_target_event_within_90d
ACC00203,2024-03-31,90,True,0.0,no_target_event_within_90d
ACC00203,2024-04-30,90,True,0.0,no_target_event_within_90d
ACC00203,2024-05-31,90,True,0.0,no_target_event_within_90d
ACC00203,2024-06-30,90,True,0.0,no_target_event_within_90d
ACC00203,2024-07-31,90,True,0.0,no_target_event_within_90d
ACC00203,2024-08-31,90,True,0.0,no_target_event_within_90d
ACC00203,2024-09-30,90,True,0.0,no_target_event_within_90d
ACC00203,2024-10-31,90,True,0.0,no_target_event_within_90d
ACC00203,2024-11-30,90,True,0.0,no_target_event_within_90d
ACC00203,2024-12-31,90,True,0.0,no_target_event_within_90d
ACC00203,2025-01-31,90,True,0.0,no_target_event_within_90d
ACC00203,2025-02-28,90,True,0.0,no_target_event_within_90d
ACC00203,2025-03-31,90,True,1.0,downgraded
ACC00203,2025-04-30,90,True,1.0,downgraded
ACC00203,2025-05-31,90,True,1.0,downgraded
ACC00204,2024-01-31,90,True,,censored
ACC00204,2024-02-29,90,True,,censored
ACC00204,2024-03-31,90,True,,censored
ACC00204,2024-04-30,90,True,,censored
ACC00204,2024-05-31,90,True,,censored
ACC00204,2024-06-30,90,True,,censored
ACC00204,2024-07-31,90,True,,censored
ACC00204,2024-08-31,90,True,,censored
ACC00204,2024-09-30,90,True,,censored
ACC00204,2024-10-31,90,True,,censored
ACC00204,2024-11-30,90,True,,censored
ACC00204,2024-12-31,90,True,,censored
ACC00204,2025-01-31,90,True,,censored
ACC00204,2025-02-28,90,True,,censored
ACC00204,2025-03-31,90,True,,censored
ACC00204,2025-04-30,90,True,,censored
ACC00204,2025-05-31,90,True,,censored
ACC00204,2025-06-30,90,True,,censored
ACC00204,2025-07-31,90,True,,censored
ACC00204,2025-08-31,90,True,,censored
ACC00204,2025-09-30,90,True,,censored
ACC00204,2025-10-31,90,True,,censored
ACC00204,2025-11-30,90,True,,censored
ACC00204,2025-12-31,90,True,,censored
ACC00205,2024-01-31,90,True,0.0,no_target_event_within_90d
ACC00205,2024-02-29,90,True,0.0,no_target_event_within_90d
ACC00205,2024-03-31,90,True,0.0,no_target_event_within_90d
ACC00205,2024-04-30,90,True,0.0,no_target_event_within_90d
ACC00205,2024-05-31,90,True,0.0,no_target_event_within_90d
ACC00205,2024-06-30,90,True,0.0,no_target_event_within_90d
ACC00205,2024-07-31,90,True,0.0,no_target_event_within_90d
ACC00205,2024-08-31,90,True,0.0,no_target_event_within_90d
ACC00205,2024-09-30,90,True,0.0,no_target_event_within_90d
ACC00205,2024-10-31,90,True,0.0,no_target_event_within_90d
ACC00205,2024-11-30,90,True,0.0,no_target_event_within_90d
ACC00205,2024-12-31,90,True,0.0,no_target_event_within_90d
ACC00205,2025-01-31,90,True,0.0,no_target_event_within_90d
ACC00205,2025-02-28,90,True,0.0,no_target_event_within_90d
ACC00205,2025-03-31,90,True,0.0,no_target_event_within_90d
ACC00205,2025-04-30,90,True,0.0,no_target_event_within_90d
ACC00205,2025-05-31,90,True,0.0,no_target_event_within_90d
ACC00205,2025-06-30,90,True,0.0,no_target_event_within_90d
ACC00205,2025-07-31,90,True,0.0,no_target_event_within_90d
ACC00205,2025-08-31,90,True,0.0,no_target_event_within_90d
ACC00205,2025-09-30,90,True,1.0,renewed
ACC00205,2025-10-31,90,True,1.0,renewed
ACC00205,2025-11-30,90,True,1.0,renewed
ACC00206,2024-01-31,90,True,0.0,no_target_event_within_90d
ACC00206,2024-02-29,90,True,0.0,no_target_event_within_90d
ACC00206,2024-03-31,90,True,0.0,no_target_event_within_90d
ACC00206,2024-04-30,90,True,0.0,no_target_event_within_90d
ACC00206,2024-05-31,90,True,0.0,no_target_event_within_90d
ACC00206,2024-06-30,90,True,0.0,no_target_event_within_90d
ACC00206,2024-07-31,90,True,0.0,no_target_event_within_90d
ACC00206,2024-08-31,90,True,0.0,no_target_event_within_90d
ACC00206,2024-09-30,90,True,0.0,no_target_event_within_90d
ACC00206,2024-10-31,90,True,0.0,no_target_event_within_90d
ACC00206,2024-11-30,90,True,0.0,no_target_event_within_90d
ACC00206,2024-12-31,90,True,0.0,no_target_event_within_90d
ACC00206,2025-01-31,90,True,0.0,no_target_event_within_90d
ACC00206,2025-02-28,90,True,0.0,no_target_event_within_90d
ACC00206,2025-03-31,90,True,1.0,churned_voluntary
ACC00206,2025-04-30,90,True,1.0,churned_voluntary
ACC00206,2025-05-31,90,True,1.0,churned_voluntary
ACC00207,2024-01-31,90,True,0.0,no_target_event_within_90d
ACC00207,2024-02-29,90,True,0.0,no_target_event_within_90d
ACC00207,2024-03-31,90,True,0.0,no_target_event_within_90d
ACC00207,2024-04-30,90,True,0.0,no_target_event_within_90d
ACC00207,2024-05-31,90,True,0.0,no_target_event_within_90d
ACC00207,2024-06-30,90,True,0.0,no_target_event_within_90d
ACC00207,2024-07-31,90,True,0.0,no_target_event_within_90d
ACC00207,2024-08-31,90,True,0.0,no_target_event_within_90d
ACC00207,2024-09-30,90,True,0.0,no_target_event_within_90d
ACC00207,2024-10-31,90,True,0.0,no_target_event_within_90d
ACC00207,2024-11-30,90,True,0.0,no_target_event_within_90d
ACC00207,2024-12-31,90,True,0.0,no_target_event_within_90d
ACC00207,2025-01-31,90,True,0.0,no_target_event_within_90d
ACC00207,2025-02-28,90,True,0.0,no_target_event_within_90d
ACC00207,2025-03-31,90,True,1.0,churned_nonpayment
ACC00207,2025-04-30,90,True,1.0,churned_nonpayment
ACC00207,2025-05-31,90,True,1.0,churned_nonpayment
ACC00208,2024-01-31,90,True,0.0,no_target_event_within_90d
ACC00208,2024-02-29,90,True,0.0,no_target_event_within_90d
ACC00208,2024-03-31,90,True,0.0,no_target_event_within_90d
ACC00208,2024-04-30,90,True,0.0,no_target_event_within_90d
ACC00208,2024-05-31,90,True,0.0,no_target_event_within_90d
ACC00208,2024-06-30,90,True,0.0,no_target_event_within_90d
ACC00208,2024-07-31,90,True,0.0,no_target_event_within_90d
ACC00208,2024-08-31,90,True,0.0,no_target_event_within_90d
ACC00208,2024-09-30,90,True,0.0,no_target_event_within_90d
ACC00208,2024-10-31,90,True,0.0,no_target_event_within_90d
ACC00208,2024-11-30,90,True,0.0,no_target_event_within_90d
ACC00208,2024-12-31,90,True,0.0,no_target_event_within_90d
ACC00208,2025-01-31,90,True,0.0,no_target_event_within_90d
ACC00208,2025-02-28,90,True,0.0,no_target_event_within_90d
ACC00208,2025-03-31,90,True,0.0,no_target_event_within_90d
ACC00208,2025-04-30,90,True,1.0,renewed
ACC00208,2025-05-31,90,True,1.0,renewed
ACC00208,2025-06-30,90,True,1.0,renewed
ACC00209,2024-01-31,90,True,0.0,no_target_event_within_90d
ACC00209,2024-02-29,90,True,0.0,no_target_event_within_90d
ACC00209,2024-03-31,90,True,0.0,no_target_event_within_90d
ACC00209,2024-04-30,90,True,0.0,no_target_event_within_90d
ACC00209,2024-05-31,90,True,0.0,no_target_event_within_90d
ACC00209,2024-06-30,90,True,0.0,no_target_event_within_90d
ACC00209,2024-07-31,90,True,0.0,no_target_event_within_90d
ACC00209,2024-08-31,90,True,0.0,no_target_event_within_90d
ACC00209,2024-09-30,90,True,0.0,no_target_event_within_90d
ACC00209,2024-10-31,90,True,0.0,no_target_event_within_90d
ACC00209,2024-11-30,90,True,0.0,no_target_event_within_90d
ACC00209,2024-12-31,90,True,0.0,no_target_event_within_90d
ACC00209,2025-01-31,90,True,0.0,no_target_event_within_90d
ACC00209,2025-02-28,90,True,0.0,no_target_event_within_90d
ACC00209,2025-03-31,90,True,0.0,no_target_event_within_90d
ACC00209,2025-04-30,90,True,0.0,no_target_event_within_90d
ACC00209,2025-05-31,90,True,0.0,no_target_event_within_90d
ACC00209,2025-06-30,90,True,0.0,no_target_event_within_90d
ACC00209,2025-07-31,90,True,1.0,churned_voluntary
ACC00209,2025-08-31,90,True,1.0,churned_voluntary
ACC00210,2024-01-31,90,True,0.0,no_target_event_within_90d
ACC00210,2024-02-29,90,True,0.0,no_target_event_within_90d
ACC00210,2024-03-31,90,True,0.0,no_target_event_within_90d
ACC00210,2024-04-30,90,True,0.0,no_target_event_within_90d
ACC00210,2024-05-31,90,True,0.0,no_target_event_within_90d
ACC00210,2024-06-30,90,True,0.0,no_target_event_within_90d
ACC00210,2024-07-31,90,True,0.0,no_target_event_within_90d
ACC00210,2024-08-31,90,True,0.0,no_target_event_within_90d
ACC00210,2024-09-30,90,True,0.0,no_target_event_within_90d
ACC00210,2024-10-31,90,True,0.0,no_target_event_within_90d
ACC00210,2024-11-30,90,True,0.0,no_target_event_within_90d
ACC00210,2024-12-31,90,True,0.0,no_target_event_within_90d
ACC00210,2025-01-31,90,True,0.0,no_target_event_within_90d
ACC00210,2025-02-28,90,True,0.0,no_target_event_within_90d
ACC00210,2025-03-31,90,True,0.0,no_target_event_within_90d
ACC00210,2025-04-30,90,True,0.0,no_target_event_within_90d
ACC00210,2025-05-31,90,True,0.0,no_target_event_within_90d
ACC00210,2025-06-30,90,True,0.0,no_target_event_within_90d
ACC00210,2025-07-31,90,True,1.0,downgraded
ACC00210,2025-08-31,90,True,1.0,downgraded
ACC00210,2025-09-30,90,True,1.0,downgraded
ACC00211,2024-01-31,90,True,0.0,no_target_event_within_90d
ACC00211,2024-02-29,90,True,0.0,no_target_event_within_90d
ACC00211,2024-03-31,90,True,0.0,no_target_event_within_90d
ACC00211,2024-04-30,90,True,0.0,no_target_event_within_90d
ACC00211,2024-05-31,90,True,0.0,no_target_event_within_90d
ACC00211,2024-06-30,90,True,0.0,no_target_event_within_90d
ACC00211,2024-07-31,90,True,0.0,no_target_event_within_90d
ACC00211,2024-08-31,90,True,0.0,no_target_event_within_90d
ACC00211,2024-09-30,90,True,0.0,no_target_event_within_90d
ACC00211,2024-10-31,90,True,0.0,no_target_event_within_90d
ACC00211,2024-11-30,90,True,0.0,no_target_event_within_90d
ACC00211,2024-12-31,90,True,0.0,no_target_event_within_90d
ACC00211,2025-01-31,90,True,0.0,no_target_event_within_90d
ACC00211,2025-02-28,90,True,0.0,no_target_event_within_90d
ACC00211,2025-03-31,90,True,0.0,no_target_event_within_90d
ACC00211,2025-04-30,90,True,0.0,no_target_event_within_90d
ACC00211,2025-05-31,90,True,0.0,no_target_event_within_90d
ACC00211,2025-06-30,90,True,0.0,no_target_event_within_90d
ACC00211,2025-07-31,90,True,0.0,no_target_event_within_90d
ACC00211,2025-08-31,90,True,0.0,no_target_event_within_90d
ACC00211,2025-09-30,90,True,1.0,renewed
ACC00211,2025-10-31,90,True,1.0,renewed
ACC00211,2025-11-30,90,True,1.0,renewed
ACC00212,2024-01-31,90,True,0.0,no_target_event_within_90d
ACC00212,2024-02-29,90,True,0.0,no_target_event_within_90d
ACC00212,2024-03-31,90,True,0.0,no_target_event_within_90d
ACC00212,2024-04-30,90,True,0.0,no_target_event_within_90d
ACC00212,2024-05-31,90,True,0.0,no_target_event_within_90d
ACC00212,2024-06-30,90,True,0.0,no_target_event_within_90d
ACC00212,2024-07-31,90,True,0.0,no_target_event_within_90d
ACC00212,2024-08-31,90,True,0.0,no_target_event_within_90d
ACC00212,2024-09-30,90,True,0.0,no_target_event_within_90d
ACC00212,2024-10-31,90,True,0.0,no_target_event_within_90d
ACC00212,2024-11-30,90,True,0.0,no_target_event_within_90d
ACC00212,2024-12-31,90,True,0.0,no_target_event_within_90d
ACC00212,2025-01-31,90,True,0.0,no_target_event_within_90d
ACC00212,2025-02-28,90,True,0.0,no_target_event_within_90d
ACC00212,2025-03-31,90,True,0.0,no_target_event_within_90d
ACC00212,2025-04-30,90,True,0.0,no_target_event_within_90d
ACC00212,2025-05-31,90,True,0.0,no_target_event_within_90d
ACC00212,2025-06-30,90,True,0.0,no_target_event_within_90d
ACC00212,2025-07-31,90,True,0.0,no_target_event_within_90d
ACC00212,2025-08-31,90,True,0.0,no_target_event_within_90d
ACC00212,2025-09-30,90,True,0.0,no_target_event_within_90d
ACC00212,2025-10-31,90,True,1.0,renewed
ACC00212,2025-11-30,90,True,1.0,renewed
ACC00212,2025-12-31,90,True,1.0,renewed
ACC00213,2024-01-31,90,True,0.0,no_target_event_within_90d
ACC00213,2024-02-29,90,True,0.0,no_target_event_within_90d
ACC00213,2024-03-31,90,True,0.0,no_target_event_within_90d
ACC00213,2024-04-30,90,True,0.0,no_target_event_within_90d
ACC00213,2024-05-31,90,True,0.0,no_target_event_within_90d
ACC00213,2024-06-30,90,True,0.0,no_target_event_within_90d
ACC00213,2024-07-31,90,True,0.0,no_target_event_within_90d
ACC00213,2024-08-31,90,True,0.0,no_target_event_within_90d
ACC00213,2024-09-30,90,True,0.0,no_target_event_within_90d
ACC00213,2024-10-31,90,True,1.0,renewed
ACC00213,2024-11-30,90,True,1.0,renewed
ACC00214,2024-01-31,90,True,0.0,no_target_event_within_90d
ACC00214,2024-02-29,90,True,0.0,no_target_event_within_90d
ACC00214,2024-03-31,90,True,0.0,no_target_event_within_90d
ACC00214,2024-04-30,90,True,0.0,no_target_event_within_90d
ACC00214,2024-05-31,90,True,0.0,no_target_event_within_90d
ACC00214,2024-06-30,90,True,0.0,no_target_event_within_90d
ACC00214,2024-07-31,90,True,0.0,no_target_event_within_90d
ACC00214,2024-08-31,90,True,1.0,renewed
ACC00214,2024-09-30,90,True,1.0,renewed
ACC00214,2024-10-31,90,True,1.0,renewed
ACC00215,2024-01-31,90,True,0.0,no_target_event_within_90d
ACC00215,2024-02-29,90,True,0.0,no_target_event_within_90d
ACC00215,2024-03-31,90,True,0.0,no_target_event_within_90d
ACC00215,2024-04-30,90,True,0.0,no_target_event_within_90d
ACC00215,2024-05-31,90,True,0.0,no_target_event_within_90d
ACC00215,2024-06-30,90,True,0.0,no_target_event_within_90d
ACC00215,2024-07-31,90,True,0.0,no_target_event_within_90d
ACC00215,2024-08-31,90,True,0.0,no_target_event_within_90d
ACC00215,2024-09-30,90,True,0.0,no_target_event_within_90d
ACC00215,2024-10-31,90,True,0.0,no_target_event_within_90d
ACC00215,2024-11-30,90,True,0.0,no_target_event_within_90d
ACC00215,2024-12-31,90,True,0.0,no_target_event_within_90d
ACC00215,2025-01-31,90,True,0.0,no_target_event_within_90d
ACC00215,2025-02-28,90,True,0.0,no_target_event_within_90d
ACC00215,2025-03-31,90,True,0.0,no_target_event_within_90d
ACC00215,2025-04-30,90,True,0.0,no_target_event_within_90d
ACC00215,2025-05-31,90,True,0.0,no_target_event_within_90d
ACC00215,2025-06-30,90,True,1.0,renewed
ACC00215,2025-07-31,90,True,1.0,renewed
ACC00215,2025-08-31,90,True,1.0,renewed
ACC00216,2024-01-31,90,True,0.0,no_target_event_within_90d
ACC00216,2024-02-29,90,True,0.0,no_target_event_within_90d
ACC00216,2024-03-31,90,True,0.0,no_target_event_within_90d
ACC00216,2024-04-30,90,True,0.0,no_target_event_within_90d
ACC00216,2024-05-31,90,True,0.0,no_target_event_within_90d
ACC00216,2024-06-30,90,True,0.0,no_target_event_within_90d
ACC00216,2024-07-31,90,True,0.0,no_target_event_within_90d
ACC00216,2024-08-31,90,True,0.0,no_target_event_within_90d
ACC00216,2024-09-30,90,True,0.0,no_target_event_within_90d
ACC00216,2024-10-31,90,True,0.0,no_target_event_within_90d
ACC00216,2024-11-30,90,True,0.0,no_target_event_within_90d
ACC00216,2024-12-31,90,True,0.0,no_target_event_within_90d
ACC00216,2025-01-31,90,True,0.0,no_target_event_within_90d
ACC00216,2025-02-28,90,True,0.0,no_target_event_within_90d
ACC00216,2025-03-31,90,True,0.0,no_target_event_within_90d
ACC00216,2025-04-30,90,True,0.0,no_target_event_within_90d
ACC00216,2025-05-31,90,True,0.0,no_target_event_within_90d
ACC00216,2025-06-30,90,True,0.0,no_target_event_within_90d
ACC00216,2025-07-31,90,True,0.0,no_target_event_within_90d
ACC00216,2025-08-31,90,True,0.0,no_target_event_within_90d
ACC00216,2025-09-30,90,True,1.0,renewed
ACC00216,2025-10-31,90,True,1.0,renewed
ACC00216,2025-11-30,90,True,1.0,renewed
ACC00217,2024-01-31,90,True,0.0,no_target_event_within_90d
ACC00217,2024-02-29,90,True,0.0,no_target_event_within_90d
ACC00217,2024-03-31,90,True,0.0,no_target_event_within_90d
ACC00217,2024-04-30,90,True,0.0,no_target_event_within_90d
ACC00217,2024-05-31,90,True,0.0,no_target_event_within_90d
ACC00217,2024-06-30,90,True,0.0,no_target_event_within_90d
ACC00217,2024-07-31,90,True,1.0,renewed
ACC00217,2024-08-31,90,True,1.0,renewed
ACC00217,2024-09-30,90,True,1.0,renewed
ACC00218,2024-01-31,90,True,0.0,no_target_event_within_90d
ACC00218,2024-02-29,90,True,0.0,no_target_event_within_90d
ACC00218,2024-03-31,90,True,0.0,no_target_event_within_90d
ACC00218,2024-04-30,90,True,0.0,no_target_event_within_90d
ACC00218,2024-05-31,90,True,0.0,no_target_event_within_90d
ACC00218,2024-06-30,90,True,0.0,no_target_event_within_90d
ACC00218,2024-07-31,90,True,0.0,no_target_event_within_90d
ACC00218,2024-08-31,90,True,0.0,no_target_event_within_90d
ACC00218,2024-09-30,90,True,0.0,no_target_event_within_90d
ACC00218,2024-10-31,90,True,0.0,no_target_event_within_90d
ACC00218,2024-11-30,90,True,0.0,no_target_event_within_90d
ACC00218,2024-12-31,90,True,0.0,no_target_event_within_90d
ACC00218,2025-01-31,90,True,0.0,no_target_event_within_90d
ACC00218,2025-02-28,90,True,0.0,no_target_event_within_90d
ACC00218,2025-03-31,90,True,0.0,no_target_event_within_90d
ACC00218,2025-04-30,90,True,0.0,no_target_event_within_90d
ACC00218,2025-05-31,90,True,0.0,no_target_event_within_90d
ACC00218,2025-06-30,90,True,1.0,renewed
ACC00218,2025-07-31,90,True,1.0,renewed
ACC00218,2025-08-31,90,True,1.0,renewed
ACC00219,2024-01-31,90,True,0.0,no_target_event_within_90d
ACC00219,2024-02-29,90,True,0.0,no_target_event_within_90d
ACC00219,2024-03-31,90,True,0.0,no_target_event_within_90d
ACC00219,2024-04-30,90,True,0.0,no_target_event_within_90d
ACC00219,2024-05-31,90,True,0.0,no_target_event_within_90d
ACC00219,2024-06-30,90,True,0.0,no_target_event_within_90d
ACC00219,2024-07-31,90,True,0.0,no_target_event_within_90d
ACC00219,2024-08-31,90,True,0.0,no_target_event_within_90d
ACC00219,2024-09-30,90,True,0.0,no_target_event_within_90d
ACC00219,2024-10-31,90,True,1.0,renewed
ACC00219,2024-11-30,90,True,1.0,renewed
ACC00219,2024-12-31,90,True,1.0,renewed
ACC00220,2024-01-31,90,True,,censored
ACC00220,2024-02-29,90,True,,censored
ACC00220,2024-03-31,90,True,,censored
ACC00220,2024-04-30,90,True,,censored
ACC00220,2024-05-31,90,True,,censored
ACC00220,2024-06-30,90,True,,censored
ACC00220,2024-07-31,90,True,,censored
ACC00220,2024-08-31,90,True,,censored
ACC00220,2024-09-30,90,True,,censored
ACC00220,2024-10-31,90,True,,censored
ACC00220,2024-11-30,90,True,,censored
ACC00220,2024-12-31,90,True,,censored
ACC00220,2025-01-31,90,True,,censored
ACC00220,2025-02-28,90,True,,censored
ACC00220,2025-03-31,90,True,,censored
ACC00220,2025-04-30,90,True,,censored
ACC00220,2025-05-31,90,True,,censored
ACC00220,2025-06-30,90,True,,censored
ACC00220,2025-07-31,90,True,,censored
ACC00220,2025-08-31,90,True,,censored
ACC00220,2025-09-30,90,True,,censored
ACC00220,2025-10-31,90,True,,censored
ACC00220,2025-11-30,90,True,,censored
ACC00220,2025-12-31,90,True,,censored
ACC00221,2024-01-31,90,True,0.0,no_target_event_within_90d
ACC00221,2024-02-29,90,True,0.0,no_target_event_within_90d
ACC00221,2024-03-31,90,True,0.0,no_target_event_within_90d
ACC00221,2024-04-30,90,True,0.0,no_target_event_within_90d
ACC00221,2024-05-31,90,True,0.0,no_target_event_within_90d
ACC00221,2024-06-30,90,True,0.0,no_target_event_within_90d
ACC00221,2024-07-31,90,True,0.0,no_target_event_within_90d
ACC00221,2024-08-31,90,True,0.0,no_target_event_within_90d
ACC00221,2024-09-30,90,True,0.0,no_target_event_within_90d
ACC00221,2024-10-31,90,True,0.0,no_target_event_within_90d
ACC00221,2024-11-30,90,True,0.0,no_target_event_within_90d
ACC00221,2024-12-31,90,True,0.0,no_target_event_within_90d
ACC00221,2025-01-31,90,True,0.0,no_target_event_within_90d
ACC00221,2025-02-28,90,True,0.0,no_target_event_within_90d
ACC00221,2025-03-31,90,True,0.0,no_target_event_within_90d
ACC00221,2025-04-30,90,True,0.0,no_target_event_within_90d
ACC00221,2025-05-31,90,True,0.0,no_target_event_within_90d
ACC00221,2025-06-30,90,True,0.0,no_target_event_within_90d
ACC00221,2025-07-31,90,True,1.0,renewed
ACC00221,2025-08-31,90,True,1.0,renewed
ACC00221,2025-09-30,90,True,1.0,renewed
ACC00222,2024-01-31,90,True,0.0,no_target_event_within_90d
ACC00222,2024-02-29,90,True,0.0,no_target_event_within_90d
ACC00222,2024-03-31,90,True,0.0,no_target_event_within_90d
ACC00222,2024-04-30,90,True,0.0,no_target_event_within_90d
ACC00222,2024-05-31,90,True,0.0,no_target_event_within_90d
ACC00222,2024-06-30,90,True,0.0,no_target_event_within_90d
ACC00222,2024-07-31,90,True,0.0,no_target_event_within_90d
ACC00222,2024-08-31,90,True,0.0,no_target_event_within_90d
ACC00222,2024-09-30,90,True,0.0,no_target_event_within_90d
ACC00222,2024-10-31,90,True,0.0,no_target_event_within_90d
ACC00222,2024-11-30,90,True,0.0,no_target_event_within_90d
ACC00222,2024-12-31,90,True,0.0,no_target_event_within_90d
ACC00222,2025-01-31,90,True,0.0,no_target_event_within_90d
ACC00222,2025-02-28,90,True,0.0,no_target_event_within_90d
ACC00222,2025-03-31,90,True,0.0,no_target_event_within_90d
ACC00222,2025-04-30,90,True,0.0,no_target_event_within_90d
ACC00222,2025-05-31,90,True,0.0,no_target_event_within_90d
ACC00222,2025-06-30,90,True,0.0,no_target_event_within_90d
ACC00222,2025-07-31,90,True,0.0,no_target_event_within_90d
ACC00222,2025-08-31,90,True,0.0,no_target_event_within_90d
ACC00222,2025-09-30,90,True,1.0,renewed
ACC00222,2025-10-31,90,True,1.0,renewed
ACC00222,2025-11-30,90,True,1.0,renewed
ACC00223,2024-01-31,90,True,0.0,no_target_event_within_90d
ACC00223,2024-02-29,90,True,0.0,no_target_event_within_90d
ACC00223,2024-03-31,90,True,0.0,no_target_event_within_90d
ACC00223,2024-04-30,90,True,0.0,no_target_event_within_90d
ACC00223,2024-05-31,90,True,0.0,no_target_event_within_90d
ACC00223,2024-06-30,90,True,0.0,no_target_event_within_90d
ACC00223,2024-07-31,90,True,0.0,no_target_event_within_90d
ACC00223,2024-08-31,90,True,0.0,no_target_event_within_90d
ACC00223,2024-09-30,90,True,0.0,no_target_event_within_90d
ACC00223,2024-10-31,90,True,0.0,no_target_event_within_90d
ACC00223,2024-11-30,90,True,0.0,no_target_event_within_90d
ACC00223,2024-12-31,90,True,0.0,no_target_event_within_90d
ACC00223,2025-01-31,90,True,0.0,no_target_event_within_90d
ACC00223,2025-02-28,90,True,1.0,churned_nonpayment
ACC00223,2025-03-31,90,True,1.0,churned_nonpayment
ACC00223,2025-04-30,90,True,1.0,churned_nonpayment
ACC00224,2024-01-31,90,True,0.0,no_target_event_within_90d
ACC00224,2024-02-29,90,True,0.0,no_target_event_within_90d
ACC00224,2024-03-31,90,True,0.0,no_target_event_within_90d
ACC00224,2024-04-30,90,True,0.0,no_target_event_within_90d
ACC00224,2024-05-31,90,True,0.0,no_target_event_within_90d
ACC00224,2024-06-30,90,True,0.0,no_target_event_within_90d
ACC00224,2024-07-31,90,True,0.0,no_target_event_within_90d
ACC00224,2024-08-31,90,True,0.0,no_target_event_within_90d
ACC00224,2024-09-30,90,True,0.0,no_target_event_within_90d
ACC00224,2024-10-31,90,True,0.0,no_target_event_within_90d
ACC00224,2024-11-30,90,True,0.0,no_target_event_within_90d
ACC00224,2024-12-31,90,True,0.0,no_target_event_within_90d
ACC00224,2025-01-31,90,True,0.0,no_target_event_within_90d
ACC00224,2025-02-28,90,True,0.0,no_target_event_within_90d
ACC00224,2025-03-31,90,True,0.0,no_target_event_within_90d
ACC00224,2025-04-30,90,True,0.0,no_target_event_within_90d
ACC00224,2025-05-31,90,True,0.0,no_target_event_within_90d
ACC00224,2025-06-30,90,True,0.0,no_target_event_within_90d
ACC00224,2025-07-31,90,True,0.0,no_target_event_within_90d
ACC00224,2025-08-31,90,True,0.0,no_target_event_within_90d
ACC00224,2025-09-30,90,True,1.0,renewed
ACC00224,2025-10-31,90,True,1.0,renewed
ACC00224,2025-11-30,90,True,1.0,renewed
ACC00225,2024-01-31,90,True,0.0,no_target_event_within_90d
ACC00225,2024-02-29,90,True,0.0,no_target_event_within_90d
ACC00225,2024-03-31,90,True,0.0,no_target_event_within_90d
ACC00225,2024-04-30,90,True,0.0,no_target_event_within_90d
ACC00225,2024-05-31,90,True,0.0,no_target_event_within_90d
ACC00225,2024-06-30,90,True,0.0,no_target_event_within_90d
ACC00225,2024-07-31,90,True,0.0,no_target_event_within_90d
ACC00225,2024-08-31,90,True,0.0,no_target_event_within_90d
ACC00225,2024-09-30,90,True,0.0,no_target_event_within_90d
ACC00225,2024-10-31,90,True,0.0,no_target_event_within_90d
ACC00225,2024-11-30,90,True,0.0,no_target_event_within_90d
ACC00225,2024-12-31,90,True,0.0,no_target_event_within_90d
ACC00225,2025-01-31,90,True,0.0,no_target_event_within_90d
ACC00225,2025-02-28,90,True,0.0,no_target_event_within_90d
ACC00225,2025-03-31,90,True,0.0,no_target_event_within_90d
ACC00225,2025-04-30,90,True,0.0,no_target_event_within_90d
ACC00225,2025-05-31,90,True,0.0,no_target_event_within_90d
ACC00225,2025-06-30,90,True,0.0,no_target_event_within_90d
ACC00225,2025-07-31,90,True,0.0,no_target_event_within_90d
ACC00225,2025-08-31,90,True,1.0,renewed
ACC00225,2025-09-30,90,True,1.0,renewed
ACC00226,2024-01-31,90,True,0.0,no_target_event_within_90d
ACC00226,2024-02-29,90,True,0.0,no_target_event_within_90d
ACC00226,2024-03-31,90,True,0.0,no_target_event_within_90d
ACC00226,2024-04-30,90,True,0.0,no_target_event_within_90d
ACC00226,2024-05-31,90,True,0.0,no_target_event_within_90d
ACC00226,2024-06-30,90,True,0.0,no_target_event_within_90d
ACC00226,2024-07-31,90,True,1.0,renewed
ACC00226,2024-08-31,90,True,1.0,renewed
ACC00226,2024-09-30,90,True,1.0,renewed
ACC00227,2024-01-31,90,True,,censored
ACC00227,2024-02-29,90,True,,censored
ACC00227,2024-03-31,90,True,,censored
ACC00227,2024-04-30,90,True,,censored
ACC00227,2024-05-31,90,True,,censored
ACC00227,2024-06-30,90,True,,censored
ACC00227,2024-07-31,90,True,,censored
ACC00227,2024-08-31,90,True,,censored
ACC00227,2024-09-30,90,True,,censored
ACC00227,2024-10-31,90,True,,censored
ACC00227,2024-11-30,90,True,,censored
ACC00227,2024-12-31,90,True,,censored
ACC00227,2025-01-31,90,True,,censored
ACC00227,2025-02-28,90,True,,censored
ACC00227,2025-03-31,90,True,,censored
ACC00227,2025-04-30,90,True,,censored
ACC00227,2025-05-31,90,True,,censored
ACC00227,2025-06-30,90,True,,censored
ACC00227,2025-07-31,90,True,,censored
ACC00227,2025-08-31,90,True,,censored
ACC00227,2025-09-30,90,True,,censored
ACC00227,2025-10-31,90,True,,censored
ACC00227,2025-11-30,90,True,,censored
ACC00227,2025-12-31,90,True,,censored
ACC00228,2024-01-31,90,True,0.0,no_target_event_within_90d
ACC00228,2024-02-29,90,True,0.0,no_target_event_within_90d
ACC00228,2024-03-31,90,True,0.0,no_target_event_within_90d
ACC00228,2024-04-30,90,True,0.0,no_target_event_within_90d
ACC00228,2024-05-31,90,True,0.0,no_target_event_within_90d
ACC00228,2024-06-30,90,True,1.0,renewed
ACC00228,2024-07-31,90,True,1.0,renewed
ACC00228,2024-08-31,90,True,1.0,renewed
ACC00229,2024-01-31,90,True,,censored
ACC00229,2024-02-29,90,True,,censored
ACC00229,2024-03-31,90,True,,censored
ACC00229,2024-04-30,90,True,,censored
ACC00229,2024-05-31,90,True,,censored
ACC00229,2024-06-30,90,True,,censored
ACC00229,2024-07-31,90,True,,censored
ACC00229,2024-08-31,90,True,,censored
ACC00229,2024-09-30,90,True,,censored
ACC00229,2024-10-31,90,True,,censored
ACC00229,2024-11-30,90,True,,censored
ACC00229,2024-12-31,90,True,,censored
ACC00229,2025-01-31,90,True,,censored
ACC00229,2025-02-28,90,True,,censored
ACC00229,2025-03-31,90,True,,censored
ACC00229,2025-04-30,90,True,,censored
ACC00229,2025-05-31,90,True,,censored
ACC00229,2025-06-30,90,True,,censored
ACC00229,2025-07-31,90,True,,censored
ACC00229,2025-08-31,90,True,,censored
ACC00229,2025-09-30,90,True,,censored
ACC00229,2025-10-31,90,True,,censored
ACC00229,2025-11-30,90,True,,censored
ACC00229,2025-12-31,90,True,,censored
ACC00230,2024-01-31,90,True,0.0,no_target_event_within_90d
ACC00230,2024-02-29,90,True,0.0,no_target_event_within_90d
ACC00230,2024-03-31,90,True,0.0,no_target_event_within_90d
ACC00230,2024-04-30,90,True,0.0,no_target_event_within_90d
ACC00230,2024-05-31,90,True,0.0,no_target_event_within_90d
ACC00230,2024-06-30,90,True,0.0,no_target_event_within_90d
ACC00230,2024-07-31,90,True,0.0,no_target_event_within_90d
ACC00230,2024-08-31,90,True,0.0,no_target_event_within_90d
ACC00230,2024-09-30,90,True,0.0,no_target_event_within_90d
ACC00230,2024-10-31,90,True,0.0,no_target_event_within_90d
ACC00230,2024-11-30,90,True,0.0,no_target_event_within_90d
ACC00230,2024-12-31,90,True,0.0,no_target_event_within_90d
ACC00230,2025-01-31,90,True,0.0,no_target_event_within_90d
ACC00230,2025-02-28,90,True,0.0,no_target_event_within_90d
ACC00230,2025-03-31,90,True,0.0,no_target_event_within_90d
ACC00230,2025-04-30,90,True,0.0,no_target_event_within_90d
ACC00230,2025-05-31,90,True,0.0,no_target_event_within_90d
ACC00230,2025-06-30,90,True,0.0,no_target_event_within_90d
ACC00230,2025-07-31,90,True,0.0,no_target_event_within_90d
ACC00230,2025-08-31,90,True,0.0,no_target_event_within_90d
ACC00230,2025-09-30,90,True,0.0,no_target_event_within_90d
ACC00230,2025-10-31,90,True,1.0,renewed
ACC00230,2025-11-30,90,True,1.0,renewed
ACC00230,2025-12-31,90,True,1.0,renewed
ACC00231,2024-01-31,90,True,,censored
ACC00231,2024-02-29,90,True,,censored
ACC00231,2024-03-31,90,True,,censored
ACC00231,2024-04-30,90,True,,censored
ACC00231,2024-05-31,90,True,,censored
ACC00231,2024-06-30,90,True,,censored
ACC00231,2024-07-31,90,True,,censored
ACC00231,2024-08-31,90,True,,censored
ACC00231,2024-09-30,90,True,,censored
ACC00231,2024-10-31,90,True,,censored
ACC00231,2024-11-30,90,True,,censored
ACC00231,2024-12-31,90,True,,censored
ACC00231,2025-01-31,90,True,,censored
ACC00231,2025-02-28,90,True,,censored
ACC00231,2025-03-31,90,True,,censored
ACC00231,2025-04-30,90,True,,censored
ACC00231,2025-05-31,90,True,,censored
ACC00231,2025-06-30,90,True,,censored
ACC00231,2025-07-31,90,True,,censored
ACC00231,2025-08-31,90,True,,censored
ACC00231,2025-09-30,90,True,,censored
ACC00231,2025-10-31,90,True,,censored
ACC00231,2025-11-30,90,True,,censored
ACC00231,2025-12-31,90,True,,censored
ACC00232,2024-01-31,90,True,0.0,no_target_event_within_90d
ACC00232,2024-02-29,90,True,0.0,no_target_event_within_90d
ACC00232,2024-03-31,90,True,0.0,no_target_event_within_90d
ACC00232,2024-04-30,90,True,0.0,no_target_event_within_90d
ACC00232,2024-05-31,90,True,0.0,no_target_event_within_90d
ACC00232,2024-06-30,90,True,0.0,no_target_event_within_90d
ACC00232,2024-07-31,90,True,0.0,no_target_event_within_90d
ACC00232,2024-08-31,90,True,1.0,renewed
ACC00232,2024-09-30,90,True,1.0,renewed
ACC00232,2024-10-31,90,True,1.0,renewed
ACC00233,2024-01-31,90,True,0.0,no_target_event_within_90d
ACC00233,2024-02-29,90,True,0.0,no_target_event_within_90d
ACC00233,2024-03-31,90,True,0.0,no_target_event_within_90d
ACC00233,2024-04-30,90,True,0.0,no_target_event_within_90d
ACC00233,2024-05-31,90,True,0.0,no_target_event_within_90d
ACC00233,2024-06-30,90,True,0.0,no_target_event_within_90d
ACC00233,2024-07-31,90,True,0.0,no_target_event_within_90d
ACC00233,2024-08-31,90,True,0.0,no_target_event_within_90d
ACC00233,2024-09-30,90,True,0.0,no_target_event_within_90d
ACC00233,2024-10-31,90,True,0.0,no_target_event_within_90d
ACC00233,2024-11-30,90,True,0.0,no_target_event_within_90d
ACC00233,2024-12-31,90,True,0.0,no_target_event_within_90d
ACC00233,2025-01-31,90,True,0.0,no_target_event_within_90d
ACC00233,2025-02-28,90,True,0.0,no_target_event_within_90d
ACC00233,2025-03-31,90,True,0.0,no_target_event_within_90d
ACC00233,2025-04-30,90,True,0.0,no_target_event_within_90d
ACC00233,2025-05-31,90,True,0.0,no_target_event_within_90d
ACC00233,2025-06-30,90,True,0.0,no_target_event_within_90d
ACC00233,2025-07-31,90,True,1.0,renewed
ACC00233,2025-08-31,90,True,1.0,renewed
ACC00233,2025-09-30,90,True,1.0,renewed
ACC00234,2024-01-31,90,True,0.0,no_target_event_within_90d
ACC00234,2024-02-29,90,True,0.0,no_target_event_within_90d
ACC00234,2024-03-31,90,True,0.0,no_target_event_within_90d
ACC00234,2024-04-30,90,True,0.0,no_target_event_within_90d
ACC00234,2024-05-31,90,True,0.0,no_target_event_within_90d
ACC00234,2024-06-30,90,True,0.0,no_target_event_within_90d
ACC00234,2024-07-31,90,True,0.0,no_target_event_within_90d
ACC00234,2024-08-31,90,True,0.0,no_target_event_within_90d
ACC00234,2024-09-30,90,True,1.0,renewed
ACC00234,2024-10-31,90,True,1.0,renewed
ACC00235,2024-01-31,90,True,0.0,no_target_event_within_90d
ACC00235,2024-02-29,90,True,0.0,no_target_event_within_90d
ACC00235,2024-03-31,90,True,0.0,no_target_event_within_90d
ACC00235,2024-04-30,90,True,0.0,no_target_event_within_90d
ACC00235,2024-05-31,90,True,0.0,no_target_event_within_90d
ACC00235,2024-06-30,90,True,1.0,renewed
ACC00235,2024-07-31,90,True,1.0,renewed
ACC00235,2024-08-31,90,True,1.0,renewed
ACC00236,2024-01-31,90,True,0.0,no_target_event_within_90d
ACC00236,2024-02-29,90,True,0.0,no_target_event_within_90d
ACC00236,2024-03-31,90,True,0.0,no_target_event_within_90d
ACC00236,2024-04-30,90,True,0.0,no_target_event_within_90d
ACC00236,2024-05-31,90,True,0.0,no_target_event_within_90d
ACC00236,2024-06-30,90,True,0.0,no_target_event_within_90d
ACC00236,2024-07-31,90,True,0.0,no_target_event_within_90d
ACC00236,2024-08-31,90,True,0.0,no_target_event_within_90d
ACC00236,2024-09-30,90,True,0.0,no_target_event_within_90d
ACC00236,2024-10-31,90,True,0.0,no_target_event_within_90d
ACC00236,2024-11-30,90,True,0.0,no_target_event_within_90d
ACC00236,2024-12-31,90,True,0.0,no_target_event_within_90d
ACC00236,2025-01-31,90,True,0.0,no_target_event_within_90d
ACC00236,2025-02-28,90,True,0.0,no_target_event_within_90d
ACC00236,2025-03-31,90,True,0.0,no_target_event_within_90d
ACC00236,2025-04-30,90,True,1.0,renewed
ACC00236,2025-05-31,90,True,1.0,renewed
ACC00236,2025-06-30,90,True,1.0,renewed
ACC00237,2024-01-31,90,True,0.0,no_target_event_within_90d
ACC00237,2024-02-29,90,True,0.0,no_target_event_within_90d
ACC00237,2024-03-31,90,True,0.0,no_target_event_within_90d
ACC00237,2024-04-30,90,True,0.0,no_target_event_within_90d
ACC00237,2024-05-31,90,True,0.0,no_target_event_within_90d
ACC00237,2024-06-30,90,True,1.0,renewed
ACC00237,2024-07-31,90,True,1.0,renewed
ACC00237,2024-08-31,90,True,1.0,renewed
ACC00238,2024-01-31,90,True,0.0,no_target_event_within_90d
ACC00238,2024-02-29,90,True,0.0,no_target_event_within_90d
ACC00238,2024-03-31,90,True,0.0,no_target_event_within_90d
ACC00238,2024-04-30,90,True,0.0,no_target_event_within_90d
ACC00238,2024-05-31,90,True,0.0,no_target_event_within_90d
ACC00238,2024-06-30,90,True,0.0,no_target_event_within_90d
ACC00238,2024-07-31,90,True,0.0,no_target_event_within_90d
ACC00238,2024-08-31,90,True,0.0,no_target_event_within_90d
ACC00238,2024-09-30,90,True,0.0,no_target_event_within_90d
ACC00238,2024-10-31,90,True,0.0,no_target_event_within_90d
ACC00238,2024-11-30,90,True,0.0,no_target_event_within_90d
ACC00238,2024-12-31,90,True,0.0,no_target_event_within_90d
ACC00238,2025-01-31,90,True,0.0,no_target_event_within_90d
ACC00238,2025-02-28,90,True,0.0,no_target_event_within_90d
ACC00238,2025-03-31,90,True,0.0,no_target_event_within_90d
ACC00238,2025-04-30,90,True,0.0,no_target_event_within_90d
ACC00238,2025-05-31,90,True,0.0,no_target_event_within_90d
ACC00238,2025-06-30,90,True,0.0,no_target_event_within_90d
ACC00238,2025-07-31,90,True,0.0,no_target_event_within_90d
ACC00238,2025-08-31,90,True,1.0,churned_voluntary
ACC00238,2025-09-30,90,True,1.0,churned_voluntary
ACC00238,2025-10-31,90,True,1.0,churned_voluntary
ACC00239,2024-01-31,90,True,0.0,no_target_event_within_90d
ACC00239,2024-02-29,90,True,0.0,no_target_event_within_90d
ACC00239,2024-03-31,90,True,0.0,no_target_event_within_90d
ACC00239,2024-04-30,90,True,0.0,no_target_event_within_90d
ACC00239,2024-05-31,90,True,0.0,no_target_event_within_90d
ACC00239,2024-06-30,90,True,0.0,no_target_event_within_90d
ACC00239,2024-07-31,90,True,0.0,no_target_event_within_90d
ACC00239,2024-08-31,90,True,0.0,no_target_event_within_90d
ACC00239,2024-09-30,90,True,0.0,no_target_event_within_90d
ACC00239,2024-10-31,90,True,1.0,renewed
ACC00239,2024-11-30,90,True,1.0,renewed
ACC00239,2024-12-31,90,True,1.0,renewed
ACC00240,2024-01-31,90,True,0.0,no_target_event_within_90d
ACC00240,2024-02-29,90,True,0.0,no_target_event_within_90d
ACC00240,2024-03-31,90,True,0.0,no_target_event_within_90d
ACC00240,2024-04-30,90,True,0.0,no_target_event_within_90d
ACC00240,2024-05-31,90,True,0.0,no_target_event_within_90d
ACC00240,2024-06-30,90,True,0.0,no_target_event_within_90d
ACC00240,2024-07-31,90,True,0.0,no_target_event_within_90d
ACC00240,2024-08-31,90,True,1.0,renewed
ACC00240,2024-09-30,90,True,1.0,renewed
ACC00240,2024-10-31,90,True,1.0,renewed
ACC00241,2024-01-31,90,True,,censored
ACC00241,2024-02-29,90,True,,censored
ACC00241,2024-03-31,90,True,,censored
ACC00241,2024-04-30,90,True,,censored
ACC00241,2024-05-31,90,True,,censored
ACC00241,2024-06-30,90,True,,censored
ACC00241,2024-07-31,90,True,,censored
ACC00241,2024-08-31,90,True,,censored
ACC00241,2024-09-30,90,True,,censored
ACC00241,2024-10-31,90,True,,censored
ACC00241,2024-11-30,90,True,,censored
ACC00241,2024-12-31,90,True,,censored
ACC00241,2025-01-31,90,True,,censored
ACC00241,2025-02-28,90,True,,censored
ACC00241,2025-03-31,90,True,,censored
ACC00241,2025-04-30,90,True,,censored
ACC00241,2025-05-31,90,True,,censored
ACC00241,2025-06-30,90,True,,censored
ACC00241,2025-07-31,90,True,,censored
ACC00241,2025-08-31,90,True,,censored
ACC00241,2025-09-30,90,True,,censored
ACC00241,2025-10-31,90,True,,censored
ACC00241,2025-11-30,90,True,,censored
ACC00241,2025-12-31,90,True,,censored
ACC00242,2024-01-31,90,True,,censored
ACC00242,2024-02-29,90,True,,censored
ACC00242,2024-03-31,90,True,,censored
ACC00242,2024-04-30,90,True,,censored
ACC00242,2024-05-31,90,True,,censored
ACC00242,2024-06-30,90,True,,censored
ACC00242,2024-07-31,90,True,,censored
ACC00242,2024-08-31,90,True,,censored
ACC00242,2024-09-30,90,True,,censored
ACC00242,2024-10-31,90,True,,censored
ACC00242,2024-11-30,90,True,,censored
ACC00242,2024-12-31,90,True,,censored
ACC00242,2025-01-31,90,True,,censored
ACC00242,2025-02-28,90,True,,censored
ACC00242,2025-03-31,90,True,,censored
ACC00242,2025-04-30,90,True,,censored
ACC00242,2025-05-31,90,True,,censored
ACC00242,2025-06-30,90,True,,censored
ACC00242,2025-07-31,90,True,,censored
ACC00242,2025-08-31,90,True,,censored
ACC00242,2025-09-30,90,True,,censored
ACC00242,2025-10-31,90,True,,censored
ACC00242,2025-11-30,90,True,,censored
ACC00242,2025-12-31,90,True,,censored
ACC00243,2024-01-31,90,True,,censored
ACC00243,2024-02-29,90,True,,censored
ACC00243,2024-03-31,90,True,,censored
ACC00243,2024-04-30,90,True,,censored
ACC00243,2024-05-31,90,True,,censored
ACC00243,2024-06-30,90,True,,censored
ACC00243,2024-07-31,90,True,,censored
ACC00243,2024-08-31,90,True,,censored
ACC00243,2024-09-30,90,True,,censored
ACC00243,2024-10-31,90,True,,censored
ACC00243,2024-11-30,90,True,,censored
ACC00243,2024-12-31,90,True,,censored
ACC00243,2025-01-31,90,True,,censored
ACC00243,2025-02-28,90,True,,censored
ACC00243,2025-03-31,90,True,,censored
ACC00243,2025-04-30,90,True,,censored
ACC00243,2025-05-31,90,True,,censored
ACC00243,2025-06-30,90,True,,censored
ACC00243,2025-07-31,90,True,,censored
ACC00243,2025-08-31,90,True,,censored
ACC00243,2025-09-30,90,True,,censored
ACC00243,2025-10-31,90,True,,censored
ACC00243,2025-11-30,90,True,,censored
ACC00243,2025-12-31,90,True,,censored
ACC00244,2024-01-31,90,True,0.0,no_target_event_within_90d
ACC00244,2024-02-29,90,True,0.0,no_target_event_within_90d
ACC00244,2024-03-31,90,True,0.0,no_target_event_within_90d
ACC00244,2024-04-30,90,True,0.0,no_target_event_within_90d
ACC00244,2024-05-31,90,True,0.0,no_target_event_within_90d
ACC00244,2024-06-30,90,True,0.0,no_target_event_within_90d
ACC00244,2024-07-31,90,True,0.0,no_target_event_within_90d
ACC00244,2024-08-31,90,True,0.0,no_target_event_within_90d
ACC00244,2024-09-30,90,True,0.0,no_target_event_within_90d
ACC00244,2024-10-31,90,True,1.0,renewed
ACC00244,2024-11-30,90,True,1.0,renewed
ACC00244,2024-12-31,90,True,1.0,renewed
ACC00245,2024-01-31,90,True,0.0,no_target_event_within_90d
ACC00245,2024-02-29,90,True,0.0,no_target_event_within_90d
ACC00245,2024-03-31,90,True,0.0,no_target_event_within_90d
ACC00245,2024-04-30,90,True,0.0,no_target_event_within_90d
ACC00245,2024-05-31,90,True,0.0,no_target_event_within_90d
ACC00245,2024-06-30,90,True,0.0,no_target_event_within_90d
ACC00245,2024-07-31,90,True,0.0,no_target_event_within_90d
ACC00245,2024-08-31,90,True,0.0,no_target_event_within_90d
ACC00245,2024-09-30,90,True,0.0,no_target_event_within_90d
ACC00245,2024-10-31,90,True,0.0,no_target_event_within_90d
ACC00245,2024-11-30,90,True,1.0,churned_voluntary
ACC00245,2024-12-31,90,True,1.0,churned_voluntary
ACC00245,2025-01-31,90,True,1.0,churned_voluntary
ACC00246,2024-01-31,90,True,,censored
ACC00246,2024-02-29,90,True,,censored
ACC00246,2024-03-31,90,True,,censored
ACC00246,2024-04-30,90,True,,censored
ACC00246,2024-05-31,90,True,,censored
ACC00246,2024-06-30,90,True,,censored
ACC00246,2024-07-31,90,True,,censored
ACC00246,2024-08-31,90,True,,censored
ACC00246,2024-09-30,90,True,,censored
ACC00246,2024-10-31,90,True,,censored
ACC00246,2024-11-30,90,True,,censored
ACC00246,2024-12-31,90,True,,censored
ACC00246,2025-01-31,90,True,,censored
ACC00246,2025-02-28,90,True,,censored
ACC00246,2025-03-31,90,True,,censored
ACC00246,2025-04-30,90,True,,censored
ACC00246,2025-05-31,90,True,,censored
ACC00246,2025-06-30,90,True,,censored
ACC00246,2025-07-31,90,True,,censored
ACC00246,2025-08-31,90,True,,censored
ACC00246,2025-09-30,90,True,,censored
ACC00246,2025-10-31,90,True,,censored
ACC00246,2025-11-30,90,True,,censored
ACC00246,2025-12-31,90,True,,censored
ACC00247,2024-01-31,90,True,0.0,no_target_event_within_90d
ACC00247,2024-02-29,90,True,0.0,no_target_event_within_90d
ACC00247,2024-03-31,90,True,0.0,no_target_event_within_90d
ACC00247,2024-04-30,90,True,0.0,no_target_event_within_90d
ACC00247,2024-05-31,90,True,0.0,no_target_event_within_90d
ACC00247,2024-06-30,90,True,0.0,no_target_event_within_90d
ACC00247,2024-07-31,90,True,0.0,no_target_event_within_90d
ACC00247,2024-08-31,90,True,0.0,no_target_event_within_90d
ACC00247,2024-09-30,90,True,0.0,no_target_event_within_90d
ACC00247,2024-10-31,90,True,0.0,no_target_event_within_90d
ACC00247,2024-11-30,90,True,0.0,no_target_event_within_90d
ACC00247,2024-12-31,90,True,0.0,no_target_event_within_90d
ACC00247,2025-01-31,90,True,0.0,no_target_event_within_90d
ACC00247,2025-02-28,90,True,0.0,no_target_event_within_90d
ACC00247,2025-03-31,90,True,0.0,no_target_event_within_90d
ACC00247,2025-04-30,90,True,0.0,no_target_event_within_90d
ACC00247,2025-05-31,90,True,1.0,renewed
ACC00247,2025-06-30,90,True,1.0,renewed
ACC00247,2025-07-31,90,True,1.0,renewed
ACC00248,2024-01-31,90,True,,censored
ACC00248,2024-02-29,90,True,,censored
ACC00248,2024-03-31,90,True,,censored
ACC00248,2024-04-30,90,True,,censored
ACC00248,2024-05-31,90,True,,censored
ACC00248,2024-06-30,90,True,,censored
ACC00248,2024-07-31,90,True,,censored
ACC00248,2024-08-31,90,True,,censored
ACC00248,2024-09-30,90,True,,censored
ACC00248,2024-10-31,90,True,,censored
ACC00248,2024-11-30,90,True,,censored
ACC00248,2024-12-31,90,True,,censored
ACC00248,2025-01-31,90,True,,censored
ACC00248,2025-02-28,90,True,,censored
ACC00248,2025-03-31,90,True,,censored
ACC00248,2025-04-30,90,True,,censored
ACC00248,2025-05-31,90,True,,censored
ACC00248,2025-06-30,90,True,,censored
ACC00248,2025-07-31,90,True,,censored
ACC00248,2025-08-31,90,True,,censored
ACC00248,2025-09-30,90,True,,censored
ACC00248,2025-10-31,90,True,,censored
ACC00248,2025-11-30,90,True,,censored
ACC00248,2025-12-31,90,True,,censored
ACC00249,2024-01-31,90,True,,censored
ACC00249,2024-02-29,90,True,,censored
ACC00249,2024-03-31,90,True,,censored
ACC00249,2024-04-30,90,True,,censored
ACC00249,2024-05-31,90,True,,censored
ACC00249,2024-06-30,90,True,,censored
ACC00249,2024-07-31,90,True,,censored
ACC00249,2024-08-31,90,True,,censored
ACC00249,2024-09-30,90,True,,censored
ACC00249,2024-10-31,90,True,,censored
ACC00249,2024-11-30,90,True,,censored
ACC00249,2024-12-31,90,True,,censored
ACC00249,2025-01-31,90,True,,censored
ACC00249,2025-02-28,90,True,,censored
ACC00249,2025-03-31,90,True,,censored
ACC00249,2025-04-30,90,True,,censored
ACC00249,2025-05-31,90,True,,censored
ACC00249,2025-06-30,90,True,,censored
ACC00249,2025-07-31,90,True,,censored
ACC00249,2025-08-31,90,True,,censored
ACC00249,2025-09-30,90,True,,censored
ACC00249,2025-10-31,90,True,,censored
ACC00249,2025-11-30,90,True,,censored
ACC00249,2025-12-31,90,True,,censored
ACC00250,2024-01-31,90,True,,censored
ACC00250,2024-02-29,90,True,,censored
ACC00250,2024-03-31,90,True,,censored
ACC00250,2024-04-30,90,True,,censored
ACC00250,2024-05-31,90,True,,censored
ACC00250,2024-06-30,90,True,,censored
ACC00250,2024-07-31,90,True,,censored
ACC00250,2024-08-31,90,True,,censored
ACC00250,2024-09-30,90,True,,censored
ACC00250,2024-10-31,90,True,,censored
ACC00250,2024-11-30,90,True,,censored
ACC00250,2024-12-31,90,True,,censored
ACC00250,2025-01-31,90,True,,censored
ACC00250,2025-02-28,90,True,,censored
ACC00250,2025-03-31,90,True,,censored
ACC00250,2025-04-30,90,True,,censored
ACC00250,2025-05-31,90,True,,censored
ACC00250,2025-06-30,90,True,,censored
ACC00250,2025-07-31,90,True,,censored
ACC00250,2025-08-31,90,True,,censored
ACC00250,2025-09-30,90,True,,censored
ACC00250,2025-10-31,90,True,,censored
ACC00250,2025-11-30,90,True,,censored
ACC00250,2025-12-31,90,True,,censored
ACC00251,2024-01-31,90,True,0.0,no_target_event_within_90d
ACC00251,2024-02-29,90,True,0.0,no_target_event_within_90d
ACC00251,2024-03-31,90,True,0.0,no_target_event_within_90d
ACC00251,2024-04-30,90,True,0.0,no_target_event_within_90d
ACC00251,2024-05-31,90,True,0.0,no_target_event_within_90d
ACC00251,2024-06-30,90,True,0.0,no_target_event_within_90d
ACC00251,2024-07-31,90,True,0.0,no_target_event_within_90d
ACC00251,2024-08-31,90,True,0.0,no_target_event_within_90d
ACC00251,2024-09-30,90,True,0.0,no_target_event_within_90d
ACC00251,2024-10-31,90,True,0.0,no_target_event_within_90d
ACC00251,2024-11-30,90,True,0.0,no_target_event_within_90d
ACC00251,2024-12-31,90,True,0.0,no_target_event_within_90d
ACC00251,2025-01-31,90,True,0.0,no_target_event_within_90d
ACC00251,2025-02-28,90,True,0.0,no_target_event_within_90d
ACC00251,2025-03-31,90,True,0.0,no_target_event_within_90d
ACC00251,2025-04-30,90,True,0.0,no_target_event_within_90d
ACC00251,2025-05-31,90,True,0.0,no_target_event_within_90d
ACC00251,2025-06-30,90,True,0.0,no_target_event_within_90d
ACC00251,2025-07-31,90,True,1.0,renewed
ACC00251,2025-08-31,90,True,1.0,renewed
ACC00251,2025-09-30,90,True,1.0,renewed
ACC00252,2024-01-31,90,True,0.0,no_target_event_within_90d
ACC00252,2024-02-29,90,True,0.0,no_target_event_within_90d
ACC00252,2024-03-31,90,True,0.0,no_target_event_within_90d
ACC00252,2024-04-30,90,True,0.0,no_target_event_within_90d
ACC00252,2024-05-31,90,True,0.0,no_target_event_within_90d
ACC00252,2024-06-30,90,True,0.0,no_target_event_within_90d
ACC00252,2024-07-31,90,True,0.0,no_target_event_within_90d
ACC00252,2024-08-31,90,True,0.0,no_target_event_within_90d
ACC00252,2024-09-30,90,True,0.0,no_target_event_within_90d
ACC00252,2024-10-31,90,True,1.0,renewed
ACC00252,2024-11-30,90,True,1.0,renewed
ACC00252,2024-12-31,90,True,1.0,renewed
ACC00253,2024-01-31,90,True,,censored
ACC00253,2024-02-29,90,True,,censored
ACC00253,2024-03-31,90,True,,censored
ACC00253,2024-04-30,90,True,,censored
ACC00253,2024-05-31,90,True,,censored
ACC00253,2024-06-30,90,True,,censored
ACC00253,2024-07-31,90,True,,censored
ACC00253,2024-08-31,90,True,,censored
ACC00253,2024-09-30,90,True,,censored
ACC00253,2024-10-31,90,True,,censored
ACC00253,2024-11-30,90,True,,censored
ACC00253,2024-12-31,90,True,,censored
ACC00253,2025-01-31,90,True,,censored
ACC00253,2025-02-28,90,True,,censored
ACC00253,2025-03-31,90,True,,censored
ACC00253,2025-04-30,90,True,,censored
ACC00253,2025-05-31,90,True,,censored
ACC00253,2025-06-30,90,True,,censored
ACC00253,2025-07-31,90,True,,censored
ACC00253,2025-08-31,90,True,,censored
ACC00253,2025-09-30,90,True,,censored
ACC00253,2025-10-31,90,True,,censored
ACC00253,2025-11-30,90,True,,censored
ACC00253,2025-12-31,90,True,,censored
ACC00254,2024-01-31,90,True,0.0,no_target_event_within_90d
ACC00254,2024-02-29,90,True,0.0,no_target_event_within_90d
ACC00254,2024-03-31,90,True,0.0,no_target_event_within_90d
ACC00254,2024-04-30,90,True,0.0,no_target_event_within_90d
ACC00254,2024-05-31,90,True,0.0,no_target_event_within_90d
ACC00254,2024-06-30,90,True,0.0,no_target_event_within_90d
ACC00254,2024-07-31,90,True,0.0,no_target_event_within_90d
ACC00254,2024-08-31,90,True,0.0,no_target_event_within_90d
ACC00254,2024-09-30,90,True,0.0,no_target_event_within_90d
ACC00254,2024-10-31,90,True,0.0,no_target_event_within_90d
ACC00254,2024-11-30,90,True,0.0,no_target_event_within_90d
ACC00254,2024-12-31,90,True,0.0,no_target_event_within_90d
ACC00254,2025-01-31,90,True,0.0,no_target_event_within_90d
ACC00254,2025-02-28,90,True,0.0,no_target_event_within_90d
ACC00254,2025-03-31,90,True,0.0,no_target_event_within_90d
ACC00254,2025-04-30,90,True,0.0,no_target_event_within_90d
ACC00254,2025-05-31,90,True,1.0,renewed
ACC00254,2025-06-30,90,True,1.0,renewed
ACC00254,2025-07-31,90,True,1.0,renewed
ACC00255,2024-01-31,90,True,0.0,no_target_event_within_90d
ACC00255,2024-02-29,90,True,0.0,no_target_event_within_90d
ACC00255,2024-03-31,90,True,0.0,no_target_event_within_90d
ACC00255,2024-04-30,90,True,0.0,no_target_event_within_90d
ACC00255,2024-05-31,90,True,0.0,no_target_event_within_90d
ACC00255,2024-06-30,90,True,0.0,no_target_event_within_90d
ACC00255,2024-07-31,90,True,0.0,no_target_event_within_90d
ACC00255,2024-08-31,90,True,0.0,no_target_event_within_90d
ACC00255,2024-09-30,90,True,0.0,no_target_event_within_90d
ACC00255,2024-10-31,90,True,0.0,no_target_event_within_90d
ACC00255,2024-11-30,90,True,0.0,no_target_event_within_90d
ACC00255,2024-12-31,90,True,0.0,no_target_event_within_90d
ACC00255,2025-01-31,90,True,0.0,no_target_event_within_90d
ACC00255,2025-02-28,90,True,0.0,no_target_event_within_90d
ACC00255,2025-03-31,90,True,1.0,downgraded
ACC00255,2025-04-30,90,True,1.0,downgraded
ACC00255,2025-05-31,90,True,1.0,downgraded
ACC00256,2024-01-31,90,True,0.0,no_target_event_within_90d
ACC00256,2024-02-29,90,True,0.0,no_target_event_within_90d
ACC00256,2024-03-31,90,True,0.0,no_target_event_within_90d
ACC00256,2024-04-30,90,True,0.0,no_target_event_within_90d
ACC00256,2024-05-31,90,True,0.0,no_target_event_within_90d
ACC00256,2024-06-30,90,True,0.0,no_target_event_within_90d
ACC00256,2024-07-31,90,True,0.0,no_target_event_within_90d
ACC00256,2024-08-31,90,True,0.0,no_target_event_within_90d
ACC00256,2024-09-30,90,True,0.0,no_target_event_within_90d
ACC00256,2024-10-31,90,True,0.0,no_target_event_within_90d
ACC00256,2024-11-30,90,True,0.0,no_target_event_within_90d
ACC00256,2024-12-31,90,True,0.0,no_target_event_within_90d
ACC00256,2025-01-31,90,True,0.0,no_target_event_within_90d
ACC00256,2025-02-28,90,True,0.0,no_target_event_within_90d
ACC00256,2025-03-31,90,True,0.0,no_target_event_within_90d
ACC00256,2025-04-30,90,True,0.0,no_target_event_within_90d
ACC00256,2025-05-31,90,True,1.0,renewed
ACC00256,2025-06-30,90,True,1.0,renewed
ACC00256,2025-07-31,90,True,1.0,renewed
ACC00257,2024-01-31,90,True,,censored
ACC00257,2024-02-29,90,True,,censored
ACC00257,2024-03-31,90,True,,censored
ACC00257,2024-04-30,90,True,,censored
ACC00257,2024-05-31,90,True,,censored
ACC00257,2024-06-30,90,True,,censored
ACC00257,2024-07-31,90,True,,censored
ACC00257,2024-08-31,90,True,,censored
ACC00257,2024-09-30,90,True,,censored
ACC00257,2024-10-31,90,True,,censored
ACC00257,2024-11-30,90,True,,censored
ACC00257,2024-12-31,90,True,,censored
ACC00257,2025-01-31,90,True,,censored
ACC00257,2025-02-28,90,True,,censored
ACC00257,2025-03-31,90,True,,censored
ACC00257,2025-04-30,90,True,,censored
ACC00257,2025-05-31,90,True,,censored
ACC00257,2025-06-30,90,True,,censored
ACC00257,2025-07-31,90,True,,censored
ACC00257,2025-08-31,90,True,,censored
ACC00257,2025-09-30,90,True,,censored
ACC00257,2025-10-31,90,True,,censored
ACC00257,2025-11-30,90,True,,censored
ACC00257,2025-12-31,90,True,,censored
ACC00258,2024-01-31,90,True,0.0,no_target_event_within_90d
ACC00258,2024-02-29,90,True,0.0,no_target_event_within_90d
ACC00258,2024-03-31,90,True,0.0,no_target_event_within_90d
ACC00258,2024-04-30,90,True,0.0,no_target_event_within_90d
ACC00258,2024-05-31,90,True,0.0,no_target_event_within_90d
ACC00258,2024-06-30,90,True,0.0,no_target_event_within_90d
ACC00258,2024-07-31,90,True,0.0,no_target_event_within_90d
ACC00258,2024-08-31,90,True,1.0,renewed
ACC00258,2024-09-30,90,True,1.0,renewed
ACC00258,2024-10-31,90,True,1.0,renewed
ACC00259,2024-01-31,90,True,0.0,no_target_event_within_90d
ACC00259,2024-02-29,90,True,0.0,no_target_event_within_90d
ACC00259,2024-03-31,90,True,0.0,no_target_event_within_90d
ACC00259,2024-04-30,90,True,0.0,no_target_event_within_90d
ACC00259,2024-05-31,90,True,0.0,no_target_event_within_90d
ACC00259,2024-06-30,90,True,0.0,no_target_event_within_90d
ACC00259,2024-07-31,90,True,0.0,no_target_event_within_90d
ACC00259,2024-08-31,90,True,0.0,no_target_event_within_90d
ACC00259,2024-09-30,90,True,0.0,no_target_event_within_90d
ACC00259,2024-10-31,90,True,0.0,no_target_event_within_90d
ACC00259,2024-11-30,90,True,0.0,no_target_event_within_90d
ACC00259,2024-12-31,90,True,0.0,no_target_event_within_90d
ACC00259,2025-01-31,90,True,0.0,no_target_event_within_90d
ACC00259,2025-02-28,90,True,0.0,no_target_event_within_90d
ACC00259,2025-03-31,90,True,0.0,no_target_event_within_90d
ACC00259,2025-04-30,90,True,0.0,no_target_event_within_90d
ACC00259,2025-05-31,90,True,0.0,no_target_event_within_90d
ACC00259,2025-06-30,90,True,0.0,no_target_event_within_90d
ACC00259,2025-07-31,90,True,1.0,renewed
ACC00259,2025-08-31,90,True,1.0,renewed
ACC00259,2025-09-30,90,True,1.0,renewed
ACC00260,2024-01-31,90,True,0.0,no_target_event_within_90d
ACC00260,2024-02-29,90,True,0.0,no_target_event_within_90d
ACC00260,2024-03-31,90,True,0.0,no_target_event_within_90d
ACC00260,2024-04-30,90,True,0.0,no_target_event_within_90d
ACC00260,2024-05-31,90,True,0.0,no_target_event_within_90d
ACC00260,2024-06-30,90,True,0.0,no_target_event_within_90d
ACC00260,2024-07-31,90,True,0.0,no_target_event_within_90d
ACC00260,2024-08-31,90,True,0.0,no_target_event_within_90d
ACC00260,2024-09-30,90,True,0.0,no_target_event_within_90d
ACC00260,2024-10-31,90,True,0.0,no_target_event_within_90d
ACC00260,2024-11-30,90,True,0.0,no_target_event_within_90d
ACC00260,2024-12-31,90,True,0.0,no_target_event_within_90d
ACC00260,2025-01-31,90,True,1.0,churned_nonpayment
ACC00260,2025-02-28,90,True,1.0,churned_nonpayment
ACC00260,2025-03-31,90,True,1.0,churned_nonpayment
ACC00261,2024-01-31,90,True,0.0,no_target_event_within_90d
ACC00261,2024-02-29,90,True,0.0,no_target_event_within_90d
ACC00261,2024-03-31,90,True,0.0,no_target_event_within_90d
ACC00261,2024-04-30,90,True,0.0,no_target_event_within_90d
ACC00261,2024-05-31,90,True,0.0,no_target_event_within_90d
ACC00261,2024-06-30,90,True,0.0,no_target_event_within_90d
ACC00261,2024-07-31,90,True,0.0,no_target_event_within_90d
ACC00261,2024-08-31,90,True,0.0,no_target_event_within_90d
ACC00261,2024-09-30,90,True,0.0,no_target_event_within_90d
ACC00261,2024-10-31,90,True,0.0,no_target_event_within_90d
ACC00261,2024-11-30,90,True,0.0,no_target_event_within_90d
ACC00261,2024-12-31,90,True,0.0,no_target_event_within_90d
ACC00261,2025-01-31,90,True,0.0,no_target_event_within_90d
ACC00261,2025-02-28,90,True,0.0,no_target_event_within_90d
ACC00261,2025-03-31,90,True,0.0,no_target_event_within_90d
ACC00261,2025-04-30,90,True,0.0,no_target_event_within_90d
ACC00261,2025-05-31,90,True,0.0,no_target_event_within_90d
ACC00261,2025-06-30,90,True,0.0,no_target_event_within_90d
ACC00261,2025-07-31,90,True,0.0,no_target_event_within_90d
ACC00261,2025-08-31,90,True,1.0,renewed
ACC00261,2025-09-30,90,True,1.0,renewed
ACC00261,2025-10-31,90,True,1.0,renewed
ACC00262,2024-01-31,90,True,,censored
ACC00262,2024-02-29,90,True,,censored
ACC00262,2024-03-31,90,True,,censored
ACC00262,2024-04-30,90,True,,censored
ACC00262,2024-05-31,90,True,,censored
ACC00262,2024-06-30,90,True,,censored
ACC00262,2024-07-31,90,True,,censored
ACC00262,2024-08-31,90,True,,censored
ACC00262,2024-09-30,90,True,,censored
ACC00262,2024-10-31,90,True,,censored
ACC00262,2024-11-30,90,True,,censored
ACC00262,2024-12-31,90,True,,censored
ACC00262,2025-01-31,90,True,,censored
ACC00262,2025-02-28,90,True,,censored
ACC00262,2025-03-31,90,True,,censored
ACC00262,2025-04-30,90,True,,censored
ACC00262,2025-05-31,90,True,,censored
ACC00262,2025-06-30,90,True,,censored
ACC00262,2025-07-31,90,True,,censored
ACC00262,2025-08-31,90,True,,censored
ACC00262,2025-09-30,90,True,,censored
ACC00262,2025-10-31,90,True,,censored
ACC00262,2025-11-30,90,True,,censored
ACC00262,2025-12-31,90,True,,censored
ACC00263,2024-01-31,90,True,0.0,no_target_event_within_90d
ACC00263,2024-02-29,90,True,0.0,no_target_event_within_90d
ACC00263,2024-03-31,90,True,0.0,no_target_event_within_90d
ACC00263,2024-04-30,90,True,0.0,no_target_event_within_90d
ACC00263,2024-05-31,90,True,0.0,no_target_event_within_90d
ACC00263,2024-06-30,90,True,0.0,no_target_event_within_90d
ACC00263,2024-07-31,90,True,0.0,no_target_event_within_90d
ACC00263,2024-08-31,90,True,0.0,no_target_event_within_90d
ACC00263,2024-09-30,90,True,0.0,no_target_event_within_90d
ACC00263,2024-10-31,90,True,0.0,no_target_event_within_90d
ACC00263,2024-11-30,90,True,0.0,no_target_event_within_90d
ACC00263,2024-12-31,90,True,0.0,no_target_event_within_90d
ACC00263,2025-01-31,90,True,0.0,no_target_event_within_90d
ACC00263,2025-02-28,90,True,0.0,no_target_event_within_90d
ACC00263,2025-03-31,90,True,0.0,no_target_event_within_90d
ACC00263,2025-04-30,90,True,0.0,no_target_event_within_90d
ACC00263,2025-05-31,90,True,0.0,no_target_event_within_90d
ACC00263,2025-06-30,90,True,0.0,no_target_event_within_90d
ACC00263,2025-07-31,90,True,1.0,downgraded
ACC00263,2025-08-31,90,True,1.0,downgraded
ACC00264,2024-01-31,90,True,0.0,no_target_event_within_90d
ACC00264,2024-02-29,90,True,0.0,no_target_event_within_90d
ACC00264,2024-03-31,90,True,0.0,no_target_event_within_90d
ACC00264,2024-04-30,90,True,0.0,no_target_event_within_90d
ACC00264,2024-05-31,90,True,0.0,no_target_event_within_90d
ACC00264,2024-06-30,90,True,0.0,no_target_event_within_90d
ACC00264,2024-07-31,90,True,0.0,no_target_event_within_90d
ACC00264,2024-08-31,90,True,0.0,no_target_event_within_90d
ACC00264,2024-09-30,90,True,0.0,no_target_event_within_90d
ACC00264,2024-10-31,90,True,0.0,no_target_event_within_90d
ACC00264,2024-11-30,90,True,0.0,no_target_event_within_90d
ACC00264,2024-12-31,90,True,0.0,no_target_event_within_90d
ACC00264,2025-01-31,90,True,0.0,no_target_event_within_90d
ACC00264,2025-02-28,90,True,0.0,no_target_event_within_90d
ACC00264,2025-03-31,90,True,0.0,no_target_event_within_90d
ACC00264,2025-04-30,90,True,0.0,no_target_event_within_90d
ACC00264,2025-05-31,90,True,0.0,no_target_event_within_90d
ACC00264,2025-06-30,90,True,0.0,no_target_event_within_90d
ACC00264,2025-07-31,90,True,0.0,no_target_event_within_90d
ACC00264,2025-08-31,90,True,1.0,renewed
ACC00264,2025-09-30,90,True,1.0,renewed
ACC00264,2025-10-31,90,True,1.0,renewed
ACC00265,2024-01-31,90,True,,censored
ACC00265,2024-02-29,90,True,,censored
ACC00265,2024-03-31,90,True,,censored
ACC00265,2024-04-30,90,True,,censored
ACC00265,2024-05-31,90,True,,censored
ACC00265,2024-06-30,90,True,,censored
ACC00265,2024-07-31,90,True,,censored
ACC00265,2024-08-31,90,True,,censored
ACC00265,2024-09-30,90,True,,censored
ACC00265,2024-10-31,90,True,,censored
ACC00265,2024-11-30,90,True,,censored
ACC00265,2024-12-31,90,True,,censored
ACC00265,2025-01-31,90,True,,censored
ACC00265,2025-02-28,90,True,,censored
ACC00265,2025-03-31,90,True,,censored
ACC00265,2025-04-30,90,True,,censored
ACC00265,2025-05-31,90,True,,censored
ACC00265,2025-06-30,90,True,,censored
ACC00265,2025-07-31,90,True,,censored
ACC00265,2025-08-31,90,True,,censored
ACC00265,2025-09-30,90,True,,censored
ACC00265,2025-10-31,90,True,,censored
ACC00265,2025-11-30,90,True,,censored
ACC00265,2025-12-31,90,True,,censored
ACC00266,2024-01-31,90,True,0.0,no_target_event_within_90d
ACC00266,2024-02-29,90,True,0.0,no_target_event_within_90d
ACC00266,2024-03-31,90,True,0.0,no_target_event_within_90d
ACC00266,2024-04-30,90,True,0.0,no_target_event_within_90d
ACC00266,2024-05-31,90,True,0.0,no_target_event_within_90d
ACC00266,2024-06-30,90,True,1.0,renewed
ACC00266,2024-07-31,90,True,1.0,renewed
ACC00266,2024-08-31,90,True,1.0,renewed
ACC00267,2024-01-31,90,True,0.0,no_target_event_within_90d
ACC00267,2024-02-29,90,True,0.0,no_target_event_within_90d
ACC00267,2024-03-31,90,True,0.0,no_target_event_within_90d
ACC00267,2024-04-30,90,True,0.0,no_target_event_within_90d
ACC00267,2024-05-31,90,True,0.0,no_target_event_within_90d
ACC00267,2024-06-30,90,True,0.0,no_target_event_within_90d
ACC00267,2024-07-31,90,True,0.0,no_target_event_within_90d
ACC00267,2024-08-31,90,True,1.0,renewed
ACC00267,2024-09-30,90,True,1.0,renewed
ACC00267,2024-10-31,90,True,1.0,renewed
ACC00268,2024-01-31,90,True,0.0,no_target_event_within_90d
ACC00268,2024-02-29,90,True,0.0,no_target_event_within_90d
ACC00268,2024-03-31,90,True,0.0,no_target_event_within_90d
ACC00268,2024-04-30,90,True,0.0,no_target_event_within_90d
ACC00268,2024-05-31,90,True,0.0,no_target_event_within_90d
ACC00268,2024-06-30,90,True,0.0,no_target_event_within_90d
ACC00268,2024-07-31,90,True,0.0,no_target_event_within_90d
ACC00268,2024-08-31,90,True,0.0,no_target_event_within_90d
ACC00268,2024-09-30,90,True,0.0,no_target_event_within_90d
ACC00268,2024-10-31,90,True,0.0,no_target_event_within_90d
ACC00268,2024-11-30,90,True,0.0,no_target_event_within_90d
ACC00268,2024-12-31,90,True,0.0,no_target_event_within_90d
ACC00268,2025-01-31,90,True,0.0,no_target_event_within_90d
ACC00268,2025-02-28,90,True,0.0,no_target_event_within_90d
ACC00268,2025-03-31,90,True,0.0,no_target_event_within_90d
ACC00268,2025-04-30,90,True,0.0,no_target_event_within_90d
ACC00268,2025-05-31,90,True,1.0,renewed
ACC00268,2025-06-30,90,True,1.0,renewed
ACC00268,2025-07-31,90,True,1.0,renewed
ACC00269,2024-01-31,90,True,0.0,no_target_event_within_90d
ACC00269,2024-02-29,90,True,0.0,no_target_event_within_90d
ACC00269,2024-03-31,90,True,0.0,no_target_event_within_90d
ACC00269,2024-04-30,90,True,0.0,no_target_event_within_90d
ACC00269,2024-05-31,90,True,0.0,no_target_event_within_90d
ACC00269,2024-06-30,90,True,0.0,no_target_event_within_90d
ACC00269,2024-07-31,90,True,1.0,renewed
ACC00269,2024-08-31,90,True,1.0,renewed
ACC00269,2024-09-30,90,True,1.0,renewed
ACC00270,2024-01-31,90,True,0.0,no_target_event_within_90d
ACC00270,2024-02-29,90,True,0.0,no_target_event_within_90d
ACC00270,2024-03-31,90,True,0.0,no_target_event_within_90d
ACC00270,2024-04-30,90,True,0.0,no_target_event_within_90d
ACC00270,2024-05-31,90,True,0.0,no_target_event_within_90d
ACC00270,2024-06-30,90,True,0.0,no_target_event_within_90d
ACC00270,2024-07-31,90,True,0.0,no_target_event_within_90d
ACC00270,2024-08-31,90,True,0.0,no_target_event_within_90d
ACC00270,2024-09-30,90,True,0.0,no_target_event_within_90d
ACC00270,2024-10-31,90,True,0.0,no_target_event_within_90d
ACC00270,2024-11-30,90,True,0.0,no_target_event_within_90d
ACC00270,2024-12-31,90,True,0.0,no_target_event_within_90d
ACC00270,2025-01-31,90,True,0.0,no_target_event_within_90d
ACC00270,2025-02-28,90,True,0.0,no_target_event_within_90d
ACC00270,2025-03-31,90,True,0.0,no_target_event_within_90d
ACC00270,2025-04-30,90,True,0.0,no_target_event_within_90d
ACC00270,2025-05-31,90,True,0.0,no_target_event_within_90d
ACC00270,2025-06-30,90,True,0.0,no_target_event_within_90d
ACC00270,2025-07-31,90,True,0.0,no_target_event_within_90d
ACC00270,2025-08-31,90,True,0.0,no_target_event_within_90d
ACC00270,2025-09-30,90,True,1.0,renewed
ACC00270,2025-10-31,90,True,1.0,renewed
ACC00270,2025-11-30,90,True,1.0,renewed
ACC00271,2024-01-31,90,True,,censored
ACC00271,2024-02-29,90,True,,censored
ACC00271,2024-03-31,90,True,,censored
ACC00271,2024-04-30,90,True,,censored
ACC00271,2024-05-31,90,True,,censored
ACC00271,2024-06-30,90,True,,censored
ACC00271,2024-07-31,90,True,,censored
ACC00271,2024-08-31,90,True,,censored
ACC00271,2024-09-30,90,True,,censored
ACC00271,2024-10-31,90,True,,censored
ACC00271,2024-11-30,90,True,,censored
ACC00271,2024-12-31,90,True,,censored
ACC00271,2025-01-31,90,True,,censored
ACC00271,2025-02-28,90,True,,censored
ACC00271,2025-03-31,90,True,,censored
ACC00271,2025-04-30,90,True,,censored
ACC00271,2025-05-31,90,True,,censored
ACC00271,2025-06-30,90,True,,censored
ACC00271,2025-07-31,90,True,,censored
ACC00271,2025-08-31,90,True,,censored
ACC00271,2025-09-30,90,True,,censored
ACC00271,2025-10-31,90,True,,censored
ACC00271,2025-11-30,90,True,,censored
ACC00271,2025-12-31,90,True,,censored
ACC00272,2024-01-31,90,True,,censored
ACC00272,2024-02-29,90,True,,censored
ACC00272,2024-03-31,90,True,,censored
ACC00272,2024-04-30,90,True,,censored
ACC00272,2024-05-31,90,True,,censored
ACC00272,2024-06-30,90,True,,censored
ACC00272,2024-07-31,90,True,,censored
ACC00272,2024-08-31,90,True,,censored
ACC00272,2024-09-30,90,True,,censored
ACC00272,2024-10-31,90,True,,censored
ACC00272,2024-11-30,90,True,,censored
ACC00272,2024-12-31,90,True,,censored
ACC00272,2025-01-31,90,True,,censored
ACC00272,2025-02-28,90,True,,censored
ACC00272,2025-03-31,90,True,,censored
ACC00272,2025-04-30,90,True,,censored
ACC00272,2025-05-31,90,True,,censored
ACC00272,2025-06-30,90,True,,censored
ACC00272,2025-07-31,90,True,,censored
ACC00272,2025-08-31,90,True,,censored
ACC00272,2025-09-30,90,True,,censored
ACC00272,2025-10-31,90,True,,censored
ACC00272,2025-11-30,90,True,,censored
ACC00272,2025-12-31,90,True,,censored
ACC00273,2024-01-31,90,True,,censored
ACC00273,2024-02-29,90,True,,censored
ACC00273,2024-03-31,90,True,,censored
ACC00273,2024-04-30,90,True,,censored
ACC00273,2024-05-31,90,True,,censored
ACC00273,2024-06-30,90,True,,censored
ACC00273,2024-07-31,90,True,,censored
ACC00273,2024-08-31,90,True,,censored
ACC00273,2024-09-30,90,True,,censored
ACC00273,2024-10-31,90,True,,censored
ACC00273,2024-11-30,90,True,,censored
ACC00273,2024-12-31,90,True,,censored
ACC00273,2025-01-31,90,True,,censored
ACC00273,2025-02-28,90,True,,censored
ACC00273,2025-03-31,90,True,,censored
ACC00273,2025-04-30,90,True,,censored
ACC00273,2025-05-31,90,True,,censored
ACC00273,2025-06-30,90,True,,censored
ACC00273,2025-07-31,90,True,,censored
ACC00273,2025-08-31,90,True,,censored
ACC00273,2025-09-30,90,True,,censored
ACC00273,2025-10-31,90,True,,censored
ACC00273,2025-11-30,90,True,,censored
ACC00273,2025-12-31,90,True,,censored
ACC00274,2024-01-31,90,True,,censored
ACC00274,2024-02-29,90,True,,censored
ACC00274,2024-03-31,90,True,,censored
ACC00274,2024-04-30,90,True,,censored
ACC00274,2024-05-31,90,True,,censored
ACC00274,2024-06-30,90,True,,censored
ACC00274,2024-07-31,90,True,,censored
ACC00274,2024-08-31,90,True,,censored
ACC00274,2024-09-30,90,True,,censored
ACC00274,2024-10-31,90,True,,censored
ACC00274,2024-11-30,90,True,,censored
ACC00274,2024-12-31,90,True,,censored
ACC00274,2025-01-31,90,True,,censored
ACC00274,2025-02-28,90,True,,censored
ACC00274,2025-03-31,90,True,,censored
ACC00274,2025-04-30,90,True,,censored
ACC00274,2025-05-31,90,True,,censored
ACC00274,2025-06-30,90,True,,censored
ACC00274,2025-07-31,90,True,,censored
ACC00274,2025-08-31,90,True,,censored
ACC00274,2025-09-30,90,True,,censored
ACC00274,2025-10-31,90,True,,censored
ACC00274,2025-11-30,90,True,,censored
ACC00274,2025-12-31,90,True,,censored
ACC00275,2024-01-31,90,True,0.0,no_target_event_within_90d
ACC00275,2024-02-29,90,True,0.0,no_target_event_within_90d
ACC00275,2024-03-31,90,True,0.0,no_target_event_within_90d
ACC00275,2024-04-30,90,True,0.0,no_target_event_within_90d
ACC00275,2024-05-31,90,True,0.0,no_target_event_within_90d
ACC00275,2024-06-30,90,True,0.0,no_target_event_within_90d
ACC00275,2024-07-31,90,True,0.0,no_target_event_within_90d
ACC00275,2024-08-31,90,True,0.0,no_target_event_within_90d
ACC00275,2024-09-30,90,True,0.0,no_target_event_within_90d
ACC00275,2024-10-31,90,True,0.0,no_target_event_within_90d
ACC00275,2024-11-30,90,True,0.0,no_target_event_within_90d
ACC00275,2024-12-31,90,True,0.0,no_target_event_within_90d
ACC00275,2025-01-31,90,True,0.0,no_target_event_within_90d
ACC00275,2025-02-28,90,True,0.0,no_target_event_within_90d
ACC00275,2025-03-31,90,True,0.0,no_target_event_within_90d
ACC00275,2025-04-30,90,True,0.0,no_target_event_within_90d
ACC00275,2025-05-31,90,True,0.0,no_target_event_within_90d
ACC00275,2025-06-30,90,True,0.0,no_target_event_within_90d
ACC00275,2025-07-31,90,True,0.0,no_target_event_within_90d
ACC00275,2025-08-31,90,True,0.0,no_target_event_within_90d
ACC00275,2025-09-30,90,True,0.0,no_target_event_within_90d
ACC00275,2025-10-31,90,True,1.0,renewed
ACC00275,2025-11-30,90,True,1.0,renewed
ACC00275,2025-12-31,90,True,1.0,renewed
ACC00276,2024-01-31,90,True,0.0,no_target_event_within_90d
ACC00276,2024-02-29,90,True,0.0,no_target_event_within_90d
ACC00276,2024-03-31,90,True,0.0,no_target_event_within_90d
ACC00276,2024-04-30,90,True,0.0,no_target_event_within_90d
ACC00276,2024-05-31,90,True,0.0,no_target_event_within_90d
ACC00276,2024-06-30,90,True,0.0,no_target_event_within_90d
ACC00276,2024-07-31,90,True,0.0,no_target_event_within_90d
ACC00276,2024-08-31,90,True,0.0,no_target_event_within_90d
ACC00276,2024-09-30,90,True,1.0,renewed
ACC00276,2024-10-31,90,True,1.0,renewed
ACC00276,2024-11-30,90,True,1.0,renewed
ACC00277,2024-01-31,90,True,,censored
ACC00277,2024-02-29,90,True,,censored
ACC00277,2024-03-31,90,True,,censored
ACC00277,2024-04-30,90,True,,censored
ACC00277,2024-05-31,90,True,,censored
ACC00277,2024-06-30,90,True,,censored
ACC00277,2024-07-31,90,True,,censored
ACC00277,2024-08-31,90,True,,censored
ACC00277,2024-09-30,90,True,,censored
ACC00277,2024-10-31,90,True,,censored
ACC00277,2024-11-30,90,True,,censored
ACC00277,2024-12-31,90,True,,censored
ACC00277,2025-01-31,90,True,,censored
ACC00277,2025-02-28,90,True,,censored
ACC00277,2025-03-31,90,True,,censored
ACC00277,2025-04-30,90,True,,censored
ACC00277,2025-05-31,90,True,,censored
ACC00277,2025-06-30,90,True,,censored
ACC00277,2025-07-31,90,True,,censored
ACC00277,2025-08-31,90,True,,censored
ACC00277,2025-09-30,90,True,,censored
ACC00277,2025-10-31,90,True,,censored
ACC00277,2025-11-30,90,True,,censored
ACC00277,2025-12-31,90,True,,censored
ACC00278,2024-01-31,90,True,0.0,no_target_event_within_90d
ACC00278,2024-02-29,90,True,0.0,no_target_event_within_90d
ACC00278,2024-03-31,90,True,0.0,no_target_event_within_90d
ACC00278,2024-04-30,90,True,0.0,no_target_event_within_90d
ACC00278,2024-05-31,90,True,0.0,no_target_event_within_90d
ACC00278,2024-06-30,90,True,0.0,no_target_event_within_90d
ACC00278,2024-07-31,90,True,0.0,no_target_event_within_90d
ACC00278,2024-08-31,90,True,0.0,no_target_event_within_90d
ACC00278,2024-09-30,90,True,0.0,no_target_event_within_90d
ACC00278,2024-10-31,90,True,0.0,no_target_event_within_90d
ACC00278,2024-11-30,90,True,1.0,renewed
ACC00278,2024-12-31,90,True,1.0,renewed
ACC00278,2025-01-31,90,True,1.0,renewed
ACC00279,2024-01-31,90,True,0.0,no_target_event_within_90d
ACC00279,2024-02-29,90,True,0.0,no_target_event_within_90d
ACC00279,2024-03-31,90,True,0.0,no_target_event_within_90d
ACC00279,2024-04-30,90,True,0.0,no_target_event_within_90d
ACC00279,2024-05-31,90,True,0.0,no_target_event_within_90d
ACC00279,2024-06-30,90,True,0.0,no_target_event_within_90d
ACC00279,2024-07-31,90,True,0.0,no_target_event_within_90d
ACC00279,2024-08-31,90,True,0.0,no_target_event_within_90d
ACC00279,2024-09-30,90,True,1.0,renewed
ACC00279,2024-10-31,90,True,1.0,renewed
ACC00279,2024-11-30,90,True,1.0,renewed
ACC00280,2024-01-31,90,True,,censored
ACC00280,2024-02-29,90,True,,censored
ACC00280,2024-03-31,90,True,,censored
ACC00280,2024-04-30,90,True,,censored
ACC00280,2024-05-31,90,True,,censored
ACC00280,2024-06-30,90,True,,censored
ACC00280,2024-07-31,90,True,,censored
ACC00280,2024-08-31,90,True,,censored
ACC00280,2024-09-30,90,True,,censored
ACC00280,2024-10-31,90,True,,censored
ACC00280,2024-11-30,90,True,,censored
ACC00280,2024-12-31,90,True,,censored
ACC00280,2025-01-31,90,True,,censored
ACC00280,2025-02-28,90,True,,censored
ACC00280,2025-03-31,90,True,,censored
ACC00280,2025-04-30,90,True,,censored
ACC00280,2025-05-31,90,True,,censored
ACC00280,2025-06-30,90,True,,censored
ACC00280,2025-07-31,90,True,,censored
ACC00280,2025-08-31,90,True,,censored
ACC00280,2025-09-30,90,True,,censored
ACC00280,2025-10-31,90,True,,censored
ACC00280,2025-11-30,90,True,,censored
ACC00280,2025-12-31,90,True,,censored
ACC00281,2024-01-31,90,True,,censored
ACC00281,2024-02-29,90,True,,censored
ACC00281,2024-03-31,90,True,,censored
ACC00281,2024-04-30,90,True,,censored
ACC00281,2024-05-31,90,True,,censored
ACC00281,2024-06-30,90,True,,censored
ACC00281,2024-07-31,90,True,,censored
ACC00281,2024-08-31,90,True,,censored
ACC00281,2024-09-30,90,True,,censored
ACC00281,2024-10-31,90,True,,censored
ACC00281,2024-11-30,90,True,,censored
ACC00281,2024-12-31,90,True,,censored
ACC00281,2025-01-31,90,True,,censored
ACC00281,2025-02-28,90,True,,censored
ACC00281,2025-03-31,90,True,,censored
ACC00281,2025-04-30,90,True,,censored
ACC00281,2025-05-31,90,True,,censored
ACC00281,2025-06-30,90,True,,censored
ACC00281,2025-07-31,90,True,,censored
ACC00281,2025-08-31,90,True,,censored
ACC00281,2025-09-30,90,True,,censored
ACC00281,2025-10-31,90,True,,censored
ACC00281,2025-11-30,90,True,,censored
ACC00281,2025-12-31,90,True,,censored
ACC00282,2024-01-31,90,True,0.0,no_target_event_within_90d
ACC00282,2024-02-29,90,True,0.0,no_target_event_within_90d
ACC00282,2024-03-31,90,True,0.0,no_target_event_within_90d
ACC00282,2024-04-30,90,True,0.0,no_target_event_within_90d
ACC00282,2024-05-31,90,True,0.0,no_target_event_within_90d
ACC00282,2024-06-30,90,True,0.0,no_target_event_within_90d
ACC00282,2024-07-31,90,True,0.0,no_target_event_within_90d
ACC00282,2024-08-31,90,True,0.0,no_target_event_within_90d
ACC00282,2024-09-30,90,True,0.0,no_target_event_within_90d
ACC00282,2024-10-31,90,True,1.0,renewed
ACC00282,2024-11-30,90,True,1.0,renewed
ACC00282,2024-12-31,90,True,1.0,renewed
ACC00283,2024-01-31,90,True,0.0,no_target_event_within_90d
ACC00283,2024-02-29,90,True,0.0,no_target_event_within_90d
ACC00283,2024-03-31,90,True,0.0,no_target_event_within_90d
ACC00283,2024-04-30,90,True,0.0,no_target_event_within_90d
ACC00283,2024-05-31,90,True,0.0,no_target_event_within_90d
ACC00283,2024-06-30,90,True,0.0,no_target_event_within_90d
ACC00283,2024-07-31,90,True,0.0,no_target_event_within_90d
ACC00283,2024-08-31,90,True,0.0,no_target_event_within_90d
ACC00283,2024-09-30,90,True,0.0,no_target_event_within_90d
ACC00283,2024-10-31,90,True,0.0,no_target_event_within_90d
ACC00283,2024-11-30,90,True,0.0,no_target_event_within_90d
ACC00283,2024-12-31,90,True,0.0,no_target_event_within_90d
ACC00283,2025-01-31,90,True,0.0,no_target_event_within_90d
ACC00283,2025-02-28,90,True,0.0,no_target_event_within_90d
ACC00283,2025-03-31,90,True,0.0,no_target_event_within_90d
ACC00283,2025-04-30,90,True,0.0,no_target_event_within_90d
ACC00283,2025-05-31,90,True,0.0,no_target_event_within_90d
ACC00283,2025-06-30,90,True,1.0,renewed
ACC00283,2025-07-31,90,True,1.0,renewed
ACC00283,2025-08-31,90,True,1.0,renewed
ACC00284,2024-01-31,90,True,0.0,no_target_event_within_90d
ACC00284,2024-02-29,90,True,0.0,no_target_event_within_90d
ACC00284,2024-03-31,90,True,0.0,no_target_event_within_90d
ACC00284,2024-04-30,90,True,0.0,no_target_event_within_90d
ACC00284,2024-05-31,90,True,0.0,no_target_event_within_90d
ACC00284,2024-06-30,90,True,0.0,no_target_event_within_90d
ACC00284,2024-07-31,90,True,0.0,no_target_event_within_90d
ACC00284,2024-08-31,90,True,0.0,no_target_event_within_90d
ACC00284,2024-09-30,90,True,0.0,no_target_event_within_90d
ACC00284,2024-10-31,90,True,0.0,no_target_event_within_90d
ACC00284,2024-11-30,90,True,0.0,no_target_event_within_90d
ACC00284,2024-12-31,90,True,0.0,no_target_event_within_90d
ACC00284,2025-01-31,90,True,0.0,no_target_event_within_90d
ACC00284,2025-02-28,90,True,0.0,no_target_event_within_90d
ACC00284,2025-03-31,90,True,0.0,no_target_event_within_90d
ACC00284,2025-04-30,90,True,0.0,no_target_event_within_90d
ACC00284,2025-05-31,90,True,0.0,no_target_event_within_90d
ACC00284,2025-06-30,90,True,0.0,no_target_event_within_90d
ACC00284,2025-07-31,90,True,1.0,churned_nonpayment
ACC00284,2025-08-31,90,True,1.0,churned_nonpayment
ACC00284,2025-09-30,90,True,1.0,churned_nonpayment
ACC00285,2024-01-31,90,True,0.0,no_target_event_within_90d
ACC00285,2024-02-29,90,True,0.0,no_target_event_within_90d
ACC00285,2024-03-31,90,True,0.0,no_target_event_within_90d
ACC00285,2024-04-30,90,True,0.0,no_target_event_within_90d
ACC00285,2024-05-31,90,True,0.0,no_target_event_within_90d
ACC00285,2024-06-30,90,True,0.0,no_target_event_within_90d
ACC00285,2024-07-31,90,True,0.0,no_target_event_within_90d
ACC00285,2024-08-31,90,True,0.0,no_target_event_within_90d
ACC00285,2024-09-30,90,True,0.0,no_target_event_within_90d
ACC00285,2024-10-31,90,True,0.0,no_target_event_within_90d
ACC00285,2024-11-30,90,True,0.0,no_target_event_within_90d
ACC00285,2024-12-31,90,True,0.0,no_target_event_within_90d
ACC00285,2025-01-31,90,True,0.0,no_target_event_within_90d
ACC00285,2025-02-28,90,True,0.0,no_target_event_within_90d
ACC00285,2025-03-31,90,True,0.0,no_target_event_within_90d
ACC00285,2025-04-30,90,True,0.0,no_target_event_within_90d
ACC00285,2025-05-31,90,True,0.0,no_target_event_within_90d
ACC00285,2025-06-30,90,True,0.0,no_target_event_within_90d
ACC00285,2025-07-31,90,True,0.0,no_target_event_within_90d
ACC00285,2025-08-31,90,True,0.0,no_target_event_within_90d
ACC00285,2025-09-30,90,True,0.0,no_target_event_within_90d
ACC00285,2025-10-31,90,True,1.0,renewed
ACC00285,2025-11-30,90,True,1.0,renewed
ACC00285,2025-12-31,90,True,1.0,renewed
ACC00286,2024-01-31,90,True,0.0,no_target_event_within_90d
ACC00286,2024-02-29,90,True,0.0,no_target_event_within_90d
ACC00286,2024-03-31,90,True,0.0,no_target_event_within_90d
ACC00286,2024-04-30,90,True,0.0,no_target_event_within_90d
ACC00286,2024-05-31,90,True,0.0,no_target_event_within_90d
ACC00286,2024-06-30,90,True,0.0,no_target_event_within_90d
ACC00286,2024-07-31,90,True,0.0,no_target_event_within_90d
ACC00286,2024-08-31,90,True,0.0,no_target_event_within_90d
ACC00286,2024-09-30,90,True,0.0,no_target_event_within_90d
ACC00286,2024-10-31,90,True,0.0,no_target_event_within_90d
ACC00286,2024-11-30,90,True,0.0,no_target_event_within_90d
ACC00286,2024-12-31,90,True,0.0,no_target_event_within_90d
ACC00286,2025-01-31,90,True,1.0,churned_voluntary
ACC00286,2025-02-28,90,True,1.0,churned_voluntary
ACC00286,2025-03-31,90,True,1.0,churned_voluntary
ACC00287,2024-01-31,90,True,0.0,no_target_event_within_90d
ACC00287,2024-02-29,90,True,0.0,no_target_event_within_90d
ACC00287,2024-03-31,90,True,0.0,no_target_event_within_90d
ACC00287,2024-04-30,90,True,0.0,no_target_event_within_90d
ACC00287,2024-05-31,90,True,0.0,no_target_event_within_90d
ACC00287,2024-06-30,90,True,0.0,no_target_event_within_90d
ACC00287,2024-07-31,90,True,0.0,no_target_event_within_90d
ACC00287,2024-08-31,90,True,0.0,no_target_event_within_90d
ACC00287,2024-09-30,90,True,0.0,no_target_event_within_90d
ACC00287,2024-10-31,90,True,0.0,no_target_event_within_90d
ACC00287,2024-11-30,90,True,0.0,no_target_event_within_90d
ACC00287,2024-12-31,90,True,0.0,no_target_event_within_90d
ACC00287,2025-01-31,90,True,0.0,no_target_event_within_90d
ACC00287,2025-02-28,90,True,0.0,no_target_event_within_90d
ACC00287,2025-03-31,90,True,0.0,no_target_event_within_90d
ACC00287,2025-04-30,90,True,0.0,no_target_event_within_90d
ACC00287,2025-05-31,90,True,0.0,no_target_event_within_90d
ACC00287,2025-06-30,90,True,0.0,no_target_event_within_90d
ACC00287,2025-07-31,90,True,0.0,no_target_event_within_90d
ACC00287,2025-08-31,90,True,0.0,no_target_event_within_90d
ACC00287,2025-09-30,90,True,1.0,renewed
ACC00287,2025-10-31,90,True,1.0,renewed
ACC00287,2025-11-30,90,True,1.0,renewed
ACC00288,2024-01-31,90,True,0.0,no_target_event_within_90d
ACC00288,2024-02-29,90,True,0.0,no_target_event_within_90d
ACC00288,2024-03-31,90,True,0.0,no_target_event_within_90d
ACC00288,2024-04-30,90,True,0.0,no_target_event_within_90d
ACC00288,2024-05-31,90,True,0.0,no_target_event_within_90d
ACC00288,2024-06-30,90,True,0.0,no_target_event_within_90d
ACC00288,2024-07-31,90,True,0.0,no_target_event_within_90d
ACC00288,2024-08-31,90,True,0.0,no_target_event_within_90d
ACC00288,2024-09-30,90,True,0.0,no_target_event_within_90d
ACC00288,2024-10-31,90,True,0.0,no_target_event_within_90d
ACC00288,2024-11-30,90,True,0.0,no_target_event_within_90d
ACC00288,2024-12-31,90,True,0.0,no_target_event_within_90d
ACC00288,2025-01-31,90,True,0.0,no_target_event_within_90d
ACC00288,2025-02-28,90,True,0.0,no_target_event_within_90d
ACC00288,2025-03-31,90,True,0.0,no_target_event_within_90d
ACC00288,2025-04-30,90,True,0.0,no_target_event_within_90d
ACC00288,2025-05-31,90,True,0.0,no_target_event_within_90d
ACC00288,2025-06-30,90,True,0.0,no_target_event_within_90d
ACC00288,2025-07-31,90,True,1.0,renewed
ACC00288,2025-08-31,90,True,1.0,renewed
ACC00288,2025-09-30,90,True,1.0,renewed
ACC00289,2024-01-31,90,True,0.0,no_target_event_within_90d
ACC00289,2024-02-29,90,True,0.0,no_target_event_within_90d
ACC00289,2024-03-31,90,True,0.0,no_target_event_within_90d
ACC00289,2024-04-30,90,True,0.0,no_target_event_within_90d
ACC00289,2024-05-31,90,True,0.0,no_target_event_within_90d
ACC00289,2024-06-30,90,True,0.0,no_target_event_within_90d
ACC00289,2024-07-31,90,True,0.0,no_target_event_within_90d
ACC00289,2024-08-31,90,True,0.0,no_target_event_within_90d
ACC00289,2024-09-30,90,True,0.0,no_target_event_within_90d
ACC00289,2024-10-31,90,True,0.0,no_target_event_within_90d
ACC00289,2024-11-30,90,True,0.0,no_target_event_within_90d
ACC00289,2024-12-31,90,True,0.0,no_target_event_within_90d
ACC00289,2025-01-31,90,True,0.0,no_target_event_within_90d
ACC00289,2025-02-28,90,True,0.0,no_target_event_within_90d
ACC00289,2025-03-31,90,True,0.0,no_target_event_within_90d
ACC00289,2025-04-30,90,True,0.0,no_target_event_within_90d
ACC00289,2025-05-31,90,True,0.0,no_target_event_within_90d
ACC00289,2025-06-30,90,True,0.0,no_target_event_within_90d
ACC00289,2025-07-31,90,True,0.0,no_target_event_within_90d
ACC00289,2025-08-31,90,True,1.0,renewed
ACC00289,2025-09-30,90,True,1.0,renewed
ACC00289,2025-10-31,90,True,1.0,renewed
ACC00290,2024-01-31,90,True,0.0,no_target_event_within_90d
ACC00290,2024-02-29,90,True,0.0,no_target_event_within_90d
ACC00290,2024-03-31,90,True,0.0,no_target_event_within_90d
ACC00290,2024-04-30,90,True,0.0,no_target_event_within_90d
ACC00290,2024-05-31,90,True,0.0,no_target_event_within_90d
ACC00290,2024-06-30,90,True,0.0,no_target_event_within_90d
ACC00290,2024-07-31,90,True,0.0,no_target_event_within_90d
ACC00290,2024-08-31,90,True,0.0,no_target_event_within_90d
ACC00290,2024-09-30,90,True,0.0,no_target_event_within_90d
ACC00290,2024-10-31,90,True,0.0,no_target_event_within_90d
ACC00290,2024-11-30,90,True,0.0,no_target_event_within_90d
ACC00290,2024-12-31,90,True,0.0,no_target_event_within_90d
ACC00290,2025-01-31,90,True,0.0,no_target_event_within_90d
ACC00290,2025-02-28,90,True,0.0,no_target_event_within_90d
ACC00290,2025-03-31,90,True,0.0,no_target_event_within_90d
ACC00290,2025-04-30,90,True,1.0,renewed
ACC00290,2025-05-31,90,True,1.0,renewed
ACC00290,2025-06-30,90,True,1.0,renewed
ACC00291,2024-01-31,90,True,0.0,no_target_event_within_90d
ACC00291,2024-02-29,90,True,0.0,no_target_event_within_90d
ACC00291,2024-03-31,90,True,0.0,no_target_event_within_90d
ACC00291,2024-04-30,90,True,0.0,no_target_event_within_90d
ACC00291,2024-05-31,90,True,0.0,no_target_event_within_90d
ACC00291,2024-06-30,90,True,0.0,no_target_event_within_90d
ACC00291,2024-07-31,90,True,0.0,no_target_event_within_90d
ACC00291,2024-08-31,90,True,0.0,no_target_event_within_90d
ACC00291,2024-09-30,90,True,0.0,no_target_event_within_90d
ACC00291,2024-10-31,90,True,0.0,no_target_event_within_90d
ACC00291,2024-11-30,90,True,0.0,no_target_event_within_90d
ACC00291,2024-12-31,90,True,0.0,no_target_event_within_90d
ACC00291,2025-01-31,90,True,0.0,no_target_event_within_90d
ACC00291,2025-02-28,90,True,0.0,no_target_event_within_90d
ACC00291,2025-03-31,90,True,0.0,no_target_event_within_90d
ACC00291,2025-04-30,90,True,0.0,no_target_event_within_90d
ACC00291,2025-05-31,90,True,0.0,no_target_event_within_90d
ACC00291,2025-06-30,90,True,0.0,no_target_event_within_90d
ACC00291,2025-07-31,90,True,1.0,churned_voluntary
ACC00291,2025-08-31,90,True,1.0,churned_voluntary
ACC00291,2025-09-30,90,True,1.0,churned_voluntary
ACC00292,2024-01-31,90,True,0.0,no_target_event_within_90d
ACC00292,2024-02-29,90,True,0.0,no_target_event_within_90d
ACC00292,2024-03-31,90,True,0.0,no_target_event_within_90d
ACC00292,2024-04-30,90,True,0.0,no_target_event_within_90d
ACC00292,2024-05-31,90,True,0.0,no_target_event_within_90d
ACC00292,2024-06-30,90,True,0.0,no_target_event_within_90d
ACC00292,2024-07-31,90,True,0.0,no_target_event_within_90d
ACC00292,2024-08-31,90,True,0.0,no_target_event_within_90d
ACC00292,2024-09-30,90,True,0.0,no_target_event_within_90d
ACC00292,2024-10-31,90,True,0.0,no_target_event_within_90d
ACC00292,2024-11-30,90,True,0.0,no_target_event_within_90d
ACC00292,2024-12-31,90,True,0.0,no_target_event_within_90d
ACC00292,2025-01-31,90,True,0.0,no_target_event_within_90d
ACC00292,2025-02-28,90,True,0.0,no_target_event_within_90d
ACC00292,2025-03-31,90,True,0.0,no_target_event_within_90d
ACC00292,2025-04-30,90,True,0.0,no_target_event_within_90d
ACC00292,2025-05-31,90,True,1.0,churned_voluntary
ACC00292,2025-06-30,90,True,1.0,churned_voluntary
ACC00292,2025-07-31,90,True,1.0,churned_voluntary
ACC00293,2024-01-31,90,True,,censored
ACC00293,2024-02-29,90,True,,censored
ACC00293,2024-03-31,90,True,,censored
ACC00293,2024-04-30,90,True,,censored
ACC00293,2024-05-31,90,True,,censored
ACC00293,2024-06-30,90,True,,censored
ACC00293,2024-07-31,90,True,,censored
ACC00293,2024-08-31,90,True,,censored
ACC00293,2024-09-30,90,True,,censored
ACC00293,2024-10-31,90,True,,censored
ACC00293,2024-11-30,90,True,,censored
ACC00293,2024-12-31,90,True,,censored
ACC00293,2025-01-31,90,True,,censored
ACC00293,2025-02-28,90,True,,censored
ACC00293,2025-03-31,90,True,,censored
ACC00293,2025-04-30,90,True,,censored
ACC00293,2025-05-31,90,True,,censored
ACC00293,2025-06-30,90,True,,censored
ACC00293,2025-07-31,90,True,,censored
ACC00293,2025-08-31,90,True,,censored
ACC00293,2025-09-30,90,True,,censored
ACC00293,2025-10-31,90,True,,censored
ACC00293,2025-11-30,90,True,,censored
ACC00293,2025-12-31,90,True,,censored
ACC00294,2024-01-31,90,True,0.0,no_target_event_within_90d
ACC00294,2024-02-29,90,True,0.0,no_target_event_within_90d
ACC00294,2024-03-31,90,True,0.0,no_target_event_within_90d
ACC00294,2024-04-30,90,True,0.0,no_target_event_within_90d
ACC00294,2024-05-31,90,True,0.0,no_target_event_within_90d
ACC00294,2024-06-30,90,True,0.0,no_target_event_within_90d
ACC00294,2024-07-31,90,True,0.0,no_target_event_within_90d
ACC00294,2024-08-31,90,True,0.0,no_target_event_within_90d
ACC00294,2024-09-30,90,True,0.0,no_target_event_within_90d
ACC00294,2024-10-31,90,True,0.0,no_target_event_within_90d
ACC00294,2024-11-30,90,True,0.0,no_target_event_within_90d
ACC00294,2024-12-31,90,True,0.0,no_target_event_within_90d
ACC00294,2025-01-31,90,True,0.0,no_target_event_within_90d
ACC00294,2025-02-28,90,True,0.0,no_target_event_within_90d
ACC00294,2025-03-31,90,True,0.0,no_target_event_within_90d
ACC00294,2025-04-30,90,True,0.0,no_target_event_within_90d
ACC00294,2025-05-31,90,True,0.0,no_target_event_within_90d
ACC00294,2025-06-30,90,True,0.0,no_target_event_within_90d
ACC00294,2025-07-31,90,True,0.0,no_target_event_within_90d
ACC00294,2025-08-31,90,True,1.0,renewed
ACC00294,2025-09-30,90,True,1.0,renewed
ACC00294,2025-10-31,90,True,1.0,renewed
ACC00295,2024-01-31,90,True,0.0,no_target_event_within_90d
ACC00295,2024-02-29,90,True,0.0,no_target_event_within_90d
ACC00295,2024-03-31,90,True,0.0,no_target_event_within_90d
ACC00295,2024-04-30,90,True,0.0,no_target_event_within_90d
ACC00295,2024-05-31,90,True,0.0,no_target_event_within_90d
ACC00295,2024-06-30,90,True,0.0,no_target_event_within_90d
ACC00295,2024-07-31,90,True,0.0,no_target_event_within_90d
ACC00295,2024-08-31,90,True,0.0,no_target_event_within_90d
ACC00295,2024-09-30,90,True,0.0,no_target_event_within_90d
ACC00295,2024-10-31,90,True,0.0,no_target_event_within_90d
ACC00295,2024-11-30,90,True,0.0,no_target_event_within_90d
ACC00295,2024-12-31,90,True,1.0,downgraded
ACC00295,2025-01-31,90,True,1.0,downgraded
ACC00295,2025-02-28,90,True,1.0,downgraded
ACC00296,2024-01-31,90,True,0.0,no_target_event_within_90d
ACC00296,2024-02-29,90,True,0.0,no_target_event_within_90d
ACC00296,2024-03-31,90,True,0.0,no_target_event_within_90d
ACC00296,2024-04-30,90,True,1.0,renewed
ACC00296,2024-05-31,90,True,1.0,renewed
ACC00296,2024-06-30,90,True,1.0,renewed
ACC00297,2024-01-31,90,True,,censored
ACC00297,2024-02-29,90,True,,censored
ACC00297,2024-03-31,90,True,,censored
ACC00297,2024-04-30,90,True,,censored
ACC00297,2024-05-31,90,True,,censored
ACC00297,2024-06-30,90,True,,censored
ACC00297,2024-07-31,90,True,,censored
ACC00297,2024-08-31,90,True,,censored
ACC00297,2024-09-30,90,True,,censored
ACC00297,2024-10-31,90,True,,censored
ACC00297,2024-11-30,90,True,,censored
ACC00297,2024-12-31,90,True,,censored
ACC00297,2025-01-31,90,True,,censored
ACC00297,2025-02-28,90,True,,censored
ACC00297,2025-03-31,90,True,,censored
ACC00297,2025-04-30,90,True,,censored
ACC00297,2025-05-31,90,True,,censored
ACC00297,2025-06-30,90,True,,censored
ACC00297,2025-07-31,90,True,,censored
ACC00297,2025-08-31,90,True,,censored
ACC00297,2025-09-30,90,True,,censored
ACC00297,2025-10-31,90,True,,censored
ACC00297,2025-11-30,90,True,,censored
ACC00297,2025-12-31,90,True,,censored
ACC00298,2024-01-31,90,True,0.0,no_target_event_within_90d
ACC00298,2024-02-29,90,True,0.0,no_target_event_within_90d
ACC00298,2024-03-31,90,True,0.0,no_target_event_within_90d
ACC00298,2024-04-30,90,True,0.0,no_target_event_within_90d
ACC00298,2024-05-31,90,True,0.0,no_target_event_within_90d
ACC00298,2024-06-30,90,True,0.0,no_target_event_within_90d
ACC00298,2024-07-31,90,True,0.0,no_target_event_within_90d
ACC00298,2024-08-31,90,True,0.0,no_target_event_within_90d
ACC00298,2024-09-30,90,True,1.0,renewed
ACC00298,2024-10-31,90,True,1.0,renewed
ACC00298,2024-11-30,90,True,1.0,renewed
ACC00299,2024-01-31,90,True,0.0,no_target_event_within_90d
ACC00299,2024-02-29,90,True,0.0,no_target_event_within_90d
ACC00299,2024-03-31,90,True,0.0,no_target_event_within_90d
ACC00299,2024-04-30,90,True,0.0,no_target_event_within_90d
ACC00299,2024-05-31,90,True,0.0,no_target_event_within_90d
ACC00299,2024-06-30,90,True,0.0,no_target_event_within_90d
ACC00299,2024-07-31,90,True,0.0,no_target_event_within_90d
ACC00299,2024-08-31,90,True,0.0,no_target_event_within_90d
ACC00299,2024-09-30,90,True,1.0,renewed
ACC00299,2024-10-31,90,True,1.0,renewed
ACC00299,2024-11-30,90,True,1.0,renewed
ACC00300,2024-01-31,90,True,0.0,no_target_event_within_90d
ACC00300,2024-02-29,90,True,0.0,no_target_event_within_90d
ACC00300,2024-03-31,90,True,0.0,no_target_event_within_90d
ACC00300,2024-04-30,90,True,0.0,no_target_event_within_90d
ACC00300,2024-05-31,90,True,0.0,no_target_event_within_90d
ACC00300,2024-06-30,90,True,0.0,no_target_event_within_90d
ACC00300,2024-07-31,90,True,1.0,churned_voluntary
ACC00300,2024-08-31,90,True,1.0,churned_voluntary
ACC00300,2024-09-30,90,True,1.0,churned_voluntary
ACC00301,2024-01-31,90,True,0.0,no_target_event_within_90d
ACC00301,2024-02-29,90,True,0.0,no_target_event_within_90d
ACC00301,2024-03-31,90,True,0.0,no_target_event_within_90d
ACC00301,2024-04-30,90,True,0.0,no_target_event_within_90d
ACC00301,2024-05-31,90,True,0.0,no_target_event_within_90d
ACC00301,2024-06-30,90,True,0.0,no_target_event_within_90d
ACC00301,2024-07-31,90,True,0.0,no_target_event_within_90d
ACC00301,2024-08-31,90,True,0.0,no_target_event_within_90d
ACC00301,2024-09-30,90,True,0.0,no_target_event_within_90d
ACC00301,2024-10-31,90,True,0.0,no_target_event_within_90d
ACC00301,2024-11-30,90,True,0.0,no_target_event_within_90d
ACC00301,2024-12-31,90,True,0.0,no_target_event_within_90d
ACC00301,2025-01-31,90,True,0.0,no_target_event_within_90d
ACC00301,2025-02-28,90,True,0.0,no_target_event_within_90d
ACC00301,2025-03-31,90,True,1.0,churned_voluntary
ACC00301,2025-04-30,90,True,1.0,churned_voluntary
ACC00301,2025-05-31,90,True,1.0,churned_voluntary
ACC00302,2024-01-31,90,True,0.0,no_target_event_within_90d
ACC00302,2024-02-29,90,True,0.0,no_target_event_within_90d
ACC00302,2024-03-31,90,True,0.0,no_target_event_within_90d
ACC00302,2024-04-30,90,True,0.0,no_target_event_within_90d
ACC00302,2024-05-31,90,True,1.0,renewed
ACC00302,2024-06-30,90,True,1.0,renewed
ACC00302,2024-07-31,90,True,1.0,renewed
ACC00303,2024-01-31,90,True,0.0,no_target_event_within_90d
ACC00303,2024-02-29,90,True,0.0,no_target_event_within_90d
ACC00303,2024-03-31,90,True,0.0,no_target_event_within_90d
ACC00303,2024-04-30,90,True,0.0,no_target_event_within_90d
ACC00303,2024-05-31,90,True,0.0,no_target_event_within_90d
ACC00303,2024-06-30,90,True,0.0,no_target_event_within_90d
ACC00303,2024-07-31,90,True,0.0,no_target_event_within_90d
ACC00303,2024-08-31,90,True,0.0,no_target_event_within_90d
ACC00303,2024-09-30,90,True,0.0,no_target_event_within_90d
ACC00303,2024-10-31,90,True,0.0,no_target_event_within_90d
ACC00303,2024-11-30,90,True,0.0,no_target_event_within_90d
ACC00303,2024-12-31,90,True,0.0,no_target_event_within_90d
ACC00303,2025-01-31,90,True,0.0,no_target_event_within_90d
ACC00303,2025-02-28,90,True,0.0,no_target_event_within_90d
ACC00303,2025-03-31,90,True,0.0,no_target_event_within_90d
ACC00303,2025-04-30,90,True,0.0,no_target_event_within_90d
ACC00303,2025-05-31,90,True,0.0,no_target_event_within_90d
ACC00303,2025-06-30,90,True,0.0,no_target_event_within_90d
ACC00303,2025-07-31,90,True,0.0,no_target_event_within_90d
ACC00303,2025-08-31,90,True,0.0,no_target_event_within_90d
ACC00303,2025-09-30,90,True,1.0,renewed
ACC00303,2025-10-31,90,True,1.0,renewed
ACC00303,2025-11-30,90,True,1.0,renewed
ACC00304,2024-01-31,90,True,0.0,no_target_event_within_90d
ACC00304,2024-02-29,90,True,0.0,no_target_event_within_90d
ACC00304,2024-03-31,90,True,0.0,no_target_event_within_90d
ACC00304,2024-04-30,90,True,1.0,renewed
ACC00304,2024-05-31,90,True,1.0,renewed
ACC00304,2024-06-30,90,True,1.0,renewed
ACC00305,2024-01-31,90,True,0.0,no_target_event_within_90d
ACC00305,2024-02-29,90,True,0.0,no_target_event_within_90d
ACC00305,2024-03-31,90,True,0.0,no_target_event_within_90d
ACC00305,2024-04-30,90,True,0.0,no_target_event_within_90d
ACC00305,2024-05-31,90,True,0.0,no_target_event_within_90d
ACC00305,2024-06-30,90,True,0.0,no_target_event_within_90d
ACC00305,2024-07-31,90,True,0.0,no_target_event_within_90d
ACC00305,2024-08-31,90,True,0.0,no_target_event_within_90d
ACC00305,2024-09-30,90,True,0.0,no_target_event_within_90d
ACC00305,2024-10-31,90,True,0.0,no_target_event_within_90d
ACC00305,2024-11-30,90,True,0.0,no_target_event_within_90d
ACC00305,2024-12-31,90,True,0.0,no_target_event_within_90d
ACC00305,2025-01-31,90,True,0.0,no_target_event_within_90d
ACC00305,2025-02-28,90,True,0.0,no_target_event_within_90d
ACC00305,2025-03-31,90,True,0.0,no_target_event_within_90d
ACC00305,2025-04-30,90,True,0.0,no_target_event_within_90d
ACC00305,2025-05-31,90,True,0.0,no_target_event_within_90d
ACC00305,2025-06-30,90,True,0.0,no_target_event_within_90d
ACC00305,2025-07-31,90,True,1.0,renewed
ACC00305,2025-08-31,90,True,1.0,renewed
ACC00305,2025-09-30,90,True,1.0,renewed
ACC00306,2024-01-31,90,True,,censored
ACC00306,2024-02-29,90,True,,censored
ACC00306,2024-03-31,90,True,,censored
ACC00306,2024-04-30,90,True,,censored
ACC00306,2024-05-31,90,True,,censored
ACC00306,2024-06-30,90,True,,censored
ACC00306,2024-07-31,90,True,,censored
ACC00306,2024-08-31,90,True,,censored
ACC00306,2024-09-30,90,True,,censored
ACC00306,2024-10-31,90,True,,censored
ACC00306,2024-11-30,90,True,,censored
ACC00306,2024-12-31,90,True,,censored
ACC00306,2025-01-31,90,True,,censored
ACC00306,2025-02-28,90,True,,censored
ACC00306,2025-03-31,90,True,,censored
ACC00306,2025-04-30,90,True,,censored
ACC00306,2025-05-31,90,True,,censored
ACC00306,2025-06-30,90,True,,censored
ACC00306,2025-07-31,90,True,,censored
ACC00306,2025-08-31,90,True,,censored
ACC00306,2025-09-30,90,True,,censored
ACC00306,2025-10-31,90,True,,censored
ACC00306,2025-11-30,90,True,,censored
ACC00306,2025-12-31,90,True,,censored
ACC00307,2024-01-31,90,True,0.0,no_target_event_within_90d
ACC00307,2024-02-29,90,True,0.0,no_target_event_within_90d
ACC00307,2024-03-31,90,True,0.0,no_target_event_within_90d
ACC00307,2024-04-30,90,True,0.0,no_target_event_within_90d
ACC00307,2024-05-31,90,True,0.0,no_target_event_within_90d
ACC00307,2024-06-30,90,True,0.0,no_target_event_within_90d
ACC00307,2024-07-31,90,True,0.0,no_target_event_within_90d
ACC00307,2024-08-31,90,True,0.0,no_target_event_within_90d
ACC00307,2024-09-30,90,True,0.0,no_target_event_within_90d
ACC00307,2024-10-31,90,True,0.0,no_target_event_within_90d
ACC00307,2024-11-30,90,True,0.0,no_target_event_within_90d
ACC00307,2024-12-31,90,True,0.0,no_target_event_within_90d
ACC00307,2025-01-31,90,True,0.0,no_target_event_within_90d
ACC00307,2025-02-28,90,True,0.0,no_target_event_within_90d
ACC00307,2025-03-31,90,True,0.0,no_target_event_within_90d
ACC00307,2025-04-30,90,True,0.0,no_target_event_within_90d
ACC00307,2025-05-31,90,True,1.0,renewed
ACC00307,2025-06-30,90,True,1.0,renewed
ACC00307,2025-07-31,90,True,1.0,renewed
ACC00308,2024-01-31,90,True,0.0,no_target_event_within_90d
ACC00308,2024-02-29,90,True,0.0,no_target_event_within_90d
ACC00308,2024-03-31,90,True,0.0,no_target_event_within_90d
ACC00308,2024-04-30,90,True,0.0,no_target_event_within_90d
ACC00308,2024-05-31,90,True,0.0,no_target_event_within_90d
ACC00308,2024-06-30,90,True,0.0,no_target_event_within_90d
ACC00308,2024-07-31,90,True,0.0,no_target_event_within_90d
ACC00308,2024-08-31,90,True,0.0,no_target_event_within_90d
ACC00308,2024-09-30,90,True,0.0,no_target_event_within_90d
ACC00308,2024-10-31,90,True,0.0,no_target_event_within_90d
ACC00308,2024-11-30,90,True,0.0,no_target_event_within_90d
ACC00308,2024-12-31,90,True,0.0,no_target_event_within_90d
ACC00308,2025-01-31,90,True,0.0,no_target_event_within_90d
ACC00308,2025-02-28,90,True,0.0,no_target_event_within_90d
ACC00308,2025-03-31,90,True,0.0,no_target_event_within_90d
ACC00308,2025-04-30,90,True,0.0,no_target_event_within_90d
ACC00308,2025-05-31,90,True,0.0,no_target_event_within_90d
ACC00308,2025-06-30,90,True,0.0,no_target_event_within_90d
ACC00308,2025-07-31,90,True,0.0,no_target_event_within_90d
ACC00308,2025-08-31,90,True,0.0,no_target_event_within_90d
ACC00308,2025-09-30,90,True,0.0,no_target_event_within_90d
ACC00308,2025-10-31,90,True,1.0,renewed
ACC00308,2025-11-30,90,True,1.0,renewed
ACC00308,2025-12-31,90,True,1.0,renewed
ACC00309,2024-01-31,90,True,,censored
ACC00309,2024-02-29,90,True,,censored
ACC00309,2024-03-31,90,True,,censored
ACC00309,2024-04-30,90,True,,censored
ACC00309,2024-05-31,90,True,,censored
ACC00309,2024-06-30,90,True,,censored
ACC00309,2024-07-31,90,True,,censored
ACC00309,2024-08-31,90,True,,censored
ACC00309,2024-09-30,90,True,,censored
ACC00309,2024-10-31,90,True,,censored
ACC00309,2024-11-30,90,True,,censored
ACC00309,2024-12-31,90,True,,censored
ACC00309,2025-01-31,90,True,,censored
ACC00309,2025-02-28,90,True,,censored
ACC00309,2025-03-31,90,True,,censored
ACC00309,2025-04-30,90,True,,censored
ACC00309,2025-05-31,90,True,,censored
ACC00309,2025-06-30,90,True,,censored
ACC00309,2025-07-31,90,True,,censored
ACC00309,2025-08-31,90,True,,censored
ACC00309,2025-09-30,90,True,,censored
ACC00309,2025-10-31,90,True,,censored
ACC00309,2025-11-30,90,True,,censored
ACC00309,2025-12-31,90,True,,censored
ACC00310,2024-01-31,90,True,0.0,no_target_event_within_90d
ACC00310,2024-02-29,90,True,0.0,no_target_event_within_90d
ACC00310,2024-03-31,90,True,0.0,no_target_event_within_90d
ACC00310,2024-04-30,90,True,0.0,no_target_event_within_90d
ACC00310,2024-05-31,90,True,0.0,no_target_event_within_90d
ACC00310,2024-06-30,90,True,0.0,no_target_event_within_90d
ACC00310,2024-07-31,90,True,0.0,no_target_event_within_90d
ACC00310,2024-08-31,90,True,0.0,no_target_event_within_90d
ACC00310,2024-09-30,90,True,0.0,no_target_event_within_90d
ACC00310,2024-10-31,90,True,0.0,no_target_event_within_90d
ACC00310,2024-11-30,90,True,0.0,no_target_event_within_90d
ACC00310,2024-12-31,90,True,0.0,no_target_event_within_90d
ACC00310,2025-01-31,90,True,0.0,no_target_event_within_90d
ACC00310,2025-02-28,90,True,0.0,no_target_event_within_90d
ACC00310,2025-03-31,90,True,0.0,no_target_event_within_90d
ACC00310,2025-04-30,90,True,0.0,no_target_event_within_90d
ACC00310,2025-05-31,90,True,0.0,no_target_event_within_90d
ACC00310,2025-06-30,90,True,0.0,no_target_event_within_90d
ACC00310,2025-07-31,90,True,0.0,no_target_event_within_90d
ACC00310,2025-08-31,90,True,0.0,no_target_event_within_90d
ACC00310,2025-09-30,90,True,1.0,renewed
ACC00310,2025-10-31,90,True,1.0,renewed
ACC00310,2025-11-30,90,True,1.0,renewed
ACC00311,2024-01-31,90,True,0.0,no_target_event_within_90d
ACC00311,2024-02-29,90,True,0.0,no_target_event_within_90d
ACC00311,2024-03-31,90,True,0.0,no_target_event_within_90d
ACC00311,2024-04-30,90,True,0.0,no_target_event_within_90d
ACC00311,2024-05-31,90,True,0.0,no_target_event_within_90d
ACC00311,2024-06-30,90,True,0.0,no_target_event_within_90d
ACC00311,2024-07-31,90,True,0.0,no_target_event_within_90d
ACC00311,2024-08-31,90,True,0.0,no_target_event_within_90d
ACC00311,2024-09-30,90,True,1.0,renewed
ACC00311,2024-10-31,90,True,1.0,renewed
ACC00311,2024-11-30,90,True,1.0,renewed
ACC00312,2024-01-31,90,True,0.0,no_target_event_within_90d
ACC00312,2024-02-29,90,True,0.0,no_target_event_within_90d
ACC00312,2024-03-31,90,True,0.0,no_target_event_within_90d
ACC00312,2024-04-30,90,True,0.0,no_target_event_within_90d
ACC00312,2024-05-31,90,True,0.0,no_target_event_within_90d
ACC00312,2024-06-30,90,True,0.0,no_target_event_within_90d
ACC00312,2024-07-31,90,True,0.0,no_target_event_within_90d
ACC00312,2024-08-31,90,True,0.0,no_target_event_within_90d
ACC00312,2024-09-30,90,True,0.0,no_target_event_within_90d
ACC00312,2024-10-31,90,True,0.0,no_target_event_within_90d
ACC00312,2024-11-30,90,True,0.0,no_target_event_within_90d
ACC00312,2024-12-31,90,True,0.0,no_target_event_within_90d
ACC00312,2025-01-31,90,True,0.0,no_target_event_within_90d
ACC00312,2025-02-28,90,True,0.0,no_target_event_within_90d
ACC00312,2025-03-31,90,True,0.0,no_target_event_within_90d
ACC00312,2025-04-30,90,True,1.0,churned_voluntary
ACC00312,2025-05-31,90,True,1.0,churned_voluntary
ACC00312,2025-06-30,90,True,1.0,churned_voluntary
ACC00313,2024-01-31,90,True,0.0,no_target_event_within_90d
ACC00313,2024-02-29,90,True,0.0,no_target_event_within_90d
ACC00313,2024-03-31,90,True,0.0,no_target_event_within_90d
ACC00313,2024-04-30,90,True,0.0,no_target_event_within_90d
ACC00313,2024-05-31,90,True,0.0,no_target_event_within_90d
ACC00313,2024-06-30,90,True,0.0,no_target_event_within_90d
ACC00313,2024-07-31,90,True,0.0,no_target_event_within_90d
ACC00313,2024-08-31,90,True,0.0,no_target_event_within_90d
ACC00313,2024-09-30,90,True,0.0,no_target_event_within_90d
ACC00313,2024-10-31,90,True,0.0,no_target_event_within_90d
ACC00313,2024-11-30,90,True,0.0,no_target_event_within_90d
ACC00313,2024-12-31,90,True,0.0,no_target_event_within_90d
ACC00313,2025-01-31,90,True,0.0,no_target_event_within_90d
ACC00313,2025-02-28,90,True,0.0,no_target_event_within_90d
ACC00313,2025-03-31,90,True,0.0,no_target_event_within_90d
ACC00313,2025-04-30,90,True,0.0,no_target_event_within_90d
ACC00313,2025-05-31,90,True,1.0,churned_voluntary
ACC00313,2025-06-30,90,True,1.0,churned_voluntary
ACC00313,2025-07-31,90,True,1.0,churned_voluntary
ACC00314,2024-01-31,90,True,,censored
ACC00314,2024-02-29,90,True,,censored
ACC00314,2024-03-31,90,True,,censored
ACC00314,2024-04-30,90,True,,censored
ACC00314,2024-05-31,90,True,,censored
ACC00314,2024-06-30,90,True,,censored
ACC00314,2024-07-31,90,True,,censored
ACC00314,2024-08-31,90,True,,censored
ACC00314,2024-09-30,90,True,,censored
ACC00314,2024-10-31,90,True,,censored
ACC00314,2024-11-30,90,True,,censored
ACC00314,2024-12-31,90,True,,censored
ACC00314,2025-01-31,90,True,,censored
ACC00314,2025-02-28,90,True,,censored
ACC00314,2025-03-31,90,True,,censored
ACC00314,2025-04-30,90,True,,censored
ACC00314,2025-05-31,90,True,,censored
ACC00314,2025-06-30,90,True,,censored
ACC00314,2025-07-31,90,True,,censored
ACC00314,2025-08-31,90,True,,censored
ACC00314,2025-09-30,90,True,,censored
ACC00314,2025-10-31,90,True,,censored
ACC00314,2025-11-30,90,True,,censored
ACC00314,2025-12-31,90,True,,censored
ACC00315,2024-01-31,90,True,,censored
ACC00315,2024-02-29,90,True,,censored
ACC00315,2024-03-31,90,True,,censored
ACC00315,2024-04-30,90,True,,censored
ACC00315,2024-05-31,90,True,,censored
ACC00315,2024-06-30,90,True,,censored
ACC00315,2024-07-31,90,True,,censored
ACC00315,2024-08-31,90,True,,censored
ACC00315,2024-09-30,90,True,,censored
ACC00315,2024-10-31,90,True,,censored
ACC00315,2024-11-30,90,True,,censored
ACC00315,2024-12-31,90,True,,censored
ACC00315,2025-01-31,90,True,,censored
ACC00315,2025-02-28,90,True,,censored
ACC00315,2025-03-31,90,True,,censored
ACC00315,2025-04-30,90,True,,censored
ACC00315,2025-05-31,90,True,,censored
ACC00315,2025-06-30,90,True,,censored
ACC00315,2025-07-31,90,True,,censored
ACC00315,2025-08-31,90,True,,censored
ACC00315,2025-09-30,90,True,,censored
ACC00315,2025-10-31,90,True,,censored
ACC00315,2025-11-30,90,True,,censored
ACC00315,2025-12-31,90,True,,censored
ACC00316,2024-01-31,90,True,0.0,no_target_event_within_90d
ACC00316,2024-02-29,90,True,0.0,no_target_event_within_90d
ACC00316,2024-03-31,90,True,0.0,no_target_event_within_90d
ACC00316,2024-04-30,90,True,0.0,no_target_event_within_90d
ACC00316,2024-05-31,90,True,0.0,no_target_event_within_90d
ACC00316,2024-06-30,90,True,0.0,no_target_event_within_90d
ACC00316,2024-07-31,90,True,0.0,no_target_event_within_90d
ACC00316,2024-08-31,90,True,0.0,no_target_event_within_90d
ACC00316,2024-09-30,90,True,0.0,no_target_event_within_90d
ACC00316,2024-10-31,90,True,0.0,no_target_event_within_90d
ACC00316,2024-11-30,90,True,0.0,no_target_event_within_90d
ACC00316,2024-12-31,90,True,0.0,no_target_event_within_90d
ACC00316,2025-01-31,90,True,0.0,no_target_event_within_90d
ACC00316,2025-02-28,90,True,0.0,no_target_event_within_90d
ACC00316,2025-03-31,90,True,0.0,no_target_event_within_90d
ACC00316,2025-04-30,90,True,0.0,no_target_event_within_90d
ACC00316,2025-05-31,90,True,0.0,no_target_event_within_90d
ACC00316,2025-06-30,90,True,1.0,renewed
ACC00316,2025-07-31,90,True,1.0,renewed
ACC00316,2025-08-31,90,True,1.0,renewed
ACC00317,2024-01-31,90,True,0.0,no_target_event_within_90d
ACC00317,2024-02-29,90,True,0.0,no_target_event_within_90d
ACC00317,2024-03-31,90,True,0.0,no_target_event_within_90d
ACC00317,2024-04-30,90,True,1.0,renewed
ACC00317,2024-05-31,90,True,1.0,renewed
ACC00317,2024-06-30,90,True,1.0,renewed
ACC00318,2024-01-31,90,True,0.0,no_target_event_within_90d
ACC00318,2024-02-29,90,True,0.0,no_target_event_within_90d
ACC00318,2024-03-31,90,True,0.0,no_target_event_within_90d
ACC00318,2024-04-30,90,True,0.0,no_target_event_within_90d
ACC00318,2024-05-31,90,True,0.0,no_target_event_within_90d
ACC00318,2024-06-30,90,True,0.0,no_target_event_within_90d
ACC00318,2024-07-31,90,True,0.0,no_target_event_within_90d
ACC00318,2024-08-31,90,True,0.0,no_target_event_within_90d
ACC00318,2024-09-30,90,True,0.0,no_target_event_within_90d
ACC00318,2024-10-31,90,True,0.0,no_target_event_within_90d
ACC00318,2024-11-30,90,True,0.0,no_target_event_within_90d
ACC00318,2024-12-31,90,True,0.0,no_target_event_within_90d
ACC00318,2025-01-31,90,True,0.0,no_target_event_within_90d
ACC00318,2025-02-28,90,True,0.0,no_target_event_within_90d
ACC00318,2025-03-31,90,True,0.0,no_target_event_within_90d
ACC00318,2025-04-30,90,True,0.0,no_target_event_within_90d
ACC00318,2025-05-31,90,True,0.0,no_target_event_within_90d
ACC00318,2025-06-30,90,True,0.0,no_target_event_within_90d
ACC00318,2025-07-31,90,True,1.0,renewed
ACC00318,2025-08-31,90,True,1.0,renewed
ACC00318,2025-09-30,90,True,1.0,renewed
ACC00319,2024-01-31,90,True,0.0,no_target_event_within_90d
ACC00319,2024-02-29,90,True,0.0,no_target_event_within_90d
ACC00319,2024-03-31,90,True,0.0,no_target_event_within_90d
ACC00319,2024-04-30,90,True,0.0,no_target_event_within_90d
ACC00319,2024-05-31,90,True,0.0,no_target_event_within_90d
ACC00319,2024-06-30,90,True,0.0,no_target_event_within_90d
ACC00319,2024-07-31,90,True,0.0,no_target_event_within_90d
ACC00319,2024-08-31,90,True,0.0,no_target_event_within_90d
ACC00319,2024-09-30,90,True,0.0,no_target_event_within_90d
ACC00319,2024-10-31,90,True,0.0,no_target_event_within_90d
ACC00319,2024-11-30,90,True,0.0,no_target_event_within_90d
ACC00319,2024-12-31,90,True,0.0,no_target_event_within_90d
ACC00319,2025-01-31,90,True,0.0,no_target_event_within_90d
ACC00319,2025-02-28,90,True,0.0,no_target_event_within_90d
ACC00319,2025-03-31,90,True,0.0,no_target_event_within_90d
ACC00319,2025-04-30,90,True,0.0,no_target_event_within_90d
ACC00319,2025-05-31,90,True,0.0,no_target_event_within_90d
ACC00319,2025-06-30,90,True,0.0,no_target_event_within_90d
ACC00319,2025-07-31,90,True,0.0,no_target_event_within_90d
ACC00319,2025-08-31,90,True,1.0,downgraded
ACC00319,2025-09-30,90,True,1.0,downgraded
ACC00319,2025-10-31,90,True,1.0,downgraded
ACC00320,2024-01-31,90,True,0.0,no_target_event_within_90d
ACC00320,2024-02-29,90,True,0.0,no_target_event_within_90d
ACC00320,2024-03-31,90,True,0.0,no_target_event_within_90d
ACC00320,2024-04-30,90,True,0.0,no_target_event_within_90d
ACC00320,2024-05-31,90,True,0.0,no_target_event_within_90d
ACC00320,2024-06-30,90,True,0.0,no_target_event_within_90d
ACC00320,2024-07-31,90,True,0.0,no_target_event_within_90d
ACC00320,2024-08-31,90,True,0.0,no_target_event_within_90d
ACC00320,2024-09-30,90,True,0.0,no_target_event_within_90d
ACC00320,2024-10-31,90,True,0.0,no_target_event_within_90d
ACC00320,2024-11-30,90,True,1.0,renewed
ACC00320,2024-12-31,90,True,1.0,renewed
ACC00320,2025-01-31,90,True,1.0,renewed
ACC00321,2024-01-31,90,True,0.0,no_target_event_within_90d
ACC00321,2024-02-29,90,True,0.0,no_target_event_within_90d
ACC00321,2024-03-31,90,True,0.0,no_target_event_within_90d
ACC00321,2024-04-30,90,True,0.0,no_target_event_within_90d
ACC00321,2024-05-31,90,True,0.0,no_target_event_within_90d
ACC00321,2024-06-30,90,True,0.0,no_target_event_within_90d
ACC00321,2024-07-31,90,True,0.0,no_target_event_within_90d
ACC00321,2024-08-31,90,True,0.0,no_target_event_within_90d
ACC00321,2024-09-30,90,True,0.0,no_target_event_within_90d
ACC00321,2024-10-31,90,True,0.0,no_target_event_within_90d
ACC00321,2024-11-30,90,True,0.0,no_target_event_within_90d
ACC00321,2024-12-31,90,True,0.0,no_target_event_within_90d
ACC00321,2025-01-31,90,True,0.0,no_target_event_within_90d
ACC00321,2025-02-28,90,True,0.0,no_target_event_within_90d
ACC00321,2025-03-31,90,True,0.0,no_target_event_within_90d
ACC00321,2025-04-30,90,True,0.0,no_target_event_within_90d
ACC00321,2025-05-31,90,True,0.0,no_target_event_within_90d
ACC00321,2025-06-30,90,True,0.0,no_target_event_within_90d
ACC00321,2025-07-31,90,True,1.0,renewed
ACC00321,2025-08-31,90,True,1.0,renewed
ACC00321,2025-09-30,90,True,1.0,renewed
ACC00322,2024-01-31,90,True,0.0,no_target_event_within_90d
ACC00322,2024-02-29,90,True,0.0,no_target_event_within_90d
ACC00322,2024-03-31,90,True,0.0,no_target_event_within_90d
ACC00322,2024-04-30,90,True,0.0,no_target_event_within_90d
ACC00322,2024-05-31,90,True,0.0,no_target_event_within_90d
ACC00322,2024-06-30,90,True,0.0,no_target_event_within_90d
ACC00322,2024-07-31,90,True,0.0,no_target_event_within_90d
ACC00322,2024-08-31,90,True,0.0,no_target_event_within_90d
ACC00322,2024-09-30,90,True,1.0,renewed
ACC00322,2024-10-31,90,True,1.0,renewed
ACC00322,2024-11-30,90,True,1.0,renewed
ACC00323,2024-01-31,90,True,0.0,no_target_event_within_90d
ACC00323,2024-02-29,90,True,0.0,no_target_event_within_90d
ACC00323,2024-03-31,90,True,0.0,no_target_event_within_90d
ACC00323,2024-04-30,90,True,0.0,no_target_event_within_90d
ACC00323,2024-05-31,90,True,0.0,no_target_event_within_90d
ACC00323,2024-06-30,90,True,0.0,no_target_event_within_90d
ACC00323,2024-07-31,90,True,0.0,no_target_event_within_90d
ACC00323,2024-08-31,90,True,0.0,no_target_event_within_90d
ACC00323,2024-09-30,90,True,0.0,no_target_event_within_90d
ACC00323,2024-10-31,90,True,0.0,no_target_event_within_90d
ACC00323,2024-11-30,90,True,0.0,no_target_event_within_90d
ACC00323,2024-12-31,90,True,0.0,no_target_event_within_90d
ACC00323,2025-01-31,90,True,0.0,no_target_event_within_90d
ACC00323,2025-02-28,90,True,0.0,no_target_event_within_90d
ACC00323,2025-03-31,90,True,0.0,no_target_event_within_90d
ACC00323,2025-04-30,90,True,0.0,no_target_event_within_90d
ACC00323,2025-05-31,90,True,1.0,renewed
ACC00323,2025-06-30,90,True,1.0,renewed
ACC00323,2025-07-31,90,True,1.0,renewed
ACC00324,2024-01-31,90,True,0.0,no_target_event_within_90d
ACC00324,2024-02-29,90,True,0.0,no_target_event_within_90d
ACC00324,2024-03-31,90,True,0.0,no_target_event_within_90d
ACC00324,2024-04-30,90,True,0.0,no_target_event_within_90d
ACC00324,2024-05-31,90,True,0.0,no_target_event_within_90d
ACC00324,2024-06-30,90,True,0.0,no_target_event_within_90d
ACC00324,2024-07-31,90,True,0.0,no_target_event_within_90d
ACC00324,2024-08-31,90,True,0.0,no_target_event_within_90d
ACC00324,2024-09-30,90,True,0.0,no_target_event_within_90d
ACC00324,2024-10-31,90,True,0.0,no_target_event_within_90d
ACC00324,2024-11-30,90,True,0.0,no_target_event_within_90d
ACC00324,2024-12-31,90,True,0.0,no_target_event_within_90d
ACC00324,2025-01-31,90,True,0.0,no_target_event_within_90d
ACC00324,2025-02-28,90,True,0.0,no_target_event_within_90d
ACC00324,2025-03-31,90,True,0.0,no_target_event_within_90d
ACC00324,2025-04-30,90,True,0.0,no_target_event_within_90d
ACC00324,2025-05-31,90,True,0.0,no_target_event_within_90d
ACC00324,2025-06-30,90,True,0.0,no_target_event_within_90d
ACC00324,2025-07-31,90,True,0.0,no_target_event_within_90d
ACC00324,2025-08-31,90,True,0.0,no_target_event_within_90d
ACC00324,2025-09-30,90,True,1.0,renewed
ACC00324,2025-10-31,90,True,1.0,renewed
ACC00324,2025-11-30,90,True,1.0,renewed
ACC00325,2024-01-31,90,True,,censored
ACC00325,2024-02-29,90,True,,censored
ACC00325,2024-03-31,90,True,,censored
ACC00325,2024-04-30,90,True,,censored
ACC00325,2024-05-31,90,True,,censored
ACC00325,2024-06-30,90,True,,censored
ACC00325,2024-07-31,90,True,,censored
ACC00325,2024-08-31,90,True,,censored
ACC00325,2024-09-30,90,True,,censored
ACC00325,2024-10-31,90,True,,censored
ACC00325,2024-11-30,90,True,,censored
ACC00325,2024-12-31,90,True,,censored
ACC00325,2025-01-31,90,True,,censored
ACC00325,2025-02-28,90,True,,censored
ACC00325,2025-03-31,90,True,,censored
ACC00325,2025-04-30,90,True,,censored
ACC00325,2025-05-31,90,True,,censored
ACC00325,2025-06-30,90,True,,censored
ACC00325,2025-07-31,90,True,,censored
ACC00325,2025-08-31,90,True,,censored
ACC00325,2025-09-30,90,True,,censored
ACC00325,2025-10-31,90,True,,censored
ACC00325,2025-11-30,90,True,,censored
ACC00325,2025-12-31,90,True,,censored
ACC00326,2024-01-31,90,True,0.0,no_target_event_within_90d
ACC00326,2024-02-29,90,True,0.0,no_target_event_within_90d
ACC00326,2024-03-31,90,True,0.0,no_target_event_within_90d
ACC00326,2024-04-30,90,True,0.0,no_target_event_within_90d
ACC00326,2024-05-31,90,True,0.0,no_target_event_within_90d
ACC00326,2024-06-30,90,True,0.0,no_target_event_within_90d
ACC00326,2024-07-31,90,True,0.0,no_target_event_within_90d
ACC00326,2024-08-31,90,True,0.0,no_target_event_within_90d
ACC00326,2024-09-30,90,True,0.0,no_target_event_within_90d
ACC00326,2024-10-31,90,True,1.0,renewed
ACC00326,2024-11-30,90,True,1.0,renewed
ACC00327,2024-01-31,90,True,0.0,no_target_event_within_90d
ACC00327,2024-02-29,90,True,0.0,no_target_event_within_90d
ACC00327,2024-03-31,90,True,0.0,no_target_event_within_90d
ACC00327,2024-04-30,90,True,0.0,no_target_event_within_90d
ACC00327,2024-05-31,90,True,0.0,no_target_event_within_90d
ACC00327,2024-06-30,90,True,0.0,no_target_event_within_90d
ACC00327,2024-07-31,90,True,1.0,renewed
ACC00327,2024-08-31,90,True,1.0,renewed
ACC00327,2024-09-30,90,True,1.0,renewed
ACC00328,2024-01-31,90,True,0.0,no_target_event_within_90d
ACC00328,2024-02-29,90,True,0.0,no_target_event_within_90d
ACC00328,2024-03-31,90,True,0.0,no_target_event_within_90d
ACC00328,2024-04-30,90,True,0.0,no_target_event_within_90d
ACC00328,2024-05-31,90,True,0.0,no_target_event_within_90d
ACC00328,2024-06-30,90,True,1.0,renewed
ACC00328,2024-07-31,90,True,1.0,renewed
ACC00328,2024-08-31,90,True,1.0,renewed
ACC00329,2024-01-31,90,True,0.0,no_target_event_within_90d
ACC00329,2024-02-29,90,True,0.0,no_target_event_within_90d
ACC00329,2024-03-31,90,True,0.0,no_target_event_within_90d
ACC00329,2024-04-30,90,True,0.0,no_target_event_within_90d
ACC00329,2024-05-31,90,True,0.0,no_target_event_within_90d
ACC00329,2024-06-30,90,True,1.0,renewed
ACC00329,2024-07-31,90,True,1.0,renewed
ACC00329,2024-08-31,90,True,1.0,renewed
ACC00330,2024-01-31,90,True,0.0,no_target_event_within_90d
ACC00330,2024-02-29,90,True,0.0,no_target_event_within_90d
ACC00330,2024-03-31,90,True,0.0,no_target_event_within_90d
ACC00330,2024-04-30,90,True,0.0,no_target_event_within_90d
ACC00330,2024-05-31,90,True,1.0,renewed
ACC00330,2024-06-30,90,True,1.0,renewed
ACC00330,2024-07-31,90,True,1.0,renewed
ACC00331,2024-01-31,90,True,0.0,no_target_event_within_90d
ACC00331,2024-02-29,90,True,0.0,no_target_event_within_90d
ACC00331,2024-03-31,90,True,0.0,no_target_event_within_90d
ACC00331,2024-04-30,90,True,0.0,no_target_event_within_90d
ACC00331,2024-05-31,90,True,0.0,no_target_event_within_90d
ACC00331,2024-06-30,90,True,0.0,no_target_event_within_90d
ACC00331,2024-07-31,90,True,0.0,no_target_event_within_90d
ACC00331,2024-08-31,90,True,0.0,no_target_event_within_90d
ACC00331,2024-09-30,90,True,0.0,no_target_event_within_90d
ACC00331,2024-10-31,90,True,0.0,no_target_event_within_90d
ACC00331,2024-11-30,90,True,0.0,no_target_event_within_90d
ACC00331,2024-12-31,90,True,0.0,no_target_event_within_90d
ACC00331,2025-01-31,90,True,0.0,no_target_event_within_90d
ACC00331,2025-02-28,90,True,0.0,no_target_event_within_90d
ACC00331,2025-03-31,90,True,0.0,no_target_event_within_90d
ACC00331,2025-04-30,90,True,0.0,no_target_event_within_90d
ACC00331,2025-05-31,90,True,0.0,no_target_event_within_90d
ACC00331,2025-06-30,90,True,0.0,no_target_event_within_90d
ACC00331,2025-07-31,90,True,0.0,no_target_event_within_90d
ACC00331,2025-08-31,90,True,1.0,renewed
ACC00331,2025-09-30,90,True,1.0,renewed
ACC00331,2025-10-31,90,True,1.0,renewed
ACC00332,2024-01-31,90,True,0.0,no_target_event_within_90d
ACC00332,2024-02-29,90,True,0.0,no_target_event_within_90d
ACC00332,2024-03-31,90,True,0.0,no_target_event_within_90d
ACC00332,2024-04-30,90,True,0.0,no_target_event_within_90d
ACC00332,2024-05-31,90,True,0.0,no_target_event_within_90d
ACC00332,2024-06-30,90,True,0.0,no_target_event_within_90d
ACC00332,2024-07-31,90,True,0.0,no_target_event_within_90d
ACC00332,2024-08-31,90,True,0.0,no_target_event_within_90d
ACC00332,2024-09-30,90,True,0.0,no_target_event_within_90d
ACC00332,2024-10-31,90,True,0.0,no_target_event_within_90d
ACC00332,2024-11-30,90,True,0.0,no_target_event_within_90d
ACC00332,2024-12-31,90,True,0.0,no_target_event_within_90d
ACC00332,2025-01-31,90,True,0.0,no_target_event_within_90d
ACC00332,2025-02-28,90,True,0.0,no_target_event_within_90d
ACC00332,2025-03-31,90,True,0.0,no_target_event_within_90d
ACC00332,2025-04-30,90,True,0.0,no_target_event_within_90d
ACC00332,2025-05-31,90,True,0.0,no_target_event_within_90d
ACC00332,2025-06-30,90,True,0.0,no_target_event_within_90d
ACC00332,2025-07-31,90,True,1.0,renewed
ACC00332,2025-08-31,90,True,1.0,renewed
ACC00332,2025-09-30,90,True,1.0,renewed
ACC00333,2024-01-31,90,True,0.0,no_target_event_within_90d
ACC00333,2024-02-29,90,True,0.0,no_target_event_within_90d
ACC00333,2024-03-31,90,True,0.0,no_target_event_within_90d
ACC00333,2024-04-30,90,True,0.0,no_target_event_within_90d
ACC00333,2024-05-31,90,True,0.0,no_target_event_within_90d
ACC00333,2024-06-30,90,True,0.0,no_target_event_within_90d
ACC00333,2024-07-31,90,True,0.0,no_target_event_within_90d
ACC00333,2024-08-31,90,True,0.0,no_target_event_within_90d
ACC00333,2024-09-30,90,True,0.0,no_target_event_within_90d
ACC00333,2024-10-31,90,True,0.0,no_target_event_within_90d
ACC00333,2024-11-30,90,True,0.0,no_target_event_within_90d
ACC00333,2024-12-31,90,True,0.0,no_target_event_within_90d
ACC00333,2025-01-31,90,True,0.0,no_target_event_within_90d
ACC00333,2025-02-28,90,True,0.0,no_target_event_within_90d
ACC00333,2025-03-31,90,True,0.0,no_target_event_within_90d
ACC00333,2025-04-30,90,True,0.0,no_target_event_within_90d
ACC00333,2025-05-31,90,True,0.0,no_target_event_within_90d
ACC00333,2025-06-30,90,True,0.0,no_target_event_within_90d
ACC00333,2025-07-31,90,True,0.0,no_target_event_within_90d
ACC00333,2025-08-31,90,True,0.0,no_target_event_within_90d
ACC00333,2025-09-30,90,True,1.0,churned_voluntary
ACC00333,2025-10-31,90,True,1.0,churned_voluntary
ACC00333,2025-11-30,90,True,1.0,churned_voluntary
ACC00334,2024-01-31,90,True,0.0,no_target_event_within_90d
ACC00334,2024-02-29,90,True,0.0,no_target_event_within_90d
ACC00334,2024-03-31,90,True,0.0,no_target_event_within_90d
ACC00334,2024-04-30,90,True,0.0,no_target_event_within_90d
ACC00334,2024-05-31,90,True,0.0,no_target_event_within_90d
ACC00334,2024-06-30,90,True,0.0,no_target_event_within_90d
ACC00334,2024-07-31,90,True,0.0,no_target_event_within_90d
ACC00334,2024-08-31,90,True,1.0,churned_nonpayment
ACC00334,2024-09-30,90,True,1.0,churned_nonpayment
ACC00334,2024-10-31,90,True,1.0,churned_nonpayment
ACC00335,2024-01-31,90,True,0.0,no_target_event_within_90d
ACC00335,2024-02-29,90,True,0.0,no_target_event_within_90d
ACC00335,2024-03-31,90,True,0.0,no_target_event_within_90d
ACC00335,2024-04-30,90,True,0.0,no_target_event_within_90d
ACC00335,2024-05-31,90,True,0.0,no_target_event_within_90d
ACC00335,2024-06-30,90,True,0.0,no_target_event_within_90d
ACC00335,2024-07-31,90,True,0.0,no_target_event_within_90d
ACC00335,2024-08-31,90,True,0.0,no_target_event_within_90d
ACC00335,2024-09-30,90,True,0.0,no_target_event_within_90d
ACC00335,2024-10-31,90,True,0.0,no_target_event_within_90d
ACC00335,2024-11-30,90,True,0.0,no_target_event_within_90d
ACC00335,2024-12-31,90,True,0.0,no_target_event_within_90d
ACC00335,2025-01-31,90,True,0.0,no_target_event_within_90d
ACC00335,2025-02-28,90,True,1.0,churned_voluntary
ACC00335,2025-03-31,90,True,1.0,churned_voluntary
ACC00335,2025-04-30,90,True,1.0,churned_voluntary
ACC00336,2024-01-31,90,True,0.0,no_target_event_within_90d
ACC00336,2024-02-29,90,True,0.0,no_target_event_within_90d
ACC00336,2024-03-31,90,True,0.0,no_target_event_within_90d
ACC00336,2024-04-30,90,True,0.0,no_target_event_within_90d
ACC00336,2024-05-31,90,True,0.0,no_target_event_within_90d
ACC00336,2024-06-30,90,True,0.0,no_target_event_within_90d
ACC00336,2024-07-31,90,True,0.0,no_target_event_within_90d
ACC00336,2024-08-31,90,True,1.0,churned_voluntary
ACC00336,2024-09-30,90,True,1.0,churned_voluntary
ACC00336,2024-10-31,90,True,1.0,churned_voluntary
ACC00337,2024-01-31,90,True,,censored
ACC00337,2024-02-29,90,True,,censored
ACC00337,2024-03-31,90,True,,censored
ACC00337,2024-04-30,90,True,,censored
ACC00337,2024-05-31,90,True,,censored
ACC00337,2024-06-30,90,True,,censored
ACC00337,2024-07-31,90,True,,censored
ACC00337,2024-08-31,90,True,,censored
ACC00337,2024-09-30,90,True,,censored
ACC00337,2024-10-31,90,True,,censored
ACC00337,2024-11-30,90,True,,censored
ACC00337,2024-12-31,90,True,,censored
ACC00337,2025-01-31,90,True,,censored
ACC00337,2025-02-28,90,True,,censored
ACC00337,2025-03-31,90,True,,censored
ACC00337,2025-04-30,90,True,,censored
ACC00337,2025-05-31,90,True,,censored
ACC00337,2025-06-30,90,True,,censored
ACC00337,2025-07-31,90,True,,censored
ACC00337,2025-08-31,90,True,,censored
ACC00337,2025-09-30,90,True,,censored
ACC00337,2025-10-31,90,True,,censored
ACC00337,2025-11-30,90,True,,censored
ACC00337,2025-12-31,90,True,,censored
ACC00338,2024-01-31,90,True,0.0,no_target_event_within_90d
ACC00338,2024-02-29,90,True,0.0,no_target_event_within_90d
ACC00338,2024-03-31,90,True,0.0,no_target_event_within_90d
ACC00338,2024-04-30,90,True,0.0,no_target_event_within_90d
ACC00338,2024-05-31,90,True,1.0,renewed
ACC00338,2024-06-30,90,True,1.0,renewed
ACC00338,2024-07-31,90,True,1.0,renewed
ACC00339,2024-01-31,90,True,0.0,no_target_event_within_90d
ACC00339,2024-02-29,90,True,0.0,no_target_event_within_90d
ACC00339,2024-03-31,90,True,0.0,no_target_event_within_90d
ACC00339,2024-04-30,90,True,0.0,no_target_event_within_90d
ACC00339,2024-05-31,90,True,0.0,no_target_event_within_90d
ACC00339,2024-06-30,90,True,0.0,no_target_event_within_90d
ACC00339,2024-07-31,90,True,1.0,renewed
ACC00339,2024-08-31,90,True,1.0,renewed
ACC00339,2024-09-30,90,True,1.0,renewed
ACC00340,2024-01-31,90,True,0.0,no_target_event_within_90d
ACC00340,2024-02-29,90,True,0.0,no_target_event_within_90d
ACC00340,2024-03-31,90,True,0.0,no_target_event_within_90d
ACC00340,2024-04-30,90,True,0.0,no_target_event_within_90d
ACC00340,2024-05-31,90,True,0.0,no_target_event_within_90d
ACC00340,2024-06-30,90,True,0.0,no_target_event_within_90d
ACC00340,2024-07-31,90,True,0.0,no_target_event_within_90d
ACC00340,2024-08-31,90,True,0.0,no_target_event_within_90d
ACC00340,2024-09-30,90,True,0.0,no_target_event_within_90d
ACC00340,2024-10-31,90,True,0.0,no_target_event_within_90d
ACC00340,2024-11-30,90,True,0.0,no_target_event_within_90d
ACC00340,2024-12-31,90,True,0.0,no_target_event_within_90d
ACC00340,2025-01-31,90,True,0.0,no_target_event_within_90d
ACC00340,2025-02-28,90,True,1.0,churned_nonpayment
ACC00340,2025-03-31,90,True,1.0,churned_nonpayment
ACC00340,2025-04-30,90,True,1.0,churned_nonpayment
ACC00341,2024-01-31,90,True,0.0,no_target_event_within_90d
ACC00341,2024-02-29,90,True,0.0,no_target_event_within_90d
ACC00341,2024-03-31,90,True,0.0,no_target_event_within_90d
ACC00341,2024-04-30,90,True,0.0,no_target_event_within_90d
ACC00341,2024-05-31,90,True,0.0,no_target_event_within_90d
ACC00341,2024-06-30,90,True,0.0,no_target_event_within_90d
ACC00341,2024-07-31,90,True,0.0,no_target_event_within_90d
ACC00341,2024-08-31,90,True,1.0,renewed
ACC00341,2024-09-30,90,True,1.0,renewed
ACC00341,2024-10-31,90,True,1.0,renewed
ACC00342,2024-01-31,90,True,0.0,no_target_event_within_90d
ACC00342,2024-02-29,90,True,0.0,no_target_event_within_90d
ACC00342,2024-03-31,90,True,0.0,no_target_event_within_90d
ACC00342,2024-04-30,90,True,0.0,no_target_event_within_90d
ACC00342,2024-05-31,90,True,0.0,no_target_event_within_90d
ACC00342,2024-06-30,90,True,0.0,no_target_event_within_90d
ACC00342,2024-07-31,90,True,0.0,no_target_event_within_90d
ACC00342,2024-08-31,90,True,0.0,no_target_event_within_90d
ACC00342,2024-09-30,90,True,0.0,no_target_event_within_90d
ACC00342,2024-10-31,90,True,0.0,no_target_event_within_90d
ACC00342,2024-11-30,90,True,0.0,no_target_event_within_90d
ACC00342,2024-12-31,90,True,0.0,no_target_event_within_90d
ACC00342,2025-01-31,90,True,0.0,no_target_event_within_90d
ACC00342,2025-02-28,90,True,0.0,no_target_event_within_90d
ACC00342,2025-03-31,90,True,0.0,no_target_event_within_90d
ACC00342,2025-04-30,90,True,1.0,renewed
ACC00342,2025-05-31,90,True,1.0,renewed
ACC00342,2025-06-30,90,True,1.0,renewed
ACC00343,2024-01-31,90,True,0.0,no_target_event_within_90d
ACC00343,2024-02-29,90,True,0.0,no_target_event_within_90d
ACC00343,2024-03-31,90,True,0.0,no_target_event_within_90d
ACC00343,2024-04-30,90,True,0.0,no_target_event_within_90d
ACC00343,2024-05-31,90,True,0.0,no_target_event_within_90d
ACC00343,2024-06-30,90,True,0.0,no_target_event_within_90d
ACC00343,2024-07-31,90,True,0.0,no_target_event_within_90d
ACC00343,2024-08-31,90,True,0.0,no_target_event_within_90d
ACC00343,2024-09-30,90,True,0.0,no_target_event_within_90d
ACC00343,2024-10-31,90,True,0.0,no_target_event_within_90d
ACC00343,2024-11-30,90,True,0.0,no_target_event_within_90d
ACC00343,2024-12-31,90,True,0.0,no_target_event_within_90d
ACC00343,2025-01-31,90,True,0.0,no_target_event_within_90d
ACC00343,2025-02-28,90,True,0.0,no_target_event_within_90d
ACC00343,2025-03-31,90,True,0.0,no_target_event_within_90d
ACC00343,2025-04-30,90,True,0.0,no_target_event_within_90d
ACC00343,2025-05-31,90,True,0.0,no_target_event_within_90d
ACC00343,2025-06-30,90,True,0.0,no_target_event_within_90d
ACC00343,2025-07-31,90,True,0.0,no_target_event_within_90d
ACC00343,2025-08-31,90,True,0.0,no_target_event_within_90d
ACC00343,2025-09-30,90,True,0.0,no_target_event_within_90d
ACC00343,2025-10-31,90,True,1.0,renewed
ACC00343,2025-11-30,90,True,1.0,renewed
ACC00343,2025-12-31,90,True,1.0,renewed
ACC00344,2024-01-31,90,True,0.0,no_target_event_within_90d
ACC00344,2024-02-29,90,True,0.0,no_target_event_within_90d
ACC00344,2024-03-31,90,True,0.0,no_target_event_within_90d
ACC00344,2024-04-30,90,True,0.0,no_target_event_within_90d
ACC00344,2024-05-31,90,True,0.0,no_target_event_within_90d
ACC00344,2024-06-30,90,True,1.0,renewed
ACC00344,2024-07-31,90,True,1.0,renewed
ACC00344,2024-08-31,90,True,1.0,renewed
ACC00345,2024-01-31,90,True,0.0,no_target_event_within_90d
ACC00345,2024-02-29,90,True,0.0,no_target_event_within_90d
ACC00345,2024-03-31,90,True,0.0,no_target_event_within_90d
ACC00345,2024-04-30,90,True,0.0,no_target_event_within_90d
ACC00345,2024-05-31,90,True,0.0,no_target_event_within_90d
ACC00345,2024-06-30,90,True,1.0,renewed
ACC00345,2024-07-31,90,True,1.0,renewed
ACC00345,2024-08-31,90,True,1.0,renewed
ACC00346,2024-01-31,90,True,0.0,no_target_event_within_90d
ACC00346,2024-02-29,90,True,0.0,no_target_event_within_90d
ACC00346,2024-03-31,90,True,0.0,no_target_event_within_90d
ACC00346,2024-04-30,90,True,0.0,no_target_event_within_90d
ACC00346,2024-05-31,90,True,0.0,no_target_event_within_90d
ACC00346,2024-06-30,90,True,0.0,no_target_event_within_90d
ACC00346,2024-07-31,90,True,0.0,no_target_event_within_90d
ACC00346,2024-08-31,90,True,0.0,no_target_event_within_90d
ACC00346,2024-09-30,90,True,0.0,no_target_event_within_90d
ACC00346,2024-10-31,90,True,0.0,no_target_event_within_90d
ACC00346,2024-11-30,90,True,0.0,no_target_event_within_90d
ACC00346,2024-12-31,90,True,0.0,no_target_event_within_90d
ACC00346,2025-01-31,90,True,0.0,no_target_event_within_90d
ACC00346,2025-02-28,90,True,0.0,no_target_event_within_90d
ACC00346,2025-03-31,90,True,0.0,no_target_event_within_90d
ACC00346,2025-04-30,90,True,0.0,no_target_event_within_90d
ACC00346,2025-05-31,90,True,0.0,no_target_event_within_90d
ACC00346,2025-06-30,90,True,0.0,no_target_event_within_90d
ACC00346,2025-07-31,90,True,0.0,no_target_event_within_90d
ACC00346,2025-08-31,90,True,0.0,no_target_event_within_90d
ACC00346,2025-09-30,90,True,1.0,renewed
ACC00346,2025-10-31,90,True,1.0,renewed
ACC00346,2025-11-30,90,True,1.0,renewed
ACC00347,2024-01-31,90,True,0.0,no_target_event_within_90d
ACC00347,2024-02-29,90,True,0.0,no_target_event_within_90d
ACC00347,2024-03-31,90,True,0.0,no_target_event_within_90d
ACC00347,2024-04-30,90,True,0.0,no_target_event_within_90d
ACC00347,2024-05-31,90,True,0.0,no_target_event_within_90d
ACC00347,2024-06-30,90,True,0.0,no_target_event_within_90d
ACC00347,2024-07-31,90,True,0.0,no_target_event_within_90d
ACC00347,2024-08-31,90,True,0.0,no_target_event_within_90d
ACC00347,2024-09-30,90,True,0.0,no_target_event_within_90d
ACC00347,2024-10-31,90,True,0.0,no_target_event_within_90d
ACC00347,2024-11-30,90,True,0.0,no_target_event_within_90d
ACC00347,2024-12-31,90,True,0.0,no_target_event_within_90d
ACC00347,2025-01-31,90,True,0.0,no_target_event_within_90d
ACC00347,2025-02-28,90,True,0.0,no_target_event_within_90d
ACC00347,2025-03-31,90,True,0.0,no_target_event_within_90d
ACC00347,2025-04-30,90,True,0.0,no_target_event_within_90d
ACC00347,2025-05-31,90,True,0.0,no_target_event_within_90d
ACC00347,2025-06-30,90,True,0.0,no_target_event_within_90d
ACC00347,2025-07-31,90,True,0.0,no_target_event_within_90d
ACC00347,2025-08-31,90,True,0.0,no_target_event_within_90d
ACC00347,2025-09-30,90,True,1.0,renewed
ACC00347,2025-10-31,90,True,1.0,renewed
ACC00347,2025-11-30,90,True,1.0,renewed
ACC00348,2024-01-31,90,True,0.0,no_target_event_within_90d
ACC00348,2024-02-29,90,True,0.0,no_target_event_within_90d
ACC00348,2024-03-31,90,True,0.0,no_target_event_within_90d
ACC00348,2024-04-30,90,True,0.0,no_target_event_within_90d
ACC00348,2024-05-31,90,True,0.0,no_target_event_within_90d
ACC00348,2024-06-30,90,True,0.0,no_target_event_within_90d
ACC00348,2024-07-31,90,True,1.0,churned_voluntary
ACC00348,2024-08-31,90,True,1.0,churned_voluntary
ACC00348,2024-09-30,90,True,1.0,churned_voluntary
ACC00349,2024-01-31,90,True,0.0,no_target_event_within_90d
ACC00349,2024-02-29,90,True,0.0,no_target_event_within_90d
ACC00349,2024-03-31,90,True,0.0,no_target_event_within_90d
ACC00349,2024-04-30,90,True,0.0,no_target_event_within_90d
ACC00349,2024-05-31,90,True,0.0,no_target_event_within_90d
ACC00349,2024-06-30,90,True,0.0,no_target_event_within_90d
ACC00349,2024-07-31,90,True,0.0,no_target_event_within_90d
ACC00349,2024-08-31,90,True,1.0,renewed
ACC00349,2024-09-30,90,True,1.0,renewed
ACC00349,2024-10-31,90,True,1.0,renewed
ACC00350,2024-01-31,90,True,0.0,no_target_event_within_90d
ACC00350,2024-02-29,90,True,0.0,no_target_event_within_90d
ACC00350,2024-03-31,90,True,0.0,no_target_event_within_90d
ACC00350,2024-04-30,90,True,0.0,no_target_event_within_90d
ACC00350,2024-05-31,90,True,0.0,no_target_event_within_90d
ACC00350,2024-06-30,90,True,0.0,no_target_event_within_90d
ACC00350,2024-07-31,90,True,0.0,no_target_event_within_90d
ACC00350,2024-08-31,90,True,0.0,no_target_event_within_90d
ACC00350,2024-09-30,90,True,0.0,no_target_event_within_90d
ACC00350,2024-10-31,90,True,1.0,renewed
ACC00350,2024-11-30,90,True,1.0,renewed
ACC00350,2024-12-31,90,True,1.0,renewed
ACC00351,2024-01-31,90,True,0.0,no_target_event_within_90d
ACC00351,2024-02-29,90,True,0.0,no_target_event_within_90d
ACC00351,2024-03-31,90,True,0.0,no_target_event_within_90d
ACC00351,2024-04-30,90,True,0.0,no_target_event_within_90d
ACC00351,2024-05-31,90,True,0.0,no_target_event_within_90d
ACC00351,2024-06-30,90,True,0.0,no_target_event_within_90d
ACC00351,2024-07-31,90,True,0.0,no_target_event_within_90d
ACC00351,2024-08-31,90,True,1.0,renewed
ACC00351,2024-09-30,90,True,1.0,renewed
ACC00351,2024-10-31,90,True,1.0,renewed
ACC00352,2024-01-31,90,True,,censored
ACC00352,2024-02-29,90,True,,censored
ACC00352,2024-03-31,90,True,,censored
ACC00352,2024-04-30,90,True,,censored
ACC00352,2024-05-31,90,True,,censored
ACC00352,2024-06-30,90,True,,censored
ACC00352,2024-07-31,90,True,,censored
ACC00352,2024-08-31,90,True,,censored
ACC00352,2024-09-30,90,True,,censored
ACC00352,2024-10-31,90,True,,censored
ACC00352,2024-11-30,90,True,,censored
ACC00352,2024-12-31,90,True,,censored
ACC00352,2025-01-31,90,True,,censored
ACC00352,2025-02-28,90,True,,censored
ACC00352,2025-03-31,90,True,,censored
ACC00352,2025-04-30,90,True,,censored
ACC00352,2025-05-31,90,True,,censored
ACC00352,2025-06-30,90,True,,censored
ACC00352,2025-07-31,90,True,,censored
ACC00352,2025-08-31,90,True,,censored
ACC00352,2025-09-30,90,True,,censored
ACC00352,2025-10-31,90,True,,censored
ACC00352,2025-11-30,90,True,,censored
ACC00352,2025-12-31,90,True,,censored
ACC00353,2024-01-31,90,True,0.0,no_target_event_within_90d
ACC00353,2024-02-29,90,True,0.0,no_target_event_within_90d
ACC00353,2024-03-31,90,True,0.0,no_target_event_within_90d
ACC00353,2024-04-30,90,True,0.0,no_target_event_within_90d
ACC00353,2024-05-31,90,True,0.0,no_target_event_within_90d
ACC00353,2024-06-30,90,True,0.0,no_target_event_within_90d
ACC00353,2024-07-31,90,True,0.0,no_target_event_within_90d
ACC00353,2024-08-31,90,True,0.0,no_target_event_within_90d
ACC00353,2024-09-30,90,True,1.0,renewed
ACC00353,2024-10-31,90,True,1.0,renewed
ACC00353,2024-11-30,90,True,1.0,renewed
ACC00354,2024-01-31,90,True,0.0,no_target_event_within_90d
ACC00354,2024-02-29,90,True,0.0,no_target_event_within_90d
ACC00354,2024-03-31,90,True,0.0,no_target_event_within_90d
ACC00354,2024-04-30,90,True,0.0,no_target_event_within_90d
ACC00354,2024-05-31,90,True,0.0,no_target_event_within_90d
ACC00354,2024-06-30,90,True,0.0,no_target_event_within_90d
ACC00354,2024-07-31,90,True,1.0,downgraded
ACC00354,2024-08-31,90,True,1.0,downgraded
ACC00354,2024-09-30,90,True,1.0,downgraded
ACC00355,2024-01-31,90,True,0.0,no_target_event_within_90d
ACC00355,2024-02-29,90,True,0.0,no_target_event_within_90d
ACC00355,2024-03-31,90,True,0.0,no_target_event_within_90d
ACC00355,2024-04-30,90,True,0.0,no_target_event_within_90d
ACC00355,2024-05-31,90,True,0.0,no_target_event_within_90d
ACC00355,2024-06-30,90,True,0.0,no_target_event_within_90d
ACC00355,2024-07-31,90,True,0.0,no_target_event_within_90d
ACC00355,2024-08-31,90,True,0.0,no_target_event_within_90d
ACC00355,2024-09-30,90,True,0.0,no_target_event_within_90d
ACC00355,2024-10-31,90,True,0.0,no_target_event_within_90d
ACC00355,2024-11-30,90,True,1.0,churned_voluntary
ACC00355,2024-12-31,90,True,1.0,churned_voluntary
ACC00355,2025-01-31,90,True,1.0,churned_voluntary
ACC00356,2024-01-31,90,True,0.0,no_target_event_within_90d
ACC00356,2024-02-29,90,True,0.0,no_target_event_within_90d
ACC00356,2024-03-31,90,True,0.0,no_target_event_within_90d
ACC00356,2024-04-30,90,True,0.0,no_target_event_within_90d
ACC00356,2024-05-31,90,True,0.0,no_target_event_within_90d
ACC00356,2024-06-30,90,True,0.0,no_target_event_within_90d
ACC00356,2024-07-31,90,True,1.0,renewed
ACC00356,2024-08-31,90,True,1.0,renewed
ACC00356,2024-09-30,90,True,1.0,renewed
ACC00357,2024-01-31,90,True,0.0,no_target_event_within_90d
ACC00357,2024-02-29,90,True,0.0,no_target_event_within_90d
ACC00357,2024-03-31,90,True,0.0,no_target_event_within_90d
ACC00357,2024-04-30,90,True,0.0,no_target_event_within_90d
ACC00357,2024-05-31,90,True,0.0,no_target_event_within_90d
ACC00357,2024-06-30,90,True,0.0,no_target_event_within_90d
ACC00357,2024-07-31,90,True,0.0,no_target_event_within_90d
ACC00357,2024-08-31,90,True,0.0,no_target_event_within_90d
ACC00357,2024-09-30,90,True,0.0,no_target_event_within_90d
ACC00357,2024-10-31,90,True,0.0,no_target_event_within_90d
ACC00357,2024-11-30,90,True,0.0,no_target_event_within_90d
ACC00357,2024-12-31,90,True,0.0,no_target_event_within_90d
ACC00357,2025-01-31,90,True,0.0,no_target_event_within_90d
ACC00357,2025-02-28,90,True,0.0,no_target_event_within_90d
ACC00357,2025-03-31,90,True,0.0,no_target_event_within_90d
ACC00357,2025-04-30,90,True,0.0,no_target_event_within_90d
ACC00357,2025-05-31,90,True,1.0,churned_voluntary
ACC00357,2025-06-30,90,True,1.0,churned_voluntary
ACC00357,2025-07-31,90,True,1.0,churned_voluntary
ACC00358,2024-01-31,90,True,0.0,no_target_event_within_90d
ACC00358,2024-02-29,90,True,0.0,no_target_event_within_90d
ACC00358,2024-03-31,90,True,0.0,no_target_event_within_90d
ACC00358,2024-04-30,90,True,0.0,no_target_event_within_90d
ACC00358,2024-05-31,90,True,0.0,no_target_event_within_90d
ACC00358,2024-06-30,90,True,1.0,renewed
ACC00358,2024-07-31,90,True,1.0,renewed
ACC00358,2024-08-31,90,True,1.0,renewed
ACC00359,2024-01-31,90,True,,censored
ACC00359,2024-02-29,90,True,,censored
ACC00359,2024-03-31,90,True,,censored
ACC00359,2024-04-30,90,True,,censored
ACC00359,2024-05-31,90,True,,censored
ACC00359,2024-06-30,90,True,,censored
ACC00359,2024-07-31,90,True,,censored
ACC00359,2024-08-31,90,True,,censored
ACC00359,2024-09-30,90,True,,censored
ACC00359,2024-10-31,90,True,,censored
ACC00359,2024-11-30,90,True,,censored
ACC00359,2024-12-31,90,True,,censored
ACC00359,2025-01-31,90,True,,censored
ACC00359,2025-02-28,90,True,,censored
ACC00359,2025-03-31,90,True,,censored
ACC00359,2025-04-30,90,True,,censored
ACC00359,2025-05-31,90,True,,censored
ACC00359,2025-06-30,90,True,,censored
ACC00359,2025-07-31,90,True,,censored
ACC00359,2025-08-31,90,True,,censored
ACC00359,2025-09-30,90,True,,censored
ACC00359,2025-10-31,90,True,,censored
ACC00359,2025-11-30,90,True,,censored
ACC00359,2025-12-31,90,True,,censored
ACC00360,2024-01-31,90,True,0.0,no_target_event_within_90d
ACC00360,2024-02-29,90,True,0.0,no_target_event_within_90d
ACC00360,2024-03-31,90,True,0.0,no_target_event_within_90d
ACC00360,2024-04-30,90,True,0.0,no_target_event_within_90d
ACC00360,2024-05-31,90,True,0.0,no_target_event_within_90d
ACC00360,2024-06-30,90,True,0.0,no_target_event_within_90d
ACC00360,2024-07-31,90,True,0.0,no_target_event_within_90d
ACC00360,2024-08-31,90,True,0.0,no_target_event_within_90d
ACC00360,2024-09-30,90,True,0.0,no_target_event_within_90d
ACC00360,2024-10-31,90,True,0.0,no_target_event_within_90d
ACC00360,2024-11-30,90,True,0.0,no_target_event_within_90d
ACC00360,2024-12-31,90,True,0.0,no_target_event_within_90d
ACC00360,2025-01-31,90,True,0.0,no_target_event_within_90d
ACC00360,2025-02-28,90,True,0.0,no_target_event_within_90d
ACC00360,2025-03-31,90,True,0.0,no_target_event_within_90d
ACC00360,2025-04-30,90,True,0.0,no_target_event_within_90d
ACC00360,2025-05-31,90,True,0.0,no_target_event_within_90d
ACC00360,2025-06-30,90,True,0.0,no_target_event_within_90d
ACC00360,2025-07-31,90,True,0.0,no_target_event_within_90d
ACC00360,2025-08-31,90,True,0.0,no_target_event_within_90d
ACC00360,2025-09-30,90,True,1.0,renewed
ACC00360,2025-10-31,90,True,1.0,renewed
ACC00360,2025-11-30,90,True,1.0,renewed
ACC00361,2024-01-31,90,True,0.0,no_target_event_within_90d
ACC00361,2024-02-29,90,True,0.0,no_target_event_within_90d
ACC00361,2024-03-31,90,True,0.0,no_target_event_within_90d
ACC00361,2024-04-30,90,True,0.0,no_target_event_within_90d
ACC00361,2024-05-31,90,True,0.0,no_target_event_within_90d
ACC00361,2024-06-30,90,True,0.0,no_target_event_within_90d
ACC00361,2024-07-31,90,True,0.0,no_target_event_within_90d
ACC00361,2024-08-31,90,True,0.0,no_target_event_within_90d
ACC00361,2024-09-30,90,True,0.0,no_target_event_within_90d
ACC00361,2024-10-31,90,True,0.0,no_target_event_within_90d
ACC00361,2024-11-30,90,True,0.0,no_target_event_within_90d
ACC00361,2024-12-31,90,True,0.0,no_target_event_within_90d
ACC00361,2025-01-31,90,True,0.0,no_target_event_within_90d
ACC00361,2025-02-28,90,True,0.0,no_target_event_within_90d
ACC00361,2025-03-31,90,True,0.0,no_target_event_within_90d
ACC00361,2025-04-30,90,True,0.0,no_target_event_within_90d
ACC00361,2025-05-31,90,True,0.0,no_target_event_within_90d
ACC00361,2025-06-30,90,True,0.0,no_target_event_within_90d
ACC00361,2025-07-31,90,True,0.0,no_target_event_within_90d
ACC00361,2025-08-31,90,True,1.0,renewed
ACC00361,2025-09-30,90,True,1.0,renewed
ACC00361,2025-10-31,90,True,1.0,renewed
ACC00362,2024-01-31,90,True,0.0,no_target_event_within_90d
ACC00362,2024-02-29,90,True,0.0,no_target_event_within_90d
ACC00362,2024-03-31,90,True,0.0,no_target_event_within_90d
ACC00362,2024-04-30,90,True,0.0,no_target_event_within_90d
ACC00362,2024-05-31,90,True,1.0,renewed
ACC00362,2024-06-30,90,True,1.0,renewed
ACC00362,2024-07-31,90,True,1.0,renewed
ACC00363,2024-01-31,90,True,0.0,no_target_event_within_90d
ACC00363,2024-02-29,90,True,0.0,no_target_event_within_90d
ACC00363,2024-03-31,90,True,0.0,no_target_event_within_90d
ACC00363,2024-04-30,90,True,0.0,no_target_event_within_90d
ACC00363,2024-05-31,90,True,0.0,no_target_event_within_90d
ACC00363,2024-06-30,90,True,0.0,no_target_event_within_90d
ACC00363,2024-07-31,90,True,1.0,renewed
ACC00363,2024-08-31,90,True,1.0,renewed
ACC00363,2024-09-30,90,True,1.0,renewed
ACC00364,2024-01-31,90,True,0.0,no_target_event_within_90d
ACC00364,2024-02-29,90,True,0.0,no_target_event_within_90d
ACC00364,2024-03-31,90,True,0.0,no_target_event_within_90d
ACC00364,2024-04-30,90,True,0.0,no_target_event_within_90d
ACC00364,2024-05-31,90,True,0.0,no_target_event_within_90d
ACC00364,2024-06-30,90,True,0.0,no_target_event_within_90d
ACC00364,2024-07-31,90,True,0.0,no_target_event_within_90d
ACC00364,2024-08-31,90,True,0.0,no_target_event_within_90d
ACC00364,2024-09-30,90,True,0.0,no_target_event_within_90d
ACC00364,2024-10-31,90,True,0.0,no_target_event_within_90d
ACC00364,2024-11-30,90,True,0.0,no_target_event_within_90d
ACC00364,2024-12-31,90,True,0.0,no_target_event_within_90d
ACC00364,2025-01-31,90,True,0.0,no_target_event_within_90d
ACC00364,2025-02-28,90,True,0.0,no_target_event_within_90d
ACC00364,2025-03-31,90,True,0.0,no_target_event_within_90d
ACC00364,2025-04-30,90,True,0.0,no_target_event_within_90d
ACC00364,2025-05-31,90,True,1.0,renewed
ACC00364,2025-06-30,90,True,1.0,renewed
ACC00364,2025-07-31,90,True,1.0,renewed
ACC00365,2024-01-31,90,True,,censored
ACC00365,2024-02-29,90,True,,censored
ACC00365,2024-03-31,90,True,,censored
ACC00365,2024-04-30,90,True,,censored
ACC00365,2024-05-31,90,True,,censored
ACC00365,2024-06-30,90,True,,censored
ACC00365,2024-07-31,90,True,,censored
ACC00365,2024-08-31,90,True,,censored
ACC00365,2024-09-30,90,True,,censored
ACC00365,2024-10-31,90,True,,censored
ACC00365,2024-11-30,90,True,,censored
ACC00365,2024-12-31,90,True,,censored
ACC00365,2025-01-31,90,True,,censored
ACC00365,2025-02-28,90,True,,censored
ACC00365,2025-03-31,90,True,,censored
ACC00365,2025-04-30,90,True,,censored
ACC00365,2025-05-31,90,True,,censored
ACC00365,2025-06-30,90,True,,censored
ACC00365,2025-07-31,90,True,,censored
ACC00365,2025-08-31,90,True,,censored
ACC00365,2025-09-30,90,True,,censored
ACC00365,2025-10-31,90,True,,censored
ACC00365,2025-11-30,90,True,,censored
ACC00365,2025-12-31,90,True,,censored
ACC00366,2024-01-31,90,True,0.0,no_target_event_within_90d
ACC00366,2024-02-29,90,True,0.0,no_target_event_within_90d
ACC00366,2024-03-31,90,True,0.0,no_target_event_within_90d
ACC00366,2024-04-30,90,True,0.0,no_target_event_within_90d
ACC00366,2024-05-31,90,True,0.0,no_target_event_within_90d
ACC00366,2024-06-30,90,True,0.0,no_target_event_within_90d
ACC00366,2024-07-31,90,True,0.0,no_target_event_within_90d
ACC00366,2024-08-31,90,True,0.0,no_target_event_within_90d
ACC00366,2024-09-30,90,True,0.0,no_target_event_within_90d
ACC00366,2024-10-31,90,True,0.0,no_target_event_within_90d
ACC00366,2024-11-30,90,True,0.0,no_target_event_within_90d
ACC00366,2024-12-31,90,True,0.0,no_target_event_within_90d
ACC00366,2025-01-31,90,True,0.0,no_target_event_within_90d
ACC00366,2025-02-28,90,True,0.0,no_target_event_within_90d
ACC00366,2025-03-31,90,True,0.0,no_target_event_within_90d
ACC00366,2025-04-30,90,True,0.0,no_target_event_within_90d
ACC00366,2025-05-31,90,True,0.0,no_target_event_within_90d
ACC00366,2025-06-30,90,True,0.0,no_target_event_within_90d
ACC00366,2025-07-31,90,True,0.0,no_target_event_within_90d
ACC00366,2025-08-31,90,True,1.0,renewed
ACC00366,2025-09-30,90,True,1.0,renewed
ACC00366,2025-10-31,90,True,1.0,renewed
ACC00367,2024-01-31,90,True,,censored
ACC00367,2024-02-29,90,True,,censored
ACC00367,2024-03-31,90,True,,censored
ACC00367,2024-04-30,90,True,,censored
ACC00367,2024-05-31,90,True,,censored
ACC00367,2024-06-30,90,True,,censored
ACC00367,2024-07-31,90,True,,censored
ACC00367,2024-08-31,90,True,,censored
ACC00367,2024-09-30,90,True,,censored
ACC00367,2024-10-31,90,True,,censored
ACC00367,2024-11-30,90,True,,censored
ACC00367,2024-12-31,90,True,,censored
ACC00367,2025-01-31,90,True,,censored
ACC00367,2025-02-28,90,True,,censored
ACC00367,2025-03-31,90,True,,censored
ACC00367,2025-04-30,90,True,,censored
ACC00367,2025-05-31,90,True,,censored
ACC00367,2025-06-30,90,True,,censored
ACC00367,2025-07-31,90,True,,censored
ACC00367,2025-08-31,90,True,,censored
ACC00367,2025-09-30,90,True,,censored
ACC00367,2025-10-31,90,True,,censored
ACC00367,2025-11-30,90,True,,censored
ACC00367,2025-12-31,90,True,,censored
ACC00368,2024-01-31,90,True,,censored
ACC00368,2024-02-29,90,True,,censored
ACC00368,2024-03-31,90,True,,censored
ACC00368,2024-04-30,90,True,,censored
ACC00368,2024-05-31,90,True,,censored
ACC00368,2024-06-30,90,True,,censored
ACC00368,2024-07-31,90,True,,censored
ACC00368,2024-08-31,90,True,,censored
ACC00368,2024-09-30,90,True,,censored
ACC00368,2024-10-31,90,True,,censored
ACC00368,2024-11-30,90,True,,censored
ACC00368,2024-12-31,90,True,,censored
ACC00368,2025-01-31,90,True,,censored
ACC00368,2025-02-28,90,True,,censored
ACC00368,2025-03-31,90,True,,censored
ACC00368,2025-04-30,90,True,,censored
ACC00368,2025-05-31,90,True,,censored
ACC00368,2025-06-30,90,True,,censored
ACC00368,2025-07-31,90,True,,censored
ACC00368,2025-08-31,90,True,,censored
ACC00368,2025-09-30,90,True,,censored
ACC00368,2025-10-31,90,True,,censored
ACC00368,2025-11-30,90,True,,censored
ACC00368,2025-12-31,90,True,,censored
ACC00369,2024-01-31,90,True,0.0,no_target_event_within_90d
ACC00369,2024-02-29,90,True,0.0,no_target_event_within_90d
ACC00369,2024-03-31,90,True,0.0,no_target_event_within_90d
ACC00369,2024-04-30,90,True,0.0,no_target_event_within_90d
ACC00369,2024-05-31,90,True,0.0,no_target_event_within_90d
ACC00369,2024-06-30,90,True,0.0,no_target_event_within_90d
ACC00369,2024-07-31,90,True,0.0,no_target_event_within_90d
ACC00369,2024-08-31,90,True,1.0,renewed
ACC00369,2024-09-30,90,True,1.0,renewed
ACC00369,2024-10-31,90,True,1.0,renewed
ACC00370,2024-01-31,90,True,0.0,no_target_event_within_90d
ACC00370,2024-02-29,90,True,0.0,no_target_event_within_90d
ACC00370,2024-03-31,90,True,0.0,no_target_event_within_90d
ACC00370,2024-04-30,90,True,0.0,no_target_event_within_90d
ACC00370,2024-05-31,90,True,0.0,no_target_event_within_90d
ACC00370,2024-06-30,90,True,0.0,no_target_event_within_90d
ACC00370,2024-07-31,90,True,0.0,no_target_event_within_90d
ACC00370,2024-08-31,90,True,0.0,no_target_event_within_90d
ACC00370,2024-09-30,90,True,0.0,no_target_event_within_90d
ACC00370,2024-10-31,90,True,0.0,no_target_event_within_90d
ACC00370,2024-11-30,90,True,0.0,no_target_event_within_90d
ACC00370,2024-12-31,90,True,0.0,no_target_event_within_90d
ACC00370,2025-01-31,90,True,0.0,no_target_event_within_90d
ACC00370,2025-02-28,90,True,0.0,no_target_event_within_90d
ACC00370,2025-03-31,90,True,0.0,no_target_event_within_90d
ACC00370,2025-04-30,90,True,0.0,no_target_event_within_90d
ACC00370,2025-05-31,90,True,0.0,no_target_event_within_90d
ACC00370,2025-06-30,90,True,0.0,no_target_event_within_90d
ACC00370,2025-07-31,90,True,0.0,no_target_event_within_90d
ACC00370,2025-08-31,90,True,1.0,churned_voluntary
ACC00370,2025-09-30,90,True,1.0,churned_voluntary
ACC00370,2025-10-31,90,True,1.0,churned_voluntary
ACC00371,2024-01-31,90,True,0.0,no_target_event_within_90d
ACC00371,2024-02-29,90,True,0.0,no_target_event_within_90d
ACC00371,2024-03-31,90,True,0.0,no_target_event_within_90d
ACC00371,2024-04-30,90,True,0.0,no_target_event_within_90d
ACC00371,2024-05-31,90,True,0.0,no_target_event_within_90d
ACC00371,2024-06-30,90,True,0.0,no_target_event_within_90d
ACC00371,2024-07-31,90,True,0.0,no_target_event_within_90d
ACC00371,2024-08-31,90,True,0.0,no_target_event_within_90d
ACC00371,2024-09-30,90,True,0.0,no_target_event_within_90d
ACC00371,2024-10-31,90,True,0.0,no_target_event_within_90d
ACC00371,2024-11-30,90,True,0.0,no_target_event_within_90d
ACC00371,2024-12-31,90,True,0.0,no_target_event_within_90d
ACC00371,2025-01-31,90,True,1.0,churned_nonpayment
ACC00371,2025-02-28,90,True,1.0,churned_nonpayment
ACC00371,2025-03-31,90,True,1.0,churned_nonpayment
ACC00372,2024-01-31,90,True,0.0,no_target_event_within_90d
ACC00372,2024-02-29,90,True,0.0,no_target_event_within_90d
ACC00372,2024-03-31,90,True,0.0,no_target_event_within_90d
ACC00372,2024-04-30,90,True,0.0,no_target_event_within_90d
ACC00372,2024-05-31,90,True,0.0,no_target_event_within_90d
ACC00372,2024-06-30,90,True,0.0,no_target_event_within_90d
ACC00372,2024-07-31,90,True,0.0,no_target_event_within_90d
ACC00372,2024-08-31,90,True,0.0,no_target_event_within_90d
ACC00372,2024-09-30,90,True,0.0,no_target_event_within_90d
ACC00372,2024-10-31,90,True,0.0,no_target_event_within_90d
ACC00372,2024-11-30,90,True,0.0,no_target_event_within_90d
ACC00372,2024-12-31,90,True,0.0,no_target_event_within_90d
ACC00372,2025-01-31,90,True,0.0,no_target_event_within_90d
ACC00372,2025-02-28,90,True,0.0,no_target_event_within_90d
ACC00372,2025-03-31,90,True,0.0,no_target_event_within_90d
ACC00372,2025-04-30,90,True,0.0,no_target_event_within_90d
ACC00372,2025-05-31,90,True,1.0,churned_voluntary
ACC00372,2025-06-30,90,True,1.0,churned_voluntary
ACC00372,2025-07-31,90,True,1.0,churned_voluntary
ACC00373,2024-01-31,90,True,0.0,no_target_event_within_90d
ACC00373,2024-02-29,90,True,0.0,no_target_event_within_90d
ACC00373,2024-03-31,90,True,0.0,no_target_event_within_90d
ACC00373,2024-04-30,90,True,0.0,no_target_event_within_90d
ACC00373,2024-05-31,90,True,0.0,no_target_event_within_90d
ACC00373,2024-06-30,90,True,0.0,no_target_event_within_90d
ACC00373,2024-07-31,90,True,0.0,no_target_event_within_90d
ACC00373,2024-08-31,90,True,0.0,no_target_event_within_90d
ACC00373,2024-09-30,90,True,0.0,no_target_event_within_90d
ACC00373,2024-10-31,90,True,0.0,no_target_event_within_90d
ACC00373,2024-11-30,90,True,0.0,no_target_event_within_90d
ACC00373,2024-12-31,90,True,0.0,no_target_event_within_90d
ACC00373,2025-01-31,90,True,0.0,no_target_event_within_90d
ACC00373,2025-02-28,90,True,0.0,no_target_event_within_90d
ACC00373,2025-03-31,90,True,0.0,no_target_event_within_90d
ACC00373,2025-04-30,90,True,0.0,no_target_event_within_90d
ACC00373,2025-05-31,90,True,0.0,no_target_event_within_90d
ACC00373,2025-06-30,90,True,1.0,churned_nonpayment
ACC00373,2025-07-31,90,True,1.0,churned_nonpayment
ACC00373,2025-08-31,90,True,1.0,churned_nonpayment
ACC00374,2024-01-31,90,True,0.0,no_target_event_within_90d
ACC00374,2024-02-29,90,True,0.0,no_target_event_within_90d
ACC00374,2024-03-31,90,True,0.0,no_target_event_within_90d
ACC00374,2024-04-30,90,True,0.0,no_target_event_within_90d
ACC00374,2024-05-31,90,True,0.0,no_target_event_within_90d
ACC00374,2024-06-30,90,True,0.0,no_target_event_within_90d
ACC00374,2024-07-31,90,True,0.0,no_target_event_within_90d
ACC00374,2024-08-31,90,True,0.0,no_target_event_within_90d
ACC00374,2024-09-30,90,True,0.0,no_target_event_within_90d
ACC00374,2024-10-31,90,True,0.0,no_target_event_within_90d
ACC00374,2024-11-30,90,True,0.0,no_target_event_within_90d
ACC00374,2024-12-31,90,True,0.0,no_target_event_within_90d
ACC00374,2025-01-31,90,True,0.0,no_target_event_within_90d
ACC00374,2025-02-28,90,True,0.0,no_target_event_within_90d
ACC00374,2025-03-31,90,True,0.0,no_target_event_within_90d
ACC00374,2025-04-30,90,True,1.0,renewed
ACC00374,2025-05-31,90,True,1.0,renewed
ACC00374,2025-06-30,90,True,1.0,renewed
ACC00375,2024-01-31,90,True,0.0,no_target_event_within_90d
ACC00375,2024-02-29,90,True,0.0,no_target_event_within_90d
ACC00375,2024-03-31,90,True,0.0,no_target_event_within_90d
ACC00375,2024-04-30,90,True,0.0,no_target_event_within_90d
ACC00375,2024-05-31,90,True,0.0,no_target_event_within_90d
ACC00375,2024-06-30,90,True,0.0,no_target_event_within_90d
ACC00375,2024-07-31,90,True,0.0,no_target_event_within_90d
ACC00375,2024-08-31,90,True,0.0,no_target_event_within_90d
ACC00375,2024-09-30,90,True,0.0,no_target_event_within_90d
ACC00375,2024-10-31,90,True,0.0,no_target_event_within_90d
ACC00375,2024-11-30,90,True,0.0,no_target_event_within_90d
ACC00375,2024-12-31,90,True,0.0,no_target_event_within_90d
ACC00375,2025-01-31,90,True,0.0,no_target_event_within_90d
ACC00375,2025-02-28,90,True,0.0,no_target_event_within_90d
ACC00375,2025-03-31,90,True,1.0,churned_voluntary
ACC00375,2025-04-30,90,True,1.0,churned_voluntary
ACC00375,2025-05-31,90,True,1.0,churned_voluntary
ACC00376,2024-01-31,90,True,0.0,no_target_event_within_90d
ACC00376,2024-02-29,90,True,0.0,no_target_event_within_90d
ACC00376,2024-03-31,90,True,0.0,no_target_event_within_90d
ACC00376,2024-04-30,90,True,0.0,no_target_event_within_90d
ACC00376,2024-05-31,90,True,0.0,no_target_event_within_90d
ACC00376,2024-06-30,90,True,0.0,no_target_event_within_90d
ACC00376,2024-07-31,90,True,0.0,no_target_event_within_90d
ACC00376,2024-08-31,90,True,0.0,no_target_event_within_90d
ACC00376,2024-09-30,90,True,0.0,no_target_event_within_90d
ACC00376,2024-10-31,90,True,0.0,no_target_event_within_90d
ACC00376,2024-11-30,90,True,0.0,no_target_event_within_90d
ACC00376,2024-12-31,90,True,0.0,no_target_event_within_90d
ACC00376,2025-01-31,90,True,0.0,no_target_event_within_90d
ACC00376,2025-02-28,90,True,0.0,no_target_event_within_90d
ACC00376,2025-03-31,90,True,0.0,no_target_event_within_90d
ACC00376,2025-04-30,90,True,0.0,no_target_event_within_90d
ACC00376,2025-05-31,90,True,0.0,no_target_event_within_90d
ACC00376,2025-06-30,90,True,1.0,renewed
ACC00376,2025-07-31,90,True,1.0,renewed
ACC00376,2025-08-31,90,True,1.0,renewed
ACC00377,2024-01-31,90,True,,censored
ACC00377,2024-02-29,90,True,,censored
ACC00377,2024-03-31,90,True,,censored
ACC00377,2024-04-30,90,True,,censored
ACC00377,2024-05-31,90,True,,censored
ACC00377,2024-06-30,90,True,,censored
ACC00377,2024-07-31,90,True,,censored
ACC00377,2024-08-31,90,True,,censored
ACC00377,2024-09-30,90,True,,censored
ACC00377,2024-10-31,90,True,,censored
ACC00377,2024-11-30,90,True,,censored
ACC00377,2024-12-31,90,True,,censored
ACC00377,2025-01-31,90,True,,censored
ACC00377,2025-02-28,90,True,,censored
ACC00377,2025-03-31,90,True,,censored
ACC00377,2025-04-30,90,True,,censored
ACC00377,2025-05-31,90,True,,censored
ACC00377,2025-06-30,90,True,,censored
ACC00377,2025-07-31,90,True,,censored
ACC00377,2025-08-31,90,True,,censored
ACC00377,2025-09-30,90,True,,censored
ACC00377,2025-10-31,90,True,,censored
ACC00377,2025-11-30,90,True,,censored
ACC00377,2025-12-31,90,True,,censored
ACC00378,2024-01-31,90,True,0.0,no_target_event_within_90d
ACC00378,2024-02-29,90,True,0.0,no_target_event_within_90d
ACC00378,2024-03-31,90,True,0.0,no_target_event_within_90d
ACC00378,2024-04-30,90,True,0.0,no_target_event_within_90d
ACC00378,2024-05-31,90,True,0.0,no_target_event_within_90d
ACC00378,2024-06-30,90,True,0.0,no_target_event_within_90d
ACC00378,2024-07-31,90,True,0.0,no_target_event_within_90d
ACC00378,2024-08-31,90,True,0.0,no_target_event_within_90d
ACC00378,2024-09-30,90,True,0.0,no_target_event_within_90d
ACC00378,2024-10-31,90,True,0.0,no_target_event_within_90d
ACC00378,2024-11-30,90,True,0.0,no_target_event_within_90d
ACC00378,2024-12-31,90,True,0.0,no_target_event_within_90d
ACC00378,2025-01-31,90,True,0.0,no_target_event_within_90d
ACC00378,2025-02-28,90,True,0.0,no_target_event_within_90d
ACC00378,2025-03-31,90,True,0.0,no_target_event_within_90d
ACC00378,2025-04-30,90,True,1.0,churned_voluntary
ACC00378,2025-05-31,90,True,1.0,churned_voluntary
ACC00378,2025-06-30,90,True,1.0,churned_voluntary
ACC00379,2024-01-31,90,True,,censored
ACC00379,2024-02-29,90,True,,censored
ACC00379,2024-03-31,90,True,,censored
ACC00379,2024-04-30,90,True,,censored
ACC00379,2024-05-31,90,True,,censored
ACC00379,2024-06-30,90,True,,censored
ACC00379,2024-07-31,90,True,,censored
ACC00379,2024-08-31,90,True,,censored
ACC00379,2024-09-30,90,True,,censored
ACC00379,2024-10-31,90,True,,censored
ACC00379,2024-11-30,90,True,,censored
ACC00379,2024-12-31,90,True,,censored
ACC00379,2025-01-31,90,True,,censored
ACC00379,2025-02-28,90,True,,censored
ACC00379,2025-03-31,90,True,,censored
ACC00379,2025-04-30,90,True,,censored
ACC00379,2025-05-31,90,True,,censored
ACC00379,2025-06-30,90,True,,censored
ACC00379,2025-07-31,90,True,,censored
ACC00379,2025-08-31,90,True,,censored
ACC00379,2025-09-30,90,True,,censored
ACC00379,2025-10-31,90,True,,censored
ACC00379,2025-11-30,90,True,,censored
ACC00379,2025-12-31,90,True,,censored
ACC00380,2024-01-31,90,True,0.0,no_target_event_within_90d
ACC00380,2024-02-29,90,True,0.0,no_target_event_within_90d
ACC00380,2024-03-31,90,True,0.0,no_target_event_within_90d
ACC00380,2024-04-30,90,True,0.0,no_target_event_within_90d
ACC00380,2024-05-31,90,True,0.0,no_target_event_within_90d
ACC00380,2024-06-30,90,True,0.0,no_target_event_within_90d
ACC00380,2024-07-31,90,True,0.0,no_target_event_within_90d
ACC00380,2024-08-31,90,True,1.0,renewed
ACC00380,2024-09-30,90,True,1.0,renewed
ACC00380,2024-10-31,90,True,1.0,renewed
ACC00381,2024-01-31,90,True,0.0,no_target_event_within_90d
ACC00381,2024-02-29,90,True,0.0,no_target_event_within_90d
ACC00381,2024-03-31,90,True,0.0,no_target_event_within_90d
ACC00381,2024-04-30,90,True,0.0,no_target_event_within_90d
ACC00381,2024-05-31,90,True,0.0,no_target_event_within_90d
ACC00381,2024-06-30,90,True,0.0,no_target_event_within_90d
ACC00381,2024-07-31,90,True,0.0,no_target_event_within_90d
ACC00381,2024-08-31,90,True,0.0,no_target_event_within_90d
ACC00381,2024-09-30,90,True,0.0,no_target_event_within_90d
ACC00381,2024-10-31,90,True,1.0,churned_nonpayment
ACC00381,2024-11-30,90,True,1.0,churned_nonpayment
ACC00381,2024-12-31,90,True,1.0,churned_nonpayment
ACC00382,2024-01-31,90,True,0.0,no_target_event_within_90d
ACC00382,2024-02-29,90,True,0.0,no_target_event_within_90d
ACC00382,2024-03-31,90,True,0.0,no_target_event_within_90d
ACC00382,2024-04-30,90,True,0.0,no_target_event_within_90d
ACC00382,2024-05-31,90,True,0.0,no_target_event_within_90d
ACC00382,2024-06-30,90,True,0.0,no_target_event_within_90d
ACC00382,2024-07-31,90,True,0.0,no_target_event_within_90d
ACC00382,2024-08-31,90,True,0.0,no_target_event_within_90d
ACC00382,2024-09-30,90,True,0.0,no_target_event_within_90d
ACC00382,2024-10-31,90,True,0.0,no_target_event_within_90d
ACC00382,2024-11-30,90,True,0.0,no_target_event_within_90d
ACC00382,2024-12-31,90,True,0.0,no_target_event_within_90d
ACC00382,2025-01-31,90,True,0.0,no_target_event_within_90d
ACC00382,2025-02-28,90,True,0.0,no_target_event_within_90d
ACC00382,2025-03-31,90,True,0.0,no_target_event_within_90d
ACC00382,2025-04-30,90,True,0.0,no_target_event_within_90d
ACC00382,2025-05-31,90,True,0.0,no_target_event_within_90d
ACC00382,2025-06-30,90,True,0.0,no_target_event_within_90d
ACC00382,2025-07-31,90,True,0.0,no_target_event_within_90d
ACC00382,2025-08-31,90,True,0.0,no_target_event_within_90d
ACC00382,2025-09-30,90,True,0.0,no_target_event_within_90d
ACC00382,2025-10-31,90,True,1.0,renewed
ACC00382,2025-11-30,90,True,1.0,renewed
ACC00382,2025-12-31,90,True,1.0,renewed
ACC00383,2024-01-31,90,True,0.0,no_target_event_within_90d
ACC00383,2024-02-29,90,True,0.0,no_target_event_within_90d
ACC00383,2024-03-31,90,True,0.0,no_target_event_within_90d
ACC00383,2024-04-30,90,True,0.0,no_target_event_within_90d
ACC00383,2024-05-31,90,True,0.0,no_target_event_within_90d
ACC00383,2024-06-30,90,True,0.0,no_target_event_within_90d
ACC00383,2024-07-31,90,True,1.0,renewed
ACC00383,2024-08-31,90,True,1.0,renewed
ACC00383,2024-09-30,90,True,1.0,renewed
ACC00384,2024-01-31,90,True,,censored
ACC00384,2024-02-29,90,True,,censored
ACC00384,2024-03-31,90,True,,censored
ACC00384,2024-04-30,90,True,,censored
ACC00384,2024-05-31,90,True,,censored
ACC00384,2024-06-30,90,True,,censored
ACC00384,2024-07-31,90,True,,censored
ACC00384,2024-08-31,90,True,,censored
ACC00384,2024-09-30,90,True,,censored
ACC00384,2024-10-31,90,True,,censored
ACC00384,2024-11-30,90,True,,censored
ACC00384,2024-12-31,90,True,,censored
ACC00384,2025-01-31,90,True,,censored
ACC00384,2025-02-28,90,True,,censored
ACC00384,2025-03-31,90,True,,censored
ACC00384,2025-04-30,90,True,,censored
ACC00384,2025-05-31,90,True,,censored
ACC00384,2025-06-30,90,True,,censored
ACC00384,2025-07-31,90,True,,censored
ACC00384,2025-08-31,90,True,,censored
ACC00384,2025-09-30,90,True,,censored
ACC00384,2025-10-31,90,True,,censored
ACC00384,2025-11-30,90,True,,censored
ACC00384,2025-12-31,90,True,,censored
ACC00385,2024-01-31,90,True,0.0,no_target_event_within_90d
ACC00385,2024-02-29,90,True,0.0,no_target_event_within_90d
ACC00385,2024-03-31,90,True,0.0,no_target_event_within_90d
ACC00385,2024-04-30,90,True,0.0,no_target_event_within_90d
ACC00385,2024-05-31,90,True,0.0,no_target_event_within_90d
ACC00385,2024-06-30,90,True,0.0,no_target_event_within_90d
ACC00385,2024-07-31,90,True,1.0,renewed
ACC00385,2024-08-31,90,True,1.0,renewed
ACC00385,2024-09-30,90,True,1.0,renewed
ACC00386,2024-01-31,90,True,,censored
ACC00386,2024-02-29,90,True,,censored
ACC00386,2024-03-31,90,True,,censored
ACC00386,2024-04-30,90,True,,censored
ACC00386,2024-05-31,90,True,,censored
ACC00386,2024-06-30,90,True,,censored
ACC00386,2024-07-31,90,True,,censored
ACC00386,2024-08-31,90,True,,censored
ACC00386,2024-09-30,90,True,,censored
ACC00386,2024-10-31,90,True,,censored
ACC00386,2024-11-30,90,True,,censored
ACC00386,2024-12-31,90,True,,censored
ACC00386,2025-01-31,90,True,,censored
ACC00386,2025-02-28,90,True,,censored
ACC00386,2025-03-31,90,True,,censored
ACC00386,2025-04-30,90,True,,censored
ACC00386,2025-05-31,90,True,,censored
ACC00386,2025-06-30,90,True,,censored
ACC00386,2025-07-31,90,True,,censored
ACC00386,2025-08-31,90,True,,censored
ACC00386,2025-09-30,90,True,,censored
ACC00386,2025-10-31,90,True,,censored
ACC00386,2025-11-30,90,True,,censored
ACC00386,2025-12-31,90,True,,censored
ACC00387,2024-01-31,90,True,0.0,no_target_event_within_90d
ACC00387,2024-02-29,90,True,0.0,no_target_event_within_90d
ACC00387,2024-03-31,90,True,0.0,no_target_event_within_90d
ACC00387,2024-04-30,90,True,0.0,no_target_event_within_90d
ACC00387,2024-05-31,90,True,0.0,no_target_event_within_90d
ACC00387,2024-06-30,90,True,0.0,no_target_event_within_90d
ACC00387,2024-07-31,90,True,0.0,no_target_event_within_90d
ACC00387,2024-08-31,90,True,0.0,no_target_event_within_90d
ACC00387,2024-09-30,90,True,0.0,no_target_event_within_90d
ACC00387,2024-10-31,90,True,0.0,no_target_event_within_90d
ACC00387,2024-11-30,90,True,0.0,no_target_event_within_90d
ACC00387,2024-12-31,90,True,0.0,no_target_event_within_90d
ACC00387,2025-01-31,90,True,0.0,no_target_event_within_90d
ACC00387,2025-02-28,90,True,0.0,no_target_event_within_90d
ACC00387,2025-03-31,90,True,0.0,no_target_event_within_90d
ACC00387,2025-04-30,90,True,0.0,no_target_event_within_90d
ACC00387,2025-05-31,90,True,0.0,no_target_event_within_90d
ACC00387,2025-06-30,90,True,0.0,no_target_event_within_90d
ACC00387,2025-07-31,90,True,0.0,no_target_event_within_90d
ACC00387,2025-08-31,90,True,0.0,no_target_event_within_90d
ACC00387,2025-09-30,90,True,0.0,no_target_event_within_90d
ACC00387,2025-10-31,90,True,1.0,renewed
ACC00387,2025-11-30,90,True,1.0,renewed
ACC00387,2025-12-31,90,True,1.0,renewed
ACC00388,2024-01-31,90,True,0.0,no_target_event_within_90d
ACC00388,2024-02-29,90,True,0.0,no_target_event_within_90d
ACC00388,2024-03-31,90,True,0.0,no_target_event_within_90d
ACC00388,2024-04-30,90,True,0.0,no_target_event_within_90d
ACC00388,2024-05-31,90,True,1.0,renewed
ACC00388,2024-06-30,90,True,1.0,renewed
ACC00388,2024-07-31,90,True,1.0,renewed
ACC00389,2024-01-31,90,True,0.0,no_target_event_within_90d
ACC00389,2024-02-29,90,True,0.0,no_target_event_within_90d
ACC00389,2024-03-31,90,True,0.0,no_target_event_within_90d
ACC00389,2024-04-30,90,True,0.0,no_target_event_within_90d
ACC00389,2024-05-31,90,True,0.0,no_target_event_within_90d
ACC00389,2024-06-30,90,True,0.0,no_target_event_within_90d
ACC00389,2024-07-31,90,True,1.0,renewed
ACC00389,2024-08-31,90,True,1.0,renewed
ACC00389,2024-09-30,90,True,1.0,renewed
ACC00390,2024-01-31,90,True,,censored
ACC00390,2024-02-29,90,True,,censored
ACC00390,2024-03-31,90,True,,censored
ACC00390,2024-04-30,90,True,,censored
ACC00390,2024-05-31,90,True,,censored
ACC00390,2024-06-30,90,True,,censored
ACC00390,2024-07-31,90,True,,censored
ACC00390,2024-08-31,90,True,,censored
ACC00390,2024-09-30,90,True,,censored
ACC00390,2024-10-31,90,True,,censored
ACC00390,2024-11-30,90,True,,censored
ACC00390,2024-12-31,90,True,,censored
ACC00390,2025-01-31,90,True,,censored
ACC00390,2025-02-28,90,True,,censored
ACC00390,2025-03-31,90,True,,censored
ACC00390,2025-04-30,90,True,,censored
ACC00390,2025-05-31,90,True,,censored
ACC00390,2025-06-30,90,True,,censored
ACC00390,2025-07-31,90,True,,censored
ACC00390,2025-08-31,90,True,,censored
ACC00390,2025-09-30,90,True,,censored
ACC00390,2025-10-31,90,True,,censored
ACC00390,2025-11-30,90,True,,censored
ACC00390,2025-12-31,90,True,,censored
ACC00391,2024-01-31,90,True,,censored
ACC00391,2024-02-29,90,True,,censored
ACC00391,2024-03-31,90,True,,censored
ACC00391,2024-04-30,90,True,,censored
ACC00391,2024-05-31,90,True,,censored
ACC00391,2024-06-30,90,True,,censored
ACC00391,2024-07-31,90,True,,censored
ACC00391,2024-08-31,90,True,,censored
ACC00391,2024-09-30,90,True,,censored
ACC00391,2024-10-31,90,True,,censored
ACC00391,2024-11-30,90,True,,censored
ACC00391,2024-12-31,90,True,,censored
ACC00391,2025-01-31,90,True,,censored
ACC00391,2025-02-28,90,True,,censored
ACC00391,2025-03-31,90,True,,censored
ACC00391,2025-04-30,90,True,,censored
ACC00391,2025-05-31,90,True,,censored
ACC00391,2025-06-30,90,True,,censored
ACC00391,2025-07-31,90,True,,censored
ACC00391,2025-08-31,90,True,,censored
ACC00391,2025-09-30,90,True,,censored
ACC00391,2025-10-31,90,True,,censored
ACC00391,2025-11-30,90,True,,censored
ACC00391,2025-12-31,90,True,,censored
ACC00392,2024-01-31,90,True,0.0,no_target_event_within_90d
ACC00392,2024-02-29,90,True,0.0,no_target_event_within_90d
ACC00392,2024-03-31,90,True,0.0,no_target_event_within_90d
ACC00392,2024-04-30,90,True,0.0,no_target_event_within_90d
ACC00392,2024-05-31,90,True,0.0,no_target_event_within_90d
ACC00392,2024-06-30,90,True,0.0,no_target_event_within_90d
ACC00392,2024-07-31,90,True,0.0,no_target_event_within_90d
ACC00392,2024-08-31,90,True,0.0,no_target_event_within_90d
ACC00392,2024-09-30,90,True,1.0,renewed
ACC00392,2024-10-31,90,True,1.0,renewed
ACC00392,2024-11-30,90,True,1.0,renewed
ACC00393,2024-01-31,90,True,0.0,no_target_event_within_90d
ACC00393,2024-02-29,90,True,0.0,no_target_event_within_90d
ACC00393,2024-03-31,90,True,0.0,no_target_event_within_90d
ACC00393,2024-04-30,90,True,0.0,no_target_event_within_90d
ACC00393,2024-05-31,90,True,0.0,no_target_event_within_90d
ACC00393,2024-06-30,90,True,0.0,no_target_event_within_90d
ACC00393,2024-07-31,90,True,0.0,no_target_event_within_90d
ACC00393,2024-08-31,90,True,0.0,no_target_event_within_90d
ACC00393,2024-09-30,90,True,0.0,no_target_event_within_90d
ACC00393,2024-10-31,90,True,0.0,no_target_event_within_90d
ACC00393,2024-11-30,90,True,0.0,no_target_event_within_90d
ACC00393,2024-12-31,90,True,0.0,no_target_event_within_90d
ACC00393,2025-01-31,90,True,0.0,no_target_event_within_90d
ACC00393,2025-02-28,90,True,0.0,no_target_event_within_90d
ACC00393,2025-03-31,90,True,0.0,no_target_event_within_90d
ACC00393,2025-04-30,90,True,0.0,no_target_event_within_90d
ACC00393,2025-05-31,90,True,0.0,no_target_event_within_90d
ACC00393,2025-06-30,90,True,0.0,no_target_event_within_90d
ACC00393,2025-07-31,90,True,0.0,no_target_event_within_90d
ACC00393,2025-08-31,90,True,0.0,no_target_event_within_90d
ACC00393,2025-09-30,90,True,0.0,no_target_event_within_90d
ACC00393,2025-10-31,90,True,1.0,renewed
ACC00393,2025-11-30,90,True,1.0,renewed
ACC00393,2025-12-31,90,True,1.0,renewed
ACC00394,2024-01-31,90,True,,censored
ACC00394,2024-02-29,90,True,,censored
ACC00394,2024-03-31,90,True,,censored
ACC00394,2024-04-30,90,True,,censored
ACC00394,2024-05-31,90,True,,censored
ACC00394,2024-06-30,90,True,,censored
ACC00394,2024-07-31,90,True,,censored
ACC00394,2024-08-31,90,True,,censored
ACC00394,2024-09-30,90,True,,censored
ACC00394,2024-10-31,90,True,,censored
ACC00394,2024-11-30,90,True,,censored
ACC00394,2024-12-31,90,True,,censored
ACC00394,2025-01-31,90,True,,censored
ACC00394,2025-02-28,90,True,,censored
ACC00394,2025-03-31,90,True,,censored
ACC00394,2025-04-30,90,True,,censored
ACC00394,2025-05-31,90,True,,censored
ACC00394,2025-06-30,90,True,,censored
ACC00394,2025-07-31,90,True,,censored
ACC00394,2025-08-31,90,True,,censored
ACC00394,2025-09-30,90,True,,censored
ACC00394,2025-10-31,90,True,,censored
ACC00394,2025-11-30,90,True,,censored
ACC00394,2025-12-31,90,True,,censored
ACC00395,2024-01-31,90,True,0.0,no_target_event_within_90d
ACC00395,2024-02-29,90,True,0.0,no_target_event_within_90d
ACC00395,2024-03-31,90,True,0.0,no_target_event_within_90d
ACC00395,2024-04-30,90,True,0.0,no_target_event_within_90d
ACC00395,2024-05-31,90,True,0.0,no_target_event_within_90d
ACC00395,2024-06-30,90,True,0.0,no_target_event_within_90d
ACC00395,2024-07-31,90,True,0.0,no_target_event_within_90d
ACC00395,2024-08-31,90,True,0.0,no_target_event_within_90d
ACC00395,2024-09-30,90,True,0.0,no_target_event_within_90d
ACC00395,2024-10-31,90,True,0.0,no_target_event_within_90d
ACC00395,2024-11-30,90,True,0.0,no_target_event_within_90d
ACC00395,2024-12-31,90,True,0.0,no_target_event_within_90d
ACC00395,2025-01-31,90,True,0.0,no_target_event_within_90d
ACC00395,2025-02-28,90,True,0.0,no_target_event_within_90d
ACC00395,2025-03-31,90,True,0.0,no_target_event_within_90d
ACC00395,2025-04-30,90,True,0.0,no_target_event_within_90d
ACC00395,2025-05-31,90,True,0.0,no_target_event_within_90d
ACC00395,2025-06-30,90,True,0.0,no_target_event_within_90d
ACC00395,2025-07-31,90,True,0.0,no_target_event_within_90d
ACC00395,2025-08-31,90,True,1.0,renewed
ACC00395,2025-09-30,90,True,1.0,renewed
ACC00395,2025-10-31,90,True,1.0,renewed
ACC00396,2024-01-31,90,True,,censored
ACC00396,2024-02-29,90,True,,censored
ACC00396,2024-03-31,90,True,,censored
ACC00396,2024-04-30,90,True,,censored
ACC00396,2024-05-31,90,True,,censored
ACC00396,2024-06-30,90,True,,censored
ACC00396,2024-07-31,90,True,,censored
ACC00396,2024-08-31,90,True,,censored
ACC00396,2024-09-30,90,True,,censored
ACC00396,2024-10-31,90,True,,censored
ACC00396,2024-11-30,90,True,,censored
ACC00396,2024-12-31,90,True,,censored
ACC00396,2025-01-31,90,True,,censored
ACC00396,2025-02-28,90,True,,censored
ACC00396,2025-03-31,90,True,,censored
ACC00396,2025-04-30,90,True,,censored
ACC00396,2025-05-31,90,True,,censored
ACC00396,2025-06-30,90,True,,censored
ACC00396,2025-07-31,90,True,,censored
ACC00396,2025-08-31,90,True,,censored
ACC00396,2025-09-30,90,True,,censored
ACC00396,2025-10-31,90,True,,censored
ACC00396,2025-11-30,90,True,,censored
ACC00396,2025-12-31,90,True,,censored
ACC00397,2024-01-31,90,True,,censored
ACC00397,2024-02-29,90,True,,censored
ACC00397,2024-03-31,90,True,,censored
ACC00397,2024-04-30,90,True,,censored
ACC00397,2024-05-31,90,True,,censored
ACC00397,2024-06-30,90,True,,censored
ACC00397,2024-07-31,90,True,,censored
ACC00397,2024-08-31,90,True,,censored
ACC00397,2024-09-30,90,True,,censored
ACC00397,2024-10-31,90,True,,censored
ACC00397,2024-11-30,90,True,,censored
ACC00397,2024-12-31,90,True,,censored
ACC00397,2025-01-31,90,True,,censored
ACC00397,2025-02-28,90,True,,censored
ACC00397,2025-03-31,90,True,,censored
ACC00397,2025-04-30,90,True,,censored
ACC00397,2025-05-31,90,True,,censored
ACC00397,2025-06-30,90,True,,censored
ACC00397,2025-07-31,90,True,,censored
ACC00397,2025-08-31,90,True,,censored
ACC00397,2025-09-30,90,True,,censored
ACC00397,2025-10-31,90,True,,censored
ACC00397,2025-11-30,90,True,,censored
ACC00397,2025-12-31,90,True,,censored
ACC00398,2024-01-31,90,True,0.0,no_target_event_within_90d
ACC00398,2024-02-29,90,True,0.0,no_target_event_within_90d
ACC00398,2024-03-31,90,True,0.0,no_target_event_within_90d
ACC00398,2024-04-30,90,True,0.0,no_target_event_within_90d
ACC00398,2024-05-31,90,True,0.0,no_target_event_within_90d
ACC00398,2024-06-30,90,True,0.0,no_target_event_within_90d
ACC00398,2024-07-31,90,True,0.0,no_target_event_within_90d
ACC00398,2024-08-31,90,True,0.0,no_target_event_within_90d
ACC00398,2024-09-30,90,True,0.0,no_target_event_within_90d
ACC00398,2024-10-31,90,True,0.0,no_target_event_within_90d
ACC00398,2024-11-30,90,True,0.0,no_target_event_within_90d
ACC00398,2024-12-31,90,True,0.0,no_target_event_within_90d
ACC00398,2025-01-31,90,True,0.0,no_target_event_within_90d
ACC00398,2025-02-28,90,True,0.0,no_target_event_within_90d
ACC00398,2025-03-31,90,True,0.0,no_target_event_within_90d
ACC00398,2025-04-30,90,True,0.0,no_target_event_within_90d
ACC00398,2025-05-31,90,True,0.0,no_target_event_within_90d
ACC00398,2025-06-30,90,True,0.0,no_target_event_within_90d
ACC00398,2025-07-31,90,True,0.0,no_target_event_within_90d
ACC00398,2025-08-31,90,True,1.0,renewed
ACC00398,2025-09-30,90,True,1.0,renewed
ACC00398,2025-10-31,90,True,1.0,renewed
ACC00399,2024-01-31,90,True,0.0,no_target_event_within_90d
ACC00399,2024-02-29,90,True,0.0,no_target_event_within_90d
ACC00399,2024-03-31,90,True,0.0,no_target_event_within_90d
ACC00399,2024-04-30,90,True,0.0,no_target_event_within_90d
ACC00399,2024-05-31,90,True,0.0,no_target_event_within_90d
ACC00399,2024-06-30,90,True,0.0,no_target_event_within_90d
ACC00399,2024-07-31,90,True,0.0,no_target_event_within_90d
ACC00399,2024-08-31,90,True,0.0,no_target_event_within_90d
ACC00399,2024-09-30,90,True,1.0,renewed
ACC00399,2024-10-31,90,True,1.0,renewed
ACC00399,2024-11-30,90,True,1.0,renewed
ACC00400,2024-01-31,90,True,0.0,no_target_event_within_90d
ACC00400,2024-02-29,90,True,0.0,no_target_event_within_90d
ACC00400,2024-03-31,90,True,0.0,no_target_event_within_90d
ACC00400,2024-04-30,90,True,0.0,no_target_event_within_90d
ACC00400,2024-05-31,90,True,0.0,no_target_event_within_90d
ACC00400,2024-06-30,90,True,1.0,renewed
ACC00400,2024-07-31,90,True,1.0,renewed
ACC00400,2024-08-31,90,True,1.0,renewed
ACC00401,2024-01-31,90,True,0.0,no_target_event_within_90d
ACC00401,2024-02-29,90,True,0.0,no_target_event_within_90d
ACC00401,2024-03-31,90,True,0.0,no_target_event_within_90d
ACC00401,2024-04-30,90,True,0.0,no_target_event_within_90d
ACC00401,2024-05-31,90,True,0.0,no_target_event_within_90d
ACC00401,2024-06-30,90,True,0.0,no_target_event_within_90d
ACC00401,2024-07-31,90,True,1.0,churned_nonpayment
ACC00401,2024-08-31,90,True,1.0,churned_nonpayment
ACC00401,2024-09-30,90,True,1.0,churned_nonpayment
ACC00402,2024-01-31,90,True,,censored
ACC00402,2024-02-29,90,True,,censored
ACC00402,2024-03-31,90,True,,censored
ACC00402,2024-04-30,90,True,,censored
ACC00402,2024-05-31,90,True,,censored
ACC00402,2024-06-30,90,True,,censored
ACC00402,2024-07-31,90,True,,censored
ACC00402,2024-08-31,90,True,,censored
ACC00402,2024-09-30,90,True,,censored
ACC00402,2024-10-31,90,True,,censored
ACC00402,2024-11-30,90,True,,censored
ACC00402,2024-12-31,90,True,,censored
ACC00402,2025-01-31,90,True,,censored
ACC00402,2025-02-28,90,True,,censored
ACC00402,2025-03-31,90,True,,censored
ACC00402,2025-04-30,90,True,,censored
ACC00402,2025-05-31,90,True,,censored
ACC00402,2025-06-30,90,True,,censored
ACC00402,2025-07-31,90,True,,censored
ACC00402,2025-08-31,90,True,,censored
ACC00402,2025-09-30,90,True,,censored
ACC00402,2025-10-31,90,True,,censored
ACC00402,2025-11-30,90,True,,censored
ACC00402,2025-12-31,90,True,,censored
ACC00403,2024-01-31,90,True,0.0,no_target_event_within_90d
ACC00403,2024-02-29,90,True,0.0,no_target_event_within_90d
ACC00403,2024-03-31,90,True,0.0,no_target_event_within_90d
ACC00403,2024-04-30,90,True,0.0,no_target_event_within_90d
ACC00403,2024-05-31,90,True,0.0,no_target_event_within_90d
ACC00403,2024-06-30,90,True,1.0,renewed
ACC00403,2024-07-31,90,True,1.0,renewed
ACC00403,2024-08-31,90,True,1.0,renewed
ACC00404,2024-01-31,90,True,,censored
ACC00404,2024-02-29,90,True,,censored
ACC00404,2024-03-31,90,True,,censored
ACC00404,2024-04-30,90,True,,censored
ACC00404,2024-05-31,90,True,,censored
ACC00404,2024-06-30,90,True,,censored
ACC00404,2024-07-31,90,True,,censored
ACC00404,2024-08-31,90,True,,censored
ACC00404,2024-09-30,90,True,,censored
ACC00404,2024-10-31,90,True,,censored
ACC00404,2024-11-30,90,True,,censored
ACC00404,2024-12-31,90,True,,censored
ACC00404,2025-01-31,90,True,,censored
ACC00404,2025-02-28,90,True,,censored
ACC00404,2025-03-31,90,True,,censored
ACC00404,2025-04-30,90,True,,censored
ACC00404,2025-05-31,90,True,,censored
ACC00404,2025-06-30,90,True,,censored
ACC00404,2025-07-31,90,True,,censored
ACC00404,2025-08-31,90,True,,censored
ACC00404,2025-09-30,90,True,,censored
ACC00404,2025-10-31,90,True,,censored
ACC00404,2025-11-30,90,True,,censored
ACC00404,2025-12-31,90,True,,censored
ACC00405,2024-01-31,90,True,0.0,no_target_event_within_90d
ACC00405,2024-02-29,90,True,0.0,no_target_event_within_90d
ACC00405,2024-03-31,90,True,0.0,no_target_event_within_90d
ACC00405,2024-04-30,90,True,0.0,no_target_event_within_90d
ACC00405,2024-05-31,90,True,1.0,renewed
ACC00405,2024-06-30,90,True,1.0,renewed
ACC00405,2024-07-31,90,True,1.0,renewed
ACC00406,2024-01-31,90,True,,censored
ACC00406,2024-02-29,90,True,,censored
ACC00406,2024-03-31,90,True,,censored
ACC00406,2024-04-30,90,True,,censored
ACC00406,2024-05-31,90,True,,censored
ACC00406,2024-06-30,90,True,,censored
ACC00406,2024-07-31,90,True,,censored
ACC00406,2024-08-31,90,True,,censored
ACC00406,2024-09-30,90,True,,censored
ACC00406,2024-10-31,90,True,,censored
ACC00406,2024-11-30,90,True,,censored
ACC00406,2024-12-31,90,True,,censored
ACC00406,2025-01-31,90,True,,censored
ACC00406,2025-02-28,90,True,,censored
ACC00406,2025-03-31,90,True,,censored
ACC00406,2025-04-30,90,True,,censored
ACC00406,2025-05-31,90,True,,censored
ACC00406,2025-06-30,90,True,,censored
ACC00406,2025-07-31,90,True,,censored
ACC00406,2025-08-31,90,True,,censored
ACC00406,2025-09-30,90,True,,censored
ACC00406,2025-10-31,90,True,,censored
ACC00406,2025-11-30,90,True,,censored
ACC00406,2025-12-31,90,True,,censored
ACC00407,2024-01-31,90,True,0.0,no_target_event_within_90d
ACC00407,2024-02-29,90,True,0.0,no_target_event_within_90d
ACC00407,2024-03-31,90,True,0.0,no_target_event_within_90d
ACC00407,2024-04-30,90,True,0.0,no_target_event_within_90d
ACC00407,2024-05-31,90,True,0.0,no_target_event_within_90d
ACC00407,2024-06-30,90,True,0.0,no_target_event_within_90d
ACC00407,2024-07-31,90,True,1.0,renewed
ACC00407,2024-08-31,90,True,1.0,renewed
ACC00407,2024-09-30,90,True,1.0,renewed
ACC00408,2024-01-31,90,True,0.0,no_target_event_within_90d
ACC00408,2024-02-29,90,True,0.0,no_target_event_within_90d
ACC00408,2024-03-31,90,True,0.0,no_target_event_within_90d
ACC00408,2024-04-30,90,True,0.0,no_target_event_within_90d
ACC00408,2024-05-31,90,True,0.0,no_target_event_within_90d
ACC00408,2024-06-30,90,True,0.0,no_target_event_within_90d
ACC00408,2024-07-31,90,True,0.0,no_target_event_within_90d
ACC00408,2024-08-31,90,True,0.0,no_target_event_within_90d
ACC00408,2024-09-30,90,True,0.0,no_target_event_within_90d
ACC00408,2024-10-31,90,True,0.0,no_target_event_within_90d
ACC00408,2024-11-30,90,True,0.0,no_target_event_within_90d
ACC00408,2024-12-31,90,True,0.0,no_target_event_within_90d
ACC00408,2025-01-31,90,True,0.0,no_target_event_within_90d
ACC00408,2025-02-28,90,True,0.0,no_target_event_within_90d
ACC00408,2025-03-31,90,True,0.0,no_target_event_within_90d
ACC00408,2025-04-30,90,True,0.0,no_target_event_within_90d
ACC00408,2025-05-31,90,True,0.0,no_target_event_within_90d
ACC00408,2025-06-30,90,True,1.0,churned_voluntary
ACC00408,2025-07-31,90,True,1.0,churned_voluntary
ACC00408,2025-08-31,90,True,1.0,churned_voluntary
ACC00409,2024-01-31,90,True,,censored
ACC00409,2024-02-29,90,True,,censored
ACC00409,2024-03-31,90,True,,censored
ACC00409,2024-04-30,90,True,,censored
ACC00409,2024-05-31,90,True,,censored
ACC00409,2024-06-30,90,True,,censored
ACC00409,2024-07-31,90,True,,censored
ACC00409,2024-08-31,90,True,,censored
ACC00409,2024-09-30,90,True,,censored
ACC00409,2024-10-31,90,True,,censored
ACC00409,2024-11-30,90,True,,censored
ACC00409,2024-12-31,90,True,,censored
ACC00409,2025-01-31,90,True,,censored
ACC00409,2025-02-28,90,True,,censored
ACC00409,2025-03-31,90,True,,censored
ACC00409,2025-04-30,90,True,,censored
ACC00409,2025-05-31,90,True,,censored
ACC00409,2025-06-30,90,True,,censored
ACC00409,2025-07-31,90,True,,censored
ACC00409,2025-08-31,90,True,,censored
ACC00409,2025-09-30,90,True,,censored
ACC00409,2025-10-31,90,True,,censored
ACC00409,2025-11-30,90,True,,censored
ACC00409,2025-12-31,90,True,,censored
ACC00410,2024-01-31,90,True,0.0,no_target_event_within_90d
ACC00410,2024-02-29,90,True,0.0,no_target_event_within_90d
ACC00410,2024-03-31,90,True,0.0,no_target_event_within_90d
ACC00410,2024-04-30,90,True,0.0,no_target_event_within_90d
ACC00410,2024-05-31,90,True,0.0,no_target_event_within_90d
ACC00410,2024-06-30,90,True,0.0,no_target_event_within_90d
ACC00410,2024-07-31,90,True,0.0,no_target_event_within_90d
ACC00410,2024-08-31,90,True,0.0,no_target_event_within_90d
ACC00410,2024-09-30,90,True,0.0,no_target_event_within_90d
ACC00410,2024-10-31,90,True,0.0,no_target_event_within_90d
ACC00410,2024-11-30,90,True,0.0,no_target_event_within_90d
ACC00410,2024-12-31,90,True,0.0,no_target_event_within_90d
ACC00410,2025-01-31,90,True,0.0,no_target_event_within_90d
ACC00410,2025-02-28,90,True,0.0,no_target_event_within_90d
ACC00410,2025-03-31,90,True,0.0,no_target_event_within_90d
ACC00410,2025-04-30,90,True,0.0,no_target_event_within_90d
ACC00410,2025-05-31,90,True,1.0,churned_nonpayment
ACC00410,2025-06-30,90,True,1.0,churned_nonpayment
ACC00410,2025-07-31,90,True,1.0,churned_nonpayment
ACC00411,2024-01-31,90,True,0.0,no_target_event_within_90d
ACC00411,2024-02-29,90,True,0.0,no_target_event_within_90d
ACC00411,2024-03-31,90,True,0.0,no_target_event_within_90d
ACC00411,2024-04-30,90,True,0.0,no_target_event_within_90d
ACC00411,2024-05-31,90,True,0.0,no_target_event_within_90d
ACC00411,2024-06-30,90,True,0.0,no_target_event_within_90d
ACC00411,2024-07-31,90,True,0.0,no_target_event_within_90d
ACC00411,2024-08-31,90,True,1.0,renewed
ACC00411,2024-09-30,90,True,1.0,renewed
ACC00411,2024-10-31,90,True,1.0,renewed
ACC00412,2024-01-31,90,True,,censored
ACC00412,2024-02-29,90,True,,censored
ACC00412,2024-03-31,90,True,,censored
ACC00412,2024-04-30,90,True,,censored
ACC00412,2024-05-31,90,True,,censored
ACC00412,2024-06-30,90,True,,censored
ACC00412,2024-07-31,90,True,,censored
ACC00412,2024-08-31,90,True,,censored
ACC00412,2024-09-30,90,True,,censored
ACC00412,2024-10-31,90,True,,censored
ACC00412,2024-11-30,90,True,,censored
ACC00412,2024-12-31,90,True,,censored
ACC00412,2025-01-31,90,True,,censored
ACC00412,2025-02-28,90,True,,censored
ACC00412,2025-03-31,90,True,,censored
ACC00412,2025-04-30,90,True,,censored
ACC00412,2025-05-31,90,True,,censored
ACC00412,2025-06-30,90,True,,censored
ACC00412,2025-07-31,90,True,,censored
ACC00412,2025-08-31,90,True,,censored
ACC00412,2025-09-30,90,True,,censored
ACC00412,2025-10-31,90,True,,censored
ACC00412,2025-11-30,90,True,,censored
ACC00412,2025-12-31,90,True,,censored
ACC00413,2024-01-31,90,True,,censored
ACC00413,2024-02-29,90,True,,censored
ACC00413,2024-03-31,90,True,,censored
ACC00413,2024-04-30,90,True,,censored
ACC00413,2024-05-31,90,True,,censored
ACC00413,2024-06-30,90,True,,censored
ACC00413,2024-07-31,90,True,,censored
ACC00413,2024-08-31,90,True,,censored
ACC00413,2024-09-30,90,True,,censored
ACC00413,2024-10-31,90,True,,censored
ACC00413,2024-11-30,90,True,,censored
ACC00413,2024-12-31,90,True,,censored
ACC00413,2025-01-31,90,True,,censored
ACC00413,2025-02-28,90,True,,censored
ACC00413,2025-03-31,90,True,,censored
ACC00413,2025-04-30,90,True,,censored
ACC00413,2025-05-31,90,True,,censored
ACC00413,2025-06-30,90,True,,censored
ACC00413,2025-07-31,90,True,,censored
ACC00413,2025-08-31,90,True,,censored
ACC00413,2025-09-30,90,True,,censored
ACC00413,2025-10-31,90,True,,censored
ACC00413,2025-11-30,90,True,,censored
ACC00413,2025-12-31,90,True,,censored
ACC00414,2024-01-31,90,True,0.0,no_target_event_within_90d
ACC00414,2024-02-29,90,True,0.0,no_target_event_within_90d
ACC00414,2024-03-31,90,True,0.0,no_target_event_within_90d
ACC00414,2024-04-30,90,True,0.0,no_target_event_within_90d
ACC00414,2024-05-31,90,True,0.0,no_target_event_within_90d
ACC00414,2024-06-30,90,True,0.0,no_target_event_within_90d
ACC00414,2024-07-31,90,True,0.0,no_target_event_within_90d
ACC00414,2024-08-31,90,True,0.0,no_target_event_within_90d
ACC00414,2024-09-30,90,True,0.0,no_target_event_within_90d
ACC00414,2024-10-31,90,True,0.0,no_target_event_within_90d
ACC00414,2024-11-30,90,True,0.0,no_target_event_within_90d
ACC00414,2024-12-31,90,True,0.0,no_target_event_within_90d
ACC00414,2025-01-31,90,True,0.0,no_target_event_within_90d
ACC00414,2025-02-28,90,True,0.0,no_target_event_within_90d
ACC00414,2025-03-31,90,True,0.0,no_target_event_within_90d
ACC00414,2025-04-30,90,True,0.0,no_target_event_within_90d
ACC00414,2025-05-31,90,True,0.0,no_target_event_within_90d
ACC00414,2025-06-30,90,True,1.0,renewed
ACC00414,2025-07-31,90,True,1.0,renewed
ACC00414,2025-08-31,90,True,1.0,renewed
ACC00415,2024-01-31,90,True,0.0,no_target_event_within_90d
ACC00415,2024-02-29,90,True,0.0,no_target_event_within_90d
ACC00415,2024-03-31,90,True,0.0,no_target_event_within_90d
ACC00415,2024-04-30,90,True,0.0,no_target_event_within_90d
ACC00415,2024-05-31,90,True,0.0,no_target_event_within_90d
ACC00415,2024-06-30,90,True,0.0,no_target_event_within_90d
ACC00415,2024-07-31,90,True,0.0,no_target_event_within_90d
ACC00415,2024-08-31,90,True,0.0,no_target_event_within_90d
ACC00415,2024-09-30,90,True,0.0,no_target_event_within_90d
ACC00415,2024-10-31,90,True,0.0,no_target_event_within_90d
ACC00415,2024-11-30,90,True,0.0,no_target_event_within_90d
ACC00415,2024-12-31,90,True,0.0,no_target_event_within_90d
ACC00415,2025-01-31,90,True,0.0,no_target_event_within_90d
ACC00415,2025-02-28,90,True,0.0,no_target_event_within_90d
ACC00415,2025-03-31,90,True,0.0,no_target_event_within_90d
ACC00415,2025-04-30,90,True,0.0,no_target_event_within_90d
ACC00415,2025-05-31,90,True,0.0,no_target_event_within_90d
ACC00415,2025-06-30,90,True,0.0,no_target_event_within_90d
ACC00415,2025-07-31,90,True,0.0,no_target_event_within_90d
ACC00415,2025-08-31,90,True,0.0,no_target_event_within_90d
ACC00415,2025-09-30,90,True,0.0,no_target_event_within_90d
ACC00415,2025-10-31,90,True,1.0,renewed
ACC00415,2025-11-30,90,True,1.0,renewed
ACC00415,2025-12-31,90,True,1.0,renewed
ACC00416,2024-01-31,90,True,0.0,no_target_event_within_90d
ACC00416,2024-02-29,90,True,0.0,no_target_event_within_90d
ACC00416,2024-03-31,90,True,0.0,no_target_event_within_90d
ACC00416,2024-04-30,90,True,0.0,no_target_event_within_90d
ACC00416,2024-05-31,90,True,0.0,no_target_event_within_90d
ACC00416,2024-06-30,90,True,0.0,no_target_event_within_90d
ACC00416,2024-07-31,90,True,0.0,no_target_event_within_90d
ACC00416,2024-08-31,90,True,0.0,no_target_event_within_90d
ACC00416,2024-09-30,90,True,0.0,no_target_event_within_90d
ACC00416,2024-10-31,90,True,0.0,no_target_event_within_90d
ACC00416,2024-11-30,90,True,0.0,no_target_event_within_90d
ACC00416,2024-12-31,90,True,0.0,no_target_event_within_90d
ACC00416,2025-01-31,90,True,0.0,no_target_event_within_90d
ACC00416,2025-02-28,90,True,0.0,no_target_event_within_90d
ACC00416,2025-03-31,90,True,0.0,no_target_event_within_90d
ACC00416,2025-04-30,90,True,0.0,no_target_event_within_90d
ACC00416,2025-05-31,90,True,0.0,no_target_event_within_90d
ACC00416,2025-06-30,90,True,0.0,no_target_event_within_90d
ACC00416,2025-07-31,90,True,0.0,no_target_event_within_90d
ACC00416,2025-08-31,90,True,1.0,renewed
ACC00416,2025-09-30,90,True,1.0,renewed
ACC00416,2025-10-31,90,True,1.0,renewed
ACC00417,2024-01-31,90,True,0.0,no_target_event_within_90d
ACC00417,2024-02-29,90,True,0.0,no_target_event_within_90d
ACC00417,2024-03-31,90,True,0.0,no_target_event_within_90d
ACC00417,2024-04-30,90,True,0.0,no_target_event_within_90d
ACC00417,2024-05-31,90,True,0.0,no_target_event_within_90d
ACC00417,2024-06-30,90,True,0.0,no_target_event_within_90d
ACC00417,2024-07-31,90,True,0.0,no_target_event_within_90d
ACC00417,2024-08-31,90,True,0.0,no_target_event_within_90d
ACC00417,2024-09-30,90,True,0.0,no_target_event_within_90d
ACC00417,2024-10-31,90,True,0.0,no_target_event_within_90d
ACC00417,2024-11-30,90,True,0.0,no_target_event_within_90d
ACC00417,2024-12-31,90,True,0.0,no_target_event_within_90d
ACC00417,2025-01-31,90,True,0.0,no_target_event_within_90d
ACC00417,2025-02-28,90,True,0.0,no_target_event_within_90d
ACC00417,2025-03-31,90,True,0.0,no_target_event_within_90d
ACC00417,2025-04-30,90,True,0.0,no_target_event_within_90d
ACC00417,2025-05-31,90,True,0.0,no_target_event_within_90d
ACC00417,2025-06-30,90,True,0.0,no_target_event_within_90d
ACC00417,2025-07-31,90,True,0.0,no_target_event_within_90d
ACC00417,2025-08-31,90,True,1.0,renewed
ACC00417,2025-09-30,90,True,1.0,renewed
ACC00417,2025-10-31,90,True,1.0,renewed
ACC00418,2024-01-31,90,True,0.0,no_target_event_within_90d
ACC00418,2024-02-29,90,True,0.0,no_target_event_within_90d
ACC00418,2024-03-31,90,True,0.0,no_target_event_within_90d
ACC00418,2024-04-30,90,True,0.0,no_target_event_within_90d
ACC00418,2024-05-31,90,True,0.0,no_target_event_within_90d
ACC00418,2024-06-30,90,True,0.0,no_target_event_within_90d
ACC00418,2024-07-31,90,True,0.0,no_target_event_within_90d
ACC00418,2024-08-31,90,True,0.0,no_target_event_within_90d
ACC00418,2024-09-30,90,True,0.0,no_target_event_within_90d
ACC00418,2024-10-31,90,True,0.0,no_target_event_within_90d
ACC00418,2024-11-30,90,True,0.0,no_target_event_within_90d
ACC00418,2024-12-31,90,True,0.0,no_target_event_within_90d
ACC00418,2025-01-31,90,True,0.0,no_target_event_within_90d
ACC00418,2025-02-28,90,True,0.0,no_target_event_within_90d
ACC00418,2025-03-31,90,True,0.0,no_target_event_within_90d
ACC00418,2025-04-30,90,True,0.0,no_target_event_within_90d
ACC00418,2025-05-31,90,True,0.0,no_target_event_within_90d
ACC00418,2025-06-30,90,True,0.0,no_target_event_within_90d
ACC00418,2025-07-31,90,True,1.0,renewed
ACC00418,2025-08-31,90,True,1.0,renewed
ACC00418,2025-09-30,90,True,1.0,renewed
ACC00419,2024-01-31,90,True,0.0,no_target_event_within_90d
ACC00419,2024-02-29,90,True,0.0,no_target_event_within_90d
ACC00419,2024-03-31,90,True,0.0,no_target_event_within_90d
ACC00419,2024-04-30,90,True,0.0,no_target_event_within_90d
ACC00419,2024-05-31,90,True,0.0,no_target_event_within_90d
ACC00419,2024-06-30,90,True,0.0,no_target_event_within_90d
ACC00419,2024-07-31,90,True,0.0,no_target_event_within_90d
ACC00419,2024-08-31,90,True,0.0,no_target_event_within_90d
ACC00419,2024-09-30,90,True,0.0,no_target_event_within_90d
ACC00419,2024-10-31,90,True,0.0,no_target_event_within_90d
ACC00419,2024-11-30,90,True,0.0,no_target_event_within_90d
ACC00419,2024-12-31,90,True,0.0,no_target_event_within_90d
ACC00419,2025-01-31,90,True,0.0,no_target_event_within_90d
ACC00419,2025-02-28,90,True,0.0,no_target_event_within_90d
ACC00419,2025-03-31,90,True,0.0,no_target_event_within_90d
ACC00419,2025-04-30,90,True,0.0,no_target_event_within_90d
ACC00419,2025-05-31,90,True,0.0,no_target_event_within_90d
ACC00419,2025-06-30,90,True,0.0,no_target_event_within_90d
ACC00419,2025-07-31,90,True,1.0,renewed
ACC00419,2025-08-31,90,True,1.0,renewed
ACC00419,2025-09-30,90,True,1.0,renewed
ACC00420,2024-01-31,90,True,0.0,no_target_event_within_90d
ACC00420,2024-02-29,90,True,0.0,no_target_event_within_90d
ACC00420,2024-03-31,90,True,0.0,no_target_event_within_90d
ACC00420,2024-04-30,90,True,1.0,renewed
ACC00420,2024-05-31,90,True,1.0,renewed
ACC00420,2024-06-30,90,True,1.0,renewed
ACC00421,2024-01-31,90,True,,censored
ACC00421,2024-02-29,90,True,,censored
ACC00421,2024-03-31,90,True,,censored
ACC00421,2024-04-30,90,True,,censored
ACC00421,2024-05-31,90,True,,censored
ACC00421,2024-06-30,90,True,,censored
ACC00421,2024-07-31,90,True,,censored
ACC00421,2024-08-31,90,True,,censored
ACC00421,2024-09-30,90,True,,censored
ACC00421,2024-10-31,90,True,,censored
ACC00421,2024-11-30,90,True,,censored
ACC00421,2024-12-31,90,True,,censored
ACC00421,2025-01-31,90,True,,censored
ACC00421,2025-02-28,90,True,,censored
ACC00421,2025-03-31,90,True,,censored
ACC00421,2025-04-30,90,True,,censored
ACC00421,2025-05-31,90,True,,censored
ACC00421,2025-06-30,90,True,,censored
ACC00421,2025-07-31,90,True,,censored
ACC00421,2025-08-31,90,True,,censored
ACC00421,2025-09-30,90,True,,censored
ACC00421,2025-10-31,90,True,,censored
ACC00421,2025-11-30,90,True,,censored
ACC00421,2025-12-31,90,True,,censored
ACC00422,2024-01-31,90,True,,censored
ACC00422,2024-02-29,90,True,,censored
ACC00422,2024-03-31,90,True,,censored
ACC00422,2024-04-30,90,True,,censored
ACC00422,2024-05-31,90,True,,censored
ACC00422,2024-06-30,90,True,,censored
ACC00422,2024-07-31,90,True,,censored
ACC00422,2024-08-31,90,True,,censored
ACC00422,2024-09-30,90,True,,censored
ACC00422,2024-10-31,90,True,,censored
ACC00422,2024-11-30,90,True,,censored
ACC00422,2024-12-31,90,True,,censored
ACC00422,2025-01-31,90,True,,censored
ACC00422,2025-02-28,90,True,,censored
ACC00422,2025-03-31,90,True,,censored
ACC00422,2025-04-30,90,True,,censored
ACC00422,2025-05-31,90,True,,censored
ACC00422,2025-06-30,90,True,,censored
ACC00422,2025-07-31,90,True,,censored
ACC00422,2025-08-31,90,True,,censored
ACC00422,2025-09-30,90,True,,censored
ACC00422,2025-10-31,90,True,,censored
ACC00422,2025-11-30,90,True,,censored
ACC00422,2025-12-31,90,True,,censored
ACC00423,2024-01-31,90,True,0.0,no_target_event_within_90d
ACC00423,2024-02-29,90,True,0.0,no_target_event_within_90d
ACC00423,2024-03-31,90,True,0.0,no_target_event_within_90d
ACC00423,2024-04-30,90,True,0.0,no_target_event_within_90d
ACC00423,2024-05-31,90,True,0.0,no_target_event_within_90d
ACC00423,2024-06-30,90,True,0.0,no_target_event_within_90d
ACC00423,2024-07-31,90,True,0.0,no_target_event_within_90d
ACC00423,2024-08-31,90,True,0.0,no_target_event_within_90d
ACC00423,2024-09-30,90,True,0.0,no_target_event_within_90d
ACC00423,2024-10-31,90,True,0.0,no_target_event_within_90d
ACC00423,2024-11-30,90,True,0.0,no_target_event_within_90d
ACC00423,2024-12-31,90,True,0.0,no_target_event_within_90d
ACC00423,2025-01-31,90,True,0.0,no_target_event_within_90d
ACC00423,2025-02-28,90,True,0.0,no_target_event_within_90d
ACC00423,2025-03-31,90,True,0.0,no_target_event_within_90d
ACC00423,2025-04-30,90,True,0.0,no_target_event_within_90d
ACC00423,2025-05-31,90,True,0.0,no_target_event_within_90d
ACC00423,2025-06-30,90,True,0.0,no_target_event_within_90d
ACC00423,2025-07-31,90,True,0.0,no_target_event_within_90d
ACC00423,2025-08-31,90,True,0.0,no_target_event_within_90d
ACC00423,2025-09-30,90,True,1.0,churned_nonpayment
ACC00423,2025-10-31,90,True,1.0,churned_nonpayment
ACC00423,2025-11-30,90,True,1.0,churned_nonpayment
ACC00424,2024-01-31,90,True,0.0,no_target_event_within_90d
ACC00424,2024-02-29,90,True,0.0,no_target_event_within_90d
ACC00424,2024-03-31,90,True,0.0,no_target_event_within_90d
ACC00424,2024-04-30,90,True,0.0,no_target_event_within_90d
ACC00424,2024-05-31,90,True,0.0,no_target_event_within_90d
ACC00424,2024-06-30,90,True,0.0,no_target_event_within_90d
ACC00424,2024-07-31,90,True,0.0,no_target_event_within_90d
ACC00424,2024-08-31,90,True,0.0,no_target_event_within_90d
ACC00424,2024-09-30,90,True,0.0,no_target_event_within_90d
ACC00424,2024-10-31,90,True,0.0,no_target_event_within_90d
ACC00424,2024-11-30,90,True,0.0,no_target_event_within_90d
ACC00424,2024-12-31,90,True,0.0,no_target_event_within_90d
ACC00424,2025-01-31,90,True,0.0,no_target_event_within_90d
ACC00424,2025-02-28,90,True,0.0,no_target_event_within_90d
ACC00424,2025-03-31,90,True,0.0,no_target_event_within_90d
ACC00424,2025-04-30,90,True,0.0,no_target_event_within_90d
ACC00424,2025-05-31,90,True,0.0,no_target_event_within_90d
ACC00424,2025-06-30,90,True,0.0,no_target_event_within_90d
ACC00424,2025-07-31,90,True,0.0,no_target_event_within_90d
ACC00424,2025-08-31,90,True,0.0,no_target_event_within_90d
ACC00424,2025-09-30,90,True,0.0,no_target_event_within_90d
ACC00424,2025-10-31,90,True,1.0,renewed
ACC00424,2025-11-30,90,True,1.0,renewed
ACC00424,2025-12-31,90,True,1.0,renewed
ACC00425,2024-01-31,90,True,0.0,no_target_event_within_90d
ACC00425,2024-02-29,90,True,0.0,no_target_event_within_90d
ACC00425,2024-03-31,90,True,0.0,no_target_event_within_90d
ACC00425,2024-04-30,90,True,0.0,no_target_event_within_90d
ACC00425,2024-05-31,90,True,0.0,no_target_event_within_90d
ACC00425,2024-06-30,90,True,0.0,no_target_event_within_90d
ACC00425,2024-07-31,90,True,0.0,no_target_event_within_90d
ACC00425,2024-08-31,90,True,0.0,no_target_event_within_90d
ACC00425,2024-09-30,90,True,0.0,no_target_event_within_90d
ACC00425,2024-10-31,90,True,0.0,no_target_event_within_90d
ACC00425,2024-11-30,90,True,0.0,no_target_event_within_90d
ACC00425,2024-12-31,90,True,1.0,churned_voluntary
ACC00425,2025-01-31,90,True,1.0,churned_voluntary
ACC00425,2025-02-28,90,True,1.0,churned_voluntary
ACC00426,2024-01-31,90,True,0.0,no_target_event_within_90d
ACC00426,2024-02-29,90,True,0.0,no_target_event_within_90d
ACC00426,2024-03-31,90,True,0.0,no_target_event_within_90d
ACC00426,2024-04-30,90,True,0.0,no_target_event_within_90d
ACC00426,2024-05-31,90,True,0.0,no_target_event_within_90d
ACC00426,2024-06-30,90,True,0.0,no_target_event_within_90d
ACC00426,2024-07-31,90,True,0.0,no_target_event_within_90d
ACC00426,2024-08-31,90,True,0.0,no_target_event_within_90d
ACC00426,2024-09-30,90,True,0.0,no_target_event_within_90d
ACC00426,2024-10-31,90,True,0.0,no_target_event_within_90d
ACC00426,2024-11-30,90,True,0.0,no_target_event_within_90d
ACC00426,2024-12-31,90,True,0.0,no_target_event_within_90d
ACC00426,2025-01-31,90,True,0.0,no_target_event_within_90d
ACC00426,2025-02-28,90,True,0.0,no_target_event_within_90d
ACC00426,2025-03-31,90,True,0.0,no_target_event_within_90d
ACC00426,2025-04-30,90,True,0.0,no_target_event_within_90d
ACC00426,2025-05-31,90,True,0.0,no_target_event_within_90d
ACC00426,2025-06-30,90,True,0.0,no_target_event_within_90d
ACC00426,2025-07-31,90,True,0.0,no_target_event_within_90d
ACC00426,2025-08-31,90,True,0.0,no_target_event_within_90d
ACC00426,2025-09-30,90,True,0.0,no_target_event_within_90d
ACC00426,2025-10-31,90,True,1.0,renewed
ACC00426,2025-11-30,90,True,1.0,renewed
ACC00427,2024-01-31,90,True,0.0,no_target_event_within_90d
ACC00427,2024-02-29,90,True,0.0,no_target_event_within_90d
ACC00427,2024-03-31,90,True,0.0,no_target_event_within_90d
ACC00427,2024-04-30,90,True,0.0,no_target_event_within_90d
ACC00427,2024-05-31,90,True,0.0,no_target_event_within_90d
ACC00427,2024-06-30,90,True,0.0,no_target_event_within_90d
ACC00427,2024-07-31,90,True,0.0,no_target_event_within_90d
ACC00427,2024-08-31,90,True,0.0,no_target_event_within_90d
ACC00427,2024-09-30,90,True,1.0,renewed
ACC00427,2024-10-31,90,True,1.0,renewed
ACC00427,2024-11-30,90,True,1.0,renewed
ACC00428,2024-01-31,90,True,,censored
ACC00428,2024-02-29,90,True,,censored
ACC00428,2024-03-31,90,True,,censored
ACC00428,2024-04-30,90,True,,censored
ACC00428,2024-05-31,90,True,,censored
ACC00428,2024-06-30,90,True,,censored
ACC00428,2024-07-31,90,True,,censored
ACC00428,2024-08-31,90,True,,censored
ACC00428,2024-09-30,90,True,,censored
ACC00428,2024-10-31,90,True,,censored
ACC00428,2024-11-30,90,True,,censored
ACC00428,2024-12-31,90,True,,censored
ACC00428,2025-01-31,90,True,,censored
ACC00428,2025-02-28,90,True,,censored
ACC00428,2025-03-31,90,True,,censored
ACC00428,2025-04-30,90,True,,censored
ACC00428,2025-05-31,90,True,,censored
ACC00428,2025-06-30,90,True,,censored
ACC00428,2025-07-31,90,True,,censored
ACC00428,2025-08-31,90,True,,censored
ACC00428,2025-09-30,90,True,,censored
ACC00428,2025-10-31,90,True,,censored
ACC00428,2025-11-30,90,True,,censored
ACC00428,2025-12-31,90,True,,censored
ACC00429,2024-01-31,90,True,0.0,no_target_event_within_90d
ACC00429,2024-02-29,90,True,0.0,no_target_event_within_90d
ACC00429,2024-03-31,90,True,0.0,no_target_event_within_90d
ACC00429,2024-04-30,90,True,0.0,no_target_event_within_90d
ACC00429,2024-05-31,90,True,0.0,no_target_event_within_90d
ACC00429,2024-06-30,90,True,0.0,no_target_event_within_90d
ACC00429,2024-07-31,90,True,1.0,renewed
ACC00429,2024-08-31,90,True,1.0,renewed
ACC00429,2024-09-30,90,True,1.0,renewed
ACC00430,2024-01-31,90,True,0.0,no_target_event_within_90d
ACC00430,2024-02-29,90,True,0.0,no_target_event_within_90d
ACC00430,2024-03-31,90,True,0.0,no_target_event_within_90d
ACC00430,2024-04-30,90,True,0.0,no_target_event_within_90d
ACC00430,2024-05-31,90,True,0.0,no_target_event_within_90d
ACC00430,2024-06-30,90,True,0.0,no_target_event_within_90d
ACC00430,2024-07-31,90,True,0.0,no_target_event_within_90d
ACC00430,2024-08-31,90,True,0.0,no_target_event_within_90d
ACC00430,2024-09-30,90,True,0.0,no_target_event_within_90d
ACC00430,2024-10-31,90,True,0.0,no_target_event_within_90d
ACC00430,2024-11-30,90,True,0.0,no_target_event_within_90d
ACC00430,2024-12-31,90,True,0.0,no_target_event_within_90d
ACC00430,2025-01-31,90,True,0.0,no_target_event_within_90d
ACC00430,2025-02-28,90,True,0.0,no_target_event_within_90d
ACC00430,2025-03-31,90,True,0.0,no_target_event_within_90d
ACC00430,2025-04-30,90,True,0.0,no_target_event_within_90d
ACC00430,2025-05-31,90,True,0.0,no_target_event_within_90d
ACC00430,2025-06-30,90,True,0.0,no_target_event_within_90d
ACC00430,2025-07-31,90,True,0.0,no_target_event_within_90d
ACC00430,2025-08-31,90,True,0.0,no_target_event_within_90d
ACC00430,2025-09-30,90,True,1.0,churned_nonpayment
ACC00430,2025-10-31,90,True,1.0,churned_nonpayment
ACC00430,2025-11-30,90,True,1.0,churned_nonpayment
ACC00431,2024-01-31,90,True,0.0,no_target_event_within_90d
ACC00431,2024-02-29,90,True,0.0,no_target_event_within_90d
ACC00431,2024-03-31,90,True,0.0,no_target_event_within_90d
ACC00431,2024-04-30,90,True,0.0,no_target_event_within_90d
ACC00431,2024-05-31,90,True,0.0,no_target_event_within_90d
ACC00431,2024-06-30,90,True,0.0,no_target_event_within_90d
ACC00431,2024-07-31,90,True,0.0,no_target_event_within_90d
ACC00431,2024-08-31,90,True,0.0,no_target_event_within_90d
ACC00431,2024-09-30,90,True,0.0,no_target_event_within_90d
ACC00431,2024-10-31,90,True,0.0,no_target_event_within_90d
ACC00431,2024-11-30,90,True,0.0,no_target_event_within_90d
ACC00431,2024-12-31,90,True,1.0,downgraded
ACC00431,2025-01-31,90,True,1.0,downgraded
ACC00431,2025-02-28,90,True,1.0,downgraded
ACC00432,2024-01-31,90,True,,censored
ACC00432,2024-02-29,90,True,,censored
ACC00432,2024-03-31,90,True,,censored
ACC00432,2024-04-30,90,True,,censored
ACC00432,2024-05-31,90,True,,censored
ACC00432,2024-06-30,90,True,,censored
ACC00432,2024-07-31,90,True,,censored
ACC00432,2024-08-31,90,True,,censored
ACC00432,2024-09-30,90,True,,censored
ACC00432,2024-10-31,90,True,,censored
ACC00432,2024-11-30,90,True,,censored
ACC00432,2024-12-31,90,True,,censored
ACC00432,2025-01-31,90,True,,censored
ACC00432,2025-02-28,90,True,,censored
ACC00432,2025-03-31,90,True,,censored
ACC00432,2025-04-30,90,True,,censored
ACC00432,2025-05-31,90,True,,censored
ACC00432,2025-06-30,90,True,,censored
ACC00432,2025-07-31,90,True,,censored
ACC00432,2025-08-31,90,True,,censored
ACC00432,2025-09-30,90,True,,censored
ACC00432,2025-10-31,90,True,,censored
ACC00432,2025-11-30,90,True,,censored
ACC00432,2025-12-31,90,True,,censored
ACC00433,2024-01-31,90,True,0.0,no_target_event_within_90d
ACC00433,2024-02-29,90,True,0.0,no_target_event_within_90d
ACC00433,2024-03-31,90,True,0.0,no_target_event_within_90d
ACC00433,2024-04-30,90,True,0.0,no_target_event_within_90d
ACC00433,2024-05-31,90,True,0.0,no_target_event_within_90d
ACC00433,2024-06-30,90,True,0.0,no_target_event_within_90d
ACC00433,2024-07-31,90,True,0.0,no_target_event_within_90d
ACC00433,2024-08-31,90,True,1.0,renewed
ACC00433,2024-09-30,90,True,1.0,renewed
ACC00433,2024-10-31,90,True,1.0,renewed
ACC00434,2024-01-31,90,True,0.0,no_target_event_within_90d
ACC00434,2024-02-29,90,True,0.0,no_target_event_within_90d
ACC00434,2024-03-31,90,True,0.0,no_target_event_within_90d
ACC00434,2024-04-30,90,True,0.0,no_target_event_within_90d
ACC00434,2024-05-31,90,True,0.0,no_target_event_within_90d
ACC00434,2024-06-30,90,True,0.0,no_target_event_within_90d
ACC00434,2024-07-31,90,True,0.0,no_target_event_within_90d
ACC00434,2024-08-31,90,True,0.0,no_target_event_within_90d
ACC00434,2024-09-30,90,True,0.0,no_target_event_within_90d
ACC00434,2024-10-31,90,True,0.0,no_target_event_within_90d
ACC00434,2024-11-30,90,True,0.0,no_target_event_within_90d
ACC00434,2024-12-31,90,True,0.0,no_target_event_within_90d
ACC00434,2025-01-31,90,True,0.0,no_target_event_within_90d
ACC00434,2025-02-28,90,True,0.0,no_target_event_within_90d
ACC00434,2025-03-31,90,True,0.0,no_target_event_within_90d
ACC00434,2025-04-30,90,True,1.0,churned_nonpayment
ACC00434,2025-05-31,90,True,1.0,churned_nonpayment
ACC00434,2025-06-30,90,True,1.0,churned_nonpayment
ACC00435,2024-01-31,90,True,0.0,no_target_event_within_90d
ACC00435,2024-02-29,90,True,0.0,no_target_event_within_90d
ACC00435,2024-03-31,90,True,0.0,no_target_event_within_90d
ACC00435,2024-04-30,90,True,0.0,no_target_event_within_90d
ACC00435,2024-05-31,90,True,0.0,no_target_event_within_90d
ACC00435,2024-06-30,90,True,0.0,no_target_event_within_90d
ACC00435,2024-07-31,90,True,0.0,no_target_event_within_90d
ACC00435,2024-08-31,90,True,0.0,no_target_event_within_90d
ACC00435,2024-09-30,90,True,0.0,no_target_event_within_90d
ACC00435,2024-10-31,90,True,0.0,no_target_event_within_90d
ACC00435,2024-11-30,90,True,0.0,no_target_event_within_90d
ACC00435,2024-12-31,90,True,0.0,no_target_event_within_90d
ACC00435,2025-01-31,90,True,0.0,no_target_event_within_90d
ACC00435,2025-02-28,90,True,1.0,churned_voluntary
ACC00435,2025-03-31,90,True,1.0,churned_voluntary
ACC00435,2025-04-30,90,True,1.0,churned_voluntary
ACC00436,2024-01-31,90,True,0.0,no_target_event_within_90d
ACC00436,2024-02-29,90,True,0.0,no_target_event_within_90d
ACC00436,2024-03-31,90,True,0.0,no_target_event_within_90d
ACC00436,2024-04-30,90,True,0.0,no_target_event_within_90d
ACC00436,2024-05-31,90,True,0.0,no_target_event_within_90d
ACC00436,2024-06-30,90,True,1.0,renewed
ACC00436,2024-07-31,90,True,1.0,renewed
ACC00436,2024-08-31,90,True,1.0,renewed
ACC00437,2024-01-31,90,True,0.0,no_target_event_within_90d
ACC00437,2024-02-29,90,True,0.0,no_target_event_within_90d
ACC00437,2024-03-31,90,True,0.0,no_target_event_within_90d
ACC00437,2024-04-30,90,True,0.0,no_target_event_within_90d
ACC00437,2024-05-31,90,True,0.0,no_target_event_within_90d
ACC00437,2024-06-30,90,True,0.0,no_target_event_within_90d
ACC00437,2024-07-31,90,True,1.0,churned_voluntary
ACC00437,2024-08-31,90,True,1.0,churned_voluntary
ACC00437,2024-09-30,90,True,1.0,churned_voluntary
ACC00438,2024-01-31,90,True,,censored
ACC00438,2024-02-29,90,True,,censored
ACC00438,2024-03-31,90,True,,censored
ACC00438,2024-04-30,90,True,,censored
ACC00438,2024-05-31,90,True,,censored
ACC00438,2024-06-30,90,True,,censored
ACC00438,2024-07-31,90,True,,censored
ACC00438,2024-08-31,90,True,,censored
ACC00438,2024-09-30,90,True,,censored
ACC00438,2024-10-31,90,True,,censored
ACC00438,2024-11-30,90,True,,censored
ACC00438,2024-12-31,90,True,,censored
ACC00438,2025-01-31,90,True,,censored
ACC00438,2025-02-28,90,True,,censored
ACC00438,2025-03-31,90,True,,censored
ACC00438,2025-04-30,90,True,,censored
ACC00438,2025-05-31,90,True,,censored
ACC00438,2025-06-30,90,True,,censored
ACC00438,2025-07-31,90,True,,censored
ACC00438,2025-08-31,90,True,,censored
ACC00438,2025-09-30,90,True,,censored
ACC00438,2025-10-31,90,True,,censored
ACC00438,2025-11-30,90,True,,censored
ACC00438,2025-12-31,90,True,,censored
ACC00439,2024-01-31,90,True,0.0,no_target_event_within_90d
ACC00439,2024-02-29,90,True,0.0,no_target_event_within_90d
ACC00439,2024-03-31,90,True,0.0,no_target_event_within_90d
ACC00439,2024-04-30,90,True,0.0,no_target_event_within_90d
ACC00439,2024-05-31,90,True,0.0,no_target_event_within_90d
ACC00439,2024-06-30,90,True,0.0,no_target_event_within_90d
ACC00439,2024-07-31,90,True,0.0,no_target_event_within_90d
ACC00439,2024-08-31,90,True,0.0,no_target_event_within_90d
ACC00439,2024-09-30,90,True,0.0,no_target_event_within_90d
ACC00439,2024-10-31,90,True,0.0,no_target_event_within_90d
ACC00439,2024-11-30,90,True,0.0,no_target_event_within_90d
ACC00439,2024-12-31,90,True,0.0,no_target_event_within_90d
ACC00439,2025-01-31,90,True,0.0,no_target_event_within_90d
ACC00439,2025-02-28,90,True,0.0,no_target_event_within_90d
ACC00439,2025-03-31,90,True,0.0,no_target_event_within_90d
ACC00439,2025-04-30,90,True,0.0,no_target_event_within_90d
ACC00439,2025-05-31,90,True,1.0,renewed
ACC00439,2025-06-30,90,True,1.0,renewed
ACC00439,2025-07-31,90,True,1.0,renewed
ACC00440,2024-01-31,90,True,0.0,no_target_event_within_90d
ACC00440,2024-02-29,90,True,0.0,no_target_event_within_90d
ACC00440,2024-03-31,90,True,0.0,no_target_event_within_90d
ACC00440,2024-04-30,90,True,0.0,no_target_event_within_90d
ACC00440,2024-05-31,90,True,0.0,no_target_event_within_90d
ACC00440,2024-06-30,90,True,0.0,no_target_event_within_90d
ACC00440,2024-07-31,90,True,0.0,no_target_event_within_90d
ACC00440,2024-08-31,90,True,0.0,no_target_event_within_90d
ACC00440,2024-09-30,90,True,0.0,no_target_event_within_90d
ACC00440,2024-10-31,90,True,0.0,no_target_event_within_90d
ACC00440,2024-11-30,90,True,0.0,no_target_event_within_90d
ACC00440,2024-12-31,90,True,0.0,no_target_event_within_90d
ACC00440,2025-01-31,90,True,0.0,no_target_event_within_90d
ACC00440,2025-02-28,90,True,0.0,no_target_event_within_90d
ACC00440,2025-03-31,90,True,0.0,no_target_event_within_90d
ACC00440,2025-04-30,90,True,1.0,churned_voluntary
ACC00440,2025-05-31,90,True,1.0,churned_voluntary
ACC00440,2025-06-30,90,True,1.0,churned_voluntary
ACC00441,2024-01-31,90,True,0.0,no_target_event_within_90d
ACC00441,2024-02-29,90,True,0.0,no_target_event_within_90d
ACC00441,2024-03-31,90,True,0.0,no_target_event_within_90d
ACC00441,2024-04-30,90,True,0.0,no_target_event_within_90d
ACC00441,2024-05-31,90,True,0.0,no_target_event_within_90d
ACC00441,2024-06-30,90,True,0.0,no_target_event_within_90d
ACC00441,2024-07-31,90,True,0.0,no_target_event_within_90d
ACC00441,2024-08-31,90,True,0.0,no_target_event_within_90d
ACC00441,2024-09-30,90,True,0.0,no_target_event_within_90d
ACC00441,2024-10-31,90,True,0.0,no_target_event_within_90d
ACC00441,2024-11-30,90,True,0.0,no_target_event_within_90d
ACC00441,2024-12-31,90,True,0.0,no_target_event_within_90d
ACC00441,2025-01-31,90,True,0.0,no_target_event_within_90d
ACC00441,2025-02-28,90,True,0.0,no_target_event_within_90d
ACC00441,2025-03-31,90,True,0.0,no_target_event_within_90d
ACC00441,2025-04-30,90,True,0.0,no_target_event_within_90d
ACC00441,2025-05-31,90,True,1.0,churned_voluntary
ACC00441,2025-06-30,90,True,1.0,churned_voluntary
ACC00441,2025-07-31,90,True,1.0,churned_voluntary
ACC00442,2024-01-31,90,True,,censored
ACC00442,2024-02-29,90,True,,censored
ACC00442,2024-03-31,90,True,,censored
ACC00442,2024-04-30,90,True,,censored
ACC00442,2024-05-31,90,True,,censored
ACC00442,2024-06-30,90,True,,censored
ACC00442,2024-07-31,90,True,,censored
ACC00442,2024-08-31,90,True,,censored
ACC00442,2024-09-30,90,True,,censored
ACC00442,2024-10-31,90,True,,censored
ACC00442,2024-11-30,90,True,,censored
ACC00442,2024-12-31,90,True,,censored
ACC00442,2025-01-31,90,True,,censored
ACC00442,2025-02-28,90,True,,censored
ACC00442,2025-03-31,90,True,,censored
ACC00442,2025-04-30,90,True,,censored
ACC00442,2025-05-31,90,True,,censored
ACC00442,2025-06-30,90,True,,censored
ACC00442,2025-07-31,90,True,,censored
ACC00442,2025-08-31,90,True,,censored
ACC00442,2025-09-30,90,True,,censored
ACC00442,2025-10-31,90,True,,censored
ACC00442,2025-11-30,90,True,,censored
ACC00442,2025-12-31,90,True,,censored
ACC00443,2024-01-31,90,True,0.0,no_target_event_within_90d
ACC00443,2024-02-29,90,True,0.0,no_target_event_within_90d
ACC00443,2024-03-31,90,True,0.0,no_target_event_within_90d
ACC00443,2024-04-30,90,True,0.0,no_target_event_within_90d
ACC00443,2024-05-31,90,True,0.0,no_target_event_within_90d
ACC00443,2024-06-30,90,True,0.0,no_target_event_within_90d
ACC00443,2024-07-31,90,True,0.0,no_target_event_within_90d
ACC00443,2024-08-31,90,True,0.0,no_target_event_within_90d
ACC00443,2024-09-30,90,True,0.0,no_target_event_within_90d
ACC00443,2024-10-31,90,True,1.0,renewed
ACC00443,2024-11-30,90,True,1.0,renewed
ACC00443,2024-12-31,90,True,1.0,renewed
ACC00444,2024-01-31,90,True,0.0,no_target_event_within_90d
ACC00444,2024-02-29,90,True,0.0,no_target_event_within_90d
ACC00444,2024-03-31,90,True,0.0,no_target_event_within_90d
ACC00444,2024-04-30,90,True,0.0,no_target_event_within_90d
ACC00444,2024-05-31,90,True,0.0,no_target_event_within_90d
ACC00444,2024-06-30,90,True,0.0,no_target_event_within_90d
ACC00444,2024-07-31,90,True,0.0,no_target_event_within_90d
ACC00444,2024-08-31,90,True,0.0,no_target_event_within_90d
ACC00444,2024-09-30,90,True,0.0,no_target_event_within_90d
ACC00444,2024-10-31,90,True,0.0,no_target_event_within_90d
ACC00444,2024-11-30,90,True,0.0,no_target_event_within_90d
ACC00444,2024-12-31,90,True,0.0,no_target_event_within_90d
ACC00444,2025-01-31,90,True,0.0,no_target_event_within_90d
ACC00444,2025-02-28,90,True,0.0,no_target_event_within_90d
ACC00444,2025-03-31,90,True,0.0,no_target_event_within_90d
ACC00444,2025-04-30,90,True,0.0,no_target_event_within_90d
ACC00444,2025-05-31,90,True,0.0,no_target_event_within_90d
ACC00444,2025-06-30,90,True,0.0,no_target_event_within_90d
ACC00444,2025-07-31,90,True,0.0,no_target_event_within_90d
ACC00444,2025-08-31,90,True,1.0,renewed
ACC00444,2025-09-30,90,True,1.0,renewed
ACC00444,2025-10-31,90,True,1.0,renewed
ACC00445,2024-01-31,90,True,,censored
ACC00445,2024-02-29,90,True,,censored
ACC00445,2024-03-31,90,True,,censored
ACC00445,2024-04-30,90,True,,censored
ACC00445,2024-05-31,90,True,,censored
ACC00445,2024-06-30,90,True,,censored
ACC00445,2024-07-31,90,True,,censored
ACC00445,2024-08-31,90,True,,censored
ACC00445,2024-09-30,90,True,,censored
ACC00445,2024-10-31,90,True,,censored
ACC00445,2024-11-30,90,True,,censored
ACC00445,2024-12-31,90,True,,censored
ACC00445,2025-01-31,90,True,,censored
ACC00445,2025-02-28,90,True,,censored
ACC00445,2025-03-31,90,True,,censored
ACC00445,2025-04-30,90,True,,censored
ACC00445,2025-05-31,90,True,,censored
ACC00445,2025-06-30,90,True,,censored
ACC00445,2025-07-31,90,True,,censored
ACC00445,2025-08-31,90,True,,censored
ACC00445,2025-09-30,90,True,,censored
ACC00445,2025-10-31,90,True,,censored
ACC00445,2025-11-30,90,True,,censored
ACC00445,2025-12-31,90,True,,censored
ACC00446,2024-01-31,90,True,,censored
ACC00446,2024-02-29,90,True,,censored
ACC00446,2024-03-31,90,True,,censored
ACC00446,2024-04-30,90,True,,censored
ACC00446,2024-05-31,90,True,,censored
ACC00446,2024-06-30,90,True,,censored
ACC00446,2024-07-31,90,True,,censored
ACC00446,2024-08-31,90,True,,censored
ACC00446,2024-09-30,90,True,,censored
ACC00446,2024-10-31,90,True,,censored
ACC00446,2024-11-30,90,True,,censored
ACC00446,2024-12-31,90,True,,censored
ACC00446,2025-01-31,90,True,,censored
ACC00446,2025-02-28,90,True,,censored
ACC00446,2025-03-31,90,True,,censored
ACC00446,2025-04-30,90,True,,censored
ACC00446,2025-05-31,90,True,,censored
ACC00446,2025-06-30,90,True,,censored
ACC00446,2025-07-31,90,True,,censored
ACC00446,2025-08-31,90,True,,censored
ACC00446,2025-09-30,90,True,,censored
ACC00446,2025-10-31,90,True,,censored
ACC00446,2025-11-30,90,True,,censored
ACC00446,2025-12-31,90,True,,censored
ACC00447,2024-01-31,90,True,,censored
ACC00447,2024-02-29,90,True,,censored
ACC00447,2024-03-31,90,True,,censored
ACC00447,2024-04-30,90,True,,censored
ACC00447,2024-05-31,90,True,,censored
ACC00447,2024-06-30,90,True,,censored
ACC00447,2024-07-31,90,True,,censored
ACC00447,2024-08-31,90,True,,censored
ACC00447,2024-09-30,90,True,,censored
ACC00447,2024-10-31,90,True,,censored
ACC00447,2024-11-30,90,True,,censored
ACC00447,2024-12-31,90,True,,censored
ACC00447,2025-01-31,90,True,,censored
ACC00447,2025-02-28,90,True,,censored
ACC00447,2025-03-31,90,True,,censored
ACC00447,2025-04-30,90,True,,censored
ACC00447,2025-05-31,90,True,,censored
ACC00447,2025-06-30,90,True,,censored
ACC00447,2025-07-31,90,True,,censored
ACC00447,2025-08-31,90,True,,censored
ACC00447,2025-09-30,90,True,,censored
ACC00447,2025-10-31,90,True,,censored
ACC00447,2025-11-30,90,True,,censored
ACC00447,2025-12-31,90,True,,censored
ACC00448,2024-01-31,90,True,0.0,no_target_event_within_90d
ACC00448,2024-02-29,90,True,0.0,no_target_event_within_90d
ACC00448,2024-03-31,90,True,0.0,no_target_event_within_90d
ACC00448,2024-04-30,90,True,0.0,no_target_event_within_90d
ACC00448,2024-05-31,90,True,0.0,no_target_event_within_90d
ACC00448,2024-06-30,90,True,0.0,no_target_event_within_90d
ACC00448,2024-07-31,90,True,0.0,no_target_event_within_90d
ACC00448,2024-08-31,90,True,0.0,no_target_event_within_90d
ACC00448,2024-09-30,90,True,0.0,no_target_event_within_90d
ACC00448,2024-10-31,90,True,0.0,no_target_event_within_90d
ACC00448,2024-11-30,90,True,0.0,no_target_event_within_90d
ACC00448,2024-12-31,90,True,0.0,no_target_event_within_90d
ACC00448,2025-01-31,90,True,0.0,no_target_event_within_90d
ACC00448,2025-02-28,90,True,0.0,no_target_event_within_90d
ACC00448,2025-03-31,90,True,0.0,no_target_event_within_90d
ACC00448,2025-04-30,90,True,0.0,no_target_event_within_90d
ACC00448,2025-05-31,90,True,0.0,no_target_event_within_90d
ACC00448,2025-06-30,90,True,0.0,no_target_event_within_90d
ACC00448,2025-07-31,90,True,0.0,no_target_event_within_90d
ACC00448,2025-08-31,90,True,1.0,renewed
ACC00448,2025-09-30,90,True,1.0,renewed
ACC00448,2025-10-31,90,True,1.0,renewed
ACC00449,2024-01-31,90,True,0.0,no_target_event_within_90d
ACC00449,2024-02-29,90,True,0.0,no_target_event_within_90d
ACC00449,2024-03-31,90,True,0.0,no_target_event_within_90d
ACC00449,2024-04-30,90,True,0.0,no_target_event_within_90d
ACC00449,2024-05-31,90,True,0.0,no_target_event_within_90d
ACC00449,2024-06-30,90,True,0.0,no_target_event_within_90d
ACC00449,2024-07-31,90,True,0.0,no_target_event_within_90d
ACC00449,2024-08-31,90,True,0.0,no_target_event_within_90d
ACC00449,2024-09-30,90,True,0.0,no_target_event_within_90d
ACC00449,2024-10-31,90,True,0.0,no_target_event_within_90d
ACC00449,2024-11-30,90,True,0.0,no_target_event_within_90d
ACC00449,2024-12-31,90,True,0.0,no_target_event_within_90d
ACC00449,2025-01-31,90,True,0.0,no_target_event_within_90d
ACC00449,2025-02-28,90,True,0.0,no_target_event_within_90d
ACC00449,2025-03-31,90,True,0.0,no_target_event_within_90d
ACC00449,2025-04-30,90,True,0.0,no_target_event_within_90d
ACC00449,2025-05-31,90,True,0.0,no_target_event_within_90d
ACC00449,2025-06-30,90,True,0.0,no_target_event_within_90d
ACC00449,2025-07-31,90,True,0.0,no_target_event_within_90d
ACC00449,2025-08-31,90,True,0.0,no_target_event_within_90d
ACC00449,2025-09-30,90,True,1.0,renewed
ACC00449,2025-10-31,90,True,1.0,renewed
ACC00449,2025-11-30,90,True,1.0,renewed
ACC00450,2024-01-31,90,True,0.0,no_target_event_within_90d
ACC00450,2024-02-29,90,True,0.0,no_target_event_within_90d
ACC00450,2024-03-31,90,True,0.0,no_target_event_within_90d
ACC00450,2024-04-30,90,True,0.0,no_target_event_within_90d
ACC00450,2024-05-31,90,True,0.0,no_target_event_within_90d
ACC00450,2024-06-30,90,True,0.0,no_target_event_within_90d
ACC00450,2024-07-31,90,True,0.0,no_target_event_within_90d
ACC00450,2024-08-31,90,True,0.0,no_target_event_within_90d
ACC00450,2024-09-30,90,True,0.0,no_target_event_within_90d
ACC00450,2024-10-31,90,True,0.0,no_target_event_within_90d
ACC00450,2024-11-30,90,True,0.0,no_target_event_within_90d
ACC00450,2024-12-31,90,True,0.0,no_target_event_within_90d
ACC00450,2025-01-31,90,True,0.0,no_target_event_within_90d
ACC00450,2025-02-28,90,True,0.0,no_target_event_within_90d
ACC00450,2025-03-31,90,True,0.0,no_target_event_within_90d
ACC00450,2025-04-30,90,True,0.0,no_target_event_within_90d
ACC00450,2025-05-31,90,True,1.0,churned_voluntary
ACC00450,2025-06-30,90,True,1.0,churned_voluntary
ACC00450,2025-07-31,90,True,1.0,churned_voluntary
ACC00451,2024-01-31,90,True,,censored
ACC00451,2024-02-29,90,True,,censored
ACC00451,2024-03-31,90,True,,censored
ACC00451,2024-04-30,90,True,,censored
ACC00451,2024-05-31,90,True,,censored
ACC00451,2024-06-30,90,True,,censored
ACC00451,2024-07-31,90,True,,censored
ACC00451,2024-08-31,90,True,,censored
ACC00451,2024-09-30,90,True,,censored
ACC00451,2024-10-31,90,True,,censored
ACC00451,2024-11-30,90,True,,censored
ACC00451,2024-12-31,90,True,,censored
ACC00451,2025-01-31,90,True,,censored
ACC00451,2025-02-28,90,True,,censored
ACC00451,2025-03-31,90,True,,censored
ACC00451,2025-04-30,90,True,,censored
ACC00451,2025-05-31,90,True,,censored
ACC00451,2025-06-30,90,True,,censored
ACC00451,2025-07-31,90,True,,censored
ACC00451,2025-08-31,90,True,,censored
ACC00451,2025-09-30,90,True,,censored
ACC00451,2025-10-31,90,True,,censored
ACC00451,2025-11-30,90,True,,censored
ACC00451,2025-12-31,90,True,,censored
ACC00452,2024-01-31,90,True,0.0,no_target_event_within_90d
ACC00452,2024-02-29,90,True,0.0,no_target_event_within_90d
ACC00452,2024-03-31,90,True,0.0,no_target_event_within_90d
ACC00452,2024-04-30,90,True,0.0,no_target_event_within_90d
ACC00452,2024-05-31,90,True,0.0,no_target_event_within_90d
ACC00452,2024-06-30,90,True,0.0,no_target_event_within_90d
ACC00452,2024-07-31,90,True,0.0,no_target_event_within_90d
ACC00452,2024-08-31,90,True,1.0,renewed
ACC00452,2024-09-30,90,True,1.0,renewed
ACC00452,2024-10-31,90,True,1.0,renewed
ACC00453,2024-01-31,90,True,0.0,no_target_event_within_90d
ACC00453,2024-02-29,90,True,0.0,no_target_event_within_90d
ACC00453,2024-03-31,90,True,0.0,no_target_event_within_90d
ACC00453,2024-04-30,90,True,1.0,renewed
ACC00453,2024-05-31,90,True,1.0,renewed
ACC00453,2024-06-30,90,True,1.0,renewed
ACC00454,2024-01-31,90,True,,censored
ACC00454,2024-02-29,90,True,,censored
ACC00454,2024-03-31,90,True,,censored
ACC00454,2024-04-30,90,True,,censored
ACC00454,2024-05-31,90,True,,censored
ACC00454,2024-06-30,90,True,,censored
ACC00454,2024-07-31,90,True,,censored
ACC00454,2024-08-31,90,True,,censored
ACC00454,2024-09-30,90,True,,censored
ACC00454,2024-10-31,90,True,,censored
ACC00454,2024-11-30,90,True,,censored
ACC00454,2024-12-31,90,True,,censored
ACC00454,2025-01-31,90,True,,censored
ACC00454,2025-02-28,90,True,,censored
ACC00454,2025-03-31,90,True,,censored
ACC00454,2025-04-30,90,True,,censored
ACC00454,2025-05-31,90,True,,censored
ACC00454,2025-06-30,90,True,,censored
ACC00454,2025-07-31,90,True,,censored
ACC00454,2025-08-31,90,True,,censored
ACC00454,2025-09-30,90,True,,censored
ACC00454,2025-10-31,90,True,,censored
ACC00454,2025-11-30,90,True,,censored
ACC00454,2025-12-31,90,True,,censored
ACC00455,2024-01-31,90,True,0.0,no_target_event_within_90d
ACC00455,2024-02-29,90,True,0.0,no_target_event_within_90d
ACC00455,2024-03-31,90,True,0.0,no_target_event_within_90d
ACC00455,2024-04-30,90,True,0.0,no_target_event_within_90d
ACC00455,2024-05-31,90,True,0.0,no_target_event_within_90d
ACC00455,2024-06-30,90,True,0.0,no_target_event_within_90d
ACC00455,2024-07-31,90,True,0.0,no_target_event_within_90d
ACC00455,2024-08-31,90,True,0.0,no_target_event_within_90d
ACC00455,2024-09-30,90,True,0.0,no_target_event_within_90d
ACC00455,2024-10-31,90,True,0.0,no_target_event_within_90d
ACC00455,2024-11-30,90,True,0.0,no_target_event_within_90d
ACC00455,2024-12-31,90,True,0.0,no_target_event_within_90d
ACC00455,2025-01-31,90,True,0.0,no_target_event_within_90d
ACC00455,2025-02-28,90,True,0.0,no_target_event_within_90d
ACC00455,2025-03-31,90,True,0.0,no_target_event_within_90d
ACC00455,2025-04-30,90,True,0.0,no_target_event_within_90d
ACC00455,2025-05-31,90,True,0.0,no_target_event_within_90d
ACC00455,2025-06-30,90,True,0.0,no_target_event_within_90d
ACC00455,2025-07-31,90,True,0.0,no_target_event_within_90d
ACC00455,2025-08-31,90,True,1.0,churned_nonpayment
ACC00455,2025-09-30,90,True,1.0,churned_nonpayment
ACC00455,2025-10-31,90,True,1.0,churned_nonpayment
ACC00456,2024-01-31,90,True,0.0,no_target_event_within_90d
ACC00456,2024-02-29,90,True,0.0,no_target_event_within_90d
ACC00456,2024-03-31,90,True,0.0,no_target_event_within_90d
ACC00456,2024-04-30,90,True,0.0,no_target_event_within_90d
ACC00456,2024-05-31,90,True,0.0,no_target_event_within_90d
ACC00456,2024-06-30,90,True,1.0,renewed
ACC00456,2024-07-31,90,True,1.0,renewed
ACC00456,2024-08-31,90,True,1.0,renewed
ACC00457,2024-01-31,90,True,0.0,no_target_event_within_90d
ACC00457,2024-02-29,90,True,0.0,no_target_event_within_90d
ACC00457,2024-03-31,90,True,0.0,no_target_event_within_90d
ACC00457,2024-04-30,90,True,0.0,no_target_event_within_90d
ACC00457,2024-05-31,90,True,0.0,no_target_event_within_90d
ACC00457,2024-06-30,90,True,0.0,no_target_event_within_90d
ACC00457,2024-07-31,90,True,0.0,no_target_event_within_90d
ACC00457,2024-08-31,90,True,0.0,no_target_event_within_90d
ACC00457,2024-09-30,90,True,0.0,no_target_event_within_90d
ACC00457,2024-10-31,90,True,0.0,no_target_event_within_90d
ACC00457,2024-11-30,90,True,0.0,no_target_event_within_90d
ACC00457,2024-12-31,90,True,0.0,no_target_event_within_90d
ACC00457,2025-01-31,90,True,0.0,no_target_event_within_90d
ACC00457,2025-02-28,90,True,1.0,churned_voluntary
ACC00457,2025-03-31,90,True,1.0,churned_voluntary
ACC00457,2025-04-30,90,True,1.0,churned_voluntary
ACC00458,2024-01-31,90,True,0.0,no_target_event_within_90d
ACC00458,2024-02-29,90,True,0.0,no_target_event_within_90d
ACC00458,2024-03-31,90,True,0.0,no_target_event_within_90d
ACC00458,2024-04-30,90,True,0.0,no_target_event_within_90d
ACC00458,2024-05-31,90,True,0.0,no_target_event_within_90d
ACC00458,2024-06-30,90,True,0.0,no_target_event_within_90d
ACC00458,2024-07-31,90,True,0.0,no_target_event_within_90d
ACC00458,2024-08-31,90,True,1.0,renewed
ACC00458,2024-09-30,90,True,1.0,renewed
ACC00458,2024-10-31,90,True,1.0,renewed
ACC00459,2024-01-31,90,True,0.0,no_target_event_within_90d
ACC00459,2024-02-29,90,True,0.0,no_target_event_within_90d
ACC00459,2024-03-31,90,True,0.0,no_target_event_within_90d
ACC00459,2024-04-30,90,True,0.0,no_target_event_within_90d
ACC00459,2024-05-31,90,True,0.0,no_target_event_within_90d
ACC00459,2024-06-30,90,True,0.0,no_target_event_within_90d
ACC00459,2024-07-31,90,True,0.0,no_target_event_within_90d
ACC00459,2024-08-31,90,True,0.0,no_target_event_within_90d
ACC00459,2024-09-30,90,True,1.0,churned_voluntary
ACC00459,2024-10-31,90,True,1.0,churned_voluntary
ACC00459,2024-11-30,90,True,1.0,churned_voluntary
ACC00460,2024-01-31,90,True,0.0,no_target_event_within_90d
ACC00460,2024-02-29,90,True,0.0,no_target_event_within_90d
ACC00460,2024-03-31,90,True,0.0,no_target_event_within_90d
ACC00460,2024-04-30,90,True,0.0,no_target_event_within_90d
ACC00460,2024-05-31,90,True,0.0,no_target_event_within_90d
ACC00460,2024-06-30,90,True,0.0,no_target_event_within_90d
ACC00460,2024-07-31,90,True,0.0,no_target_event_within_90d
ACC00460,2024-08-31,90,True,0.0,no_target_event_within_90d
ACC00460,2024-09-30,90,True,0.0,no_target_event_within_90d
ACC00460,2024-10-31,90,True,0.0,no_target_event_within_90d
ACC00460,2024-11-30,90,True,0.0,no_target_event_within_90d
ACC00460,2024-12-31,90,True,0.0,no_target_event_within_90d
ACC00460,2025-01-31,90,True,0.0,no_target_event_within_90d
ACC00460,2025-02-28,90,True,0.0,no_target_event_within_90d
ACC00460,2025-03-31,90,True,0.0,no_target_event_within_90d
ACC00460,2025-04-30,90,True,0.0,no_target_event_within_90d
ACC00460,2025-05-31,90,True,0.0,no_target_event_within_90d
ACC00460,2025-06-30,90,True,0.0,no_target_event_within_90d
ACC00460,2025-07-31,90,True,1.0,churned_nonpayment
ACC00460,2025-08-31,90,True,1.0,churned_nonpayment
ACC00460,2025-09-30,90,True,1.0,churned_nonpayment
ACC00461,2024-01-31,90,True,0.0,no_target_event_within_90d
ACC00461,2024-02-29,90,True,0.0,no_target_event_within_90d
ACC00461,2024-03-31,90,True,0.0,no_target_event_within_90d
ACC00461,2024-04-30,90,True,0.0,no_target_event_within_90d
ACC00461,2024-05-31,90,True,0.0,no_target_event_within_90d
ACC00461,2024-06-30,90,True,0.0,no_target_event_within_90d
ACC00461,2024-07-31,90,True,0.0,no_target_event_within_90d
ACC00461,2024-08-31,90,True,0.0,no_target_event_within_90d
ACC00461,2024-09-30,90,True,0.0,no_target_event_within_90d
ACC00461,2024-10-31,90,True,0.0,no_target_event_within_90d
ACC00461,2024-11-30,90,True,0.0,no_target_event_within_90d
ACC00461,2024-12-31,90,True,0.0,no_target_event_within_90d
ACC00461,2025-01-31,90,True,0.0,no_target_event_within_90d
ACC00461,2025-02-28,90,True,0.0,no_target_event_within_90d
ACC00461,2025-03-31,90,True,0.0,no_target_event_within_90d
ACC00461,2025-04-30,90,True,0.0,no_target_event_within_90d
ACC00461,2025-05-31,90,True,0.0,no_target_event_within_90d
ACC00461,2025-06-30,90,True,0.0,no_target_event_within_90d
ACC00461,2025-07-31,90,True,0.0,no_target_event_within_90d
ACC00461,2025-08-31,90,True,0.0,no_target_event_within_90d
ACC00461,2025-09-30,90,True,1.0,churned_nonpayment
ACC00461,2025-10-31,90,True,1.0,churned_nonpayment
ACC00461,2025-11-30,90,True,1.0,churned_nonpayment
ACC00462,2024-01-31,90,True,0.0,no_target_event_within_90d
ACC00462,2024-02-29,90,True,0.0,no_target_event_within_90d
ACC00462,2024-03-31,90,True,0.0,no_target_event_within_90d
ACC00462,2024-04-30,90,True,0.0,no_target_event_within_90d
ACC00462,2024-05-31,90,True,0.0,no_target_event_within_90d
ACC00462,2024-06-30,90,True,0.0,no_target_event_within_90d
ACC00462,2024-07-31,90,True,1.0,renewed
ACC00462,2024-08-31,90,True,1.0,renewed
ACC00463,2024-01-31,90,True,0.0,no_target_event_within_90d
ACC00463,2024-02-29,90,True,0.0,no_target_event_within_90d
ACC00463,2024-03-31,90,True,0.0,no_target_event_within_90d
ACC00463,2024-04-30,90,True,0.0,no_target_event_within_90d
ACC00463,2024-05-31,90,True,0.0,no_target_event_within_90d
ACC00463,2024-06-30,90,True,0.0,no_target_event_within_90d
ACC00463,2024-07-31,90,True,0.0,no_target_event_within_90d
ACC00463,2024-08-31,90,True,0.0,no_target_event_within_90d
ACC00463,2024-09-30,90,True,0.0,no_target_event_within_90d
ACC00463,2024-10-31,90,True,0.0,no_target_event_within_90d
ACC00463,2024-11-30,90,True,0.0,no_target_event_within_90d
ACC00463,2024-12-31,90,True,0.0,no_target_event_within_90d
ACC00463,2025-01-31,90,True,0.0,no_target_event_within_90d
ACC00463,2025-02-28,90,True,0.0,no_target_event_within_90d
ACC00463,2025-03-31,90,True,0.0,no_target_event_within_90d
ACC00463,2025-04-30,90,True,0.0,no_target_event_within_90d
ACC00463,2025-05-31,90,True,0.0,no_target_event_within_90d
ACC00463,2025-06-30,90,True,0.0,no_target_event_within_90d
ACC00463,2025-07-31,90,True,1.0,renewed
ACC00463,2025-08-31,90,True,1.0,renewed
ACC00463,2025-09-30,90,True,1.0,renewed
ACC00464,2024-01-31,90,True,0.0,no_target_event_within_90d
ACC00464,2024-02-29,90,True,0.0,no_target_event_within_90d
ACC00464,2024-03-31,90,True,0.0,no_target_event_within_90d
ACC00464,2024-04-30,90,True,0.0,no_target_event_within_90d
ACC00464,2024-05-31,90,True,0.0,no_target_event_within_90d
ACC00464,2024-06-30,90,True,0.0,no_target_event_within_90d
ACC00464,2024-07-31,90,True,0.0,no_target_event_within_90d
ACC00464,2024-08-31,90,True,0.0,no_target_event_within_90d
ACC00464,2024-09-30,90,True,0.0,no_target_event_within_90d
ACC00464,2024-10-31,90,True,0.0,no_target_event_within_90d
ACC00464,2024-11-30,90,True,0.0,no_target_event_within_90d
ACC00464,2024-12-31,90,True,0.0,no_target_event_within_90d
ACC00464,2025-01-31,90,True,0.0,no_target_event_within_90d
ACC00464,2025-02-28,90,True,0.0,no_target_event_within_90d
ACC00464,2025-03-31,90,True,0.0,no_target_event_within_90d
ACC00464,2025-04-30,90,True,0.0,no_target_event_within_90d
ACC00464,2025-05-31,90,True,0.0,no_target_event_within_90d
ACC00464,2025-06-30,90,True,0.0,no_target_event_within_90d
ACC00464,2025-07-31,90,True,0.0,no_target_event_within_90d
ACC00464,2025-08-31,90,True,1.0,renewed
ACC00464,2025-09-30,90,True,1.0,renewed
ACC00464,2025-10-31,90,True,1.0,renewed
ACC00465,2024-01-31,90,True,,censored
ACC00465,2024-02-29,90,True,,censored
ACC00465,2024-03-31,90,True,,censored
ACC00465,2024-04-30,90,True,,censored
ACC00465,2024-05-31,90,True,,censored
ACC00465,2024-06-30,90,True,,censored
ACC00465,2024-07-31,90,True,,censored
ACC00465,2024-08-31,90,True,,censored
ACC00465,2024-09-30,90,True,,censored
ACC00465,2024-10-31,90,True,,censored
ACC00465,2024-11-30,90,True,,censored
ACC00465,2024-12-31,90,True,,censored
ACC00465,2025-01-31,90,True,,censored
ACC00465,2025-02-28,90,True,,censored
ACC00465,2025-03-31,90,True,,censored
ACC00465,2025-04-30,90,True,,censored
ACC00465,2025-05-31,90,True,,censored
ACC00465,2025-06-30,90,True,,censored
ACC00465,2025-07-31,90,True,,censored
ACC00465,2025-08-31,90,True,,censored
ACC00465,2025-09-30,90,True,,censored
ACC00465,2025-10-31,90,True,,censored
ACC00465,2025-11-30,90,True,,censored
ACC00465,2025-12-31,90,True,,censored
ACC00466,2024-01-31,90,True,0.0,no_target_event_within_90d
ACC00466,2024-02-29,90,True,0.0,no_target_event_within_90d
ACC00466,2024-03-31,90,True,0.0,no_target_event_within_90d
ACC00466,2024-04-30,90,True,0.0,no_target_event_within_90d
ACC00466,2024-05-31,90,True,0.0,no_target_event_within_90d
ACC00466,2024-06-30,90,True,0.0,no_target_event_within_90d
ACC00466,2024-07-31,90,True,0.0,no_target_event_within_90d
ACC00466,2024-08-31,90,True,0.0,no_target_event_within_90d
ACC00466,2024-09-30,90,True,0.0,no_target_event_within_90d
ACC00466,2024-10-31,90,True,0.0,no_target_event_within_90d
ACC00466,2024-11-30,90,True,0.0,no_target_event_within_90d
ACC00466,2024-12-31,90,True,0.0,no_target_event_within_90d
ACC00466,2025-01-31,90,True,0.0,no_target_event_within_90d
ACC00466,2025-02-28,90,True,0.0,no_target_event_within_90d
ACC00466,2025-03-31,90,True,0.0,no_target_event_within_90d
ACC00466,2025-04-30,90,True,1.0,renewed
ACC00466,2025-05-31,90,True,1.0,renewed
ACC00466,2025-06-30,90,True,1.0,renewed
ACC00467,2024-01-31,90,True,0.0,no_target_event_within_90d
ACC00467,2024-02-29,90,True,0.0,no_target_event_within_90d
ACC00467,2024-03-31,90,True,0.0,no_target_event_within_90d
ACC00467,2024-04-30,90,True,1.0,renewed
ACC00467,2024-05-31,90,True,1.0,renewed
ACC00467,2024-06-30,90,True,1.0,renewed
ACC00468,2024-01-31,90,True,,censored
ACC00468,2024-02-29,90,True,,censored
ACC00468,2024-03-31,90,True,,censored
ACC00468,2024-04-30,90,True,,censored
ACC00468,2024-05-31,90,True,,censored
ACC00468,2024-06-30,90,True,,censored
ACC00468,2024-07-31,90,True,,censored
ACC00468,2024-08-31,90,True,,censored
ACC00468,2024-09-30,90,True,,censored
ACC00468,2024-10-31,90,True,,censored
ACC00468,2024-11-30,90,True,,censored
ACC00468,2024-12-31,90,True,,censored
ACC00468,2025-01-31,90,True,,censored
ACC00468,2025-02-28,90,True,,censored
ACC00468,2025-03-31,90,True,,censored
ACC00468,2025-04-30,90,True,,censored
ACC00468,2025-05-31,90,True,,censored
ACC00468,2025-06-30,90,True,,censored
ACC00468,2025-07-31,90,True,,censored
ACC00468,2025-08-31,90,True,,censored
ACC00468,2025-09-30,90,True,,censored
ACC00468,2025-10-31,90,True,,censored
ACC00468,2025-11-30,90,True,,censored
ACC00468,2025-12-31,90,True,,censored
ACC00469,2024-01-31,90,True,0.0,no_target_event_within_90d
ACC00469,2024-02-29,90,True,0.0,no_target_event_within_90d
ACC00469,2024-03-31,90,True,0.0,no_target_event_within_90d
ACC00469,2024-04-30,90,True,0.0,no_target_event_within_90d
ACC00469,2024-05-31,90,True,0.0,no_target_event_within_90d
ACC00469,2024-06-30,90,True,0.0,no_target_event_within_90d
ACC00469,2024-07-31,90,True,0.0,no_target_event_within_90d
ACC00469,2024-08-31,90,True,0.0,no_target_event_within_90d
ACC00469,2024-09-30,90,True,0.0,no_target_event_within_90d
ACC00469,2024-10-31,90,True,0.0,no_target_event_within_90d
ACC00469,2024-11-30,90,True,0.0,no_target_event_within_90d
ACC00469,2024-12-31,90,True,0.0,no_target_event_within_90d
ACC00469,2025-01-31,90,True,0.0,no_target_event_within_90d
ACC00469,2025-02-28,90,True,0.0,no_target_event_within_90d
ACC00469,2025-03-31,90,True,0.0,no_target_event_within_90d
ACC00469,2025-04-30,90,True,0.0,no_target_event_within_90d
ACC00469,2025-05-31,90,True,1.0,renewed
ACC00469,2025-06-30,90,True,1.0,renewed
ACC00469,2025-07-31,90,True,1.0,renewed
ACC00470,2024-01-31,90,True,,censored
ACC00470,2024-02-29,90,True,,censored
ACC00470,2024-03-31,90,True,,censored
ACC00470,2024-04-30,90,True,,censored
ACC00470,2024-05-31,90,True,,censored
ACC00470,2024-06-30,90,True,,censored
ACC00470,2024-07-31,90,True,,censored
ACC00470,2024-08-31,90,True,,censored
ACC00470,2024-09-30,90,True,,censored
ACC00470,2024-10-31,90,True,,censored
ACC00470,2024-11-30,90,True,,censored
ACC00470,2024-12-31,90,True,,censored
ACC00470,2025-01-31,90,True,,censored
ACC00470,2025-02-28,90,True,,censored
ACC00470,2025-03-31,90,True,,censored
ACC00470,2025-04-30,90,True,,censored
ACC00470,2025-05-31,90,True,,censored
ACC00470,2025-06-30,90,True,,censored
ACC00470,2025-07-31,90,True,,censored
ACC00470,2025-08-31,90,True,,censored
ACC00470,2025-09-30,90,True,,censored
ACC00470,2025-10-31,90,True,,censored
ACC00470,2025-11-30,90,True,,censored
ACC00470,2025-12-31,90,True,,censored
ACC00471,2024-01-31,90,True,0.0,no_target_event_within_90d
ACC00471,2024-02-29,90,True,0.0,no_target_event_within_90d
ACC00471,2024-03-31,90,True,0.0,no_target_event_within_90d
ACC00471,2024-04-30,90,True,0.0,no_target_event_within_90d
ACC00471,2024-05-31,90,True,0.0,no_target_event_within_90d
ACC00471,2024-06-30,90,True,0.0,no_target_event_within_90d
ACC00471,2024-07-31,90,True,0.0,no_target_event_within_90d
ACC00471,2024-08-31,90,True,0.0,no_target_event_within_90d
ACC00471,2024-09-30,90,True,0.0,no_target_event_within_90d
ACC00471,2024-10-31,90,True,0.0,no_target_event_within_90d
ACC00471,2024-11-30,90,True,0.0,no_target_event_within_90d
ACC00471,2024-12-31,90,True,0.0,no_target_event_within_90d
ACC00471,2025-01-31,90,True,0.0,no_target_event_within_90d
ACC00471,2025-02-28,90,True,0.0,no_target_event_within_90d
ACC00471,2025-03-31,90,True,0.0,no_target_event_within_90d
ACC00471,2025-04-30,90,True,0.0,no_target_event_within_90d
ACC00471,2025-05-31,90,True,0.0,no_target_event_within_90d
ACC00471,2025-06-30,90,True,0.0,no_target_event_within_90d
ACC00471,2025-07-31,90,True,1.0,churned_voluntary
ACC00471,2025-08-31,90,True,1.0,churned_voluntary
ACC00471,2025-09-30,90,True,1.0,churned_voluntary
ACC00472,2024-01-31,90,True,,censored
ACC00472,2024-02-29,90,True,,censored
ACC00472,2024-03-31,90,True,,censored
ACC00472,2024-04-30,90,True,,censored
ACC00472,2024-05-31,90,True,,censored
ACC00472,2024-06-30,90,True,,censored
ACC00472,2024-07-31,90,True,,censored
ACC00472,2024-08-31,90,True,,censored
ACC00472,2024-09-30,90,True,,censored
ACC00472,2024-10-31,90,True,,censored
ACC00472,2024-11-30,90,True,,censored
ACC00472,2024-12-31,90,True,,censored
ACC00472,2025-01-31,90,True,,censored
ACC00472,2025-02-28,90,True,,censored
ACC00472,2025-03-31,90,True,,censored
ACC00472,2025-04-30,90,True,,censored
ACC00472,2025-05-31,90,True,,censored
ACC00472,2025-06-30,90,True,,censored
ACC00472,2025-07-31,90,True,,censored
ACC00472,2025-08-31,90,True,,censored
ACC00472,2025-09-30,90,True,,censored
ACC00472,2025-10-31,90,True,,censored
ACC00472,2025-11-30,90,True,,censored
ACC00472,2025-12-31,90,True,,censored
ACC00473,2024-01-31,90,True,0.0,no_target_event_within_90d
ACC00473,2024-02-29,90,True,0.0,no_target_event_within_90d
ACC00473,2024-03-31,90,True,0.0,no_target_event_within_90d
ACC00473,2024-04-30,90,True,0.0,no_target_event_within_90d
ACC00473,2024-05-31,90,True,0.0,no_target_event_within_90d
ACC00473,2024-06-30,90,True,0.0,no_target_event_within_90d
ACC00473,2024-07-31,90,True,0.0,no_target_event_within_90d
ACC00473,2024-08-31,90,True,0.0,no_target_event_within_90d
ACC00473,2024-09-30,90,True,0.0,no_target_event_within_90d
ACC00473,2024-10-31,90,True,0.0,no_target_event_within_90d
ACC00473,2024-11-30,90,True,0.0,no_target_event_within_90d
ACC00473,2024-12-31,90,True,0.0,no_target_event_within_90d
ACC00473,2025-01-31,90,True,1.0,churned_voluntary
ACC00473,2025-02-28,90,True,1.0,churned_voluntary
ACC00473,2025-03-31,90,True,1.0,churned_voluntary
ACC00474,2024-01-31,90,True,,censored
ACC00474,2024-02-29,90,True,,censored
ACC00474,2024-03-31,90,True,,censored
ACC00474,2024-04-30,90,True,,censored
ACC00474,2024-05-31,90,True,,censored
ACC00474,2024-06-30,90,True,,censored
ACC00474,2024-07-31,90,True,,censored
ACC00474,2024-08-31,90,True,,censored
ACC00474,2024-09-30,90,True,,censored
ACC00474,2024-10-31,90,True,,censored
ACC00474,2024-11-30,90,True,,censored
ACC00474,2024-12-31,90,True,,censored
ACC00474,2025-01-31,90,True,,censored
ACC00474,2025-02-28,90,True,,censored
ACC00474,2025-03-31,90,True,,censored
ACC00474,2025-04-30,90,True,,censored
ACC00474,2025-05-31,90,True,,censored
ACC00474,2025-06-30,90,True,,censored
ACC00474,2025-07-31,90,True,,censored
ACC00474,2025-08-31,90,True,,censored
ACC00474,2025-09-30,90,True,,censored
ACC00474,2025-10-31,90,True,,censored
ACC00474,2025-11-30,90,True,,censored
ACC00474,2025-12-31,90,True,,censored
ACC00475,2024-01-31,90,True,0.0,no_target_event_within_90d
ACC00475,2024-02-29,90,True,0.0,no_target_event_within_90d
ACC00475,2024-03-31,90,True,0.0,no_target_event_within_90d
ACC00475,2024-04-30,90,True,0.0,no_target_event_within_90d
ACC00475,2024-05-31,90,True,0.0,no_target_event_within_90d
ACC00475,2024-06-30,90,True,0.0,no_target_event_within_90d
ACC00475,2024-07-31,90,True,0.0,no_target_event_within_90d
ACC00475,2024-08-31,90,True,0.0,no_target_event_within_90d
ACC00475,2024-09-30,90,True,0.0,no_target_event_within_90d
ACC00475,2024-10-31,90,True,0.0,no_target_event_within_90d
ACC00475,2024-11-30,90,True,0.0,no_target_event_within_90d
ACC00475,2024-12-31,90,True,0.0,no_target_event_within_90d
ACC00475,2025-01-31,90,True,0.0,no_target_event_within_90d
ACC00475,2025-02-28,90,True,0.0,no_target_event_within_90d
ACC00475,2025-03-31,90,True,0.0,no_target_event_within_90d
ACC00475,2025-04-30,90,True,0.0,no_target_event_within_90d
ACC00475,2025-05-31,90,True,0.0,no_target_event_within_90d
ACC00475,2025-06-30,90,True,0.0,no_target_event_within_90d
ACC00475,2025-07-31,90,True,0.0,no_target_event_within_90d
ACC00475,2025-08-31,90,True,1.0,renewed
ACC00475,2025-09-30,90,True,1.0,renewed
ACC00475,2025-10-31,90,True,1.0,renewed
ACC00476,2024-01-31,90,True,,censored
ACC00476,2024-02-29,90,True,,censored
ACC00476,2024-03-31,90,True,,censored
ACC00476,2024-04-30,90,True,,censored
ACC00476,2024-05-31,90,True,,censored
ACC00476,2024-06-30,90,True,,censored
ACC00476,2024-07-31,90,True,,censored
ACC00476,2024-08-31,90,True,,censored
ACC00476,2024-09-30,90,True,,censored
ACC00476,2024-10-31,90,True,,censored
ACC00476,2024-11-30,90,True,,censored
ACC00476,2024-12-31,90,True,,censored
ACC00476,2025-01-31,90,True,,censored
ACC00476,2025-02-28,90,True,,censored
ACC00476,2025-03-31,90,True,,censored
ACC00476,2025-04-30,90,True,,censored
ACC00476,2025-05-31,90,True,,censored
ACC00476,2025-06-30,90,True,,censored
ACC00476,2025-07-31,90,True,,censored
ACC00476,2025-08-31,90,True,,censored
ACC00476,2025-09-30,90,True,,censored
ACC00476,2025-10-31,90,True,,censored
ACC00476,2025-11-30,90,True,,censored
ACC00476,2025-12-31,90,True,,censored
ACC00477,2024-01-31,90,True,0.0,no_target_event_within_90d
ACC00477,2024-02-29,90,True,0.0,no_target_event_within_90d
ACC00477,2024-03-31,90,True,0.0,no_target_event_within_90d
ACC00477,2024-04-30,90,True,0.0,no_target_event_within_90d
ACC00477,2024-05-31,90,True,0.0,no_target_event_within_90d
ACC00477,2024-06-30,90,True,0.0,no_target_event_within_90d
ACC00477,2024-07-31,90,True,0.0,no_target_event_within_90d
ACC00477,2024-08-31,90,True,0.0,no_target_event_within_90d
ACC00477,2024-09-30,90,True,0.0,no_target_event_within_90d
ACC00477,2024-10-31,90,True,0.0,no_target_event_within_90d
ACC00477,2024-11-30,90,True,1.0,churned_voluntary
ACC00477,2024-12-31,90,True,1.0,churned_voluntary
ACC00477,2025-01-31,90,True,1.0,churned_voluntary
ACC00478,2024-01-31,90,True,0.0,no_target_event_within_90d
ACC00478,2024-02-29,90,True,0.0,no_target_event_within_90d
ACC00478,2024-03-31,90,True,0.0,no_target_event_within_90d
ACC00478,2024-04-30,90,True,0.0,no_target_event_within_90d
ACC00478,2024-05-31,90,True,0.0,no_target_event_within_90d
ACC00478,2024-06-30,90,True,0.0,no_target_event_within_90d
ACC00478,2024-07-31,90,True,0.0,no_target_event_within_90d
ACC00478,2024-08-31,90,True,0.0,no_target_event_within_90d
ACC00478,2024-09-30,90,True,0.0,no_target_event_within_90d
ACC00478,2024-10-31,90,True,0.0,no_target_event_within_90d
ACC00478,2024-11-30,90,True,0.0,no_target_event_within_90d
ACC00478,2024-12-31,90,True,0.0,no_target_event_within_90d
ACC00478,2025-01-31,90,True,0.0,no_target_event_within_90d
ACC00478,2025-02-28,90,True,0.0,no_target_event_within_90d
ACC00478,2025-03-31,90,True,0.0,no_target_event_within_90d
ACC00478,2025-04-30,90,True,0.0,no_target_event_within_90d
ACC00478,2025-05-31,90,True,1.0,renewed
ACC00478,2025-06-30,90,True,1.0,renewed
ACC00478,2025-07-31,90,True,1.0,renewed
ACC00479,2024-01-31,90,True,,censored
ACC00479,2024-02-29,90,True,,censored
ACC00479,2024-03-31,90,True,,censored
ACC00479,2024-04-30,90,True,,censored
ACC00479,2024-05-31,90,True,,censored
ACC00479,2024-06-30,90,True,,censored
ACC00479,2024-07-31,90,True,,censored
ACC00479,2024-08-31,90,True,,censored
ACC00479,2024-09-30,90,True,,censored
ACC00479,2024-10-31,90,True,,censored
ACC00479,2024-11-30,90,True,,censored
ACC00479,2024-12-31,90,True,,censored
ACC00479,2025-01-31,90,True,,censored
ACC00479,2025-02-28,90,True,,censored
ACC00479,2025-03-31,90,True,,censored
ACC00479,2025-04-30,90,True,,censored
ACC00479,2025-05-31,90,True,,censored
ACC00479,2025-06-30,90,True,,censored
ACC00479,2025-07-31,90,True,,censored
ACC00479,2025-08-31,90,True,,censored
ACC00479,2025-09-30,90,True,,censored
ACC00479,2025-10-31,90,True,,censored
ACC00479,2025-11-30,90,True,,censored
ACC00479,2025-12-31,90,True,,censored
ACC00480,2024-01-31,90,True,0.0,no_target_event_within_90d
ACC00480,2024-02-29,90,True,0.0,no_target_event_within_90d
ACC00480,2024-03-31,90,True,0.0,no_target_event_within_90d
ACC00480,2024-04-30,90,True,0.0,no_target_event_within_90d
ACC00480,2024-05-31,90,True,0.0,no_target_event_within_90d
ACC00480,2024-06-30,90,True,0.0,no_target_event_within_90d
ACC00480,2024-07-31,90,True,0.0,no_target_event_within_90d
ACC00480,2024-08-31,90,True,0.0,no_target_event_within_90d
ACC00480,2024-09-30,90,True,0.0,no_target_event_within_90d
ACC00480,2024-10-31,90,True,0.0,no_target_event_within_90d
ACC00480,2024-11-30,90,True,0.0,no_target_event_within_90d
ACC00480,2024-12-31,90,True,0.0,no_target_event_within_90d
ACC00480,2025-01-31,90,True,0.0,no_target_event_within_90d
ACC00480,2025-02-28,90,True,0.0,no_target_event_within_90d
ACC00480,2025-03-31,90,True,0.0,no_target_event_within_90d
ACC00480,2025-04-30,90,True,0.0,no_target_event_within_90d
ACC00480,2025-05-31,90,True,0.0,no_target_event_within_90d
ACC00480,2025-06-30,90,True,0.0,no_target_event_within_90d
ACC00480,2025-07-31,90,True,0.0,no_target_event_within_90d
ACC00480,2025-08-31,90,True,0.0,no_target_event_within_90d
ACC00480,2025-09-30,90,True,0.0,no_target_event_within_90d
ACC00480,2025-10-31,90,True,1.0,renewed
ACC00480,2025-11-30,90,True,1.0,renewed
ACC00480,2025-12-31,90,True,1.0,renewed
ACC00481,2024-01-31,90,True,0.0,no_target_event_within_90d
ACC00481,2024-02-29,90,True,0.0,no_target_event_within_90d
ACC00481,2024-03-31,90,True,0.0,no_target_event_within_90d
ACC00481,2024-04-30,90,True,0.0,no_target_event_within_90d
ACC00481,2024-05-31,90,True,0.0,no_target_event_within_90d
ACC00481,2024-06-30,90,True,0.0,no_target_event_within_90d
ACC00481,2024-07-31,90,True,0.0,no_target_event_within_90d
ACC00481,2024-08-31,90,True,0.0,no_target_event_within_90d
ACC00481,2024-09-30,90,True,1.0,renewed
ACC00481,2024-10-31,90,True,1.0,renewed
ACC00481,2024-11-30,90,True,1.0,renewed
ACC00482,2024-01-31,90,True,0.0,no_target_event_within_90d
ACC00482,2024-02-29,90,True,0.0,no_target_event_within_90d
ACC00482,2024-03-31,90,True,0.0,no_target_event_within_90d
ACC00482,2024-04-30,90,True,0.0,no_target_event_within_90d
ACC00482,2024-05-31,90,True,0.0,no_target_event_within_90d
ACC00482,2024-06-30,90,True,0.0,no_target_event_within_90d
ACC00482,2024-07-31,90,True,0.0,no_target_event_within_90d
ACC00482,2024-08-31,90,True,0.0,no_target_event_within_90d
ACC00482,2024-09-30,90,True,0.0,no_target_event_within_90d
ACC00482,2024-10-31,90,True,0.0,no_target_event_within_90d
ACC00482,2024-11-30,90,True,0.0,no_target_event_within_90d
ACC00482,2024-12-31,90,True,0.0,no_target_event_within_90d
ACC00482,2025-01-31,90,True,0.0,no_target_event_within_90d
ACC00482,2025-02-28,90,True,0.0,no_target_event_within_90d
ACC00482,2025-03-31,90,True,0.0,no_target_event_within_90d
ACC00482,2025-04-30,90,True,0.0,no_target_event_within_90d
ACC00482,2025-05-31,90,True,0.0,no_target_event_within_90d
ACC00482,2025-06-30,90,True,0.0,no_target_event_within_90d
ACC00482,2025-07-31,90,True,0.0,no_target_event_within_90d
ACC00482,2025-08-31,90,True,1.0,renewed
ACC00482,2025-09-30,90,True,1.0,renewed
ACC00482,2025-10-31,90,True,1.0,renewed
ACC00483,2024-01-31,90,True,0.0,no_target_event_within_90d
ACC00483,2024-02-29,90,True,0.0,no_target_event_within_90d
ACC00483,2024-03-31,90,True,0.0,no_target_event_within_90d
ACC00483,2024-04-30,90,True,0.0,no_target_event_within_90d
ACC00483,2024-05-31,90,True,0.0,no_target_event_within_90d
ACC00483,2024-06-30,90,True,0.0,no_target_event_within_90d
ACC00483,2024-07-31,90,True,0.0,no_target_event_within_90d
ACC00483,2024-08-31,90,True,0.0,no_target_event_within_90d
ACC00483,2024-09-30,90,True,1.0,renewed
ACC00483,2024-10-31,90,True,1.0,renewed
ACC00483,2024-11-30,90,True,1.0,renewed
ACC00484,2024-01-31,90,True,0.0,no_target_event_within_90d
ACC00484,2024-02-29,90,True,0.0,no_target_event_within_90d
ACC00484,2024-03-31,90,True,0.0,no_target_event_within_90d
ACC00484,2024-04-30,90,True,0.0,no_target_event_within_90d
ACC00484,2024-05-31,90,True,0.0,no_target_event_within_90d
ACC00484,2024-06-30,90,True,0.0,no_target_event_within_90d
ACC00484,2024-07-31,90,True,0.0,no_target_event_within_90d
ACC00484,2024-08-31,90,True,0.0,no_target_event_within_90d
ACC00484,2024-09-30,90,True,0.0,no_target_event_within_90d
ACC00484,2024-10-31,90,True,0.0,no_target_event_within_90d
ACC00484,2024-11-30,90,True,0.0,no_target_event_within_90d
ACC00484,2024-12-31,90,True,0.0,no_target_event_within_90d
ACC00484,2025-01-31,90,True,0.0,no_target_event_within_90d
ACC00484,2025-02-28,90,True,0.0,no_target_event_within_90d
ACC00484,2025-03-31,90,True,0.0,no_target_event_within_90d
ACC00484,2025-04-30,90,True,0.0,no_target_event_within_90d
ACC00484,2025-05-31,90,True,0.0,no_target_event_within_90d
ACC00484,2025-06-30,90,True,0.0,no_target_event_within_90d
ACC00484,2025-07-31,90,True,0.0,no_target_event_within_90d
ACC00484,2025-08-31,90,True,0.0,no_target_event_within_90d
ACC00484,2025-09-30,90,True,0.0,no_target_event_within_90d
ACC00484,2025-10-31,90,True,1.0,renewed
ACC00484,2025-11-30,90,True,1.0,renewed
ACC00484,2025-12-31,90,True,1.0,renewed
ACC00485,2024-01-31,90,True,0.0,no_target_event_within_90d
ACC00485,2024-02-29,90,True,0.0,no_target_event_within_90d
ACC00485,2024-03-31,90,True,0.0,no_target_event_within_90d
ACC00485,2024-04-30,90,True,1.0,renewed
ACC00485,2024-05-31,90,True,1.0,renewed
ACC00485,2024-06-30,90,True,1.0,renewed
ACC00486,2024-01-31,90,True,,censored
ACC00486,2024-02-29,90,True,,censored
ACC00486,2024-03-31,90,True,,censored
ACC00486,2024-04-30,90,True,,censored
ACC00486,2024-05-31,90,True,,censored
ACC00486,2024-06-30,90,True,,censored
ACC00486,2024-07-31,90,True,,censored
ACC00486,2024-08-31,90,True,,censored
ACC00486,2024-09-30,90,True,,censored
ACC00486,2024-10-31,90,True,,censored
ACC00486,2024-11-30,90,True,,censored
ACC00486,2024-12-31,90,True,,censored
ACC00486,2025-01-31,90,True,,censored
ACC00486,2025-02-28,90,True,,censored
ACC00486,2025-03-31,90,True,,censored
ACC00486,2025-04-30,90,True,,censored
ACC00486,2025-05-31,90,True,,censored
ACC00486,2025-06-30,90,True,,censored
ACC00486,2025-07-31,90,True,,censored
ACC00486,2025-08-31,90,True,,censored
ACC00486,2025-09-30,90,True,,censored
ACC00486,2025-10-31,90,True,,censored
ACC00486,2025-11-30,90,True,,censored
ACC00486,2025-12-31,90,True,,censored
ACC00487,2024-01-31,90,True,0.0,no_target_event_within_90d
ACC00487,2024-02-29,90,True,0.0,no_target_event_within_90d
ACC00487,2024-03-31,90,True,0.0,no_target_event_within_90d
ACC00487,2024-04-30,90,True,0.0,no_target_event_within_90d
ACC00487,2024-05-31,90,True,0.0,no_target_event_within_90d
ACC00487,2024-06-30,90,True,0.0,no_target_event_within_90d
ACC00487,2024-07-31,90,True,0.0,no_target_event_within_90d
ACC00487,2024-08-31,90,True,0.0,no_target_event_within_90d
ACC00487,2024-09-30,90,True,0.0,no_target_event_within_90d
ACC00487,2024-10-31,90,True,0.0,no_target_event_within_90d
ACC00487,2024-11-30,90,True,0.0,no_target_event_within_90d
ACC00487,2024-12-31,90,True,0.0,no_target_event_within_90d
ACC00487,2025-01-31,90,True,0.0,no_target_event_within_90d
ACC00487,2025-02-28,90,True,0.0,no_target_event_within_90d
ACC00487,2025-03-31,90,True,0.0,no_target_event_within_90d
ACC00487,2025-04-30,90,True,1.0,churned_voluntary
ACC00487,2025-05-31,90,True,1.0,churned_voluntary
ACC00487,2025-06-30,90,True,1.0,churned_voluntary
ACC00488,2024-01-31,90,True,0.0,no_target_event_within_90d
ACC00488,2024-02-29,90,True,0.0,no_target_event_within_90d
ACC00488,2024-03-31,90,True,0.0,no_target_event_within_90d
ACC00488,2024-04-30,90,True,0.0,no_target_event_within_90d
ACC00488,2024-05-31,90,True,0.0,no_target_event_within_90d
ACC00488,2024-06-30,90,True,0.0,no_target_event_within_90d
ACC00488,2024-07-31,90,True,0.0,no_target_event_within_90d
ACC00488,2024-08-31,90,True,1.0,renewed
ACC00488,2024-09-30,90,True,1.0,renewed
ACC00488,2024-10-31,90,True,1.0,renewed
ACC00489,2024-01-31,90,True,,censored
ACC00489,2024-02-29,90,True,,censored
ACC00489,2024-03-31,90,True,,censored
ACC00489,2024-04-30,90,True,,censored
ACC00489,2024-05-31,90,True,,censored
ACC00489,2024-06-30,90,True,,censored
ACC00489,2024-07-31,90,True,,censored
ACC00489,2024-08-31,90,True,,censored
ACC00489,2024-09-30,90,True,,censored
ACC00489,2024-10-31,90,True,,censored
ACC00489,2024-11-30,90,True,,censored
ACC00489,2024-12-31,90,True,,censored
ACC00489,2025-01-31,90,True,,censored
ACC00489,2025-02-28,90,True,,censored
ACC00489,2025-03-31,90,True,,censored
ACC00489,2025-04-30,90,True,,censored
ACC00489,2025-05-31,90,True,,censored
ACC00489,2025-06-30,90,True,,censored
ACC00489,2025-07-31,90,True,,censored
ACC00489,2025-08-31,90,True,,censored
ACC00489,2025-09-30,90,True,,censored
ACC00489,2025-10-31,90,True,,censored
ACC00489,2025-11-30,90,True,,censored
ACC00489,2025-12-31,90,True,,censored
ACC00490,2024-01-31,90,True,,censored
ACC00490,2024-02-29,90,True,,censored
ACC00490,2024-03-31,90,True,,censored
ACC00490,2024-04-30,90,True,,censored
ACC00490,2024-05-31,90,True,,censored
ACC00490,2024-06-30,90,True,,censored
ACC00490,2024-07-31,90,True,,censored
ACC00490,2024-08-31,90,True,,censored
ACC00490,2024-09-30,90,True,,censored
ACC00490,2024-10-31,90,True,,censored
ACC00490,2024-11-30,90,True,,censored
ACC00490,2024-12-31,90,True,,censored
ACC00490,2025-01-31,90,True,,censored
ACC00490,2025-02-28,90,True,,censored
ACC00490,2025-03-31,90,True,,censored
ACC00490,2025-04-30,90,True,,censored
ACC00490,2025-05-31,90,True,,censored
ACC00490,2025-06-30,90,True,,censored
ACC00490,2025-07-31,90,True,,censored
ACC00490,2025-08-31,90,True,,censored
ACC00490,2025-09-30,90,True,,censored
ACC00490,2025-10-31,90,True,,censored
ACC00490,2025-11-30,90,True,,censored
ACC00490,2025-12-31,90,True,,censored
ACC00491,2024-01-31,90,True,0.0,no_target_event_within_90d
ACC00491,2024-02-29,90,True,0.0,no_target_event_within_90d
ACC00491,2024-03-31,90,True,0.0,no_target_event_within_90d
ACC00491,2024-04-30,90,True,0.0,no_target_event_within_90d
ACC00491,2024-05-31,90,True,0.0,no_target_event_within_90d
ACC00491,2024-06-30,90,True,0.0,no_target_event_within_90d
ACC00491,2024-07-31,90,True,0.0,no_target_event_within_90d
ACC00491,2024-08-31,90,True,0.0,no_target_event_within_90d
ACC00491,2024-09-30,90,True,0.0,no_target_event_within_90d
ACC00491,2024-10-31,90,True,0.0,no_target_event_within_90d
ACC00491,2024-11-30,90,True,0.0,no_target_event_within_90d
ACC00491,2024-12-31,90,True,0.0,no_target_event_within_90d
ACC00491,2025-01-31,90,True,0.0,no_target_event_within_90d
ACC00491,2025-02-28,90,True,0.0,no_target_event_within_90d
ACC00491,2025-03-31,90,True,0.0,no_target_event_within_90d
ACC00491,2025-04-30,90,True,0.0,no_target_event_within_90d
ACC00491,2025-05-31,90,True,0.0,no_target_event_within_90d
ACC00491,2025-06-30,90,True,1.0,renewed
ACC00491,2025-07-31,90,True,1.0,renewed
ACC00492,2024-01-31,90,True,0.0,no_target_event_within_90d
ACC00492,2024-02-29,90,True,0.0,no_target_event_within_90d
ACC00492,2024-03-31,90,True,0.0,no_target_event_within_90d
ACC00492,2024-04-30,90,True,0.0,no_target_event_within_90d
ACC00492,2024-05-31,90,True,0.0,no_target_event_within_90d
ACC00492,2024-06-30,90,True,0.0,no_target_event_within_90d
ACC00492,2024-07-31,90,True,0.0,no_target_event_within_90d
ACC00492,2024-08-31,90,True,0.0,no_target_event_within_90d
ACC00492,2024-09-30,90,True,0.0,no_target_event_within_90d
ACC00492,2024-10-31,90,True,0.0,no_target_event_within_90d
ACC00492,2024-11-30,90,True,0.0,no_target_event_within_90d
ACC00492,2024-12-31,90,True,0.0,no_target_event_within_90d
ACC00492,2025-01-31,90,True,0.0,no_target_event_within_90d
ACC00492,2025-02-28,90,True,0.0,no_target_event_within_90d
ACC00492,2025-03-31,90,True,0.0,no_target_event_within_90d
ACC00492,2025-04-30,90,True,0.0,no_target_event_within_90d
ACC00492,2025-05-31,90,True,0.0,no_target_event_within_90d
ACC00492,2025-06-30,90,True,1.0,renewed
ACC00492,2025-07-31,90,True,1.0,renewed
ACC00492,2025-08-31,90,True,1.0,renewed
ACC00493,2024-01-31,90,True,0.0,no_target_event_within_90d
ACC00493,2024-02-29,90,True,0.0,no_target_event_within_90d
ACC00493,2024-03-31,90,True,0.0,no_target_event_within_90d
ACC00493,2024-04-30,90,True,1.0,renewed
ACC00493,2024-05-31,90,True,1.0,renewed
ACC00493,2024-06-30,90,True,1.0,renewed
ACC00494,2024-01-31,90,True,0.0,no_target_event_within_90d
ACC00494,2024-02-29,90,True,0.0,no_target_event_within_90d
ACC00494,2024-03-31,90,True,0.0,no_target_event_within_90d
ACC00494,2024-04-30,90,True,0.0,no_target_event_within_90d
ACC00494,2024-05-31,90,True,0.0,no_target_event_within_90d
ACC00494,2024-06-30,90,True,0.0,no_target_event_within_90d
ACC00494,2024-07-31,90,True,1.0,renewed
ACC00494,2024-08-31,90,True,1.0,renewed
ACC00494,2024-09-30,90,True,1.0,renewed
ACC00495,2024-01-31,90,True,0.0,no_target_event_within_90d
ACC00495,2024-02-29,90,True,0.0,no_target_event_within_90d
ACC00495,2024-03-31,90,True,0.0,no_target_event_within_90d
ACC00495,2024-04-30,90,True,0.0,no_target_event_within_90d
ACC00495,2024-05-31,90,True,0.0,no_target_event_within_90d
ACC00495,2024-06-30,90,True,0.0,no_target_event_within_90d
ACC00495,2024-07-31,90,True,0.0,no_target_event_within_90d
ACC00495,2024-08-31,90,True,0.0,no_target_event_within_90d
ACC00495,2024-09-30,90,True,1.0,renewed
ACC00495,2024-10-31,90,True,1.0,renewed
ACC00495,2024-11-30,90,True,1.0,renewed
ACC00496,2024-01-31,90,True,0.0,no_target_event_within_90d
ACC00496,2024-02-29,90,True,0.0,no_target_event_within_90d
ACC00496,2024-03-31,90,True,0.0,no_target_event_within_90d
ACC00496,2024-04-30,90,True,0.0,no_target_event_within_90d
ACC00496,2024-05-31,90,True,1.0,renewed
ACC00496,2024-06-30,90,True,1.0,renewed
ACC00496,2024-07-31,90,True,1.0,renewed
ACC00497,2024-01-31,90,True,0.0,no_target_event_within_90d
ACC00497,2024-02-29,90,True,0.0,no_target_event_within_90d
ACC00497,2024-03-31,90,True,0.0,no_target_event_within_90d
ACC00497,2024-04-30,90,True,0.0,no_target_event_within_90d
ACC00497,2024-05-31,90,True,0.0,no_target_event_within_90d
ACC00497,2024-06-30,90,True,0.0,no_target_event_within_90d
ACC00497,2024-07-31,90,True,0.0,no_target_event_within_90d
ACC00497,2024-08-31,90,True,0.0,no_target_event_within_90d
ACC00497,2024-09-30,90,True,0.0,no_target_event_within_90d
ACC00497,2024-10-31,90,True,0.0,no_target_event_within_90d
ACC00497,2024-11-30,90,True,0.0,no_target_event_within_90d
ACC00497,2024-12-31,90,True,0.0,no_target_event_within_90d
ACC00497,2025-01-31,90,True,0.0,no_target_event_within_90d
ACC00497,2025-02-28,90,True,0.0,no_target_event_within_90d
ACC00497,2025-03-31,90,True,0.0,no_target_event_within_90d
ACC00497,2025-04-30,90,True,0.0,no_target_event_within_90d
ACC00497,2025-05-31,90,True,0.0,no_target_event_within_90d
ACC00497,2025-06-30,90,True,1.0,renewed
ACC00497,2025-07-31,90,True,1.0,renewed
ACC00497,2025-08-31,90,True,1.0,renewed
ACC00498,2024-01-31,90,True,0.0,no_target_event_within_90d
ACC00498,2024-02-29,90,True,0.0,no_target_event_within_90d
ACC00498,2024-03-31,90,True,0.0,no_target_event_within_90d
ACC00498,2024-04-30,90,True,0.0,no_target_event_within_90d
ACC00498,2024-05-31,90,True,0.0,no_target_event_within_90d
ACC00498,2024-06-30,90,True,0.0,no_target_event_within_90d
ACC00498,2024-07-31,90,True,0.0,no_target_event_within_90d
ACC00498,2024-08-31,90,True,0.0,no_target_event_within_90d
ACC00498,2024-09-30,90,True,0.0,no_target_event_within_90d
ACC00498,2024-10-31,90,True,0.0,no_target_event_within_90d
ACC00498,2024-11-30,90,True,0.0,no_target_event_within_90d
ACC00498,2024-12-31,90,True,0.0,no_target_event_within_90d
ACC00498,2025-01-31,90,True,0.0,no_target_event_within_90d
ACC00498,2025-02-28,90,True,0.0,no_target_event_within_90d
ACC00498,2025-03-31,90,True,1.0,churned_voluntary
ACC00498,2025-04-30,90,True,1.0,churned_voluntary
ACC00498,2025-05-31,90,True,1.0,churned_voluntary
ACC00499,2024-01-31,90,True,,censored
ACC00499,2024-02-29,90,True,,censored
ACC00499,2024-03-31,90,True,,censored
ACC00499,2024-04-30,90,True,,censored
ACC00499,2024-05-31,90,True,,censored
ACC00499,2024-06-30,90,True,,censored
ACC00499,2024-07-31,90,True,,censored
ACC00499,2024-08-31,90,True,,censored
ACC00499,2024-09-30,90,True,,censored
ACC00499,2024-10-31,90,True,,censored
ACC00499,2024-11-30,90,True,,censored
ACC00499,2024-12-31,90,True,,censored
ACC00499,2025-01-31,90,True,,censored
ACC00499,2025-02-28,90,True,,censored
ACC00499,2025-03-31,90,True,,censored
ACC00499,2025-04-30,90,True,,censored
ACC00499,2025-05-31,90,True,,censored
ACC00499,2025-06-30,90,True,,censored
ACC00499,2025-07-31,90,True,,censored
ACC00499,2025-08-31,90,True,,censored
ACC00499,2025-09-30,90,True,,censored
ACC00499,2025-10-31,90,True,,censored
ACC00499,2025-11-30,90,True,,censored
ACC00499,2025-12-31,90,True,,censored
ACC00500,2024-01-31,90,True,,censored
ACC00500,2024-02-29,90,True,,censored
ACC00500,2024-03-31,90,True,,censored
ACC00500,2024-04-30,90,True,,censored
ACC00500,2024-05-31,90,True,,censored
ACC00500,2024-06-30,90,True,,censored
ACC00500,2024-07-31,90,True,,censored
ACC00500,2024-08-31,90,True,,censored
ACC00500,2024-09-30,90,True,,censored
ACC00500,2024-10-31,90,True,,censored
ACC00500,2024-11-30,90,True,,censored
ACC00500,2024-12-31,90,True,,censored
ACC00500,2025-01-31,90,True,,censored
ACC00500,2025-02-28,90,True,,censored
ACC00500,2025-03-31,90,True,,censored
ACC00500,2025-04-30,90,True,,censored
ACC00500,2025-05-31,90,True,,censored
ACC00500,2025-06-30,90,True,,censored
ACC00500,2025-07-31,90,True,,censored
ACC00500,2025-08-31,90,True,,censored
ACC00500,2025-09-30,90,True,,censored
ACC00500,2025-10-31,90,True,,censored
ACC00500,2025-11-30,90,True,,censored
ACC00500,2025-12-31,90,True,,censored
ACC00501,2024-01-31,90,True,0.0,no_target_event_within_90d
ACC00501,2024-02-29,90,True,0.0,no_target_event_within_90d
ACC00501,2024-03-31,90,True,0.0,no_target_event_within_90d
ACC00501,2024-04-30,90,True,0.0,no_target_event_within_90d
ACC00501,2024-05-31,90,True,0.0,no_target_event_within_90d
ACC00501,2024-06-30,90,True,0.0,no_target_event_within_90d
ACC00501,2024-07-31,90,True,1.0,renewed
ACC00501,2024-08-31,90,True,1.0,renewed
ACC00501,2024-09-30,90,True,1.0,renewed
ACC00502,2024-01-31,90,True,0.0,no_target_event_within_90d
ACC00502,2024-02-29,90,True,0.0,no_target_event_within_90d
ACC00502,2024-03-31,90,True,0.0,no_target_event_within_90d
ACC00502,2024-04-30,90,True,0.0,no_target_event_within_90d
ACC00502,2024-05-31,90,True,0.0,no_target_event_within_90d
ACC00502,2024-06-30,90,True,0.0,no_target_event_within_90d
ACC00502,2024-07-31,90,True,0.0,no_target_event_within_90d
ACC00502,2024-08-31,90,True,0.0,no_target_event_within_90d
ACC00502,2024-09-30,90,True,0.0,no_target_event_within_90d
ACC00502,2024-10-31,90,True,1.0,renewed
ACC00502,2024-11-30,90,True,1.0,renewed
ACC00502,2024-12-31,90,True,1.0,renewed
ACC00503,2024-01-31,90,True,0.0,no_target_event_within_90d
ACC00503,2024-02-29,90,True,0.0,no_target_event_within_90d
ACC00503,2024-03-31,90,True,0.0,no_target_event_within_90d
ACC00503,2024-04-30,90,True,0.0,no_target_event_within_90d
ACC00503,2024-05-31,90,True,0.0,no_target_event_within_90d
ACC00503,2024-06-30,90,True,0.0,no_target_event_within_90d
ACC00503,2024-07-31,90,True,0.0,no_target_event_within_90d
ACC00503,2024-08-31,90,True,0.0,no_target_event_within_90d
ACC00503,2024-09-30,90,True,0.0,no_target_event_within_90d
ACC00503,2024-10-31,90,True,0.0,no_target_event_within_90d
ACC00503,2024-11-30,90,True,0.0,no_target_event_within_90d
ACC00503,2024-12-31,90,True,0.0,no_target_event_within_90d
ACC00503,2025-01-31,90,True,0.0,no_target_event_within_90d
ACC00503,2025-02-28,90,True,0.0,no_target_event_within_90d
ACC00503,2025-03-31,90,True,0.0,no_target_event_within_90d
ACC00503,2025-04-30,90,True,0.0,no_target_event_within_90d
ACC00503,2025-05-31,90,True,0.0,no_target_event_within_90d
ACC00503,2025-06-30,90,True,0.0,no_target_event_within_90d
ACC00503,2025-07-31,90,True,0.0,no_target_event_within_90d
ACC00503,2025-08-31,90,True,0.0,no_target_event_within_90d
ACC00503,2025-09-30,90,True,1.0,renewed
ACC00503,2025-10-31,90,True,1.0,renewed
ACC00503,2025-11-30,90,True,1.0,renewed
ACC00504,2024-01-31,90,True,,censored
ACC00504,2024-02-29,90,True,,censored
ACC00504,2024-03-31,90,True,,censored
ACC00504,2024-04-30,90,True,,censored
ACC00504,2024-05-31,90,True,,censored
ACC00504,2024-06-30,90,True,,censored
ACC00504,2024-07-31,90,True,,censored
ACC00504,2024-08-31,90,True,,censored
ACC00504,2024-09-30,90,True,,censored
ACC00504,2024-10-31,90,True,,censored
ACC00504,2024-11-30,90,True,,censored
ACC00504,2024-12-31,90,True,,censored
ACC00504,2025-01-31,90,True,,censored
ACC00504,2025-02-28,90,True,,censored
ACC00504,2025-03-31,90,True,,censored
ACC00504,2025-04-30,90,True,,censored
ACC00504,2025-05-31,90,True,,censored
ACC00504,2025-06-30,90,True,,censored
ACC00504,2025-07-31,90,True,,censored
ACC00504,2025-08-31,90,True,,censored
ACC00504,2025-09-30,90,True,,censored
ACC00504,2025-10-31,90,True,,censored
ACC00504,2025-11-30,90,True,,censored
ACC00504,2025-12-31,90,True,,censored
ACC00505,2024-01-31,90,True,0.0,no_target_event_within_90d
ACC00505,2024-02-29,90,True,0.0,no_target_event_within_90d
ACC00505,2024-03-31,90,True,0.0,no_target_event_within_90d
ACC00505,2024-04-30,90,True,0.0,no_target_event_within_90d
ACC00505,2024-05-31,90,True,0.0,no_target_event_within_90d
ACC00505,2024-06-30,90,True,1.0,renewed
ACC00505,2024-07-31,90,True,1.0,renewed
ACC00505,2024-08-31,90,True,1.0,renewed
ACC00506,2024-01-31,90,True,0.0,no_target_event_within_90d
ACC00506,2024-02-29,90,True,0.0,no_target_event_within_90d
ACC00506,2024-03-31,90,True,0.0,no_target_event_within_90d
ACC00506,2024-04-30,90,True,0.0,no_target_event_within_90d
ACC00506,2024-05-31,90,True,0.0,no_target_event_within_90d
ACC00506,2024-06-30,90,True,0.0,no_target_event_within_90d
ACC00506,2024-07-31,90,True,0.0,no_target_event_within_90d
ACC00506,2024-08-31,90,True,0.0,no_target_event_within_90d
ACC00506,2024-09-30,90,True,0.0,no_target_event_within_90d
ACC00506,2024-10-31,90,True,0.0,no_target_event_within_90d
ACC00506,2024-11-30,90,True,0.0,no_target_event_within_90d
ACC00506,2024-12-31,90,True,0.0,no_target_event_within_90d
ACC00506,2025-01-31,90,True,0.0,no_target_event_within_90d
ACC00506,2025-02-28,90,True,1.0,downgraded
ACC00506,2025-03-31,90,True,1.0,downgraded
ACC00506,2025-04-30,90,True,1.0,downgraded
ACC00507,2024-01-31,90,True,,censored
ACC00507,2024-02-29,90,True,,censored
ACC00507,2024-03-31,90,True,,censored
ACC00507,2024-04-30,90,True,,censored
ACC00507,2024-05-31,90,True,,censored
ACC00507,2024-06-30,90,True,,censored
ACC00507,2024-07-31,90,True,,censored
ACC00507,2024-08-31,90,True,,censored
ACC00507,2024-09-30,90,True,,censored
ACC00507,2024-10-31,90,True,,censored
ACC00507,2024-11-30,90,True,,censored
ACC00507,2024-12-31,90,True,,censored
ACC00507,2025-01-31,90,True,,censored
ACC00507,2025-02-28,90,True,,censored
ACC00507,2025-03-31,90,True,,censored
ACC00507,2025-04-30,90,True,,censored
ACC00507,2025-05-31,90,True,,censored
ACC00507,2025-06-30,90,True,,censored
ACC00507,2025-07-31,90,True,,censored
ACC00507,2025-08-31,90,True,,censored
ACC00507,2025-09-30,90,True,,censored
ACC00507,2025-10-31,90,True,,censored
ACC00507,2025-11-30,90,True,,censored
ACC00507,2025-12-31,90,True,,censored
ACC00508,2024-01-31,90,True,,censored
ACC00508,2024-02-29,90,True,,censored
ACC00508,2024-03-31,90,True,,censored
ACC00508,2024-04-30,90,True,,censored
ACC00508,2024-05-31,90,True,,censored
ACC00508,2024-06-30,90,True,,censored
ACC00508,2024-07-31,90,True,,censored
ACC00508,2024-08-31,90,True,,censored
ACC00508,2024-09-30,90,True,,censored
ACC00508,2024-10-31,90,True,,censored
ACC00508,2024-11-30,90,True,,censored
ACC00508,2024-12-31,90,True,,censored
ACC00508,2025-01-31,90,True,,censored
ACC00508,2025-02-28,90,True,,censored
ACC00508,2025-03-31,90,True,,censored
ACC00508,2025-04-30,90,True,,censored
ACC00508,2025-05-31,90,True,,censored
ACC00508,2025-06-30,90,True,,censored
ACC00508,2025-07-31,90,True,,censored
ACC00508,2025-08-31,90,True,,censored
ACC00508,2025-09-30,90,True,,censored
ACC00508,2025-10-31,90,True,,censored
ACC00508,2025-11-30,90,True,,censored
ACC00508,2025-12-31,90,True,,censored
ACC00509,2024-01-31,90,True,,censored
ACC00509,2024-02-29,90,True,,censored
ACC00509,2024-03-31,90,True,,censored
ACC00509,2024-04-30,90,True,,censored
ACC00509,2024-05-31,90,True,,censored
ACC00509,2024-06-30,90,True,,censored
ACC00509,2024-07-31,90,True,,censored
ACC00509,2024-08-31,90,True,,censored
ACC00509,2024-09-30,90,True,,censored
ACC00509,2024-10-31,90,True,,censored
ACC00509,2024-11-30,90,True,,censored
ACC00509,2024-12-31,90,True,,censored
ACC00509,2025-01-31,90,True,,censored
ACC00509,2025-02-28,90,True,,censored
ACC00509,2025-03-31,90,True,,censored
ACC00509,2025-04-30,90,True,,censored
ACC00509,2025-05-31,90,True,,censored
ACC00509,2025-06-30,90,True,,censored
ACC00509,2025-07-31,90,True,,censored
ACC00509,2025-08-31,90,True,,censored
ACC00509,2025-09-30,90,True,,censored
ACC00509,2025-10-31,90,True,,censored
ACC00509,2025-11-30,90,True,,censored
ACC00509,2025-12-31,90,True,,censored
ACC00510,2024-01-31,90,True,0.0,no_target_event_within_90d
ACC00510,2024-02-29,90,True,0.0,no_target_event_within_90d
ACC00510,2024-03-31,90,True,0.0,no_target_event_within_90d
ACC00510,2024-04-30,90,True,0.0,no_target_event_within_90d
ACC00510,2024-05-31,90,True,0.0,no_target_event_within_90d
ACC00510,2024-06-30,90,True,0.0,no_target_event_within_90d
ACC00510,2024-07-31,90,True,0.0,no_target_event_within_90d
ACC00510,2024-08-31,90,True,1.0,renewed
ACC00510,2024-09-30,90,True,1.0,renewed
ACC00510,2024-10-31,90,True,1.0,renewed
ACC00511,2024-01-31,90,True,0.0,no_target_event_within_90d
ACC00511,2024-02-29,90,True,0.0,no_target_event_within_90d
ACC00511,2024-03-31,90,True,0.0,no_target_event_within_90d
ACC00511,2024-04-30,90,True,0.0,no_target_event_within_90d
ACC00511,2024-05-31,90,True,0.0,no_target_event_within_90d
ACC00511,2024-06-30,90,True,0.0,no_target_event_within_90d
ACC00511,2024-07-31,90,True,0.0,no_target_event_within_90d
ACC00511,2024-08-31,90,True,1.0,renewed
ACC00511,2024-09-30,90,True,1.0,renewed
ACC00511,2024-10-31,90,True,1.0,renewed
ACC00512,2024-01-31,90,True,0.0,no_target_event_within_90d
ACC00512,2024-02-29,90,True,0.0,no_target_event_within_90d
ACC00512,2024-03-31,90,True,0.0,no_target_event_within_90d
ACC00512,2024-04-30,90,True,0.0,no_target_event_within_90d
ACC00512,2024-05-31,90,True,1.0,renewed
ACC00512,2024-06-30,90,True,1.0,renewed
ACC00512,2024-07-31,90,True,1.0,renewed
ACC00513,2024-01-31,90,True,,censored
ACC00513,2024-02-29,90,True,,censored
ACC00513,2024-03-31,90,True,,censored
ACC00513,2024-04-30,90,True,,censored
ACC00513,2024-05-31,90,True,,censored
ACC00513,2024-06-30,90,True,,censored
ACC00513,2024-07-31,90,True,,censored
ACC00513,2024-08-31,90,True,,censored
ACC00513,2024-09-30,90,True,,censored
ACC00513,2024-10-31,90,True,,censored
ACC00513,2024-11-30,90,True,,censored
ACC00513,2024-12-31,90,True,,censored
ACC00513,2025-01-31,90,True,,censored
ACC00513,2025-02-28,90,True,,censored
ACC00513,2025-03-31,90,True,,censored
ACC00513,2025-04-30,90,True,,censored
ACC00513,2025-05-31,90,True,,censored
ACC00513,2025-06-30,90,True,,censored
ACC00513,2025-07-31,90,True,,censored
ACC00513,2025-08-31,90,True,,censored
ACC00513,2025-09-30,90,True,,censored
ACC00513,2025-10-31,90,True,,censored
ACC00513,2025-11-30,90,True,,censored
ACC00513,2025-12-31,90,True,,censored
ACC00514,2024-01-31,90,True,,censored
ACC00514,2024-02-29,90,True,,censored
ACC00514,2024-03-31,90,True,,censored
ACC00514,2024-04-30,90,True,,censored
ACC00514,2024-05-31,90,True,,censored
ACC00514,2024-06-30,90,True,,censored
ACC00514,2024-07-31,90,True,,censored
ACC00514,2024-08-31,90,True,,censored
ACC00514,2024-09-30,90,True,,censored
ACC00514,2024-10-31,90,True,,censored
ACC00514,2024-11-30,90,True,,censored
ACC00514,2024-12-31,90,True,,censored
ACC00514,2025-01-31,90,True,,censored
ACC00514,2025-02-28,90,True,,censored
ACC00514,2025-03-31,90,True,,censored
ACC00514,2025-04-30,90,True,,censored
ACC00514,2025-05-31,90,True,,censored
ACC00514,2025-06-30,90,True,,censored
ACC00514,2025-07-31,90,True,,censored
ACC00514,2025-08-31,90,True,,censored
ACC00514,2025-09-30,90,True,,censored
ACC00514,2025-10-31,90,True,,censored
ACC00514,2025-11-30,90,True,,censored
ACC00514,2025-12-31,90,True,,censored
ACC00515,2024-01-31,90,True,0.0,no_target_event_within_90d
ACC00515,2024-02-29,90,True,0.0,no_target_event_within_90d
ACC00515,2024-03-31,90,True,0.0,no_target_event_within_90d
ACC00515,2024-04-30,90,True,0.0,no_target_event_within_90d
ACC00515,2024-05-31,90,True,0.0,no_target_event_within_90d
ACC00515,2024-06-30,90,True,0.0,no_target_event_within_90d
ACC00515,2024-07-31,90,True,0.0,no_target_event_within_90d
ACC00515,2024-08-31,90,True,0.0,no_target_event_within_90d
ACC00515,2024-09-30,90,True,0.0,no_target_event_within_90d
ACC00515,2024-10-31,90,True,0.0,no_target_event_within_90d
ACC00515,2024-11-30,90,True,0.0,no_target_event_within_90d
ACC00515,2024-12-31,90,True,1.0,churned_voluntary
ACC00515,2025-01-31,90,True,1.0,churned_voluntary
ACC00515,2025-02-28,90,True,1.0,churned_voluntary
ACC00516,2024-01-31,90,True,0.0,no_target_event_within_90d
ACC00516,2024-02-29,90,True,0.0,no_target_event_within_90d
ACC00516,2024-03-31,90,True,0.0,no_target_event_within_90d
ACC00516,2024-04-30,90,True,0.0,no_target_event_within_90d
ACC00516,2024-05-31,90,True,0.0,no_target_event_within_90d
ACC00516,2024-06-30,90,True,0.0,no_target_event_within_90d
ACC00516,2024-07-31,90,True,0.0,no_target_event_within_90d
ACC00516,2024-08-31,90,True,0.0,no_target_event_within_90d
ACC00516,2024-09-30,90,True,0.0,no_target_event_within_90d
ACC00516,2024-10-31,90,True,0.0,no_target_event_within_90d
ACC00516,2024-11-30,90,True,1.0,churned_voluntary
ACC00516,2024-12-31,90,True,1.0,churned_voluntary
ACC00516,2025-01-31,90,True,1.0,churned_voluntary
ACC00517,2024-01-31,90,True,0.0,no_target_event_within_90d
ACC00517,2024-02-29,90,True,0.0,no_target_event_within_90d
ACC00517,2024-03-31,90,True,0.0,no_target_event_within_90d
ACC00517,2024-04-30,90,True,0.0,no_target_event_within_90d
ACC00517,2024-05-31,90,True,0.0,no_target_event_within_90d
ACC00517,2024-06-30,90,True,0.0,no_target_event_within_90d
ACC00517,2024-07-31,90,True,1.0,renewed
ACC00517,2024-08-31,90,True,1.0,renewed
ACC00517,2024-09-30,90,True,1.0,renewed
ACC00518,2024-01-31,90,True,,censored
ACC00518,2024-02-29,90,True,,censored
ACC00518,2024-03-31,90,True,,censored
ACC00518,2024-04-30,90,True,,censored
ACC00518,2024-05-31,90,True,,censored
ACC00518,2024-06-30,90,True,,censored
ACC00518,2024-07-31,90,True,,censored
ACC00518,2024-08-31,90,True,,censored
ACC00518,2024-09-30,90,True,,censored
ACC00518,2024-10-31,90,True,,censored
ACC00518,2024-11-30,90,True,,censored
ACC00518,2024-12-31,90,True,,censored
ACC00518,2025-01-31,90,True,,censored
ACC00518,2025-02-28,90,True,,censored
ACC00518,2025-03-31,90,True,,censored
ACC00518,2025-04-30,90,True,,censored
ACC00518,2025-05-31,90,True,,censored
ACC00518,2025-06-30,90,True,,censored
ACC00518,2025-07-31,90,True,,censored
ACC00518,2025-08-31,90,True,,censored
ACC00518,2025-09-30,90,True,,censored
ACC00518,2025-10-31,90,True,,censored
ACC00518,2025-11-30,90,True,,censored
ACC00518,2025-12-31,90,True,,censored
ACC00519,2024-01-31,90,True,,censored
ACC00519,2024-02-29,90,True,,censored
ACC00519,2024-03-31,90,True,,censored
ACC00519,2024-04-30,90,True,,censored
ACC00519,2024-05-31,90,True,,censored
ACC00519,2024-06-30,90,True,,censored
ACC00519,2024-07-31,90,True,,censored
ACC00519,2024-08-31,90,True,,censored
ACC00519,2024-09-30,90,True,,censored
ACC00519,2024-10-31,90,True,,censored
ACC00519,2024-11-30,90,True,,censored
ACC00519,2024-12-31,90,True,,censored
ACC00519,2025-01-31,90,True,,censored
ACC00519,2025-02-28,90,True,,censored
ACC00519,2025-03-31,90,True,,censored
ACC00519,2025-04-30,90,True,,censored
ACC00519,2025-05-31,90,True,,censored
ACC00519,2025-06-30,90,True,,censored
ACC00519,2025-07-31,90,True,,censored
ACC00519,2025-08-31,90,True,,censored
ACC00519,2025-09-30,90,True,,censored
ACC00519,2025-10-31,90,True,,censored
ACC00519,2025-11-30,90,True,,censored
ACC00519,2025-12-31,90,True,,censored
ACC00520,2024-01-31,90,True,0.0,no_target_event_within_90d
ACC00520,2024-02-29,90,True,0.0,no_target_event_within_90d
ACC00520,2024-03-31,90,True,0.0,no_target_event_within_90d
ACC00520,2024-04-30,90,True,0.0,no_target_event_within_90d
ACC00520,2024-05-31,90,True,0.0,no_target_event_within_90d
ACC00520,2024-06-30,90,True,0.0,no_target_event_within_90d
ACC00520,2024-07-31,90,True,0.0,no_target_event_within_90d
ACC00520,2024-08-31,90,True,1.0,downgraded
ACC00520,2024-09-30,90,True,1.0,downgraded
ACC00520,2024-10-31,90,True,1.0,downgraded
ACC00521,2024-01-31,90,True,0.0,no_target_event_within_90d
ACC00521,2024-02-29,90,True,0.0,no_target_event_within_90d
ACC00521,2024-03-31,90,True,0.0,no_target_event_within_90d
ACC00521,2024-04-30,90,True,0.0,no_target_event_within_90d
ACC00521,2024-05-31,90,True,0.0,no_target_event_within_90d
ACC00521,2024-06-30,90,True,0.0,no_target_event_within_90d
ACC00521,2024-07-31,90,True,0.0,no_target_event_within_90d
ACC00521,2024-08-31,90,True,1.0,renewed
ACC00521,2024-09-30,90,True,1.0,renewed
ACC00521,2024-10-31,90,True,1.0,renewed
ACC00522,2024-01-31,90,True,0.0,no_target_event_within_90d
ACC00522,2024-02-29,90,True,0.0,no_target_event_within_90d
ACC00522,2024-03-31,90,True,0.0,no_target_event_within_90d
ACC00522,2024-04-30,90,True,0.0,no_target_event_within_90d
ACC00522,2024-05-31,90,True,0.0,no_target_event_within_90d
ACC00522,2024-06-30,90,True,0.0,no_target_event_within_90d
ACC00522,2024-07-31,90,True,0.0,no_target_event_within_90d
ACC00522,2024-08-31,90,True,0.0,no_target_event_within_90d
ACC00522,2024-09-30,90,True,1.0,renewed
ACC00522,2024-10-31,90,True,1.0,renewed
ACC00522,2024-11-30,90,True,1.0,renewed
ACC00523,2024-01-31,90,True,,censored
ACC00523,2024-02-29,90,True,,censored
ACC00523,2024-03-31,90,True,,censored
ACC00523,2024-04-30,90,True,,censored
ACC00523,2024-05-31,90,True,,censored
ACC00523,2024-06-30,90,True,,censored
ACC00523,2024-07-31,90,True,,censored
ACC00523,2024-08-31,90,True,,censored
ACC00523,2024-09-30,90,True,,censored
ACC00523,2024-10-31,90,True,,censored
ACC00523,2024-11-30,90,True,,censored
ACC00523,2024-12-31,90,True,,censored
ACC00523,2025-01-31,90,True,,censored
ACC00523,2025-02-28,90,True,,censored
ACC00523,2025-03-31,90,True,,censored
ACC00523,2025-04-30,90,True,,censored
ACC00523,2025-05-31,90,True,,censored
ACC00523,2025-06-30,90,True,,censored
ACC00523,2025-07-31,90,True,,censored
ACC00523,2025-08-31,90,True,,censored
ACC00523,2025-09-30,90,True,,censored
ACC00523,2025-10-31,90,True,,censored
ACC00523,2025-11-30,90,True,,censored
ACC00523,2025-12-31,90,True,,censored
ACC00524,2024-01-31,90,True,,censored
ACC00524,2024-02-29,90,True,,censored
ACC00524,2024-03-31,90,True,,censored
ACC00524,2024-04-30,90,True,,censored
ACC00524,2024-05-31,90,True,,censored
ACC00524,2024-06-30,90,True,,censored
ACC00524,2024-07-31,90,True,,censored
ACC00524,2024-08-31,90,True,,censored
ACC00524,2024-09-30,90,True,,censored
ACC00524,2024-10-31,90,True,,censored
ACC00524,2024-11-30,90,True,,censored
ACC00524,2024-12-31,90,True,,censored
ACC00524,2025-01-31,90,True,,censored
ACC00524,2025-02-28,90,True,,censored
ACC00524,2025-03-31,90,True,,censored
ACC00524,2025-04-30,90,True,,censored
ACC00524,2025-05-31,90,True,,censored
ACC00524,2025-06-30,90,True,,censored
ACC00524,2025-07-31,90,True,,censored
ACC00524,2025-08-31,90,True,,censored
ACC00524,2025-09-30,90,True,,censored
ACC00524,2025-10-31,90,True,,censored
ACC00524,2025-11-30,90,True,,censored
ACC00524,2025-12-31,90,True,,censored
ACC00525,2024-01-31,90,True,,censored
ACC00525,2024-02-29,90,True,,censored
ACC00525,2024-03-31,90,True,,censored
ACC00525,2024-04-30,90,True,,censored
ACC00525,2024-05-31,90,True,,censored
ACC00525,2024-06-30,90,True,,censored
ACC00525,2024-07-31,90,True,,censored
ACC00525,2024-08-31,90,True,,censored
ACC00525,2024-09-30,90,True,,censored
ACC00525,2024-10-31,90,True,,censored
ACC00525,2024-11-30,90,True,,censored
ACC00525,2024-12-31,90,True,,censored
ACC00525,2025-01-31,90,True,,censored
ACC00525,2025-02-28,90,True,,censored
ACC00525,2025-03-31,90,True,,censored
ACC00525,2025-04-30,90,True,,censored
ACC00525,2025-05-31,90,True,,censored
ACC00525,2025-06-30,90,True,,censored
ACC00525,2025-07-31,90,True,,censored
ACC00525,2025-08-31,90,True,,censored
ACC00525,2025-09-30,90,True,,censored
ACC00525,2025-10-31,90,True,,censored
ACC00525,2025-11-30,90,True,,censored
ACC00525,2025-12-31,90,True,,censored
ACC00526,2024-01-31,90,True,0.0,no_target_event_within_90d
ACC00526,2024-02-29,90,True,0.0,no_target_event_within_90d
ACC00526,2024-03-31,90,True,0.0,no_target_event_within_90d
ACC00526,2024-04-30,90,True,0.0,no_target_event_within_90d
ACC00526,2024-05-31,90,True,0.0,no_target_event_within_90d
ACC00526,2024-06-30,90,True,0.0,no_target_event_within_90d
ACC00526,2024-07-31,90,True,0.0,no_target_event_within_90d
ACC00526,2024-08-31,90,True,0.0,no_target_event_within_90d
ACC00526,2024-09-30,90,True,0.0,no_target_event_within_90d
ACC00526,2024-10-31,90,True,0.0,no_target_event_within_90d
ACC00526,2024-11-30,90,True,0.0,no_target_event_within_90d
ACC00526,2024-12-31,90,True,0.0,no_target_event_within_90d
ACC00526,2025-01-31,90,True,0.0,no_target_event_within_90d
ACC00526,2025-02-28,90,True,0.0,no_target_event_within_90d
ACC00526,2025-03-31,90,True,0.0,no_target_event_within_90d
ACC00526,2025-04-30,90,True,0.0,no_target_event_within_90d
ACC00526,2025-05-31,90,True,0.0,no_target_event_within_90d
ACC00526,2025-06-30,90,True,1.0,renewed
ACC00526,2025-07-31,90,True,1.0,renewed
ACC00526,2025-08-31,90,True,1.0,renewed
ACC00527,2024-01-31,90,True,0.0,no_target_event_within_90d
ACC00527,2024-02-29,90,True,0.0,no_target_event_within_90d
ACC00527,2024-03-31,90,True,0.0,no_target_event_within_90d
ACC00527,2024-04-30,90,True,0.0,no_target_event_within_90d
ACC00527,2024-05-31,90,True,0.0,no_target_event_within_90d
ACC00527,2024-06-30,90,True,0.0,no_target_event_within_90d
ACC00527,2024-07-31,90,True,0.0,no_target_event_within_90d
ACC00527,2024-08-31,90,True,0.0,no_target_event_within_90d
ACC00527,2024-09-30,90,True,0.0,no_target_event_within_90d
ACC00527,2024-10-31,90,True,0.0,no_target_event_within_90d
ACC00527,2024-11-30,90,True,0.0,no_target_event_within_90d
ACC00527,2024-12-31,90,True,0.0,no_target_event_within_90d
ACC00527,2025-01-31,90,True,0.0,no_target_event_within_90d
ACC00527,2025-02-28,90,True,0.0,no_target_event_within_90d
ACC00527,2025-03-31,90,True,0.0,no_target_event_within_90d
ACC00527,2025-04-30,90,True,0.0,no_target_event_within_90d
ACC00527,2025-05-31,90,True,0.0,no_target_event_within_90d
ACC00527,2025-06-30,90,True,0.0,no_target_event_within_90d
ACC00527,2025-07-31,90,True,0.0,no_target_event_within_90d
ACC00527,2025-08-31,90,True,1.0,renewed
ACC00527,2025-09-30,90,True,1.0,renewed
ACC00527,2025-10-31,90,True,1.0,renewed
ACC00528,2024-01-31,90,True,0.0,no_target_event_within_90d
ACC00528,2024-02-29,90,True,0.0,no_target_event_within_90d
ACC00528,2024-03-31,90,True,0.0,no_target_event_within_90d
ACC00528,2024-04-30,90,True,0.0,no_target_event_within_90d
ACC00528,2024-05-31,90,True,0.0,no_target_event_within_90d
ACC00528,2024-06-30,90,True,0.0,no_target_event_within_90d
ACC00528,2024-07-31,90,True,0.0,no_target_event_within_90d
ACC00528,2024-08-31,90,True,0.0,no_target_event_within_90d
ACC00528,2024-09-30,90,True,0.0,no_target_event_within_90d
ACC00528,2024-10-31,90,True,0.0,no_target_event_within_90d
ACC00528,2024-11-30,90,True,0.0,no_target_event_within_90d
ACC00528,2024-12-31,90,True,0.0,no_target_event_within_90d
ACC00528,2025-01-31,90,True,0.0,no_target_event_within_90d
ACC00528,2025-02-28,90,True,0.0,no_target_event_within_90d
ACC00528,2025-03-31,90,True,0.0,no_target_event_within_90d
ACC00528,2025-04-30,90,True,0.0,no_target_event_within_90d
ACC00528,2025-05-31,90,True,0.0,no_target_event_within_90d
ACC00528,2025-06-30,90,True,0.0,no_target_event_within_90d
ACC00528,2025-07-31,90,True,0.0,no_target_event_within_90d
ACC00528,2025-08-31,90,True,1.0,renewed
ACC00528,2025-09-30,90,True,1.0,renewed
ACC00528,2025-10-31,90,True,1.0,renewed
ACC00529,2024-01-31,90,True,0.0,no_target_event_within_90d
ACC00529,2024-02-29,90,True,0.0,no_target_event_within_90d
ACC00529,2024-03-31,90,True,0.0,no_target_event_within_90d
ACC00529,2024-04-30,90,True,0.0,no_target_event_within_90d
ACC00529,2024-05-31,90,True,0.0,no_target_event_within_90d
ACC00529,2024-06-30,90,True,0.0,no_target_event_within_90d
ACC00529,2024-07-31,90,True,0.0,no_target_event_within_90d
ACC00529,2024-08-31,90,True,0.0,no_target_event_within_90d
ACC00529,2024-09-30,90,True,0.0,no_target_event_within_90d
ACC00529,2024-10-31,90,True,0.0,no_target_event_within_90d
ACC00529,2024-11-30,90,True,0.0,no_target_event_within_90d
ACC00529,2024-12-31,90,True,0.0,no_target_event_within_90d
ACC00529,2025-01-31,90,True,0.0,no_target_event_within_90d
ACC00529,2025-02-28,90,True,0.0,no_target_event_within_90d
ACC00529,2025-03-31,90,True,1.0,churned_voluntary
ACC00529,2025-04-30,90,True,1.0,churned_voluntary
ACC00529,2025-05-31,90,True,1.0,churned_voluntary
ACC00530,2024-01-31,90,True,,censored
ACC00530,2024-02-29,90,True,,censored
ACC00530,2024-03-31,90,True,,censored
ACC00530,2024-04-30,90,True,,censored
ACC00530,2024-05-31,90,True,,censored
ACC00530,2024-06-30,90,True,,censored
ACC00530,2024-07-31,90,True,,censored
ACC00530,2024-08-31,90,True,,censored
ACC00530,2024-09-30,90,True,,censored
ACC00530,2024-10-31,90,True,,censored
ACC00530,2024-11-30,90,True,,censored
ACC00530,2024-12-31,90,True,,censored
ACC00530,2025-01-31,90,True,,censored
ACC00530,2025-02-28,90,True,,censored
ACC00530,2025-03-31,90,True,,censored
ACC00530,2025-04-30,90,True,,censored
ACC00530,2025-05-31,90,True,,censored
ACC00530,2025-06-30,90,True,,censored
ACC00530,2025-07-31,90,True,,censored
ACC00530,2025-08-31,90,True,,censored
ACC00530,2025-09-30,90,True,,censored
ACC00530,2025-10-31,90,True,,censored
ACC00530,2025-11-30,90,True,,censored
ACC00530,2025-12-31,90,True,,censored
ACC00531,2024-01-31,90,True,,censored
ACC00531,2024-02-29,90,True,,censored
ACC00531,2024-03-31,90,True,,censored
ACC00531,2024-04-30,90,True,,censored
ACC00531,2024-05-31,90,True,,censored
ACC00531,2024-06-30,90,True,,censored
ACC00531,2024-07-31,90,True,,censored
ACC00531,2024-08-31,90,True,,censored
ACC00531,2024-09-30,90,True,,censored
ACC00531,2024-10-31,90,True,,censored
ACC00531,2024-11-30,90,True,,censored
ACC00531,2024-12-31,90,True,,censored
ACC00531,2025-01-31,90,True,,censored
ACC00531,2025-02-28,90,True,,censored
ACC00531,2025-03-31,90,True,,censored
ACC00531,2025-04-30,90,True,,censored
ACC00531,2025-05-31,90,True,,censored
ACC00531,2025-06-30,90,True,,censored
ACC00531,2025-07-31,90,True,,censored
ACC00531,2025-08-31,90,True,,censored
ACC00531,2025-09-30,90,True,,censored
ACC00531,2025-10-31,90,True,,censored
ACC00531,2025-11-30,90,True,,censored
ACC00531,2025-12-31,90,True,,censored
ACC00532,2024-01-31,90,True,,censored
ACC00532,2024-02-29,90,True,,censored
ACC00532,2024-03-31,90,True,,censored
ACC00532,2024-04-30,90,True,,censored
ACC00532,2024-05-31,90,True,,censored
ACC00532,2024-06-30,90,True,,censored
ACC00532,2024-07-31,90,True,,censored
ACC00532,2024-08-31,90,True,,censored
ACC00532,2024-09-30,90,True,,censored
ACC00532,2024-10-31,90,True,,censored
ACC00532,2024-11-30,90,True,,censored
ACC00532,2024-12-31,90,True,,censored
ACC00532,2025-01-31,90,True,,censored
ACC00532,2025-02-28,90,True,,censored
ACC00532,2025-03-31,90,True,,censored
ACC00532,2025-04-30,90,True,,censored
ACC00532,2025-05-31,90,True,,censored
ACC00532,2025-06-30,90,True,,censored
ACC00532,2025-07-31,90,True,,censored
ACC00532,2025-08-31,90,True,,censored
ACC00532,2025-09-30,90,True,,censored
ACC00532,2025-10-31,90,True,,censored
ACC00532,2025-11-30,90,True,,censored
ACC00532,2025-12-31,90,True,,censored
ACC00533,2024-01-31,90,True,,censored
ACC00533,2024-02-29,90,True,,censored
ACC00533,2024-03-31,90,True,,censored
ACC00533,2024-04-30,90,True,,censored
ACC00533,2024-05-31,90,True,,censored
ACC00533,2024-06-30,90,True,,censored
ACC00533,2024-07-31,90,True,,censored
ACC00533,2024-08-31,90,True,,censored
ACC00533,2024-09-30,90,True,,censored
ACC00533,2024-10-31,90,True,,censored
ACC00533,2024-11-30,90,True,,censored
ACC00533,2024-12-31,90,True,,censored
ACC00533,2025-01-31,90,True,,censored
ACC00533,2025-02-28,90,True,,censored
ACC00533,2025-03-31,90,True,,censored
ACC00533,2025-04-30,90,True,,censored
ACC00533,2025-05-31,90,True,,censored
ACC00533,2025-06-30,90,True,,censored
ACC00533,2025-07-31,90,True,,censored
ACC00533,2025-08-31,90,True,,censored
ACC00533,2025-09-30,90,True,,censored
ACC00533,2025-10-31,90,True,,censored
ACC00533,2025-11-30,90,True,,censored
ACC00533,2025-12-31,90,True,,censored
ACC00534,2024-01-31,90,True,0.0,no_target_event_within_90d
ACC00534,2024-02-29,90,True,0.0,no_target_event_within_90d
ACC00534,2024-03-31,90,True,0.0,no_target_event_within_90d
ACC00534,2024-04-30,90,True,0.0,no_target_event_within_90d
ACC00534,2024-05-31,90,True,0.0,no_target_event_within_90d
ACC00534,2024-06-30,90,True,0.0,no_target_event_within_90d
ACC00534,2024-07-31,90,True,0.0,no_target_event_within_90d
ACC00534,2024-08-31,90,True,0.0,no_target_event_within_90d
ACC00534,2024-09-30,90,True,1.0,renewed
ACC00534,2024-10-31,90,True,1.0,renewed
ACC00534,2024-11-30,90,True,1.0,renewed
ACC00535,2024-01-31,90,True,,censored
ACC00535,2024-02-29,90,True,,censored
ACC00535,2024-03-31,90,True,,censored
ACC00535,2024-04-30,90,True,,censored
ACC00535,2024-05-31,90,True,,censored
ACC00535,2024-06-30,90,True,,censored
ACC00535,2024-07-31,90,True,,censored
ACC00535,2024-08-31,90,True,,censored
ACC00535,2024-09-30,90,True,,censored
ACC00535,2024-10-31,90,True,,censored
ACC00535,2024-11-30,90,True,,censored
ACC00535,2024-12-31,90,True,,censored
ACC00535,2025-01-31,90,True,,censored
ACC00535,2025-02-28,90,True,,censored
ACC00535,2025-03-31,90,True,,censored
ACC00535,2025-04-30,90,True,,censored
ACC00535,2025-05-31,90,True,,censored
ACC00535,2025-06-30,90,True,,censored
ACC00535,2025-07-31,90,True,,censored
ACC00535,2025-08-31,90,True,,censored
ACC00535,2025-09-30,90,True,,censored
ACC00535,2025-10-31,90,True,,censored
ACC00535,2025-11-30,90,True,,censored
ACC00535,2025-12-31,90,True,,censored
ACC00536,2024-01-31,90,True,,censored
ACC00536,2024-02-29,90,True,,censored
ACC00536,2024-03-31,90,True,,censored
ACC00536,2024-04-30,90,True,,censored
ACC00536,2024-05-31,90,True,,censored
ACC00536,2024-06-30,90,True,,censored
ACC00536,2024-07-31,90,True,,censored
ACC00536,2024-08-31,90,True,,censored
ACC00536,2024-09-30,90,True,,censored
ACC00536,2024-10-31,90,True,,censored
ACC00536,2024-11-30,90,True,,censored
ACC00536,2024-12-31,90,True,,censored
ACC00536,2025-01-31,90,True,,censored
ACC00536,2025-02-28,90,True,,censored
ACC00536,2025-03-31,90,True,,censored
ACC00536,2025-04-30,90,True,,censored
ACC00536,2025-05-31,90,True,,censored
ACC00536,2025-06-30,90,True,,censored
ACC00536,2025-07-31,90,True,,censored
ACC00536,2025-08-31,90,True,,censored
ACC00536,2025-09-30,90,True,,censored
ACC00536,2025-10-31,90,True,,censored
ACC00536,2025-11-30,90,True,,censored
ACC00536,2025-12-31,90,True,,censored
ACC00537,2024-01-31,90,True,,censored
ACC00537,2024-02-29,90,True,,censored
ACC00537,2024-03-31,90,True,,censored
ACC00537,2024-04-30,90,True,,censored
ACC00537,2024-05-31,90,True,,censored
ACC00537,2024-06-30,90,True,,censored
ACC00537,2024-07-31,90,True,,censored
ACC00537,2024-08-31,90,True,,censored
ACC00537,2024-09-30,90,True,,censored
ACC00537,2024-10-31,90,True,,censored
ACC00537,2024-11-30,90,True,,censored
ACC00537,2024-12-31,90,True,,censored
ACC00537,2025-01-31,90,True,,censored
ACC00537,2025-02-28,90,True,,censored
ACC00537,2025-03-31,90,True,,censored
ACC00537,2025-04-30,90,True,,censored
ACC00537,2025-05-31,90,True,,censored
ACC00537,2025-06-30,90,True,,censored
ACC00537,2025-07-31,90,True,,censored
ACC00537,2025-08-31,90,True,,censored
ACC00537,2025-09-30,90,True,,censored
ACC00537,2025-10-31,90,True,,censored
ACC00537,2025-11-30,90,True,,censored
ACC00537,2025-12-31,90,True,,censored
ACC00538,2024-01-31,90,True,0.0,no_target_event_within_90d
ACC00538,2024-02-29,90,True,0.0,no_target_event_within_90d
ACC00538,2024-03-31,90,True,0.0,no_target_event_within_90d
ACC00538,2024-04-30,90,True,0.0,no_target_event_within_90d
ACC00538,2024-05-31,90,True,0.0,no_target_event_within_90d
ACC00538,2024-06-30,90,True,0.0,no_target_event_within_90d
ACC00538,2024-07-31,90,True,0.0,no_target_event_within_90d
ACC00538,2024-08-31,90,True,0.0,no_target_event_within_90d
ACC00538,2024-09-30,90,True,1.0,renewed
ACC00538,2024-10-31,90,True,1.0,renewed
ACC00538,2024-11-30,90,True,1.0,renewed
ACC00539,2024-01-31,90,True,0.0,no_target_event_within_90d
ACC00539,2024-02-29,90,True,0.0,no_target_event_within_90d
ACC00539,2024-03-31,90,True,0.0,no_target_event_within_90d
ACC00539,2024-04-30,90,True,0.0,no_target_event_within_90d
ACC00539,2024-05-31,90,True,0.0,no_target_event_within_90d
ACC00539,2024-06-30,90,True,0.0,no_target_event_within_90d
ACC00539,2024-07-31,90,True,1.0,renewed
ACC00539,2024-08-31,90,True,1.0,renewed
ACC00539,2024-09-30,90,True,1.0,renewed
ACC00540,2024-01-31,90,True,0.0,no_target_event_within_90d
ACC00540,2024-02-29,90,True,0.0,no_target_event_within_90d
ACC00540,2024-03-31,90,True,0.0,no_target_event_within_90d
ACC00540,2024-04-30,90,True,0.0,no_target_event_within_90d
ACC00540,2024-05-31,90,True,0.0,no_target_event_within_90d
ACC00540,2024-06-30,90,True,0.0,no_target_event_within_90d
ACC00540,2024-07-31,90,True,0.0,no_target_event_within_90d
ACC00540,2024-08-31,90,True,0.0,no_target_event_within_90d
ACC00540,2024-09-30,90,True,0.0,no_target_event_within_90d
ACC00540,2024-10-31,90,True,0.0,no_target_event_within_90d
ACC00540,2024-11-30,90,True,0.0,no_target_event_within_90d
ACC00540,2024-12-31,90,True,0.0,no_target_event_within_90d
ACC00540,2025-01-31,90,True,0.0,no_target_event_within_90d
ACC00540,2025-02-28,90,True,0.0,no_target_event_within_90d
ACC00540,2025-03-31,90,True,1.0,downgraded
ACC00540,2025-04-30,90,True,1.0,downgraded
ACC00540,2025-05-31,90,True,1.0,downgraded
ACC00541,2024-01-31,90,True,,censored
ACC00541,2024-02-29,90,True,,censored
ACC00541,2024-03-31,90,True,,censored
ACC00541,2024-04-30,90,True,,censored
ACC00541,2024-05-31,90,True,,censored
ACC00541,2024-06-30,90,True,,censored
ACC00541,2024-07-31,90,True,,censored
ACC00541,2024-08-31,90,True,,censored
ACC00541,2024-09-30,90,True,,censored
ACC00541,2024-10-31,90,True,,censored
ACC00541,2024-11-30,90,True,,censored
ACC00541,2024-12-31,90,True,,censored
ACC00541,2025-01-31,90,True,,censored
ACC00541,2025-02-28,90,True,,censored
ACC00541,2025-03-31,90,True,,censored
ACC00541,2025-04-30,90,True,,censored
ACC00541,2025-05-31,90,True,,censored
ACC00541,2025-06-30,90,True,,censored
ACC00541,2025-07-31,90,True,,censored
ACC00541,2025-08-31,90,True,,censored
ACC00541,2025-09-30,90,True,,censored
ACC00541,2025-10-31,90,True,,censored
ACC00541,2025-11-30,90,True,,censored
ACC00541,2025-12-31,90,True,,censored
ACC00542,2024-01-31,90,True,0.0,no_target_event_within_90d
ACC00542,2024-02-29,90,True,0.0,no_target_event_within_90d
ACC00542,2024-03-31,90,True,0.0,no_target_event_within_90d
ACC00542,2024-04-30,90,True,0.0,no_target_event_within_90d
ACC00542,2024-05-31,90,True,0.0,no_target_event_within_90d
ACC00542,2024-06-30,90,True,0.0,no_target_event_within_90d
ACC00542,2024-07-31,90,True,0.0,no_target_event_within_90d
ACC00542,2024-08-31,90,True,0.0,no_target_event_within_90d
ACC00542,2024-09-30,90,True,0.0,no_target_event_within_90d
ACC00542,2024-10-31,90,True,0.0,no_target_event_within_90d
ACC00542,2024-11-30,90,True,0.0,no_target_event_within_90d
ACC00542,2024-12-31,90,True,0.0,no_target_event_within_90d
ACC00542,2025-01-31,90,True,0.0,no_target_event_within_90d
ACC00542,2025-02-28,90,True,0.0,no_target_event_within_90d
ACC00542,2025-03-31,90,True,0.0,no_target_event_within_90d
ACC00542,2025-04-30,90,True,0.0,no_target_event_within_90d
ACC00542,2025-05-31,90,True,0.0,no_target_event_within_90d
ACC00542,2025-06-30,90,True,0.0,no_target_event_within_90d
ACC00542,2025-07-31,90,True,0.0,no_target_event_within_90d
ACC00542,2025-08-31,90,True,0.0,no_target_event_within_90d
ACC00542,2025-09-30,90,True,0.0,no_target_event_within_90d
ACC00542,2025-10-31,90,True,1.0,renewed
ACC00542,2025-11-30,90,True,1.0,renewed
ACC00543,2024-01-31,90,True,0.0,no_target_event_within_90d
ACC00543,2024-02-29,90,True,0.0,no_target_event_within_90d
ACC00543,2024-03-31,90,True,0.0,no_target_event_within_90d
ACC00543,2024-04-30,90,True,0.0,no_target_event_within_90d
ACC00543,2024-05-31,90,True,0.0,no_target_event_within_90d
ACC00543,2024-06-30,90,True,0.0,no_target_event_within_90d
ACC00543,2024-07-31,90,True,1.0,renewed
ACC00543,2024-08-31,90,True,1.0,renewed
ACC00543,2024-09-30,90,True,1.0,renewed
ACC00544,2024-01-31,90,True,0.0,no_target_event_within_90d
ACC00544,2024-02-29,90,True,0.0,no_target_event_within_90d
ACC00544,2024-03-31,90,True,0.0,no_target_event_within_90d
ACC00544,2024-04-30,90,True,0.0,no_target_event_within_90d
ACC00544,2024-05-31,90,True,0.0,no_target_event_within_90d
ACC00544,2024-06-30,90,True,1.0,renewed
ACC00544,2024-07-31,90,True,1.0,renewed
ACC00544,2024-08-31,90,True,1.0,renewed
ACC00545,2024-01-31,90,True,0.0,no_target_event_within_90d
ACC00545,2024-02-29,90,True,0.0,no_target_event_within_90d
ACC00545,2024-03-31,90,True,0.0,no_target_event_within_90d
ACC00545,2024-04-30,90,True,0.0,no_target_event_within_90d
ACC00545,2024-05-31,90,True,0.0,no_target_event_within_90d
ACC00545,2024-06-30,90,True,0.0,no_target_event_within_90d
ACC00545,2024-07-31,90,True,0.0,no_target_event_within_90d
ACC00545,2024-08-31,90,True,1.0,renewed
ACC00545,2024-09-30,90,True,1.0,renewed
ACC00545,2024-10-31,90,True,1.0,renewed
ACC00546,2024-01-31,90,True,0.0,no_target_event_within_90d
ACC00546,2024-02-29,90,True,0.0,no_target_event_within_90d
ACC00546,2024-03-31,90,True,0.0,no_target_event_within_90d
ACC00546,2024-04-30,90,True,0.0,no_target_event_within_90d
ACC00546,2024-05-31,90,True,0.0,no_target_event_within_90d
ACC00546,2024-06-30,90,True,0.0,no_target_event_within_90d
ACC00546,2024-07-31,90,True,0.0,no_target_event_within_90d
ACC00546,2024-08-31,90,True,0.0,no_target_event_within_90d
ACC00546,2024-09-30,90,True,0.0,no_target_event_within_90d
ACC00546,2024-10-31,90,True,0.0,no_target_event_within_90d
ACC00546,2024-11-30,90,True,0.0,no_target_event_within_90d
ACC00546,2024-12-31,90,True,0.0,no_target_event_within_90d
ACC00546,2025-01-31,90,True,0.0,no_target_event_within_90d
ACC00546,2025-02-28,90,True,0.0,no_target_event_within_90d
ACC00546,2025-03-31,90,True,0.0,no_target_event_within_90d
ACC00546,2025-04-30,90,True,0.0,no_target_event_within_90d
ACC00546,2025-05-31,90,True,0.0,no_target_event_within_90d
ACC00546,2025-06-30,90,True,0.0,no_target_event_within_90d
ACC00546,2025-07-31,90,True,1.0,renewed
ACC00546,2025-08-31,90,True,1.0,renewed
ACC00546,2025-09-30,90,True,1.0,renewed
ACC00547,2024-01-31,90,True,0.0,no_target_event_within_90d
ACC00547,2024-02-29,90,True,0.0,no_target_event_within_90d
ACC00547,2024-03-31,90,True,0.0,no_target_event_within_90d
ACC00547,2024-04-30,90,True,0.0,no_target_event_within_90d
ACC00547,2024-05-31,90,True,0.0,no_target_event_within_90d
ACC00547,2024-06-30,90,True,0.0,no_target_event_within_90d
ACC00547,2024-07-31,90,True,0.0,no_target_event_within_90d
ACC00547,2024-08-31,90,True,0.0,no_target_event_within_90d
ACC00547,2024-09-30,90,True,0.0,no_target_event_within_90d
ACC00547,2024-10-31,90,True,0.0,no_target_event_within_90d
ACC00547,2024-11-30,90,True,0.0,no_target_event_within_90d
ACC00547,2024-12-31,90,True,0.0,no_target_event_within_90d
ACC00547,2025-01-31,90,True,0.0,no_target_event_within_90d
ACC00547,2025-02-28,90,True,0.0,no_target_event_within_90d
ACC00547,2025-03-31,90,True,0.0,no_target_event_within_90d
ACC00547,2025-04-30,90,True,0.0,no_target_event_within_90d
ACC00547,2025-05-31,90,True,1.0,churned_nonpayment
ACC00547,2025-06-30,90,True,1.0,churned_nonpayment
ACC00547,2025-07-31,90,True,1.0,churned_nonpayment
ACC00548,2024-01-31,90,True,0.0,no_target_event_within_90d
ACC00548,2024-02-29,90,True,0.0,no_target_event_within_90d
ACC00548,2024-03-31,90,True,0.0,no_target_event_within_90d
ACC00548,2024-04-30,90,True,0.0,no_target_event_within_90d
ACC00548,2024-05-31,90,True,0.0,no_target_event_within_90d
ACC00548,2024-06-30,90,True,0.0,no_target_event_within_90d
ACC00548,2024-07-31,90,True,0.0,no_target_event_within_90d
ACC00548,2024-08-31,90,True,0.0,no_target_event_within_90d
ACC00548,2024-09-30,90,True,1.0,renewed
ACC00548,2024-10-31,90,True,1.0,renewed
ACC00548,2024-11-30,90,True,1.0,renewed
ACC00549,2024-01-31,90,True,0.0,no_target_event_within_90d
ACC00549,2024-02-29,90,True,0.0,no_target_event_within_90d
ACC00549,2024-03-31,90,True,0.0,no_target_event_within_90d
ACC00549,2024-04-30,90,True,0.0,no_target_event_within_90d
ACC00549,2024-05-31,90,True,0.0,no_target_event_within_90d
ACC00549,2024-06-30,90,True,0.0,no_target_event_within_90d
ACC00549,2024-07-31,90,True,1.0,renewed
ACC00549,2024-08-31,90,True,1.0,renewed
ACC00549,2024-09-30,90,True,1.0,renewed
ACC00550,2024-01-31,90,True,,censored
ACC00550,2024-02-29,90,True,,censored
ACC00550,2024-03-31,90,True,,censored
ACC00550,2024-04-30,90,True,,censored
ACC00550,2024-05-31,90,True,,censored
ACC00550,2024-06-30,90,True,,censored
ACC00550,2024-07-31,90,True,,censored
ACC00550,2024-08-31,90,True,,censored
ACC00550,2024-09-30,90,True,,censored
ACC00550,2024-10-31,90,True,,censored
ACC00550,2024-11-30,90,True,,censored
ACC00550,2024-12-31,90,True,,censored
ACC00550,2025-01-31,90,True,,censored
ACC00550,2025-02-28,90,True,,censored
ACC00550,2025-03-31,90,True,,censored
ACC00550,2025-04-30,90,True,,censored
ACC00550,2025-05-31,90,True,,censored
ACC00550,2025-06-30,90,True,,censored
ACC00550,2025-07-31,90,True,,censored
ACC00550,2025-08-31,90,True,,censored
ACC00550,2025-09-30,90,True,,censored
ACC00550,2025-10-31,90,True,,censored
ACC00550,2025-11-30,90,True,,censored
ACC00550,2025-12-31,90,True,,censored
ACC00551,2024-01-31,90,True,0.0,no_target_event_within_90d
ACC00551,2024-02-29,90,True,0.0,no_target_event_within_90d
ACC00551,2024-03-31,90,True,0.0,no_target_event_within_90d
ACC00551,2024-04-30,90,True,0.0,no_target_event_within_90d
ACC00551,2024-05-31,90,True,0.0,no_target_event_within_90d
ACC00551,2024-06-30,90,True,0.0,no_target_event_within_90d
ACC00551,2024-07-31,90,True,0.0,no_target_event_within_90d
ACC00551,2024-08-31,90,True,0.0,no_target_event_within_90d
ACC00551,2024-09-30,90,True,0.0,no_target_event_within_90d
ACC00551,2024-10-31,90,True,0.0,no_target_event_within_90d
ACC00551,2024-11-30,90,True,0.0,no_target_event_within_90d
ACC00551,2024-12-31,90,True,0.0,no_target_event_within_90d
ACC00551,2025-01-31,90,True,0.0,no_target_event_within_90d
ACC00551,2025-02-28,90,True,0.0,no_target_event_within_90d
ACC00551,2025-03-31,90,True,0.0,no_target_event_within_90d
ACC00551,2025-04-30,90,True,0.0,no_target_event_within_90d
ACC00551,2025-05-31,90,True,0.0,no_target_event_within_90d
ACC00551,2025-06-30,90,True,1.0,renewed
ACC00551,2025-07-31,90,True,1.0,renewed
ACC00551,2025-08-31,90,True,1.0,renewed
ACC00552,2024-01-31,90,True,,censored
ACC00552,2024-02-29,90,True,,censored
ACC00552,2024-03-31,90,True,,censored
ACC00552,2024-04-30,90,True,,censored
ACC00552,2024-05-31,90,True,,censored
ACC00552,2024-06-30,90,True,,censored
ACC00552,2024-07-31,90,True,,censored
ACC00552,2024-08-31,90,True,,censored
ACC00552,2024-09-30,90,True,,censored
ACC00552,2024-10-31,90,True,,censored
ACC00552,2024-11-30,90,True,,censored
ACC00552,2024-12-31,90,True,,censored
ACC00552,2025-01-31,90,True,,censored
ACC00552,2025-02-28,90,True,,censored
ACC00552,2025-03-31,90,True,,censored
ACC00552,2025-04-30,90,True,,censored
ACC00552,2025-05-31,90,True,,censored
ACC00552,2025-06-30,90,True,,censored
ACC00552,2025-07-31,90,True,,censored
ACC00552,2025-08-31,90,True,,censored
ACC00552,2025-09-30,90,True,,censored
ACC00552,2025-10-31,90,True,,censored
ACC00552,2025-11-30,90,True,,censored
ACC00552,2025-12-31,90,True,,censored
ACC00553,2024-01-31,90,True,0.0,no_target_event_within_90d
ACC00553,2024-02-29,90,True,0.0,no_target_event_within_90d
ACC00553,2024-03-31,90,True,0.0,no_target_event_within_90d
ACC00553,2024-04-30,90,True,0.0,no_target_event_within_90d
ACC00553,2024-05-31,90,True,0.0,no_target_event_within_90d
ACC00553,2024-06-30,90,True,1.0,renewed
ACC00553,2024-07-31,90,True,1.0,renewed
ACC00553,2024-08-31,90,True,1.0,renewed
ACC00554,2024-01-31,90,True,0.0,no_target_event_within_90d
ACC00554,2024-02-29,90,True,0.0,no_target_event_within_90d
ACC00554,2024-03-31,90,True,0.0,no_target_event_within_90d
ACC00554,2024-04-30,90,True,0.0,no_target_event_within_90d
ACC00554,2024-05-31,90,True,0.0,no_target_event_within_90d
ACC00554,2024-06-30,90,True,0.0,no_target_event_within_90d
ACC00554,2024-07-31,90,True,0.0,no_target_event_within_90d
ACC00554,2024-08-31,90,True,0.0,no_target_event_within_90d
ACC00554,2024-09-30,90,True,0.0,no_target_event_within_90d
ACC00554,2024-10-31,90,True,0.0,no_target_event_within_90d
ACC00554,2024-11-30,90,True,0.0,no_target_event_within_90d
ACC00554,2024-12-31,90,True,0.0,no_target_event_within_90d
ACC00554,2025-01-31,90,True,0.0,no_target_event_within_90d
ACC00554,2025-02-28,90,True,0.0,no_target_event_within_90d
ACC00554,2025-03-31,90,True,0.0,no_target_event_within_90d
ACC00554,2025-04-30,90,True,0.0,no_target_event_within_90d
ACC00554,2025-05-31,90,True,0.0,no_target_event_within_90d
ACC00554,2025-06-30,90,True,0.0,no_target_event_within_90d
ACC00554,2025-07-31,90,True,0.0,no_target_event_within_90d
ACC00554,2025-08-31,90,True,0.0,no_target_event_within_90d
ACC00554,2025-09-30,90,True,0.0,no_target_event_within_90d
ACC00554,2025-10-31,90,True,1.0,renewed
ACC00554,2025-11-30,90,True,1.0,renewed
ACC00554,2025-12-31,90,True,1.0,renewed
ACC00555,2024-01-31,90,True,,censored
ACC00555,2024-02-29,90,True,,censored
ACC00555,2024-03-31,90,True,,censored
ACC00555,2024-04-30,90,True,,censored
ACC00555,2024-05-31,90,True,,censored
ACC00555,2024-06-30,90,True,,censored
ACC00555,2024-07-31,90,True,,censored
ACC00555,2024-08-31,90,True,,censored
ACC00555,2024-09-30,90,True,,censored
ACC00555,2024-10-31,90,True,,censored
ACC00555,2024-11-30,90,True,,censored
ACC00555,2024-12-31,90,True,,censored
ACC00555,2025-01-31,90,True,,censored
ACC00555,2025-02-28,90,True,,censored
ACC00555,2025-03-31,90,True,,censored
ACC00555,2025-04-30,90,True,,censored
ACC00555,2025-05-31,90,True,,censored
ACC00555,2025-06-30,90,True,,censored
ACC00555,2025-07-31,90,True,,censored
ACC00555,2025-08-31,90,True,,censored
ACC00555,2025-09-30,90,True,,censored
ACC00555,2025-10-31,90,True,,censored
ACC00555,2025-11-30,90,True,,censored
ACC00555,2025-12-31,90,True,,censored
ACC00556,2024-01-31,90,True,0.0,no_target_event_within_90d
ACC00556,2024-02-29,90,True,0.0,no_target_event_within_90d
ACC00556,2024-03-31,90,True,0.0,no_target_event_within_90d
ACC00556,2024-04-30,90,True,0.0,no_target_event_within_90d
ACC00556,2024-05-31,90,True,0.0,no_target_event_within_90d
ACC00556,2024-06-30,90,True,0.0,no_target_event_within_90d
ACC00556,2024-07-31,90,True,0.0,no_target_event_within_90d
ACC00556,2024-08-31,90,True,1.0,renewed
ACC00556,2024-09-30,90,True,1.0,renewed
ACC00556,2024-10-31,90,True,1.0,renewed
ACC00557,2024-01-31,90,True,0.0,no_target_event_within_90d
ACC00557,2024-02-29,90,True,0.0,no_target_event_within_90d
ACC00557,2024-03-31,90,True,0.0,no_target_event_within_90d
ACC00557,2024-04-30,90,True,0.0,no_target_event_within_90d
ACC00557,2024-05-31,90,True,0.0,no_target_event_within_90d
ACC00557,2024-06-30,90,True,0.0,no_target_event_within_90d
ACC00557,2024-07-31,90,True,1.0,downgraded
ACC00557,2024-08-31,90,True,1.0,downgraded
ACC00557,2024-09-30,90,True,1.0,downgraded
ACC00558,2024-01-31,90,True,0.0,no_target_event_within_90d
ACC00558,2024-02-29,90,True,0.0,no_target_event_within_90d
ACC00558,2024-03-31,90,True,0.0,no_target_event_within_90d
ACC00558,2024-04-30,90,True,0.0,no_target_event_within_90d
ACC00558,2024-05-31,90,True,0.0,no_target_event_within_90d
ACC00558,2024-06-30,90,True,0.0,no_target_event_within_90d
ACC00558,2024-07-31,90,True,0.0,no_target_event_within_90d
ACC00558,2024-08-31,90,True,0.0,no_target_event_within_90d
ACC00558,2024-09-30,90,True,0.0,no_target_event_within_90d
ACC00558,2024-10-31,90,True,0.0,no_target_event_within_90d
ACC00558,2024-11-30,90,True,0.0,no_target_event_within_90d
ACC00558,2024-12-31,90,True,0.0,no_target_event_within_90d
ACC00558,2025-01-31,90,True,0.0,no_target_event_within_90d
ACC00558,2025-02-28,90,True,0.0,no_target_event_within_90d
ACC00558,2025-03-31,90,True,1.0,churned_voluntary
ACC00558,2025-04-30,90,True,1.0,churned_voluntary
ACC00558,2025-05-31,90,True,1.0,churned_voluntary
ACC00559,2024-01-31,90,True,0.0,no_target_event_within_90d
ACC00559,2024-02-29,90,True,0.0,no_target_event_within_90d
ACC00559,2024-03-31,90,True,0.0,no_target_event_within_90d
ACC00559,2024-04-30,90,True,1.0,renewed
ACC00559,2024-05-31,90,True,1.0,renewed
ACC00559,2024-06-30,90,True,1.0,renewed
ACC00560,2024-01-31,90,True,0.0,no_target_event_within_90d
ACC00560,2024-02-29,90,True,0.0,no_target_event_within_90d
ACC00560,2024-03-31,90,True,0.0,no_target_event_within_90d
ACC00560,2024-04-30,90,True,0.0,no_target_event_within_90d
ACC00560,2024-05-31,90,True,0.0,no_target_event_within_90d
ACC00560,2024-06-30,90,True,0.0,no_target_event_within_90d
ACC00560,2024-07-31,90,True,1.0,renewed
ACC00560,2024-08-31,90,True,1.0,renewed
ACC00560,2024-09-30,90,True,1.0,renewed
ACC00561,2024-01-31,90,True,0.0,no_target_event_within_90d
ACC00561,2024-02-29,90,True,0.0,no_target_event_within_90d
ACC00561,2024-03-31,90,True,0.0,no_target_event_within_90d
ACC00561,2024-04-30,90,True,0.0,no_target_event_within_90d
ACC00561,2024-05-31,90,True,0.0,no_target_event_within_90d
ACC00561,2024-06-30,90,True,1.0,renewed
ACC00561,2024-07-31,90,True,1.0,renewed
ACC00561,2024-08-31,90,True,1.0,renewed
ACC00562,2024-01-31,90,True,0.0,no_target_event_within_90d
ACC00562,2024-02-29,90,True,0.0,no_target_event_within_90d
ACC00562,2024-03-31,90,True,0.0,no_target_event_within_90d
ACC00562,2024-04-30,90,True,0.0,no_target_event_within_90d
ACC00562,2024-05-31,90,True,0.0,no_target_event_within_90d
ACC00562,2024-06-30,90,True,0.0,no_target_event_within_90d
ACC00562,2024-07-31,90,True,1.0,renewed
ACC00562,2024-08-31,90,True,1.0,renewed
ACC00562,2024-09-30,90,True,1.0,renewed
ACC00563,2024-01-31,90,True,0.0,no_target_event_within_90d
ACC00563,2024-02-29,90,True,0.0,no_target_event_within_90d
ACC00563,2024-03-31,90,True,0.0,no_target_event_within_90d
ACC00563,2024-04-30,90,True,0.0,no_target_event_within_90d
ACC00563,2024-05-31,90,True,0.0,no_target_event_within_90d
ACC00563,2024-06-30,90,True,0.0,no_target_event_within_90d
ACC00563,2024-07-31,90,True,0.0,no_target_event_within_90d
ACC00563,2024-08-31,90,True,0.0,no_target_event_within_90d
ACC00563,2024-09-30,90,True,0.0,no_target_event_within_90d
ACC00563,2024-10-31,90,True,1.0,downgraded
ACC00563,2024-11-30,90,True,1.0,downgraded
ACC00563,2024-12-31,90,True,1.0,downgraded
ACC00564,2024-01-31,90,True,0.0,no_target_event_within_90d
ACC00564,2024-02-29,90,True,0.0,no_target_event_within_90d
ACC00564,2024-03-31,90,True,0.0,no_target_event_within_90d
ACC00564,2024-04-30,90,True,0.0,no_target_event_within_90d
ACC00564,2024-05-31,90,True,0.0,no_target_event_within_90d
ACC00564,2024-06-30,90,True,0.0,no_target_event_within_90d
ACC00564,2024-07-31,90,True,0.0,no_target_event_within_90d
ACC00564,2024-08-31,90,True,0.0,no_target_event_within_90d
ACC00564,2024-09-30,90,True,0.0,no_target_event_within_90d
ACC00564,2024-10-31,90,True,0.0,no_target_event_within_90d
ACC00564,2024-11-30,90,True,1.0,churned_voluntary
ACC00564,2024-12-31,90,True,1.0,churned_voluntary
ACC00564,2025-01-31,90,True,1.0,churned_voluntary
ACC00565,2024-01-31,90,True,0.0,no_target_event_within_90d
ACC00565,2024-02-29,90,True,0.0,no_target_event_within_90d
ACC00565,2024-03-31,90,True,0.0,no_target_event_within_90d
ACC00565,2024-04-30,90,True,0.0,no_target_event_within_90d
ACC00565,2024-05-31,90,True,0.0,no_target_event_within_90d
ACC00565,2024-06-30,90,True,0.0,no_target_event_within_90d
ACC00565,2024-07-31,90,True,0.0,no_target_event_within_90d
ACC00565,2024-08-31,90,True,1.0,renewed
ACC00565,2024-09-30,90,True,1.0,renewed
ACC00565,2024-10-31,90,True,1.0,renewed
ACC00566,2024-01-31,90,True,0.0,no_target_event_within_90d
ACC00566,2024-02-29,90,True,0.0,no_target_event_within_90d
ACC00566,2024-03-31,90,True,0.0,no_target_event_within_90d
ACC00566,2024-04-30,90,True,0.0,no_target_event_within_90d
ACC00566,2024-05-31,90,True,0.0,no_target_event_within_90d
ACC00566,2024-06-30,90,True,0.0,no_target_event_within_90d
ACC00566,2024-07-31,90,True,0.0,no_target_event_within_90d
ACC00566,2024-08-31,90,True,1.0,renewed
ACC00566,2024-09-30,90,True,1.0,renewed
ACC00566,2024-10-31,90,True,1.0,renewed
ACC00567,2024-01-31,90,True,0.0,no_target_event_within_90d
ACC00567,2024-02-29,90,True,0.0,no_target_event_within_90d
ACC00567,2024-03-31,90,True,0.0,no_target_event_within_90d
ACC00567,2024-04-30,90,True,0.0,no_target_event_within_90d
ACC00567,2024-05-31,90,True,1.0,renewed
ACC00567,2024-06-30,90,True,1.0,renewed
ACC00567,2024-07-31,90,True,1.0,renewed
ACC00568,2024-01-31,90,True,0.0,no_target_event_within_90d
ACC00568,2024-02-29,90,True,0.0,no_target_event_within_90d
ACC00568,2024-03-31,90,True,0.0,no_target_event_within_90d
ACC00568,2024-04-30,90,True,0.0,no_target_event_within_90d
ACC00568,2024-05-31,90,True,0.0,no_target_event_within_90d
ACC00568,2024-06-30,90,True,0.0,no_target_event_within_90d
ACC00568,2024-07-31,90,True,0.0,no_target_event_within_90d
ACC00568,2024-08-31,90,True,0.0,no_target_event_within_90d
ACC00568,2024-09-30,90,True,0.0,no_target_event_within_90d
ACC00568,2024-10-31,90,True,0.0,no_target_event_within_90d
ACC00568,2024-11-30,90,True,0.0,no_target_event_within_90d
ACC00568,2024-12-31,90,True,0.0,no_target_event_within_90d
ACC00568,2025-01-31,90,True,0.0,no_target_event_within_90d
ACC00568,2025-02-28,90,True,0.0,no_target_event_within_90d
ACC00568,2025-03-31,90,True,0.0,no_target_event_within_90d
ACC00568,2025-04-30,90,True,0.0,no_target_event_within_90d
ACC00568,2025-05-31,90,True,0.0,no_target_event_within_90d
ACC00568,2025-06-30,90,True,0.0,no_target_event_within_90d
ACC00568,2025-07-31,90,True,0.0,no_target_event_within_90d
ACC00568,2025-08-31,90,True,1.0,renewed
ACC00568,2025-09-30,90,True,1.0,renewed
ACC00568,2025-10-31,90,True,1.0,renewed
ACC00569,2024-01-31,90,True,,censored
ACC00569,2024-02-29,90,True,,censored
ACC00569,2024-03-31,90,True,,censored
ACC00569,2024-04-30,90,True,,censored
ACC00569,2024-05-31,90,True,,censored
ACC00569,2024-06-30,90,True,,censored
ACC00569,2024-07-31,90,True,,censored
ACC00569,2024-08-31,90,True,,censored
ACC00569,2024-09-30,90,True,,censored
ACC00569,2024-10-31,90,True,,censored
ACC00569,2024-11-30,90,True,,censored
ACC00569,2024-12-31,90,True,,censored
ACC00569,2025-01-31,90,True,,censored
ACC00569,2025-02-28,90,True,,censored
ACC00569,2025-03-31,90,True,,censored
ACC00569,2025-04-30,90,True,,censored
ACC00569,2025-05-31,90,True,,censored
ACC00569,2025-06-30,90,True,,censored
ACC00569,2025-07-31,90,True,,censored
ACC00569,2025-08-31,90,True,,censored
ACC00569,2025-09-30,90,True,,censored
ACC00569,2025-10-31,90,True,,censored
ACC00569,2025-11-30,90,True,,censored
ACC00569,2025-12-31,90,True,,censored
ACC00570,2024-01-31,90,True,0.0,no_target_event_within_90d
ACC00570,2024-02-29,90,True,0.0,no_target_event_within_90d
ACC00570,2024-03-31,90,True,0.0,no_target_event_within_90d
ACC00570,2024-04-30,90,True,0.0,no_target_event_within_90d
ACC00570,2024-05-31,90,True,0.0,no_target_event_within_90d
ACC00570,2024-06-30,90,True,1.0,renewed
ACC00570,2024-07-31,90,True,1.0,renewed
ACC00570,2024-08-31,90,True,1.0,renewed
ACC00571,2024-01-31,90,True,0.0,no_target_event_within_90d
ACC00571,2024-02-29,90,True,0.0,no_target_event_within_90d
ACC00571,2024-03-31,90,True,0.0,no_target_event_within_90d
ACC00571,2024-04-30,90,True,0.0,no_target_event_within_90d
ACC00571,2024-05-31,90,True,0.0,no_target_event_within_90d
ACC00571,2024-06-30,90,True,0.0,no_target_event_within_90d
ACC00571,2024-07-31,90,True,0.0,no_target_event_within_90d
ACC00571,2024-08-31,90,True,0.0,no_target_event_within_90d
ACC00571,2024-09-30,90,True,0.0,no_target_event_within_90d
ACC00571,2024-10-31,90,True,0.0,no_target_event_within_90d
ACC00571,2024-11-30,90,True,0.0,no_target_event_within_90d
ACC00571,2024-12-31,90,True,0.0,no_target_event_within_90d
ACC00571,2025-01-31,90,True,0.0,no_target_event_within_90d
ACC00571,2025-02-28,90,True,0.0,no_target_event_within_90d
ACC00571,2025-03-31,90,True,0.0,no_target_event_within_90d
ACC00571,2025-04-30,90,True,0.0,no_target_event_within_90d
ACC00571,2025-05-31,90,True,0.0,no_target_event_within_90d
ACC00571,2025-06-30,90,True,0.0,no_target_event_within_90d
ACC00571,2025-07-31,90,True,0.0,no_target_event_within_90d
ACC00571,2025-08-31,90,True,1.0,renewed
ACC00571,2025-09-30,90,True,1.0,renewed
ACC00571,2025-10-31,90,True,1.0,renewed
ACC00572,2024-01-31,90,True,,censored
ACC00572,2024-02-29,90,True,,censored
ACC00572,2024-03-31,90,True,,censored
ACC00572,2024-04-30,90,True,,censored
ACC00572,2024-05-31,90,True,,censored
ACC00572,2024-06-30,90,True,,censored
ACC00572,2024-07-31,90,True,,censored
ACC00572,2024-08-31,90,True,,censored
ACC00572,2024-09-30,90,True,,censored
ACC00572,2024-10-31,90,True,,censored
ACC00572,2024-11-30,90,True,,censored
ACC00572,2024-12-31,90,True,,censored
ACC00572,2025-01-31,90,True,,censored
ACC00572,2025-02-28,90,True,,censored
ACC00572,2025-03-31,90,True,,censored
ACC00572,2025-04-30,90,True,,censored
ACC00572,2025-05-31,90,True,,censored
ACC00572,2025-06-30,90,True,,censored
ACC00572,2025-07-31,90,True,,censored
ACC00572,2025-08-31,90,True,,censored
ACC00572,2025-09-30,90,True,,censored
ACC00572,2025-10-31,90,True,,censored
ACC00572,2025-11-30,90,True,,censored
ACC00572,2025-12-31,90,True,,censored
ACC00573,2024-01-31,90,True,0.0,no_target_event_within_90d
ACC00573,2024-02-29,90,True,0.0,no_target_event_within_90d
ACC00573,2024-03-31,90,True,0.0,no_target_event_within_90d
ACC00573,2024-04-30,90,True,0.0,no_target_event_within_90d
ACC00573,2024-05-31,90,True,0.0,no_target_event_within_90d
ACC00573,2024-06-30,90,True,0.0,no_target_event_within_90d
ACC00573,2024-07-31,90,True,0.0,no_target_event_within_90d
ACC00573,2024-08-31,90,True,0.0,no_target_event_within_90d
ACC00573,2024-09-30,90,True,0.0,no_target_event_within_90d
ACC00573,2024-10-31,90,True,0.0,no_target_event_within_90d
ACC00573,2024-11-30,90,True,0.0,no_target_event_within_90d
ACC00573,2024-12-31,90,True,0.0,no_target_event_within_90d
ACC00573,2025-01-31,90,True,0.0,no_target_event_within_90d
ACC00573,2025-02-28,90,True,0.0,no_target_event_within_90d
ACC00573,2025-03-31,90,True,0.0,no_target_event_within_90d
ACC00573,2025-04-30,90,True,0.0,no_target_event_within_90d
ACC00573,2025-05-31,90,True,0.0,no_target_event_within_90d
ACC00573,2025-06-30,90,True,0.0,no_target_event_within_90d
ACC00573,2025-07-31,90,True,0.0,no_target_event_within_90d
ACC00573,2025-08-31,90,True,0.0,no_target_event_within_90d
ACC00573,2025-09-30,90,True,0.0,no_target_event_within_90d
ACC00573,2025-10-31,90,True,1.0,renewed
ACC00573,2025-11-30,90,True,1.0,renewed
ACC00573,2025-12-31,90,True,1.0,renewed
ACC00574,2024-01-31,90,True,0.0,no_target_event_within_90d
ACC00574,2024-02-29,90,True,0.0,no_target_event_within_90d
ACC00574,2024-03-31,90,True,0.0,no_target_event_within_90d
ACC00574,2024-04-30,90,True,0.0,no_target_event_within_90d
ACC00574,2024-05-31,90,True,0.0,no_target_event_within_90d
ACC00574,2024-06-30,90,True,0.0,no_target_event_within_90d
ACC00574,2024-07-31,90,True,0.0,no_target_event_within_90d
ACC00574,2024-08-31,90,True,0.0,no_target_event_within_90d
ACC00574,2024-09-30,90,True,0.0,no_target_event_within_90d
ACC00574,2024-10-31,90,True,0.0,no_target_event_within_90d
ACC00574,2024-11-30,90,True,0.0,no_target_event_within_90d
ACC00574,2024-12-31,90,True,0.0,no_target_event_within_90d
ACC00574,2025-01-31,90,True,0.0,no_target_event_within_90d
ACC00574,2025-02-28,90,True,0.0,no_target_event_within_90d
ACC00574,2025-03-31,90,True,0.0,no_target_event_within_90d
ACC00574,2025-04-30,90,True,0.0,no_target_event_within_90d
ACC00574,2025-05-31,90,True,1.0,renewed
ACC00574,2025-06-30,90,True,1.0,renewed
ACC00574,2025-07-31,90,True,1.0,renewed
ACC00575,2024-01-31,90,True,,censored
ACC00575,2024-02-29,90,True,,censored
ACC00575,2024-03-31,90,True,,censored
ACC00575,2024-04-30,90,True,,censored
ACC00575,2024-05-31,90,True,,censored
ACC00575,2024-06-30,90,True,,censored
ACC00575,2024-07-31,90,True,,censored
ACC00575,2024-08-31,90,True,,censored
ACC00575,2024-09-30,90,True,,censored
ACC00575,2024-10-31,90,True,,censored
ACC00575,2024-11-30,90,True,,censored
ACC00575,2024-12-31,90,True,,censored
ACC00575,2025-01-31,90,True,,censored
ACC00575,2025-02-28,90,True,,censored
ACC00575,2025-03-31,90,True,,censored
ACC00575,2025-04-30,90,True,,censored
ACC00575,2025-05-31,90,True,,censored
ACC00575,2025-06-30,90,True,,censored
ACC00575,2025-07-31,90,True,,censored
ACC00575,2025-08-31,90,True,,censored
ACC00575,2025-09-30,90,True,,censored
ACC00575,2025-10-31,90,True,,censored
ACC00575,2025-11-30,90,True,,censored
ACC00575,2025-12-31,90,True,,censored
ACC00576,2024-01-31,90,True,,censored
ACC00576,2024-02-29,90,True,,censored
ACC00576,2024-03-31,90,True,,censored
ACC00576,2024-04-30,90,True,,censored
ACC00576,2024-05-31,90,True,,censored
ACC00576,2024-06-30,90,True,,censored
ACC00576,2024-07-31,90,True,,censored
ACC00576,2024-08-31,90,True,,censored
ACC00576,2024-09-30,90,True,,censored
ACC00576,2024-10-31,90,True,,censored
ACC00576,2024-11-30,90,True,,censored
ACC00576,2024-12-31,90,True,,censored
ACC00576,2025-01-31,90,True,,censored
ACC00576,2025-02-28,90,True,,censored
ACC00576,2025-03-31,90,True,,censored
ACC00576,2025-04-30,90,True,,censored
ACC00576,2025-05-31,90,True,,censored
ACC00576,2025-06-30,90,True,,censored
ACC00576,2025-07-31,90,True,,censored
ACC00576,2025-08-31,90,True,,censored
ACC00576,2025-09-30,90,True,,censored
ACC00576,2025-10-31,90,True,,censored
ACC00576,2025-11-30,90,True,,censored
ACC00576,2025-12-31,90,True,,censored
ACC00577,2024-01-31,90,True,0.0,no_target_event_within_90d
ACC00577,2024-02-29,90,True,0.0,no_target_event_within_90d
ACC00577,2024-03-31,90,True,0.0,no_target_event_within_90d
ACC00577,2024-04-30,90,True,0.0,no_target_event_within_90d
ACC00577,2024-05-31,90,True,0.0,no_target_event_within_90d
ACC00577,2024-06-30,90,True,0.0,no_target_event_within_90d
ACC00577,2024-07-31,90,True,0.0,no_target_event_within_90d
ACC00577,2024-08-31,90,True,0.0,no_target_event_within_90d
ACC00577,2024-09-30,90,True,0.0,no_target_event_within_90d
ACC00577,2024-10-31,90,True,0.0,no_target_event_within_90d
ACC00577,2024-11-30,90,True,0.0,no_target_event_within_90d
ACC00577,2024-12-31,90,True,0.0,no_target_event_within_90d
ACC00577,2025-01-31,90,True,1.0,downgraded
ACC00577,2025-02-28,90,True,1.0,downgraded
ACC00577,2025-03-31,90,True,1.0,downgraded
ACC00577,2025-04-30,90,True,1.0,downgraded
ACC00578,2024-01-31,90,True,,censored
ACC00578,2024-02-29,90,True,,censored
ACC00578,2024-03-31,90,True,,censored
ACC00578,2024-04-30,90,True,,censored
ACC00578,2024-05-31,90,True,,censored
ACC00578,2024-06-30,90,True,,censored
ACC00578,2024-07-31,90,True,,censored
ACC00578,2024-08-31,90,True,,censored
ACC00578,2024-09-30,90,True,,censored
ACC00578,2024-10-31,90,True,,censored
ACC00578,2024-11-30,90,True,,censored
ACC00578,2024-12-31,90,True,,censored
ACC00578,2025-01-31,90,True,,censored
ACC00578,2025-02-28,90,True,,censored
ACC00578,2025-03-31,90,True,,censored
ACC00578,2025-04-30,90,True,,censored
ACC00578,2025-05-31,90,True,,censored
ACC00578,2025-06-30,90,True,,censored
ACC00578,2025-07-31,90,True,,censored
ACC00578,2025-08-31,90,True,,censored
ACC00578,2025-09-30,90,True,,censored
ACC00578,2025-10-31,90,True,,censored
ACC00578,2025-11-30,90,True,,censored
ACC00578,2025-12-31,90,True,,censored
ACC00579,2024-01-31,90,True,0.0,no_target_event_within_90d
ACC00579,2024-02-29,90,True,0.0,no_target_event_within_90d
ACC00579,2024-03-31,90,True,0.0,no_target_event_within_90d
ACC00579,2024-04-30,90,True,0.0,no_target_event_within_90d
ACC00579,2024-05-31,90,True,0.0,no_target_event_within_90d
ACC00579,2024-06-30,90,True,0.0,no_target_event_within_90d
ACC00579,2024-07-31,90,True,0.0,no_target_event_within_90d
ACC00579,2024-08-31,90,True,0.0,no_target_event_within_90d
ACC00579,2024-09-30,90,True,0.0,no_target_event_within_90d
ACC00579,2024-10-31,90,True,0.0,no_target_event_within_90d
ACC00579,2024-11-30,90,True,0.0,no_target_event_within_90d
ACC00579,2024-12-31,90,True,0.0,no_target_event_within_90d
ACC00579,2025-01-31,90,True,0.0,no_target_event_within_90d
ACC00579,2025-02-28,90,True,0.0,no_target_event_within_90d
ACC00579,2025-03-31,90,True,0.0,no_target_event_within_90d
ACC00579,2025-04-30,90,True,0.0,no_target_event_within_90d
ACC00579,2025-05-31,90,True,0.0,no_target_event_within_90d
ACC00579,2025-06-30,90,True,0.0,no_target_event_within_90d
ACC00579,2025-07-31,90,True,0.0,no_target_event_within_90d
ACC00579,2025-08-31,90,True,1.0,renewed
ACC00579,2025-09-30,90,True,1.0,renewed
ACC00579,2025-10-31,90,True,1.0,renewed
ACC00580,2024-01-31,90,True,0.0,no_target_event_within_90d
ACC00580,2024-02-29,90,True,0.0,no_target_event_within_90d
ACC00580,2024-03-31,90,True,0.0,no_target_event_within_90d
ACC00580,2024-04-30,90,True,0.0,no_target_event_within_90d
ACC00580,2024-05-31,90,True,0.0,no_target_event_within_90d
ACC00580,2024-06-30,90,True,0.0,no_target_event_within_90d
ACC00580,2024-07-31,90,True,0.0,no_target_event_within_90d
ACC00580,2024-08-31,90,True,0.0,no_target_event_within_90d
ACC00580,2024-09-30,90,True,0.0,no_target_event_within_90d
ACC00580,2024-10-31,90,True,0.0,no_target_event_within_90d
ACC00580,2024-11-30,90,True,0.0,no_target_event_within_90d
ACC00580,2024-12-31,90,True,0.0,no_target_event_within_90d
ACC00580,2025-01-31,90,True,0.0,no_target_event_within_90d
ACC00580,2025-02-28,90,True,0.0,no_target_event_within_90d
ACC00580,2025-03-31,90,True,0.0,no_target_event_within_90d
ACC00580,2025-04-30,90,True,0.0,no_target_event_within_90d
ACC00580,2025-05-31,90,True,0.0,no_target_event_within_90d
ACC00580,2025-06-30,90,True,0.0,no_target_event_within_90d
ACC00580,2025-07-31,90,True,0.0,no_target_event_within_90d
ACC00580,2025-08-31,90,True,0.0,no_target_event_within_90d
ACC00580,2025-09-30,90,True,1.0,renewed
ACC00580,2025-10-31,90,True,1.0,renewed
ACC00580,2025-11-30,90,True,1.0,renewed
ACC00581,2024-01-31,90,True,0.0,no_target_event_within_90d
ACC00581,2024-02-29,90,True,0.0,no_target_event_within_90d
ACC00581,2024-03-31,90,True,0.0,no_target_event_within_90d
ACC00581,2024-04-30,90,True,0.0,no_target_event_within_90d
ACC00581,2024-05-31,90,True,0.0,no_target_event_within_90d
ACC00581,2024-06-30,90,True,1.0,renewed
ACC00581,2024-07-31,90,True,1.0,renewed
ACC00581,2024-08-31,90,True,1.0,renewed
ACC00582,2024-01-31,90,True,,censored
ACC00582,2024-02-29,90,True,,censored
ACC00582,2024-03-31,90,True,,censored
ACC00582,2024-04-30,90,True,,censored
ACC00582,2024-05-31,90,True,,censored
ACC00582,2024-06-30,90,True,,censored
ACC00582,2024-07-31,90,True,,censored
ACC00582,2024-08-31,90,True,,censored
ACC00582,2024-09-30,90,True,,censored
ACC00582,2024-10-31,90,True,,censored
ACC00582,2024-11-30,90,True,,censored
ACC00582,2024-12-31,90,True,,censored
ACC00582,2025-01-31,90,True,,censored
ACC00582,2025-02-28,90,True,,censored
ACC00582,2025-03-31,90,True,,censored
ACC00582,2025-04-30,90,True,,censored
ACC00582,2025-05-31,90,True,,censored
ACC00582,2025-06-30,90,True,,censored
ACC00582,2025-07-31,90,True,,censored
ACC00582,2025-08-31,90,True,,censored
ACC00582,2025-09-30,90,True,,censored
ACC00582,2025-10-31,90,True,,censored
ACC00582,2025-11-30,90,True,,censored
ACC00582,2025-12-31,90,True,,censored
ACC00583,2024-01-31,90,True,0.0,no_target_event_within_90d
ACC00583,2024-02-29,90,True,0.0,no_target_event_within_90d
ACC00583,2024-03-31,90,True,0.0,no_target_event_within_90d
ACC00583,2024-04-30,90,True,0.0,no_target_event_within_90d
ACC00583,2024-05-31,90,True,1.0,renewed
ACC00583,2024-06-30,90,True,1.0,renewed
ACC00583,2024-07-31,90,True,1.0,renewed
ACC00584,2024-01-31,90,True,0.0,no_target_event_within_90d
ACC00584,2024-02-29,90,True,0.0,no_target_event_within_90d
ACC00584,2024-03-31,90,True,0.0,no_target_event_within_90d
ACC00584,2024-04-30,90,True,0.0,no_target_event_within_90d
ACC00584,2024-05-31,90,True,0.0,no_target_event_within_90d
ACC00584,2024-06-30,90,True,0.0,no_target_event_within_90d
ACC00584,2024-07-31,90,True,0.0,no_target_event_within_90d
ACC00584,2024-08-31,90,True,0.0,no_target_event_within_90d
ACC00584,2024-09-30,90,True,0.0,no_target_event_within_90d
ACC00584,2024-10-31,90,True,0.0,no_target_event_within_90d
ACC00584,2024-11-30,90,True,0.0,no_target_event_within_90d
ACC00584,2024-12-31,90,True,0.0,no_target_event_within_90d
ACC00584,2025-01-31,90,True,0.0,no_target_event_within_90d
ACC00584,2025-02-28,90,True,0.0,no_target_event_within_90d
ACC00584,2025-03-31,90,True,0.0,no_target_event_within_90d
ACC00584,2025-04-30,90,True,0.0,no_target_event_within_90d
ACC00584,2025-05-31,90,True,0.0,no_target_event_within_90d
ACC00584,2025-06-30,90,True,0.0,no_target_event_within_90d
ACC00584,2025-07-31,90,True,0.0,no_target_event_within_90d
ACC00584,2025-08-31,90,True,0.0,no_target_event_within_90d
ACC00584,2025-09-30,90,True,1.0,renewed
ACC00584,2025-10-31,90,True,1.0,renewed
ACC00584,2025-11-30,90,True,1.0,renewed
ACC00585,2024-01-31,90,True,0.0,no_target_event_within_90d
ACC00585,2024-02-29,90,True,0.0,no_target_event_within_90d
ACC00585,2024-03-31,90,True,0.0,no_target_event_within_90d
ACC00585,2024-04-30,90,True,0.0,no_target_event_within_90d
ACC00585,2024-05-31,90,True,0.0,no_target_event_within_90d
ACC00585,2024-06-30,90,True,0.0,no_target_event_within_90d
ACC00585,2024-07-31,90,True,0.0,no_target_event_within_90d
ACC00585,2024-08-31,90,True,0.0,no_target_event_within_90d
ACC00585,2024-09-30,90,True,0.0,no_target_event_within_90d
ACC00585,2024-10-31,90,True,0.0,no_target_event_within_90d
ACC00585,2024-11-30,90,True,0.0,no_target_event_within_90d
ACC00585,2024-12-31,90,True,0.0,no_target_event_within_90d
ACC00585,2025-01-31,90,True,0.0,no_target_event_within_90d
ACC00585,2025-02-28,90,True,0.0,no_target_event_within_90d
ACC00585,2025-03-31,90,True,0.0,no_target_event_within_90d
ACC00585,2025-04-30,90,True,0.0,no_target_event_within_90d
ACC00585,2025-05-31,90,True,0.0,no_target_event_within_90d
ACC00585,2025-06-30,90,True,1.0,renewed
ACC00585,2025-07-31,90,True,1.0,renewed
ACC00585,2025-08-31,90,True,1.0,renewed
ACC00586,2024-01-31,90,True,0.0,no_target_event_within_90d
ACC00586,2024-02-29,90,True,0.0,no_target_event_within_90d
ACC00586,2024-03-31,90,True,0.0,no_target_event_within_90d
ACC00586,2024-04-30,90,True,0.0,no_target_event_within_90d
ACC00586,2024-05-31,90,True,0.0,no_target_event_within_90d
ACC00586,2024-06-30,90,True,0.0,no_target_event_within_90d
ACC00586,2024-07-31,90,True,0.0,no_target_event_within_90d
ACC00586,2024-08-31,90,True,0.0,no_target_event_within_90d
ACC00586,2024-09-30,90,True,1.0,renewed
ACC00586,2024-10-31,90,True,1.0,renewed
ACC00586,2024-11-30,90,True,1.0,renewed
ACC00587,2024-01-31,90,True,0.0,no_target_event_within_90d
ACC00587,2024-02-29,90,True,0.0,no_target_event_within_90d
ACC00587,2024-03-31,90,True,0.0,no_target_event_within_90d
ACC00587,2024-04-30,90,True,0.0,no_target_event_within_90d
ACC00587,2024-05-31,90,True,0.0,no_target_event_within_90d
ACC00587,2024-06-30,90,True,0.0,no_target_event_within_90d
ACC00587,2024-07-31,90,True,0.0,no_target_event_within_90d
ACC00587,2024-08-31,90,True,0.0,no_target_event_within_90d
ACC00587,2024-09-30,90,True,0.0,no_target_event_within_90d
ACC00587,2024-10-31,90,True,0.0,no_target_event_within_90d
ACC00587,2024-11-30,90,True,0.0,no_target_event_within_90d
ACC00587,2024-12-31,90,True,0.0,no_target_event_within_90d
ACC00587,2025-01-31,90,True,1.0,churned_voluntary
ACC00587,2025-02-28,90,True,1.0,churned_voluntary
ACC00587,2025-03-31,90,True,1.0,churned_voluntary
ACC00588,2024-01-31,90,True,0.0,no_target_event_within_90d
ACC00588,2024-02-29,90,True,0.0,no_target_event_within_90d
ACC00588,2024-03-31,90,True,0.0,no_target_event_within_90d
ACC00588,2024-04-30,90,True,0.0,no_target_event_within_90d
ACC00588,2024-05-31,90,True,0.0,no_target_event_within_90d
ACC00588,2024-06-30,90,True,0.0,no_target_event_within_90d
ACC00588,2024-07-31,90,True,0.0,no_target_event_within_90d
ACC00588,2024-08-31,90,True,0.0,no_target_event_within_90d
ACC00588,2024-09-30,90,True,0.0,no_target_event_within_90d
ACC00588,2024-10-31,90,True,0.0,no_target_event_within_90d
ACC00588,2024-11-30,90,True,0.0,no_target_event_within_90d
ACC00588,2024-12-31,90,True,0.0,no_target_event_within_90d
ACC00588,2025-01-31,90,True,0.0,no_target_event_within_90d
ACC00588,2025-02-28,90,True,0.0,no_target_event_within_90d
ACC00588,2025-03-31,90,True,1.0,downgraded
ACC00588,2025-04-30,90,True,1.0,downgraded
ACC00588,2025-05-31,90,True,1.0,downgraded
ACC00589,2024-01-31,90,True,0.0,no_target_event_within_90d
ACC00589,2024-02-29,90,True,0.0,no_target_event_within_90d
ACC00589,2024-03-31,90,True,0.0,no_target_event_within_90d
ACC00589,2024-04-30,90,True,0.0,no_target_event_within_90d
ACC00589,2024-05-31,90,True,0.0,no_target_event_within_90d
ACC00589,2024-06-30,90,True,0.0,no_target_event_within_90d
ACC00589,2024-07-31,90,True,0.0,no_target_event_within_90d
ACC00589,2024-08-31,90,True,0.0,no_target_event_within_90d
ACC00589,2024-09-30,90,True,0.0,no_target_event_within_90d
ACC00589,2024-10-31,90,True,0.0,no_target_event_within_90d
ACC00589,2024-11-30,90,True,0.0,no_target_event_within_90d
ACC00589,2024-12-31,90,True,1.0,downgraded
ACC00589,2025-01-31,90,True,1.0,downgraded
ACC00589,2025-02-28,90,True,1.0,downgraded
ACC00590,2024-01-31,90,True,0.0,no_target_event_within_90d
ACC00590,2024-02-29,90,True,0.0,no_target_event_within_90d
ACC00590,2024-03-31,90,True,0.0,no_target_event_within_90d
ACC00590,2024-04-30,90,True,0.0,no_target_event_within_90d
ACC00590,2024-05-31,90,True,0.0,no_target_event_within_90d
ACC00590,2024-06-30,90,True,0.0,no_target_event_within_90d
ACC00590,2024-07-31,90,True,0.0,no_target_event_within_90d
ACC00590,2024-08-31,90,True,0.0,no_target_event_within_90d
ACC00590,2024-09-30,90,True,0.0,no_target_event_within_90d
ACC00590,2024-10-31,90,True,0.0,no_target_event_within_90d
ACC00590,2024-11-30,90,True,0.0,no_target_event_within_90d
ACC00590,2024-12-31,90,True,0.0,no_target_event_within_90d
ACC00590,2025-01-31,90,True,0.0,no_target_event_within_90d
ACC00590,2025-02-28,90,True,0.0,no_target_event_within_90d
ACC00590,2025-03-31,90,True,0.0,no_target_event_within_90d
ACC00590,2025-04-30,90,True,0.0,no_target_event_within_90d
ACC00590,2025-05-31,90,True,0.0,no_target_event_within_90d
ACC00590,2025-06-30,90,True,0.0,no_target_event_within_90d
ACC00590,2025-07-31,90,True,0.0,no_target_event_within_90d
ACC00590,2025-08-31,90,True,1.0,downgraded
ACC00590,2025-09-30,90,True,1.0,downgraded
ACC00590,2025-10-31,90,True,1.0,downgraded
ACC00591,2024-01-31,90,True,0.0,no_target_event_within_90d
ACC00591,2024-02-29,90,True,0.0,no_target_event_within_90d
ACC00591,2024-03-31,90,True,0.0,no_target_event_within_90d
ACC00591,2024-04-30,90,True,0.0,no_target_event_within_90d
ACC00591,2024-05-31,90,True,0.0,no_target_event_within_90d
ACC00591,2024-06-30,90,True,0.0,no_target_event_within_90d
ACC00591,2024-07-31,90,True,0.0,no_target_event_within_90d
ACC00591,2024-08-31,90,True,0.0,no_target_event_within_90d
ACC00591,2024-09-30,90,True,0.0,no_target_event_within_90d
ACC00591,2024-10-31,90,True,0.0,no_target_event_within_90d
ACC00591,2024-11-30,90,True,0.0,no_target_event_within_90d
ACC00591,2024-12-31,90,True,0.0,no_target_event_within_90d
ACC00591,2025-01-31,90,True,0.0,no_target_event_within_90d
ACC00591,2025-02-28,90,True,1.0,downgraded
ACC00591,2025-03-31,90,True,1.0,downgraded
ACC00591,2025-04-30,90,True,1.0,downgraded
ACC00592,2024-01-31,90,True,0.0,no_target_event_within_90d
ACC00592,2024-02-29,90,True,0.0,no_target_event_within_90d
ACC00592,2024-03-31,90,True,0.0,no_target_event_within_90d
ACC00592,2024-04-30,90,True,0.0,no_target_event_within_90d
ACC00592,2024-05-31,90,True,0.0,no_target_event_within_90d
ACC00592,2024-06-30,90,True,0.0,no_target_event_within_90d
ACC00592,2024-07-31,90,True,0.0,no_target_event_within_90d
ACC00592,2024-08-31,90,True,0.0,no_target_event_within_90d
ACC00592,2024-09-30,90,True,1.0,renewed
ACC00592,2024-10-31,90,True,1.0,renewed
ACC00592,2024-11-30,90,True,1.0,renewed
ACC00593,2024-01-31,90,True,0.0,no_target_event_within_90d
ACC00593,2024-02-29,90,True,0.0,no_target_event_within_90d
ACC00593,2024-03-31,90,True,0.0,no_target_event_within_90d
ACC00593,2024-04-30,90,True,0.0,no_target_event_within_90d
ACC00593,2024-05-31,90,True,0.0,no_target_event_within_90d
ACC00593,2024-06-30,90,True,1.0,renewed
ACC00593,2024-07-31,90,True,1.0,renewed
ACC00593,2024-08-31,90,True,1.0,renewed
ACC00594,2024-01-31,90,True,0.0,no_target_event_within_90d
ACC00594,2024-02-29,90,True,0.0,no_target_event_within_90d
ACC00594,2024-03-31,90,True,0.0,no_target_event_within_90d
ACC00594,2024-04-30,90,True,1.0,renewed
ACC00594,2024-05-31,90,True,1.0,renewed
ACC00594,2024-06-30,90,True,1.0,renewed
ACC00595,2024-01-31,90,True,,censored
ACC00595,2024-02-29,90,True,,censored
ACC00595,2024-03-31,90,True,,censored
ACC00595,2024-04-30,90,True,,censored
ACC00595,2024-05-31,90,True,,censored
ACC00595,2024-06-30,90,True,,censored
ACC00595,2024-07-31,90,True,,censored
ACC00595,2024-08-31,90,True,,censored
ACC00595,2024-09-30,90,True,,censored
ACC00595,2024-10-31,90,True,,censored
ACC00595,2024-11-30,90,True,,censored
ACC00595,2024-12-31,90,True,,censored
ACC00595,2025-01-31,90,True,,censored
ACC00595,2025-02-28,90,True,,censored
ACC00595,2025-03-31,90,True,,censored
ACC00595,2025-04-30,90,True,,censored
ACC00595,2025-05-31,90,True,,censored
ACC00595,2025-06-30,90,True,,censored
ACC00595,2025-07-31,90,True,,censored
ACC00595,2025-08-31,90,True,,censored
ACC00595,2025-09-30,90,True,,censored
ACC00595,2025-10-31,90,True,,censored
ACC00595,2025-11-30,90,True,,censored
ACC00595,2025-12-31,90,True,,censored
ACC00596,2024-01-31,90,True,0.0,no_target_event_within_90d
ACC00596,2024-02-29,90,True,0.0,no_target_event_within_90d
ACC00596,2024-03-31,90,True,0.0,no_target_event_within_90d
ACC00596,2024-04-30,90,True,0.0,no_target_event_within_90d
ACC00596,2024-05-31,90,True,0.0,no_target_event_within_90d
ACC00596,2024-06-30,90,True,1.0,renewed
ACC00596,2024-07-31,90,True,1.0,renewed
ACC00596,2024-08-31,90,True,1.0,renewed
ACC00597,2024-01-31,90,True,0.0,no_target_event_within_90d
ACC00597,2024-02-29,90,True,0.0,no_target_event_within_90d
ACC00597,2024-03-31,90,True,0.0,no_target_event_within_90d
ACC00597,2024-04-30,90,True,0.0,no_target_event_within_90d
ACC00597,2024-05-31,90,True,0.0,no_target_event_within_90d
ACC00597,2024-06-30,90,True,0.0,no_target_event_within_90d
ACC00597,2024-07-31,90,True,0.0,no_target_event_within_90d
ACC00597,2024-08-31,90,True,0.0,no_target_event_within_90d
ACC00597,2024-09-30,90,True,0.0,no_target_event_within_90d
ACC00597,2024-10-31,90,True,0.0,no_target_event_within_90d
ACC00597,2024-11-30,90,True,0.0,no_target_event_within_90d
ACC00597,2024-12-31,90,True,0.0,no_target_event_within_90d
ACC00597,2025-01-31,90,True,0.0,no_target_event_within_90d
ACC00597,2025-02-28,90,True,0.0,no_target_event_within_90d
ACC00597,2025-03-31,90,True,0.0,no_target_event_within_90d
ACC00597,2025-04-30,90,True,0.0,no_target_event_within_90d
ACC00597,2025-05-31,90,True,0.0,no_target_event_within_90d
ACC00597,2025-06-30,90,True,0.0,no_target_event_within_90d
ACC00597,2025-07-31,90,True,0.0,no_target_event_within_90d
ACC00597,2025-08-31,90,True,0.0,no_target_event_within_90d
ACC00597,2025-09-30,90,True,1.0,renewed
ACC00597,2025-10-31,90,True,1.0,renewed
ACC00597,2025-11-30,90,True,1.0,renewed
ACC00598,2024-01-31,90,True,0.0,no_target_event_within_90d
ACC00598,2024-02-29,90,True,0.0,no_target_event_within_90d
ACC00598,2024-03-31,90,True,0.0,no_target_event_within_90d
ACC00598,2024-04-30,90,True,0.0,no_target_event_within_90d
ACC00598,2024-05-31,90,True,0.0,no_target_event_within_90d
ACC00598,2024-06-30,90,True,0.0,no_target_event_within_90d
ACC00598,2024-07-31,90,True,0.0,no_target_event_within_90d
ACC00598,2024-08-31,90,True,0.0,no_target_event_within_90d
ACC00598,2024-09-30,90,True,0.0,no_target_event_within_90d
ACC00598,2024-10-31,90,True,0.0,no_target_event_within_90d
ACC00598,2024-11-30,90,True,0.0,no_target_event_within_90d
ACC00598,2024-12-31,90,True,0.0,no_target_event_within_90d
ACC00598,2025-01-31,90,True,0.0,no_target_event_within_90d
ACC00598,2025-02-28,90,True,0.0,no_target_event_within_90d
ACC00598,2025-03-31,90,True,0.0,no_target_event_within_90d
ACC00598,2025-04-30,90,True,0.0,no_target_event_within_90d
ACC00598,2025-05-31,90,True,0.0,no_target_event_within_90d
ACC00598,2025-06-30,90,True,0.0,no_target_event_within_90d
ACC00598,2025-07-31,90,True,0.0,no_target_event_within_90d
ACC00598,2025-08-31,90,True,0.0,no_target_event_within_90d
ACC00598,2025-09-30,90,True,1.0,renewed
ACC00598,2025-10-31,90,True,1.0,renewed
ACC00598,2025-11-30,90,True,1.0,renewed
ACC00599,2024-01-31,90,True,0.0,no_target_event_within_90d
ACC00599,2024-02-29,90,True,0.0,no_target_event_within_90d
ACC00599,2024-03-31,90,True,0.0,no_target_event_within_90d
ACC00599,2024-04-30,90,True,0.0,no_target_event_within_90d
ACC00599,2024-05-31,90,True,0.0,no_target_event_within_90d
ACC00599,2024-06-30,90,True,0.0,no_target_event_within_90d
ACC00599,2024-07-31,90,True,0.0,no_target_event_within_90d
ACC00599,2024-08-31,90,True,0.0,no_target_event_within_90d
ACC00599,2024-09-30,90,True,0.0,no_target_event_within_90d
ACC00599,2024-10-31,90,True,0.0,no_target_event_within_90d
ACC00599,2024-11-30,90,True,0.0,no_target_event_within_90d
ACC00599,2024-12-31,90,True,0.0,no_target_event_within_90d
ACC00599,2025-01-31,90,True,0.0,no_target_event_within_90d
ACC00599,2025-02-28,90,True,0.0,no_target_event_within_90d
ACC00599,2025-03-31,90,True,0.0,no_target_event_within_90d
ACC00599,2025-04-30,90,True,0.0,no_target_event_within_90d
ACC00599,2025-05-31,90,True,0.0,no_target_event_within_90d
ACC00599,2025-06-30,90,True,0.0,no_target_event_within_90d
ACC00599,2025-07-31,90,True,0.0,no_target_event_within_90d
ACC00599,2025-08-31,90,True,0.0,no_target_event_within_90d
ACC00599,2025-09-30,90,True,1.0,renewed
ACC00599,2025-10-31,90,True,1.0,renewed
ACC00599,2025-11-30,90,True,1.0,renewed
ACC00600,2024-01-31,90,True,0.0,no_target_event_within_90d
ACC00600,2024-02-29,90,True,0.0,no_target_event_within_90d
ACC00600,2024-03-31,90,True,0.0,no_target_event_within_90d
ACC00600,2024-04-30,90,True,0.0,no_target_event_within_90d
ACC00600,2024-05-31,90,True,0.0,no_target_event_within_90d
ACC00600,2024-06-30,90,True,0.0,no_target_event_within_90d
ACC00600,2024-07-31,90,True,0.0,no_target_event_within_90d
ACC00600,2024-08-31,90,True,0.0,no_target_event_within_90d
ACC00600,2024-09-30,90,True,1.0,churned_voluntary
ACC00600,2024-10-31,90,True,1.0,churned_voluntary
ACC00600,2024-11-30,90,True,1.0,churned_voluntary
ACC00601,2024-01-31,90,True,0.0,no_target_event_within_90d
ACC00601,2024-02-29,90,True,0.0,no_target_event_within_90d
ACC00601,2024-03-31,90,True,0.0,no_target_event_within_90d
ACC00601,2024-04-30,90,True,0.0,no_target_event_within_90d
ACC00601,2024-05-31,90,True,0.0,no_target_event_within_90d
ACC00601,2024-06-30,90,True,0.0,no_target_event_within_90d
ACC00601,2024-07-31,90,True,0.0,no_target_event_within_90d
ACC00601,2024-08-31,90,True,1.0,downgraded
ACC00601,2024-09-30,90,True,1.0,downgraded
ACC00601,2024-10-31,90,True,1.0,downgraded
ACC00602,2024-01-31,90,True,0.0,no_target_event_within_90d
ACC00602,2024-02-29,90,True,0.0,no_target_event_within_90d
ACC00602,2024-03-31,90,True,0.0,no_target_event_within_90d
ACC00602,2024-04-30,90,True,0.0,no_target_event_within_90d
ACC00602,2024-05-31,90,True,0.0,no_target_event_within_90d
ACC00602,2024-06-30,90,True,0.0,no_target_event_within_90d
ACC00602,2024-07-31,90,True,0.0,no_target_event_within_90d
ACC00602,2024-08-31,90,True,0.0,no_target_event_within_90d
ACC00602,2024-09-30,90,True,1.0,renewed
ACC00602,2024-10-31,90,True,1.0,renewed
ACC00602,2024-11-30,90,True,1.0,renewed
ACC00603,2024-01-31,90,True,0.0,no_target_event_within_90d
ACC00603,2024-02-29,90,True,0.0,no_target_event_within_90d
ACC00603,2024-03-31,90,True,0.0,no_target_event_within_90d
ACC00603,2024-04-30,90,True,0.0,no_target_event_within_90d
ACC00603,2024-05-31,90,True,0.0,no_target_event_within_90d
ACC00603,2024-06-30,90,True,0.0,no_target_event_within_90d
ACC00603,2024-07-31,90,True,0.0,no_target_event_within_90d
ACC00603,2024-08-31,90,True,0.0,no_target_event_within_90d
ACC00603,2024-09-30,90,True,1.0,renewed
ACC00603,2024-10-31,90,True,1.0,renewed
ACC00603,2024-11-30,90,True,1.0,renewed
ACC00604,2024-01-31,90,True,0.0,no_target_event_within_90d
ACC00604,2024-02-29,90,True,0.0,no_target_event_within_90d
ACC00604,2024-03-31,90,True,0.0,no_target_event_within_90d
ACC00604,2024-04-30,90,True,0.0,no_target_event_within_90d
ACC00604,2024-05-31,90,True,0.0,no_target_event_within_90d
ACC00604,2024-06-30,90,True,0.0,no_target_event_within_90d
ACC00604,2024-07-31,90,True,0.0,no_target_event_within_90d
ACC00604,2024-08-31,90,True,0.0,no_target_event_within_90d
ACC00604,2024-09-30,90,True,0.0,no_target_event_within_90d
ACC00604,2024-10-31,90,True,0.0,no_target_event_within_90d
ACC00604,2024-11-30,90,True,0.0,no_target_event_within_90d
ACC00604,2024-12-31,90,True,0.0,no_target_event_within_90d
ACC00604,2025-01-31,90,True,0.0,no_target_event_within_90d
ACC00604,2025-02-28,90,True,0.0,no_target_event_within_90d
ACC00604,2025-03-31,90,True,0.0,no_target_event_within_90d
ACC00604,2025-04-30,90,True,0.0,no_target_event_within_90d
ACC00604,2025-05-31,90,True,0.0,no_target_event_within_90d
ACC00604,2025-06-30,90,True,0.0,no_target_event_within_90d
ACC00604,2025-07-31,90,True,0.0,no_target_event_within_90d
ACC00604,2025-08-31,90,True,1.0,churned_voluntary
ACC00604,2025-09-30,90,True,1.0,churned_voluntary
ACC00604,2025-10-31,90,True,1.0,churned_voluntary
ACC00605,2024-01-31,90,True,0.0,no_target_event_within_90d
ACC00605,2024-02-29,90,True,0.0,no_target_event_within_90d
ACC00605,2024-03-31,90,True,0.0,no_target_event_within_90d
ACC00605,2024-04-30,90,True,0.0,no_target_event_within_90d
ACC00605,2024-05-31,90,True,0.0,no_target_event_within_90d
ACC00605,2024-06-30,90,True,0.0,no_target_event_within_90d
ACC00605,2024-07-31,90,True,0.0,no_target_event_within_90d
ACC00605,2024-08-31,90,True,1.0,downgraded
ACC00605,2024-09-30,90,True,1.0,downgraded
ACC00605,2024-10-31,90,True,1.0,downgraded
ACC00606,2024-01-31,90,True,0.0,no_target_event_within_90d
ACC00606,2024-02-29,90,True,0.0,no_target_event_within_90d
ACC00606,2024-03-31,90,True,0.0,no_target_event_within_90d
ACC00606,2024-04-30,90,True,0.0,no_target_event_within_90d
ACC00606,2024-05-31,90,True,0.0,no_target_event_within_90d
ACC00606,2024-06-30,90,True,0.0,no_target_event_within_90d
ACC00606,2024-07-31,90,True,0.0,no_target_event_within_90d
ACC00606,2024-08-31,90,True,0.0,no_target_event_within_90d
ACC00606,2024-09-30,90,True,0.0,no_target_event_within_90d
ACC00606,2024-10-31,90,True,1.0,renewed
ACC00606,2024-11-30,90,True,1.0,renewed
ACC00606,2024-12-31,90,True,1.0,renewed
ACC00607,2024-01-31,90,True,0.0,no_target_event_within_90d
ACC00607,2024-02-29,90,True,0.0,no_target_event_within_90d
ACC00607,2024-03-31,90,True,0.0,no_target_event_within_90d
ACC00607,2024-04-30,90,True,0.0,no_target_event_within_90d
ACC00607,2024-05-31,90,True,1.0,renewed
ACC00607,2024-06-30,90,True,1.0,renewed
ACC00607,2024-07-31,90,True,1.0,renewed
ACC00608,2024-01-31,90,True,0.0,no_target_event_within_90d
ACC00608,2024-02-29,90,True,0.0,no_target_event_within_90d
ACC00608,2024-03-31,90,True,0.0,no_target_event_within_90d
ACC00608,2024-04-30,90,True,0.0,no_target_event_within_90d
ACC00608,2024-05-31,90,True,0.0,no_target_event_within_90d
ACC00608,2024-06-30,90,True,0.0,no_target_event_within_90d
ACC00608,2024-07-31,90,True,1.0,renewed
ACC00608,2024-08-31,90,True,1.0,renewed
ACC00608,2024-09-30,90,True,1.0,renewed
ACC00609,2024-01-31,90,True,0.0,no_target_event_within_90d
ACC00609,2024-02-29,90,True,0.0,no_target_event_within_90d
ACC00609,2024-03-31,90,True,0.0,no_target_event_within_90d
ACC00609,2024-04-30,90,True,0.0,no_target_event_within_90d
ACC00609,2024-05-31,90,True,0.0,no_target_event_within_90d
ACC00609,2024-06-30,90,True,0.0,no_target_event_within_90d
ACC00609,2024-07-31,90,True,0.0,no_target_event_within_90d
ACC00609,2024-08-31,90,True,0.0,no_target_event_within_90d
ACC00609,2024-09-30,90,True,0.0,no_target_event_within_90d
ACC00609,2024-10-31,90,True,0.0,no_target_event_within_90d
ACC00609,2024-11-30,90,True,0.0,no_target_event_within_90d
ACC00609,2024-12-31,90,True,0.0,no_target_event_within_90d
ACC00609,2025-01-31,90,True,0.0,no_target_event_within_90d
ACC00609,2025-02-28,90,True,0.0,no_target_event_within_90d
ACC00609,2025-03-31,90,True,0.0,no_target_event_within_90d
ACC00609,2025-04-30,90,True,0.0,no_target_event_within_90d
ACC00609,2025-05-31,90,True,0.0,no_target_event_within_90d
ACC00609,2025-06-30,90,True,0.0,no_target_event_within_90d
ACC00609,2025-07-31,90,True,0.0,no_target_event_within_90d
ACC00609,2025-08-31,90,True,0.0,no_target_event_within_90d
ACC00609,2025-09-30,90,True,1.0,renewed
ACC00609,2025-10-31,90,True,1.0,renewed
ACC00609,2025-11-30,90,True,1.0,renewed
ACC00610,2024-01-31,90,True,0.0,no_target_event_within_90d
ACC00610,2024-02-29,90,True,0.0,no_target_event_within_90d
ACC00610,2024-03-31,90,True,0.0,no_target_event_within_90d
ACC00610,2024-04-30,90,True,0.0,no_target_event_within_90d
ACC00610,2024-05-31,90,True,0.0,no_target_event_within_90d
ACC00610,2024-06-30,90,True,0.0,no_target_event_within_90d
ACC00610,2024-07-31,90,True,0.0,no_target_event_within_90d
ACC00610,2024-08-31,90,True,0.0,no_target_event_within_90d
ACC00610,2024-09-30,90,True,0.0,no_target_event_within_90d
ACC00610,2024-10-31,90,True,0.0,no_target_event_within_90d
ACC00610,2024-11-30,90,True,0.0,no_target_event_within_90d
ACC00610,2024-12-31,90,True,0.0,no_target_event_within_90d
ACC00610,2025-01-31,90,True,0.0,no_target_event_within_90d
ACC00610,2025-02-28,90,True,0.0,no_target_event_within_90d
ACC00610,2025-03-31,90,True,0.0,no_target_event_within_90d
ACC00610,2025-04-30,90,True,0.0,no_target_event_within_90d
ACC00610,2025-05-31,90,True,0.0,no_target_event_within_90d
ACC00610,2025-06-30,90,True,0.0,no_target_event_within_90d
ACC00610,2025-07-31,90,True,1.0,renewed
ACC00610,2025-08-31,90,True,1.0,renewed
ACC00610,2025-09-30,90,True,1.0,renewed
ACC00611,2024-01-31,90,True,0.0,no_target_event_within_90d
ACC00611,2024-02-29,90,True,0.0,no_target_event_within_90d
ACC00611,2024-03-31,90,True,0.0,no_target_event_within_90d
ACC00611,2024-04-30,90,True,0.0,no_target_event_within_90d
ACC00611,2024-05-31,90,True,0.0,no_target_event_within_90d
ACC00611,2024-06-30,90,True,0.0,no_target_event_within_90d
ACC00611,2024-07-31,90,True,0.0,no_target_event_within_90d
ACC00611,2024-08-31,90,True,0.0,no_target_event_within_90d
ACC00611,2024-09-30,90,True,1.0,churned_voluntary
ACC00611,2024-10-31,90,True,1.0,churned_voluntary
ACC00611,2024-11-30,90,True,1.0,churned_voluntary
ACC00612,2024-01-31,90,True,,censored
ACC00612,2024-02-29,90,True,,censored
ACC00612,2024-03-31,90,True,,censored
ACC00612,2024-04-30,90,True,,censored
ACC00612,2024-05-31,90,True,,censored
ACC00612,2024-06-30,90,True,,censored
ACC00612,2024-07-31,90,True,,censored
ACC00612,2024-08-31,90,True,,censored
ACC00612,2024-09-30,90,True,,censored
ACC00612,2024-10-31,90,True,,censored
ACC00612,2024-11-30,90,True,,censored
ACC00612,2024-12-31,90,True,,censored
ACC00612,2025-01-31,90,True,,censored
ACC00612,2025-02-28,90,True,,censored
ACC00612,2025-03-31,90,True,,censored
ACC00612,2025-04-30,90,True,,censored
ACC00612,2025-05-31,90,True,,censored
ACC00612,2025-06-30,90,True,,censored
ACC00612,2025-07-31,90,True,,censored
ACC00612,2025-08-31,90,True,,censored
ACC00612,2025-09-30,90,True,,censored
ACC00612,2025-10-31,90,True,,censored
ACC00612,2025-11-30,90,True,,censored
ACC00612,2025-12-31,90,True,,censored
ACC00613,2024-01-31,90,True,0.0,no_target_event_within_90d
ACC00613,2024-02-29,90,True,0.0,no_target_event_within_90d
ACC00613,2024-03-31,90,True,0.0,no_target_event_within_90d
ACC00613,2024-04-30,90,True,0.0,no_target_event_within_90d
ACC00613,2024-05-31,90,True,0.0,no_target_event_within_90d
ACC00613,2024-06-30,90,True,0.0,no_target_event_within_90d
ACC00613,2024-07-31,90,True,1.0,renewed
ACC00613,2024-08-31,90,True,1.0,renewed
ACC00614,2024-01-31,90,True,0.0,no_target_event_within_90d
ACC00614,2024-02-29,90,True,0.0,no_target_event_within_90d
ACC00614,2024-03-31,90,True,0.0,no_target_event_within_90d
ACC00614,2024-04-30,90,True,0.0,no_target_event_within_90d
ACC00614,2024-05-31,90,True,0.0,no_target_event_within_90d
ACC00614,2024-06-30,90,True,0.0,no_target_event_within_90d
ACC00614,2024-07-31,90,True,0.0,no_target_event_within_90d
ACC00614,2024-08-31,90,True,0.0,no_target_event_within_90d
ACC00614,2024-09-30,90,True,0.0,no_target_event_within_90d
ACC00614,2024-10-31,90,True,0.0,no_target_event_within_90d
ACC00614,2024-11-30,90,True,1.0,churned_voluntary
ACC00614,2024-12-31,90,True,1.0,churned_voluntary
ACC00614,2025-01-31,90,True,1.0,churned_voluntary
ACC00615,2024-01-31,90,True,,censored
ACC00615,2024-02-29,90,True,,censored
ACC00615,2024-03-31,90,True,,censored
ACC00615,2024-04-30,90,True,,censored
ACC00615,2024-05-31,90,True,,censored
ACC00615,2024-06-30,90,True,,censored
ACC00615,2024-07-31,90,True,,censored
ACC00615,2024-08-31,90,True,,censored
ACC00615,2024-09-30,90,True,,censored
ACC00615,2024-10-31,90,True,,censored
ACC00615,2024-11-30,90,True,,censored
ACC00615,2024-12-31,90,True,,censored
ACC00615,2025-01-31,90,True,,censored
ACC00615,2025-02-28,90,True,,censored
ACC00615,2025-03-31,90,True,,censored
ACC00615,2025-04-30,90,True,,censored
ACC00615,2025-05-31,90,True,,censored
ACC00615,2025-06-30,90,True,,censored
ACC00615,2025-07-31,90,True,,censored
ACC00615,2025-08-31,90,True,,censored
ACC00615,2025-09-30,90,True,,censored
ACC00615,2025-10-31,90,True,,censored
ACC00615,2025-11-30,90,True,,censored
ACC00615,2025-12-31,90,True,,censored
ACC00616,2024-01-31,90,True,,censored
ACC00616,2024-02-29,90,True,,censored
ACC00616,2024-03-31,90,True,,censored
ACC00616,2024-04-30,90,True,,censored
ACC00616,2024-05-31,90,True,,censored
ACC00616,2024-06-30,90,True,,censored
ACC00616,2024-07-31,90,True,,censored
ACC00616,2024-08-31,90,True,,censored
ACC00616,2024-09-30,90,True,,censored
ACC00616,2024-10-31,90,True,,censored
ACC00616,2024-11-30,90,True,,censored
ACC00616,2024-12-31,90,True,,censored
ACC00616,2025-01-31,90,True,,censored
ACC00616,2025-02-28,90,True,,censored
ACC00616,2025-03-31,90,True,,censored
ACC00616,2025-04-30,90,True,,censored
ACC00616,2025-05-31,90,True,,censored
ACC00616,2025-06-30,90,True,,censored
ACC00616,2025-07-31,90,True,,censored
ACC00616,2025-08-31,90,True,,censored
ACC00616,2025-09-30,90,True,,censored
ACC00616,2025-10-31,90,True,,censored
ACC00616,2025-11-30,90,True,,censored
ACC00616,2025-12-31,90,True,,censored
ACC00617,2024-01-31,90,True,0.0,no_target_event_within_90d
ACC00617,2024-02-29,90,True,0.0,no_target_event_within_90d
ACC00617,2024-03-31,90,True,0.0,no_target_event_within_90d
ACC00617,2024-04-30,90,True,0.0,no_target_event_within_90d
ACC00617,2024-05-31,90,True,0.0,no_target_event_within_90d
ACC00617,2024-06-30,90,True,0.0,no_target_event_within_90d
ACC00617,2024-07-31,90,True,1.0,churned_voluntary
ACC00617,2024-08-31,90,True,1.0,churned_voluntary
ACC00617,2024-09-30,90,True,1.0,churned_voluntary
ACC00618,2024-01-31,90,True,0.0,no_target_event_within_90d
ACC00618,2024-02-29,90,True,0.0,no_target_event_within_90d
ACC00618,2024-03-31,90,True,0.0,no_target_event_within_90d
ACC00618,2024-04-30,90,True,0.0,no_target_event_within_90d
ACC00618,2024-05-31,90,True,0.0,no_target_event_within_90d
ACC00618,2024-06-30,90,True,0.0,no_target_event_within_90d
ACC00618,2024-07-31,90,True,0.0,no_target_event_within_90d
ACC00618,2024-08-31,90,True,0.0,no_target_event_within_90d
ACC00618,2024-09-30,90,True,0.0,no_target_event_within_90d
ACC00618,2024-10-31,90,True,0.0,no_target_event_within_90d
ACC00618,2024-11-30,90,True,0.0,no_target_event_within_90d
ACC00618,2024-12-31,90,True,0.0,no_target_event_within_90d
ACC00618,2025-01-31,90,True,0.0,no_target_event_within_90d
ACC00618,2025-02-28,90,True,0.0,no_target_event_within_90d
ACC00618,2025-03-31,90,True,0.0,no_target_event_within_90d
ACC00618,2025-04-30,90,True,0.0,no_target_event_within_90d
ACC00618,2025-05-31,90,True,1.0,renewed
ACC00618,2025-06-30,90,True,1.0,renewed
ACC00618,2025-07-31,90,True,1.0,renewed
ACC00619,2024-01-31,90,True,,censored
ACC00619,2024-02-29,90,True,,censored
ACC00619,2024-03-31,90,True,,censored
ACC00619,2024-04-30,90,True,,censored
ACC00619,2024-05-31,90,True,,censored
ACC00619,2024-06-30,90,True,,censored
ACC00619,2024-07-31,90,True,,censored
ACC00619,2024-08-31,90,True,,censored
ACC00619,2024-09-30,90,True,,censored
ACC00619,2024-10-31,90,True,,censored
ACC00619,2024-11-30,90,True,,censored
ACC00619,2024-12-31,90,True,,censored
ACC00619,2025-01-31,90,True,,censored
ACC00619,2025-02-28,90,True,,censored
ACC00619,2025-03-31,90,True,,censored
ACC00619,2025-04-30,90,True,,censored
ACC00619,2025-05-31,90,True,,censored
ACC00619,2025-06-30,90,True,,censored
ACC00619,2025-07-31,90,True,,censored
ACC00619,2025-08-31,90,True,,censored
ACC00619,2025-09-30,90,True,,censored
ACC00619,2025-10-31,90,True,,censored
ACC00619,2025-11-30,90,True,,censored
ACC00619,2025-12-31,90,True,,censored
ACC00620,2024-01-31,90,True,0.0,no_target_event_within_90d
ACC00620,2024-02-29,90,True,0.0,no_target_event_within_90d
ACC00620,2024-03-31,90,True,0.0,no_target_event_within_90d
ACC00620,2024-04-30,90,True,0.0,no_target_event_within_90d
ACC00620,2024-05-31,90,True,0.0,no_target_event_within_90d
ACC00620,2024-06-30,90,True,0.0,no_target_event_within_90d
ACC00620,2024-07-31,90,True,0.0,no_target_event_within_90d
ACC00620,2024-08-31,90,True,0.0,no_target_event_within_90d
ACC00620,2024-09-30,90,True,0.0,no_target_event_within_90d
ACC00620,2024-10-31,90,True,0.0,no_target_event_within_90d
ACC00620,2024-11-30,90,True,0.0,no_target_event_within_90d
ACC00620,2024-12-31,90,True,0.0,no_target_event_within_90d
ACC00620,2025-01-31,90,True,0.0,no_target_event_within_90d
ACC00620,2025-02-28,90,True,0.0,no_target_event_within_90d
ACC00620,2025-03-31,90,True,0.0,no_target_event_within_90d
ACC00620,2025-04-30,90,True,0.0,no_target_event_within_90d
ACC00620,2025-05-31,90,True,0.0,no_target_event_within_90d
ACC00620,2025-06-30,90,True,0.0,no_target_event_within_90d
ACC00620,2025-07-31,90,True,0.0,no_target_event_within_90d
ACC00620,2025-08-31,90,True,1.0,renewed
ACC00620,2025-09-30,90,True,1.0,renewed
ACC00620,2025-10-31,90,True,1.0,renewed
ACC00621,2024-01-31,90,True,0.0,no_target_event_within_90d
ACC00621,2024-02-29,90,True,0.0,no_target_event_within_90d
ACC00621,2024-03-31,90,True,0.0,no_target_event_within_90d
ACC00621,2024-04-30,90,True,0.0,no_target_event_within_90d
ACC00621,2024-05-31,90,True,0.0,no_target_event_within_90d
ACC00621,2024-06-30,90,True,0.0,no_target_event_within_90d
ACC00621,2024-07-31,90,True,0.0,no_target_event_within_90d
ACC00621,2024-08-31,90,True,0.0,no_target_event_within_90d
ACC00621,2024-09-30,90,True,0.0,no_target_event_within_90d
ACC00621,2024-10-31,90,True,0.0,no_target_event_within_90d
ACC00621,2024-11-30,90,True,0.0,no_target_event_within_90d
ACC00621,2024-12-31,90,True,0.0,no_target_event_within_90d
ACC00621,2025-01-31,90,True,0.0,no_target_event_within_90d
ACC00621,2025-02-28,90,True,0.0,no_target_event_within_90d
ACC00621,2025-03-31,90,True,0.0,no_target_event_within_90d
ACC00621,2025-04-30,90,True,0.0,no_target_event_within_90d
ACC00621,2025-05-31,90,True,1.0,renewed
ACC00621,2025-06-30,90,True,1.0,renewed
ACC00621,2025-07-31,90,True,1.0,renewed
ACC00622,2024-01-31,90,True,0.0,no_target_event_within_90d
ACC00622,2024-02-29,90,True,0.0,no_target_event_within_90d
ACC00622,2024-03-31,90,True,0.0,no_target_event_within_90d
ACC00622,2024-04-30,90,True,0.0,no_target_event_within_90d
ACC00622,2024-05-31,90,True,0.0,no_target_event_within_90d
ACC00622,2024-06-30,90,True,1.0,renewed
ACC00622,2024-07-31,90,True,1.0,renewed
ACC00622,2024-08-31,90,True,1.0,renewed
ACC00623,2024-01-31,90,True,0.0,no_target_event_within_90d
ACC00623,2024-02-29,90,True,0.0,no_target_event_within_90d
ACC00623,2024-03-31,90,True,0.0,no_target_event_within_90d
ACC00623,2024-04-30,90,True,0.0,no_target_event_within_90d
ACC00623,2024-05-31,90,True,0.0,no_target_event_within_90d
ACC00623,2024-06-30,90,True,0.0,no_target_event_within_90d
ACC00623,2024-07-31,90,True,0.0,no_target_event_within_90d
ACC00623,2024-08-31,90,True,0.0,no_target_event_within_90d
ACC00623,2024-09-30,90,True,0.0,no_target_event_within_90d
ACC00623,2024-10-31,90,True,0.0,no_target_event_within_90d
ACC00623,2024-11-30,90,True,0.0,no_target_event_within_90d
ACC00623,2024-12-31,90,True,0.0,no_target_event_within_90d
ACC00623,2025-01-31,90,True,0.0,no_target_event_within_90d
ACC00623,2025-02-28,90,True,0.0,no_target_event_within_90d
ACC00623,2025-03-31,90,True,0.0,no_target_event_within_90d
ACC00623,2025-04-30,90,True,0.0,no_target_event_within_90d
ACC00623,2025-05-31,90,True,0.0,no_target_event_within_90d
ACC00623,2025-06-30,90,True,1.0,renewed
ACC00623,2025-07-31,90,True,1.0,renewed
ACC00624,2024-01-31,90,True,0.0,no_target_event_within_90d
ACC00624,2024-02-29,90,True,0.0,no_target_event_within_90d
ACC00624,2024-03-31,90,True,0.0,no_target_event_within_90d
ACC00624,2024-04-30,90,True,0.0,no_target_event_within_90d
ACC00624,2024-05-31,90,True,0.0,no_target_event_within_90d
ACC00624,2024-06-30,90,True,0.0,no_target_event_within_90d
ACC00624,2024-07-31,90,True,0.0,no_target_event_within_90d
ACC00624,2024-08-31,90,True,0.0,no_target_event_within_90d
ACC00624,2024-09-30,90,True,0.0,no_target_event_within_90d
ACC00624,2024-10-31,90,True,0.0,no_target_event_within_90d
ACC00624,2024-11-30,90,True,0.0,no_target_event_within_90d
ACC00624,2024-12-31,90,True,0.0,no_target_event_within_90d
ACC00624,2025-01-31,90,True,0.0,no_target_event_within_90d
ACC00624,2025-02-28,90,True,0.0,no_target_event_within_90d
ACC00624,2025-03-31,90,True,0.0,no_target_event_within_90d
ACC00624,2025-04-30,90,True,0.0,no_target_event_within_90d
ACC00624,2025-05-31,90,True,0.0,no_target_event_within_90d
ACC00624,2025-06-30,90,True,0.0,no_target_event_within_90d
ACC00624,2025-07-31,90,True,1.0,renewed
ACC00624,2025-08-31,90,True,1.0,renewed
ACC00624,2025-09-30,90,True,1.0,renewed
ACC00625,2024-01-31,90,True,0.0,no_target_event_within_90d
ACC00625,2024-02-29,90,True,0.0,no_target_event_within_90d
ACC00625,2024-03-31,90,True,0.0,no_target_event_within_90d
ACC00625,2024-04-30,90,True,0.0,no_target_event_within_90d
ACC00625,2024-05-31,90,True,0.0,no_target_event_within_90d
ACC00625,2024-06-30,90,True,0.0,no_target_event_within_90d
ACC00625,2024-07-31,90,True,0.0,no_target_event_within_90d
ACC00625,2024-08-31,90,True,0.0,no_target_event_within_90d
ACC00625,2024-09-30,90,True,0.0,no_target_event_within_90d
ACC00625,2024-10-31,90,True,0.0,no_target_event_within_90d
ACC00625,2024-11-30,90,True,0.0,no_target_event_within_90d
ACC00625,2024-12-31,90,True,0.0,no_target_event_within_90d
ACC00625,2025-01-31,90,True,0.0,no_target_event_within_90d
ACC00625,2025-02-28,90,True,0.0,no_target_event_within_90d
ACC00625,2025-03-31,90,True,0.0,no_target_event_within_90d
ACC00625,2025-04-30,90,True,0.0,no_target_event_within_90d
ACC00625,2025-05-31,90,True,0.0,no_target_event_within_90d
ACC00625,2025-06-30,90,True,0.0,no_target_event_within_90d
ACC00625,2025-07-31,90,True,0.0,no_target_event_within_90d
ACC00625,2025-08-31,90,True,1.0,renewed
ACC00625,2025-09-30,90,True,1.0,renewed
ACC00625,2025-10-31,90,True,1.0,renewed
ACC00626,2024-01-31,90,True,0.0,no_target_event_within_90d
ACC00626,2024-02-29,90,True,0.0,no_target_event_within_90d
ACC00626,2024-03-31,90,True,0.0,no_target_event_within_90d
ACC00626,2024-04-30,90,True,0.0,no_target_event_within_90d
ACC00626,2024-05-31,90,True,0.0,no_target_event_within_90d
ACC00626,2024-06-30,90,True,0.0,no_target_event_within_90d
ACC00626,2024-07-31,90,True,1.0,renewed
ACC00626,2024-08-31,90,True,1.0,renewed
ACC00626,2024-09-30,90,True,1.0,renewed
ACC00627,2024-01-31,90,True,0.0,no_target_event_within_90d
ACC00627,2024-02-29,90,True,0.0,no_target_event_within_90d
ACC00627,2024-03-31,90,True,0.0,no_target_event_within_90d
ACC00627,2024-04-30,90,True,0.0,no_target_event_within_90d
ACC00627,2024-05-31,90,True,0.0,no_target_event_within_90d
ACC00627,2024-06-30,90,True,0.0,no_target_event_within_90d
ACC00627,2024-07-31,90,True,0.0,no_target_event_within_90d
ACC00627,2024-08-31,90,True,0.0,no_target_event_within_90d
ACC00627,2024-09-30,90,True,0.0,no_target_event_within_90d
ACC00627,2024-10-31,90,True,0.0,no_target_event_within_90d
ACC00627,2024-11-30,90,True,0.0,no_target_event_within_90d
ACC00627,2024-12-31,90,True,0.0,no_target_event_within_90d
ACC00627,2025-01-31,90,True,0.0,no_target_event_within_90d
ACC00627,2025-02-28,90,True,0.0,no_target_event_within_90d
ACC00627,2025-03-31,90,True,0.0,no_target_event_within_90d
ACC00627,2025-04-30,90,True,1.0,renewed
ACC00627,2025-05-31,90,True,1.0,renewed
ACC00627,2025-06-30,90,True,1.0,renewed
ACC00628,2024-01-31,90,True,0.0,no_target_event_within_90d
ACC00628,2024-02-29,90,True,0.0,no_target_event_within_90d
ACC00628,2024-03-31,90,True,0.0,no_target_event_within_90d
ACC00628,2024-04-30,90,True,0.0,no_target_event_within_90d
ACC00628,2024-05-31,90,True,0.0,no_target_event_within_90d
ACC00628,2024-06-30,90,True,1.0,renewed
ACC00628,2024-07-31,90,True,1.0,renewed
ACC00628,2024-08-31,90,True,1.0,renewed
ACC00629,2024-01-31,90,True,0.0,no_target_event_within_90d
ACC00629,2024-02-29,90,True,0.0,no_target_event_within_90d
ACC00629,2024-03-31,90,True,0.0,no_target_event_within_90d
ACC00629,2024-04-30,90,True,0.0,no_target_event_within_90d
ACC00629,2024-05-31,90,True,0.0,no_target_event_within_90d
ACC00629,2024-06-30,90,True,0.0,no_target_event_within_90d
ACC00629,2024-07-31,90,True,0.0,no_target_event_within_90d
ACC00629,2024-08-31,90,True,0.0,no_target_event_within_90d
ACC00629,2024-09-30,90,True,0.0,no_target_event_within_90d
ACC00629,2024-10-31,90,True,0.0,no_target_event_within_90d
ACC00629,2024-11-30,90,True,0.0,no_target_event_within_90d
ACC00629,2024-12-31,90,True,0.0,no_target_event_within_90d
ACC00629,2025-01-31,90,True,0.0,no_target_event_within_90d
ACC00629,2025-02-28,90,True,0.0,no_target_event_within_90d
ACC00629,2025-03-31,90,True,0.0,no_target_event_within_90d
ACC00629,2025-04-30,90,True,0.0,no_target_event_within_90d
ACC00629,2025-05-31,90,True,0.0,no_target_event_within_90d
ACC00629,2025-06-30,90,True,0.0,no_target_event_within_90d
ACC00629,2025-07-31,90,True,0.0,no_target_event_within_90d
ACC00629,2025-08-31,90,True,1.0,churned_voluntary
ACC00629,2025-09-30,90,True,1.0,churned_voluntary
ACC00629,2025-10-31,90,True,1.0,churned_voluntary
ACC00630,2024-01-31,90,True,0.0,no_target_event_within_90d
ACC00630,2024-02-29,90,True,0.0,no_target_event_within_90d
ACC00630,2024-03-31,90,True,0.0,no_target_event_within_90d
ACC00630,2024-04-30,90,True,0.0,no_target_event_within_90d
ACC00630,2024-05-31,90,True,0.0,no_target_event_within_90d
ACC00630,2024-06-30,90,True,0.0,no_target_event_within_90d
ACC00630,2024-07-31,90,True,0.0,no_target_event_within_90d
ACC00630,2024-08-31,90,True,0.0,no_target_event_within_90d
ACC00630,2024-09-30,90,True,1.0,renewed
ACC00630,2024-10-31,90,True,1.0,renewed
ACC00630,2024-11-30,90,True,1.0,renewed
ACC00631,2024-01-31,90,True,0.0,no_target_event_within_90d
ACC00631,2024-02-29,90,True,0.0,no_target_event_within_90d
ACC00631,2024-03-31,90,True,0.0,no_target_event_within_90d
ACC00631,2024-04-30,90,True,0.0,no_target_event_within_90d
ACC00631,2024-05-31,90,True,0.0,no_target_event_within_90d
ACC00631,2024-06-30,90,True,0.0,no_target_event_within_90d
ACC00631,2024-07-31,90,True,0.0,no_target_event_within_90d
ACC00631,2024-08-31,90,True,0.0,no_target_event_within_90d
ACC00631,2024-09-30,90,True,0.0,no_target_event_within_90d
ACC00631,2024-10-31,90,True,0.0,no_target_event_within_90d
ACC00631,2024-11-30,90,True,0.0,no_target_event_within_90d
ACC00631,2024-12-31,90,True,0.0,no_target_event_within_90d
ACC00631,2025-01-31,90,True,0.0,no_target_event_within_90d
ACC00631,2025-02-28,90,True,0.0,no_target_event_within_90d
ACC00631,2025-03-31,90,True,0.0,no_target_event_within_90d
ACC00631,2025-04-30,90,True,0.0,no_target_event_within_90d
ACC00631,2025-05-31,90,True,0.0,no_target_event_within_90d
ACC00631,2025-06-30,90,True,0.0,no_target_event_within_90d
ACC00631,2025-07-31,90,True,1.0,renewed
ACC00631,2025-08-31,90,True,1.0,renewed
ACC00631,2025-09-30,90,True,1.0,renewed
ACC00632,2024-01-31,90,True,,censored
ACC00632,2024-02-29,90,True,,censored
ACC00632,2024-03-31,90,True,,censored
ACC00632,2024-04-30,90,True,,censored
ACC00632,2024-05-31,90,True,,censored
ACC00632,2024-06-30,90,True,,censored
ACC00632,2024-07-31,90,True,,censored
ACC00632,2024-08-31,90,True,,censored
ACC00632,2024-09-30,90,True,,censored
ACC00632,2024-10-31,90,True,,censored
ACC00632,2024-11-30,90,True,,censored
ACC00632,2024-12-31,90,True,,censored
ACC00632,2025-01-31,90,True,,censored
ACC00632,2025-02-28,90,True,,censored
ACC00632,2025-03-31,90,True,,censored
ACC00632,2025-04-30,90,True,,censored
ACC00632,2025-05-31,90,True,,censored
ACC00632,2025-06-30,90,True,,censored
ACC00632,2025-07-31,90,True,,censored
ACC00632,2025-08-31,90,True,,censored
ACC00632,2025-09-30,90,True,,censored
ACC00632,2025-10-31,90,True,,censored
ACC00632,2025-11-30,90,True,,censored
ACC00632,2025-12-31,90,True,,censored
ACC00633,2024-01-31,90,True,0.0,no_target_event_within_90d
ACC00633,2024-02-29,90,True,0.0,no_target_event_within_90d
ACC00633,2024-03-31,90,True,0.0,no_target_event_within_90d
ACC00633,2024-04-30,90,True,0.0,no_target_event_within_90d
ACC00633,2024-05-31,90,True,0.0,no_target_event_within_90d
ACC00633,2024-06-30,90,True,0.0,no_target_event_within_90d
ACC00633,2024-07-31,90,True,0.0,no_target_event_within_90d
ACC00633,2024-08-31,90,True,0.0,no_target_event_within_90d
ACC00633,2024-09-30,90,True,1.0,renewed
ACC00633,2024-10-31,90,True,1.0,renewed
ACC00633,2024-11-30,90,True,1.0,renewed
ACC00634,2024-01-31,90,True,0.0,no_target_event_within_90d
ACC00634,2024-02-29,90,True,0.0,no_target_event_within_90d
ACC00634,2024-03-31,90,True,0.0,no_target_event_within_90d
ACC00634,2024-04-30,90,True,0.0,no_target_event_within_90d
ACC00634,2024-05-31,90,True,0.0,no_target_event_within_90d
ACC00634,2024-06-30,90,True,0.0,no_target_event_within_90d
ACC00634,2024-07-31,90,True,1.0,renewed
ACC00634,2024-08-31,90,True,1.0,renewed
ACC00634,2024-09-30,90,True,1.0,renewed
ACC00635,2024-01-31,90,True,0.0,no_target_event_within_90d
ACC00635,2024-02-29,90,True,0.0,no_target_event_within_90d
ACC00635,2024-03-31,90,True,0.0,no_target_event_within_90d
ACC00635,2024-04-30,90,True,0.0,no_target_event_within_90d
ACC00635,2024-05-31,90,True,0.0,no_target_event_within_90d
ACC00635,2024-06-30,90,True,0.0,no_target_event_within_90d
ACC00635,2024-07-31,90,True,0.0,no_target_event_within_90d
ACC00635,2024-08-31,90,True,0.0,no_target_event_within_90d
ACC00635,2024-09-30,90,True,0.0,no_target_event_within_90d
ACC00635,2024-10-31,90,True,0.0,no_target_event_within_90d
ACC00635,2024-11-30,90,True,0.0,no_target_event_within_90d
ACC00635,2024-12-31,90,True,0.0,no_target_event_within_90d
ACC00635,2025-01-31,90,True,0.0,no_target_event_within_90d
ACC00635,2025-02-28,90,True,0.0,no_target_event_within_90d
ACC00635,2025-03-31,90,True,0.0,no_target_event_within_90d
ACC00635,2025-04-30,90,True,1.0,churned_nonpayment
ACC00635,2025-05-31,90,True,1.0,churned_nonpayment
ACC00635,2025-06-30,90,True,1.0,churned_nonpayment
ACC00636,2024-01-31,90,True,0.0,no_target_event_within_90d
ACC00636,2024-02-29,90,True,0.0,no_target_event_within_90d
ACC00636,2024-03-31,90,True,0.0,no_target_event_within_90d
ACC00636,2024-04-30,90,True,0.0,no_target_event_within_90d
ACC00636,2024-05-31,90,True,0.0,no_target_event_within_90d
ACC00636,2024-06-30,90,True,0.0,no_target_event_within_90d
ACC00636,2024-07-31,90,True,0.0,no_target_event_within_90d
ACC00636,2024-08-31,90,True,0.0,no_target_event_within_90d
ACC00636,2024-09-30,90,True,0.0,no_target_event_within_90d
ACC00636,2024-10-31,90,True,1.0,renewed
ACC00636,2024-11-30,90,True,1.0,renewed
ACC00636,2024-12-31,90,True,1.0,renewed
ACC00637,2024-01-31,90,True,0.0,no_target_event_within_90d
ACC00637,2024-02-29,90,True,0.0,no_target_event_within_90d
ACC00637,2024-03-31,90,True,0.0,no_target_event_within_90d
ACC00637,2024-04-30,90,True,0.0,no_target_event_within_90d
ACC00637,2024-05-31,90,True,0.0,no_target_event_within_90d
ACC00637,2024-06-30,90,True,0.0,no_target_event_within_90d
ACC00637,2024-07-31,90,True,0.0,no_target_event_within_90d
ACC00637,2024-08-31,90,True,1.0,renewed
ACC00637,2024-09-30,90,True,1.0,renewed
ACC00637,2024-10-31,90,True,1.0,renewed
ACC00638,2024-01-31,90,True,0.0,no_target_event_within_90d
ACC00638,2024-02-29,90,True,0.0,no_target_event_within_90d
ACC00638,2024-03-31,90,True,0.0,no_target_event_within_90d
ACC00638,2024-04-30,90,True,0.0,no_target_event_within_90d
ACC00638,2024-05-31,90,True,0.0,no_target_event_within_90d
ACC00638,2024-06-30,90,True,0.0,no_target_event_within_90d
ACC00638,2024-07-31,90,True,0.0,no_target_event_within_90d
ACC00638,2024-08-31,90,True,0.0,no_target_event_within_90d
ACC00638,2024-09-30,90,True,0.0,no_target_event_within_90d
ACC00638,2024-10-31,90,True,0.0,no_target_event_within_90d
ACC00638,2024-11-30,90,True,0.0,no_target_event_within_90d
ACC00638,2024-12-31,90,True,0.0,no_target_event_within_90d
ACC00638,2025-01-31,90,True,0.0,no_target_event_within_90d
ACC00638,2025-02-28,90,True,0.0,no_target_event_within_90d
ACC00638,2025-03-31,90,True,0.0,no_target_event_within_90d
ACC00638,2025-04-30,90,True,0.0,no_target_event_within_90d
ACC00638,2025-05-31,90,True,0.0,no_target_event_within_90d
ACC00638,2025-06-30,90,True,0.0,no_target_event_within_90d
ACC00638,2025-07-31,90,True,1.0,renewed
ACC00638,2025-08-31,90,True,1.0,renewed
ACC00638,2025-09-30,90,True,1.0,renewed
ACC00639,2024-01-31,90,True,0.0,no_target_event_within_90d
ACC00639,2024-02-29,90,True,0.0,no_target_event_within_90d
ACC00639,2024-03-31,90,True,0.0,no_target_event_within_90d
ACC00639,2024-04-30,90,True,0.0,no_target_event_within_90d
ACC00639,2024-05-31,90,True,0.0,no_target_event_within_90d
ACC00639,2024-06-30,90,True,0.0,no_target_event_within_90d
ACC00639,2024-07-31,90,True,1.0,renewed
ACC00639,2024-08-31,90,True,1.0,renewed
ACC00639,2024-09-30,90,True,1.0,renewed
ACC00640,2024-01-31,90,True,0.0,no_target_event_within_90d
ACC00640,2024-02-29,90,True,0.0,no_target_event_within_90d
ACC00640,2024-03-31,90,True,0.0,no_target_event_within_90d
ACC00640,2024-04-30,90,True,0.0,no_target_event_within_90d
ACC00640,2024-05-31,90,True,0.0,no_target_event_within_90d
ACC00640,2024-06-30,90,True,0.0,no_target_event_within_90d
ACC00640,2024-07-31,90,True,0.0,no_target_event_within_90d
ACC00640,2024-08-31,90,True,0.0,no_target_event_within_90d
ACC00640,2024-09-30,90,True,0.0,no_target_event_within_90d
ACC00640,2024-10-31,90,True,0.0,no_target_event_within_90d
ACC00640,2024-11-30,90,True,0.0,no_target_event_within_90d
ACC00640,2024-12-31,90,True,0.0,no_target_event_within_90d
ACC00640,2025-01-31,90,True,0.0,no_target_event_within_90d
ACC00640,2025-02-28,90,True,0.0,no_target_event_within_90d
ACC00640,2025-03-31,90,True,0.0,no_target_event_within_90d
ACC00640,2025-04-30,90,True,0.0,no_target_event_within_90d
ACC00640,2025-05-31,90,True,0.0,no_target_event_within_90d
ACC00640,2025-06-30,90,True,0.0,no_target_event_within_90d
ACC00640,2025-07-31,90,True,0.0,no_target_event_within_90d
ACC00640,2025-08-31,90,True,0.0,no_target_event_within_90d
ACC00640,2025-09-30,90,True,1.0,renewed
ACC00640,2025-10-31,90,True,1.0,renewed
ACC00640,2025-11-30,90,True,1.0,renewed
ACC00641,2024-01-31,90,True,0.0,no_target_event_within_90d
ACC00641,2024-02-29,90,True,0.0,no_target_event_within_90d
ACC00641,2024-03-31,90,True,0.0,no_target_event_within_90d
ACC00641,2024-04-30,90,True,0.0,no_target_event_within_90d
ACC00641,2024-05-31,90,True,0.0,no_target_event_within_90d
ACC00641,2024-06-30,90,True,0.0,no_target_event_within_90d
ACC00641,2024-07-31,90,True,0.0,no_target_event_within_90d
ACC00641,2024-08-31,90,True,1.0,churned_voluntary
ACC00641,2024-09-30,90,True,1.0,churned_voluntary
ACC00641,2024-10-31,90,True,1.0,churned_voluntary
ACC00642,2024-01-31,90,True,0.0,no_target_event_within_90d
ACC00642,2024-02-29,90,True,0.0,no_target_event_within_90d
ACC00642,2024-03-31,90,True,0.0,no_target_event_within_90d
ACC00642,2024-04-30,90,True,0.0,no_target_event_within_90d
ACC00642,2024-05-31,90,True,0.0,no_target_event_within_90d
ACC00642,2024-06-30,90,True,0.0,no_target_event_within_90d
ACC00642,2024-07-31,90,True,0.0,no_target_event_within_90d
ACC00642,2024-08-31,90,True,0.0,no_target_event_within_90d
ACC00642,2024-09-30,90,True,0.0,no_target_event_within_90d
ACC00642,2024-10-31,90,True,0.0,no_target_event_within_90d
ACC00642,2024-11-30,90,True,0.0,no_target_event_within_90d
ACC00642,2024-12-31,90,True,0.0,no_target_event_within_90d
ACC00642,2025-01-31,90,True,0.0,no_target_event_within_90d
ACC00642,2025-02-28,90,True,0.0,no_target_event_within_90d
ACC00642,2025-03-31,90,True,0.0,no_target_event_within_90d
ACC00642,2025-04-30,90,True,0.0,no_target_event_within_90d
ACC00642,2025-05-31,90,True,1.0,renewed
ACC00642,2025-06-30,90,True,1.0,renewed
ACC00642,2025-07-31,90,True,1.0,renewed
ACC00643,2024-01-31,90,True,0.0,no_target_event_within_90d
ACC00643,2024-02-29,90,True,0.0,no_target_event_within_90d
ACC00643,2024-03-31,90,True,0.0,no_target_event_within_90d
ACC00643,2024-04-30,90,True,0.0,no_target_event_within_90d
ACC00643,2024-05-31,90,True,0.0,no_target_event_within_90d
ACC00643,2024-06-30,90,True,0.0,no_target_event_within_90d
ACC00643,2024-07-31,90,True,0.0,no_target_event_within_90d
ACC00643,2024-08-31,90,True,0.0,no_target_event_within_90d
ACC00643,2024-09-30,90,True,0.0,no_target_event_within_90d
ACC00643,2024-10-31,90,True,0.0,no_target_event_within_90d
ACC00643,2024-11-30,90,True,0.0,no_target_event_within_90d
ACC00643,2024-12-31,90,True,0.0,no_target_event_within_90d
ACC00643,2025-01-31,90,True,0.0,no_target_event_within_90d
ACC00643,2025-02-28,90,True,0.0,no_target_event_within_90d
ACC00643,2025-03-31,90,True,0.0,no_target_event_within_90d
ACC00643,2025-04-30,90,True,0.0,no_target_event_within_90d
ACC00643,2025-05-31,90,True,0.0,no_target_event_within_90d
ACC00643,2025-06-30,90,True,0.0,no_target_event_within_90d
ACC00643,2025-07-31,90,True,0.0,no_target_event_within_90d
ACC00643,2025-08-31,90,True,1.0,renewed
ACC00643,2025-09-30,90,True,1.0,renewed
ACC00643,2025-10-31,90,True,1.0,renewed
ACC00644,2024-01-31,90,True,0.0,no_target_event_within_90d
ACC00644,2024-02-29,90,True,0.0,no_target_event_within_90d
ACC00644,2024-03-31,90,True,0.0,no_target_event_within_90d
ACC00644,2024-04-30,90,True,0.0,no_target_event_within_90d
ACC00644,2024-05-31,90,True,0.0,no_target_event_within_90d
ACC00644,2024-06-30,90,True,0.0,no_target_event_within_90d
ACC00644,2024-07-31,90,True,0.0,no_target_event_within_90d
ACC00644,2024-08-31,90,True,0.0,no_target_event_within_90d
ACC00644,2024-09-30,90,True,0.0,no_target_event_within_90d
ACC00644,2024-10-31,90,True,0.0,no_target_event_within_90d
ACC00644,2024-11-30,90,True,0.0,no_target_event_within_90d
ACC00644,2024-12-31,90,True,0.0,no_target_event_within_90d
ACC00644,2025-01-31,90,True,0.0,no_target_event_within_90d
ACC00644,2025-02-28,90,True,0.0,no_target_event_within_90d
ACC00644,2025-03-31,90,True,0.0,no_target_event_within_90d
ACC00644,2025-04-30,90,True,0.0,no_target_event_within_90d
ACC00644,2025-05-31,90,True,0.0,no_target_event_within_90d
ACC00644,2025-06-30,90,True,0.0,no_target_event_within_90d
ACC00644,2025-07-31,90,True,0.0,no_target_event_within_90d
ACC00644,2025-08-31,90,True,0.0,no_target_event_within_90d
ACC00644,2025-09-30,90,True,1.0,renewed
ACC00644,2025-10-31,90,True,1.0,renewed
ACC00644,2025-11-30,90,True,1.0,renewed
ACC00645,2024-01-31,90,True,0.0,no_target_event_within_90d
ACC00645,2024-02-29,90,True,0.0,no_target_event_within_90d
ACC00645,2024-03-31,90,True,0.0,no_target_event_within_90d
ACC00645,2024-04-30,90,True,0.0,no_target_event_within_90d
ACC00645,2024-05-31,90,True,0.0,no_target_event_within_90d
ACC00645,2024-06-30,90,True,0.0,no_target_event_within_90d
ACC00645,2024-07-31,90,True,0.0,no_target_event_within_90d
ACC00645,2024-08-31,90,True,0.0,no_target_event_within_90d
ACC00645,2024-09-30,90,True,0.0,no_target_event_within_90d
ACC00645,2024-10-31,90,True,0.0,no_target_event_within_90d
ACC00645,2024-11-30,90,True,0.0,no_target_event_within_90d
ACC00645,2024-12-31,90,True,0.0,no_target_event_within_90d
ACC00645,2025-01-31,90,True,0.0,no_target_event_within_90d
ACC00645,2025-02-28,90,True,0.0,no_target_event_within_90d
ACC00645,2025-03-31,90,True,0.0,no_target_event_within_90d
ACC00645,2025-04-30,90,True,1.0,churned_nonpayment
ACC00645,2025-05-31,90,True,1.0,churned_nonpayment
ACC00645,2025-06-30,90,True,1.0,churned_nonpayment
ACC00646,2024-01-31,90,True,,censored
ACC00646,2024-02-29,90,True,,censored
ACC00646,2024-03-31,90,True,,censored
ACC00646,2024-04-30,90,True,,censored
ACC00646,2024-05-31,90,True,,censored
ACC00646,2024-06-30,90,True,,censored
ACC00646,2024-07-31,90,True,,censored
ACC00646,2024-08-31,90,True,,censored
ACC00646,2024-09-30,90,True,,censored
ACC00646,2024-10-31,90,True,,censored
ACC00646,2024-11-30,90,True,,censored
ACC00646,2024-12-31,90,True,,censored
ACC00646,2025-01-31,90,True,,censored
ACC00646,2025-02-28,90,True,,censored
ACC00646,2025-03-31,90,True,,censored
ACC00646,2025-04-30,90,True,,censored
ACC00646,2025-05-31,90,True,,censored
ACC00646,2025-06-30,90,True,,censored
ACC00646,2025-07-31,90,True,,censored
ACC00646,2025-08-31,90,True,,censored
ACC00646,2025-09-30,90,True,,censored
ACC00646,2025-10-31,90,True,,censored
ACC00646,2025-11-30,90,True,,censored
ACC00646,2025-12-31,90,True,,censored
ACC00647,2024-01-31,90,True,0.0,no_target_event_within_90d
ACC00647,2024-02-29,90,True,0.0,no_target_event_within_90d
ACC00647,2024-03-31,90,True,0.0,no_target_event_within_90d
ACC00647,2024-04-30,90,True,0.0,no_target_event_within_90d
ACC00647,2024-05-31,90,True,0.0,no_target_event_within_90d
ACC00647,2024-06-30,90,True,0.0,no_target_event_within_90d
ACC00647,2024-07-31,90,True,0.0,no_target_event_within_90d
ACC00647,2024-08-31,90,True,0.0,no_target_event_within_90d
ACC00647,2024-09-30,90,True,0.0,no_target_event_within_90d
ACC00647,2024-10-31,90,True,0.0,no_target_event_within_90d
ACC00647,2024-11-30,90,True,0.0,no_target_event_within_90d
ACC00647,2024-12-31,90,True,0.0,no_target_event_within_90d
ACC00647,2025-01-31,90,True,0.0,no_target_event_within_90d
ACC00647,2025-02-28,90,True,0.0,no_target_event_within_90d
ACC00647,2025-03-31,90,True,0.0,no_target_event_within_90d
ACC00647,2025-04-30,90,True,0.0,no_target_event_within_90d
ACC00647,2025-05-31,90,True,0.0,no_target_event_within_90d
ACC00647,2025-06-30,90,True,0.0,no_target_event_within_90d
ACC00647,2025-07-31,90,True,0.0,no_target_event_within_90d
ACC00647,2025-08-31,90,True,0.0,no_target_event_within_90d
ACC00647,2025-09-30,90,True,1.0,renewed
ACC00647,2025-10-31,90,True,1.0,renewed
ACC00647,2025-11-30,90,True,1.0,renewed
ACC00648,2024-01-31,90,True,0.0,no_target_event_within_90d
ACC00648,2024-02-29,90,True,0.0,no_target_event_within_90d
ACC00648,2024-03-31,90,True,0.0,no_target_event_within_90d
ACC00648,2024-04-30,90,True,0.0,no_target_event_within_90d
ACC00648,2024-05-31,90,True,0.0,no_target_event_within_90d
ACC00648,2024-06-30,90,True,0.0,no_target_event_within_90d
ACC00648,2024-07-31,90,True,0.0,no_target_event_within_90d
ACC00648,2024-08-31,90,True,0.0,no_target_event_within_90d
ACC00648,2024-09-30,90,True,0.0,no_target_event_within_90d
ACC00648,2024-10-31,90,True,0.0,no_target_event_within_90d
ACC00648,2024-11-30,90,True,0.0,no_target_event_within_90d
ACC00648,2024-12-31,90,True,0.0,no_target_event_within_90d
ACC00648,2025-01-31,90,True,0.0,no_target_event_within_90d
ACC00648,2025-02-28,90,True,0.0,no_target_event_within_90d
ACC00648,2025-03-31,90,True,0.0,no_target_event_within_90d
ACC00648,2025-04-30,90,True,0.0,no_target_event_within_90d
ACC00648,2025-05-31,90,True,0.0,no_target_event_within_90d
ACC00648,2025-06-30,90,True,0.0,no_target_event_within_90d
ACC00648,2025-07-31,90,True,1.0,renewed
ACC00648,2025-08-31,90,True,1.0,renewed
ACC00648,2025-09-30,90,True,1.0,renewed
ACC00649,2024-01-31,90,True,,censored
ACC00649,2024-02-29,90,True,,censored
ACC00649,2024-03-31,90,True,,censored
ACC00649,2024-04-30,90,True,,censored
ACC00649,2024-05-31,90,True,,censored
ACC00649,2024-06-30,90,True,,censored
ACC00649,2024-07-31,90,True,,censored
ACC00649,2024-08-31,90,True,,censored
ACC00649,2024-09-30,90,True,,censored
ACC00649,2024-10-31,90,True,,censored
ACC00649,2024-11-30,90,True,,censored
ACC00649,2024-12-31,90,True,,censored
ACC00649,2025-01-31,90,True,,censored
ACC00649,2025-02-28,90,True,,censored
ACC00649,2025-03-31,90,True,,censored
ACC00649,2025-04-30,90,True,,censored
ACC00649,2025-05-31,90,True,,censored
ACC00649,2025-06-30,90,True,,censored
ACC00649,2025-07-31,90,True,,censored
ACC00649,2025-08-31,90,True,,censored
ACC00649,2025-09-30,90,True,,censored
ACC00649,2025-10-31,90,True,,censored
ACC00649,2025-11-30,90,True,,censored
ACC00649,2025-12-31,90,True,,censored
ACC00650,2024-01-31,90,True,0.0,no_target_event_within_90d
ACC00650,2024-02-29,90,True,0.0,no_target_event_within_90d
ACC00650,2024-03-31,90,True,0.0,no_target_event_within_90d
ACC00650,2024-04-30,90,True,0.0,no_target_event_within_90d
ACC00650,2024-05-31,90,True,0.0,no_target_event_within_90d
ACC00650,2024-06-30,90,True,0.0,no_target_event_within_90d
ACC00650,2024-07-31,90,True,0.0,no_target_event_within_90d
ACC00650,2024-08-31,90,True,0.0,no_target_event_within_90d
ACC00650,2024-09-30,90,True,0.0,no_target_event_within_90d
ACC00650,2024-10-31,90,True,0.0,no_target_event_within_90d
ACC00650,2024-11-30,90,True,1.0,renewed
ACC00650,2024-12-31,90,True,1.0,renewed
ACC00650,2025-01-31,90,True,1.0,renewed
ACC00651,2024-01-31,90,True,0.0,no_target_event_within_90d
ACC00651,2024-02-29,90,True,0.0,no_target_event_within_90d
ACC00651,2024-03-31,90,True,0.0,no_target_event_within_90d
ACC00651,2024-04-30,90,True,0.0,no_target_event_within_90d
ACC00651,2024-05-31,90,True,0.0,no_target_event_within_90d
ACC00651,2024-06-30,90,True,0.0,no_target_event_within_90d
ACC00651,2024-07-31,90,True,0.0,no_target_event_within_90d
ACC00651,2024-08-31,90,True,0.0,no_target_event_within_90d
ACC00651,2024-09-30,90,True,0.0,no_target_event_within_90d
ACC00651,2024-10-31,90,True,0.0,no_target_event_within_90d
ACC00651,2024-11-30,90,True,0.0,no_target_event_within_90d
ACC00651,2024-12-31,90,True,0.0,no_target_event_within_90d
ACC00651,2025-01-31,90,True,0.0,no_target_event_within_90d
ACC00651,2025-02-28,90,True,0.0,no_target_event_within_90d
ACC00651,2025-03-31,90,True,0.0,no_target_event_within_90d
ACC00651,2025-04-30,90,True,0.0,no_target_event_within_90d
ACC00651,2025-05-31,90,True,0.0,no_target_event_within_90d
ACC00651,2025-06-30,90,True,0.0,no_target_event_within_90d
ACC00651,2025-07-31,90,True,0.0,no_target_event_within_90d
ACC00651,2025-08-31,90,True,1.0,churned_voluntary
ACC00651,2025-09-30,90,True,1.0,churned_voluntary
ACC00651,2025-10-31,90,True,1.0,churned_voluntary
ACC00652,2024-01-31,90,True,0.0,no_target_event_within_90d
ACC00652,2024-02-29,90,True,0.0,no_target_event_within_90d
ACC00652,2024-03-31,90,True,0.0,no_target_event_within_90d
ACC00652,2024-04-30,90,True,0.0,no_target_event_within_90d
ACC00652,2024-05-31,90,True,0.0,no_target_event_within_90d
ACC00652,2024-06-30,90,True,0.0,no_target_event_within_90d
ACC00652,2024-07-31,90,True,0.0,no_target_event_within_90d
ACC00652,2024-08-31,90,True,1.0,renewed
ACC00652,2024-09-30,90,True,1.0,renewed
ACC00652,2024-10-31,90,True,1.0,renewed
ACC00653,2024-01-31,90,True,0.0,no_target_event_within_90d
ACC00653,2024-02-29,90,True,0.0,no_target_event_within_90d
ACC00653,2024-03-31,90,True,0.0,no_target_event_within_90d
ACC00653,2024-04-30,90,True,0.0,no_target_event_within_90d
ACC00653,2024-05-31,90,True,0.0,no_target_event_within_90d
ACC00653,2024-06-30,90,True,0.0,no_target_event_within_90d
ACC00653,2024-07-31,90,True,0.0,no_target_event_within_90d
ACC00653,2024-08-31,90,True,0.0,no_target_event_within_90d
ACC00653,2024-09-30,90,True,0.0,no_target_event_within_90d
ACC00653,2024-10-31,90,True,0.0,no_target_event_within_90d
ACC00653,2024-11-30,90,True,0.0,no_target_event_within_90d
ACC00653,2024-12-31,90,True,0.0,no_target_event_within_90d
ACC00653,2025-01-31,90,True,0.0,no_target_event_within_90d
ACC00653,2025-02-28,90,True,0.0,no_target_event_within_90d
ACC00653,2025-03-31,90,True,0.0,no_target_event_within_90d
ACC00653,2025-04-30,90,True,0.0,no_target_event_within_90d
ACC00653,2025-05-31,90,True,0.0,no_target_event_within_90d
ACC00653,2025-06-30,90,True,0.0,no_target_event_within_90d
ACC00653,2025-07-31,90,True,0.0,no_target_event_within_90d
ACC00653,2025-08-31,90,True,0.0,no_target_event_within_90d
ACC00653,2025-09-30,90,True,1.0,renewed
ACC00653,2025-10-31,90,True,1.0,renewed
ACC00653,2025-11-30,90,True,1.0,renewed
ACC00654,2024-01-31,90,True,0.0,no_target_event_within_90d
ACC00654,2024-02-29,90,True,0.0,no_target_event_within_90d
ACC00654,2024-03-31,90,True,0.0,no_target_event_within_90d
ACC00654,2024-04-30,90,True,0.0,no_target_event_within_90d
ACC00654,2024-05-31,90,True,0.0,no_target_event_within_90d
ACC00654,2024-06-30,90,True,0.0,no_target_event_within_90d
ACC00654,2024-07-31,90,True,0.0,no_target_event_within_90d
ACC00654,2024-08-31,90,True,1.0,renewed
ACC00654,2024-09-30,90,True,1.0,renewed
ACC00654,2024-10-31,90,True,1.0,renewed
ACC00655,2024-01-31,90,True,0.0,no_target_event_within_90d
ACC00655,2024-02-29,90,True,0.0,no_target_event_within_90d
ACC00655,2024-03-31,90,True,0.0,no_target_event_within_90d
ACC00655,2024-04-30,90,True,0.0,no_target_event_within_90d
ACC00655,2024-05-31,90,True,0.0,no_target_event_within_90d
ACC00655,2024-06-30,90,True,1.0,renewed
ACC00655,2024-07-31,90,True,1.0,renewed
ACC00655,2024-08-31,90,True,1.0,renewed
ACC00656,2024-01-31,90,True,0.0,no_target_event_within_90d
ACC00656,2024-02-29,90,True,0.0,no_target_event_within_90d
ACC00656,2024-03-31,90,True,0.0,no_target_event_within_90d
ACC00656,2024-04-30,90,True,0.0,no_target_event_within_90d
ACC00656,2024-05-31,90,True,0.0,no_target_event_within_90d
ACC00656,2024-06-30,90,True,0.0,no_target_event_within_90d
ACC00656,2024-07-31,90,True,1.0,downgraded
ACC00656,2024-08-31,90,True,1.0,downgraded
ACC00656,2024-09-30,90,True,1.0,downgraded
ACC00657,2024-01-31,90,True,0.0,no_target_event_within_90d
ACC00657,2024-02-29,90,True,0.0,no_target_event_within_90d
ACC00657,2024-03-31,90,True,0.0,no_target_event_within_90d
ACC00657,2024-04-30,90,True,0.0,no_target_event_within_90d
ACC00657,2024-05-31,90,True,0.0,no_target_event_within_90d
ACC00657,2024-06-30,90,True,1.0,renewed
ACC00657,2024-07-31,90,True,1.0,renewed
ACC00657,2024-08-31,90,True,1.0,renewed
ACC00658,2024-01-31,90,True,0.0,no_target_event_within_90d
ACC00658,2024-02-29,90,True,0.0,no_target_event_within_90d
ACC00658,2024-03-31,90,True,0.0,no_target_event_within_90d
ACC00658,2024-04-30,90,True,0.0,no_target_event_within_90d
ACC00658,2024-05-31,90,True,1.0,renewed
ACC00658,2024-06-30,90,True,1.0,renewed
ACC00658,2024-07-31,90,True,1.0,renewed
ACC00659,2024-01-31,90,True,0.0,no_target_event_within_90d
ACC00659,2024-02-29,90,True,0.0,no_target_event_within_90d
ACC00659,2024-03-31,90,True,0.0,no_target_event_within_90d
ACC00659,2024-04-30,90,True,0.0,no_target_event_within_90d
ACC00659,2024-05-31,90,True,0.0,no_target_event_within_90d
ACC00659,2024-06-30,90,True,0.0,no_target_event_within_90d
ACC00659,2024-07-31,90,True,0.0,no_target_event_within_90d
ACC00659,2024-08-31,90,True,0.0,no_target_event_within_90d
ACC00659,2024-09-30,90,True,0.0,no_target_event_within_90d
ACC00659,2024-10-31,90,True,0.0,no_target_event_within_90d
ACC00659,2024-11-30,90,True,0.0,no_target_event_within_90d
ACC00659,2024-12-31,90,True,0.0,no_target_event_within_90d
ACC00659,2025-01-31,90,True,0.0,no_target_event_within_90d
ACC00659,2025-02-28,90,True,0.0,no_target_event_within_90d
ACC00659,2025-03-31,90,True,0.0,no_target_event_within_90d
ACC00659,2025-04-30,90,True,0.0,no_target_event_within_90d
ACC00659,2025-05-31,90,True,0.0,no_target_event_within_90d
ACC00659,2025-06-30,90,True,1.0,renewed
ACC00659,2025-07-31,90,True,1.0,renewed
ACC00659,2025-08-31,90,True,1.0,renewed
ACC00660,2024-01-31,90,True,0.0,no_target_event_within_90d
ACC00660,2024-02-29,90,True,0.0,no_target_event_within_90d
ACC00660,2024-03-31,90,True,0.0,no_target_event_within_90d
ACC00660,2024-04-30,90,True,0.0,no_target_event_within_90d
ACC00660,2024-05-31,90,True,0.0,no_target_event_within_90d
ACC00660,2024-06-30,90,True,0.0,no_target_event_within_90d
ACC00660,2024-07-31,90,True,0.0,no_target_event_within_90d
ACC00660,2024-08-31,90,True,0.0,no_target_event_within_90d
ACC00660,2024-09-30,90,True,0.0,no_target_event_within_90d
ACC00660,2024-10-31,90,True,0.0,no_target_event_within_90d
ACC00660,2024-11-30,90,True,0.0,no_target_event_within_90d
ACC00660,2024-12-31,90,True,0.0,no_target_event_within_90d
ACC00660,2025-01-31,90,True,0.0,no_target_event_within_90d
ACC00660,2025-02-28,90,True,0.0,no_target_event_within_90d
ACC00660,2025-03-31,90,True,0.0,no_target_event_within_90d
ACC00660,2025-04-30,90,True,0.0,no_target_event_within_90d
ACC00660,2025-05-31,90,True,1.0,renewed
ACC00660,2025-06-30,90,True,1.0,renewed
ACC00660,2025-07-31,90,True,1.0,renewed
ACC00661,2024-01-31,90,True,0.0,no_target_event_within_90d
ACC00661,2024-02-29,90,True,0.0,no_target_event_within_90d
ACC00661,2024-03-31,90,True,0.0,no_target_event_within_90d
ACC00661,2024-04-30,90,True,0.0,no_target_event_within_90d
ACC00661,2024-05-31,90,True,0.0,no_target_event_within_90d
ACC00661,2024-06-30,90,True,0.0,no_target_event_within_90d
ACC00661,2024-07-31,90,True,0.0,no_target_event_within_90d
ACC00661,2024-08-31,90,True,0.0,no_target_event_within_90d
ACC00661,2024-09-30,90,True,0.0,no_target_event_within_90d
ACC00661,2024-10-31,90,True,0.0,no_target_event_within_90d
ACC00661,2024-11-30,90,True,0.0,no_target_event_within_90d
ACC00661,2024-12-31,90,True,0.0,no_target_event_within_90d
ACC00661,2025-01-31,90,True,0.0,no_target_event_within_90d
ACC00661,2025-02-28,90,True,0.0,no_target_event_within_90d
ACC00661,2025-03-31,90,True,0.0,no_target_event_within_90d
ACC00661,2025-04-30,90,True,0.0,no_target_event_within_90d
ACC00661,2025-05-31,90,True,0.0,no_target_event_within_90d
ACC00661,2025-06-30,90,True,0.0,no_target_event_within_90d
ACC00661,2025-07-31,90,True,0.0,no_target_event_within_90d
ACC00661,2025-08-31,90,True,0.0,no_target_event_within_90d
ACC00661,2025-09-30,90,True,1.0,renewed
ACC00661,2025-10-31,90,True,1.0,renewed
ACC00661,2025-11-30,90,True,1.0,renewed
ACC00662,2024-01-31,90,True,,censored
ACC00662,2024-02-29,90,True,,censored
ACC00662,2024-03-31,90,True,,censored
ACC00662,2024-04-30,90,True,,censored
ACC00662,2024-05-31,90,True,,censored
ACC00662,2024-06-30,90,True,,censored
ACC00662,2024-07-31,90,True,,censored
ACC00662,2024-08-31,90,True,,censored
ACC00662,2024-09-30,90,True,,censored
ACC00662,2024-10-31,90,True,,censored
ACC00662,2024-11-30,90,True,,censored
ACC00662,2024-12-31,90,True,,censored
ACC00662,2025-01-31,90,True,,censored
ACC00662,2025-02-28,90,True,,censored
ACC00662,2025-03-31,90,True,,censored
ACC00662,2025-04-30,90,True,,censored
ACC00662,2025-05-31,90,True,,censored
ACC00662,2025-06-30,90,True,,censored
ACC00662,2025-07-31,90,True,,censored
ACC00662,2025-08-31,90,True,,censored
ACC00662,2025-09-30,90,True,,censored
ACC00662,2025-10-31,90,True,,censored
ACC00662,2025-11-30,90,True,,censored
ACC00662,2025-12-31,90,True,,censored
ACC00663,2024-01-31,90,True,0.0,no_target_event_within_90d
ACC00663,2024-02-29,90,True,0.0,no_target_event_within_90d
ACC00663,2024-03-31,90,True,0.0,no_target_event_within_90d
ACC00663,2024-04-30,90,True,0.0,no_target_event_within_90d
ACC00663,2024-05-31,90,True,0.0,no_target_event_within_90d
ACC00663,2024-06-30,90,True,0.0,no_target_event_within_90d
ACC00663,2024-07-31,90,True,0.0,no_target_event_within_90d
ACC00663,2024-08-31,90,True,0.0,no_target_event_within_90d
ACC00663,2024-09-30,90,True,1.0,renewed
ACC00663,2024-10-31,90,True,1.0,renewed
ACC00663,2024-11-30,90,True,1.0,renewed
ACC00664,2024-01-31,90,True,0.0,no_target_event_within_90d
ACC00664,2024-02-29,90,True,0.0,no_target_event_within_90d
ACC00664,2024-03-31,90,True,0.0,no_target_event_within_90d
ACC00664,2024-04-30,90,True,1.0,renewed
ACC00664,2024-05-31,90,True,1.0,renewed
ACC00664,2024-06-30,90,True,1.0,renewed
ACC00665,2024-01-31,90,True,0.0,no_target_event_within_90d
ACC00665,2024-02-29,90,True,0.0,no_target_event_within_90d
ACC00665,2024-03-31,90,True,0.0,no_target_event_within_90d
ACC00665,2024-04-30,90,True,0.0,no_target_event_within_90d
ACC00665,2024-05-31,90,True,0.0,no_target_event_within_90d
ACC00665,2024-06-30,90,True,0.0,no_target_event_within_90d
ACC00665,2024-07-31,90,True,0.0,no_target_event_within_90d
ACC00665,2024-08-31,90,True,0.0,no_target_event_within_90d
ACC00665,2024-09-30,90,True,0.0,no_target_event_within_90d
ACC00665,2024-10-31,90,True,0.0,no_target_event_within_90d
ACC00665,2024-11-30,90,True,0.0,no_target_event_within_90d
ACC00665,2024-12-31,90,True,0.0,no_target_event_within_90d
ACC00665,2025-01-31,90,True,1.0,churned_nonpayment
ACC00665,2025-02-28,90,True,1.0,churned_nonpayment
ACC00665,2025-03-31,90,True,1.0,churned_nonpayment
ACC00666,2024-01-31,90,True,0.0,no_target_event_within_90d
ACC00666,2024-02-29,90,True,0.0,no_target_event_within_90d
ACC00666,2024-03-31,90,True,0.0,no_target_event_within_90d
ACC00666,2024-04-30,90,True,0.0,no_target_event_within_90d
ACC00666,2024-05-31,90,True,0.0,no_target_event_within_90d
ACC00666,2024-06-30,90,True,0.0,no_target_event_within_90d
ACC00666,2024-07-31,90,True,0.0,no_target_event_within_90d
ACC00666,2024-08-31,90,True,0.0,no_target_event_within_90d
ACC00666,2024-09-30,90,True,0.0,no_target_event_within_90d
ACC00666,2024-10-31,90,True,0.0,no_target_event_within_90d
ACC00666,2024-11-30,90,True,0.0,no_target_event_within_90d
ACC00666,2024-12-31,90,True,0.0,no_target_event_within_90d
ACC00666,2025-01-31,90,True,0.0,no_target_event_within_90d
ACC00666,2025-02-28,90,True,0.0,no_target_event_within_90d
ACC00666,2025-03-31,90,True,0.0,no_target_event_within_90d
ACC00666,2025-04-30,90,True,1.0,downgraded
ACC00666,2025-05-31,90,True,1.0,downgraded
ACC00666,2025-06-30,90,True,1.0,downgraded
ACC00667,2024-01-31,90,True,0.0,no_target_event_within_90d
ACC00667,2024-02-29,90,True,0.0,no_target_event_within_90d
ACC00667,2024-03-31,90,True,0.0,no_target_event_within_90d
ACC00667,2024-04-30,90,True,0.0,no_target_event_within_90d
ACC00667,2024-05-31,90,True,0.0,no_target_event_within_90d
ACC00667,2024-06-30,90,True,0.0,no_target_event_within_90d
ACC00667,2024-07-31,90,True,0.0,no_target_event_within_90d
ACC00667,2024-08-31,90,True,0.0,no_target_event_within_90d
ACC00667,2024-09-30,90,True,0.0,no_target_event_within_90d
ACC00667,2024-10-31,90,True,1.0,renewed
ACC00667,2024-11-30,90,True,1.0,renewed
ACC00667,2024-12-31,90,True,1.0,renewed
ACC00668,2024-01-31,90,True,0.0,no_target_event_within_90d
ACC00668,2024-02-29,90,True,0.0,no_target_event_within_90d
ACC00668,2024-03-31,90,True,0.0,no_target_event_within_90d
ACC00668,2024-04-30,90,True,0.0,no_target_event_within_90d
ACC00668,2024-05-31,90,True,0.0,no_target_event_within_90d
ACC00668,2024-06-30,90,True,0.0,no_target_event_within_90d
ACC00668,2024-07-31,90,True,0.0,no_target_event_within_90d
ACC00668,2024-08-31,90,True,0.0,no_target_event_within_90d
ACC00668,2024-09-30,90,True,1.0,downgraded
ACC00668,2024-10-31,90,True,1.0,downgraded
ACC00668,2024-11-30,90,True,1.0,downgraded
ACC00669,2024-01-31,90,True,0.0,no_target_event_within_90d
ACC00669,2024-02-29,90,True,0.0,no_target_event_within_90d
ACC00669,2024-03-31,90,True,0.0,no_target_event_within_90d
ACC00669,2024-04-30,90,True,0.0,no_target_event_within_90d
ACC00669,2024-05-31,90,True,0.0,no_target_event_within_90d
ACC00669,2024-06-30,90,True,0.0,no_target_event_within_90d
ACC00669,2024-07-31,90,True,0.0,no_target_event_within_90d
ACC00669,2024-08-31,90,True,0.0,no_target_event_within_90d
ACC00669,2024-09-30,90,True,0.0,no_target_event_within_90d
ACC00669,2024-10-31,90,True,0.0,no_target_event_within_90d
ACC00669,2024-11-30,90,True,0.0,no_target_event_within_90d
ACC00669,2024-12-31,90,True,0.0,no_target_event_within_90d
ACC00669,2025-01-31,90,True,0.0,no_target_event_within_90d
ACC00669,2025-02-28,90,True,0.0,no_target_event_within_90d
ACC00669,2025-03-31,90,True,0.0,no_target_event_within_90d
ACC00669,2025-04-30,90,True,0.0,no_target_event_within_90d
ACC00669,2025-05-31,90,True,0.0,no_target_event_within_90d
ACC00669,2025-06-30,90,True,0.0,no_target_event_within_90d
ACC00669,2025-07-31,90,True,0.0,no_target_event_within_90d
ACC00669,2025-08-31,90,True,0.0,no_target_event_within_90d
ACC00669,2025-09-30,90,True,1.0,renewed
ACC00669,2025-10-31,90,True,1.0,renewed
ACC00669,2025-11-30,90,True,1.0,renewed
ACC00670,2024-01-31,90,True,0.0,no_target_event_within_90d
ACC00670,2024-02-29,90,True,0.0,no_target_event_within_90d
ACC00670,2024-03-31,90,True,0.0,no_target_event_within_90d
ACC00670,2024-04-30,90,True,0.0,no_target_event_within_90d
ACC00670,2024-05-31,90,True,0.0,no_target_event_within_90d
ACC00670,2024-06-30,90,True,0.0,no_target_event_within_90d
ACC00670,2024-07-31,90,True,0.0,no_target_event_within_90d
ACC00670,2024-08-31,90,True,0.0,no_target_event_within_90d
ACC00670,2024-09-30,90,True,0.0,no_target_event_within_90d
ACC00670,2024-10-31,90,True,0.0,no_target_event_within_90d
ACC00670,2024-11-30,90,True,0.0,no_target_event_within_90d
ACC00670,2024-12-31,90,True,0.0,no_target_event_within_90d
ACC00670,2025-01-31,90,True,0.0,no_target_event_within_90d
ACC00670,2025-02-28,90,True,0.0,no_target_event_within_90d
ACC00670,2025-03-31,90,True,0.0,no_target_event_within_90d
ACC00670,2025-04-30,90,True,0.0,no_target_event_within_90d
ACC00670,2025-05-31,90,True,0.0,no_target_event_within_90d
ACC00670,2025-06-30,90,True,0.0,no_target_event_within_90d
ACC00670,2025-07-31,90,True,1.0,renewed
ACC00670,2025-08-31,90,True,1.0,renewed
ACC00670,2025-09-30,90,True,1.0,renewed
ACC00671,2024-01-31,90,True,0.0,no_target_event_within_90d
ACC00671,2024-02-29,90,True,0.0,no_target_event_within_90d
ACC00671,2024-03-31,90,True,0.0,no_target_event_within_90d
ACC00671,2024-04-30,90,True,0.0,no_target_event_within_90d
ACC00671,2024-05-31,90,True,0.0,no_target_event_within_90d
ACC00671,2024-06-30,90,True,0.0,no_target_event_within_90d
ACC00671,2024-07-31,90,True,0.0,no_target_event_within_90d
ACC00671,2024-08-31,90,True,0.0,no_target_event_within_90d
ACC00671,2024-09-30,90,True,0.0,no_target_event_within_90d
ACC00671,2024-10-31,90,True,0.0,no_target_event_within_90d
ACC00671,2024-11-30,90,True,0.0,no_target_event_within_90d
ACC00671,2024-12-31,90,True,0.0,no_target_event_within_90d
ACC00671,2025-01-31,90,True,0.0,no_target_event_within_90d
ACC00671,2025-02-28,90,True,0.0,no_target_event_within_90d
ACC00671,2025-03-31,90,True,0.0,no_target_event_within_90d
ACC00671,2025-04-30,90,True,0.0,no_target_event_within_90d
ACC00671,2025-05-31,90,True,0.0,no_target_event_within_90d
ACC00671,2025-06-30,90,True,0.0,no_target_event_within_90d
ACC00671,2025-07-31,90,True,1.0,renewed
ACC00671,2025-08-31,90,True,1.0,renewed
ACC00671,2025-09-30,90,True,1.0,renewed
ACC00672,2024-01-31,90,True,,censored
ACC00672,2024-02-29,90,True,,censored
ACC00672,2024-03-31,90,True,,censored
ACC00672,2024-04-30,90,True,,censored
ACC00672,2024-05-31,90,True,,censored
ACC00672,2024-06-30,90,True,,censored
ACC00672,2024-07-31,90,True,,censored
ACC00672,2024-08-31,90,True,,censored
ACC00672,2024-09-30,90,True,,censored
ACC00672,2024-10-31,90,True,,censored
ACC00672,2024-11-30,90,True,,censored
ACC00672,2024-12-31,90,True,,censored
ACC00672,2025-01-31,90,True,,censored
ACC00672,2025-02-28,90,True,,censored
ACC00672,2025-03-31,90,True,,censored
ACC00672,2025-04-30,90,True,,censored
ACC00672,2025-05-31,90,True,,censored
ACC00672,2025-06-30,90,True,,censored
ACC00672,2025-07-31,90,True,,censored
ACC00672,2025-08-31,90,True,,censored
ACC00672,2025-09-30,90,True,,censored
ACC00672,2025-10-31,90,True,,censored
ACC00672,2025-11-30,90,True,,censored
ACC00672,2025-12-31,90,True,,censored
ACC00673,2024-01-31,90,True,0.0,no_target_event_within_90d
ACC00673,2024-02-29,90,True,0.0,no_target_event_within_90d
ACC00673,2024-03-31,90,True,0.0,no_target_event_within_90d
ACC00673,2024-04-30,90,True,0.0,no_target_event_within_90d
ACC00673,2024-05-31,90,True,0.0,no_target_event_within_90d
ACC00673,2024-06-30,90,True,0.0,no_target_event_within_90d
ACC00673,2024-07-31,90,True,0.0,no_target_event_within_90d
ACC00673,2024-08-31,90,True,0.0,no_target_event_within_90d
ACC00673,2024-09-30,90,True,0.0,no_target_event_within_90d
ACC00673,2024-10-31,90,True,1.0,churned_voluntary
ACC00673,2024-11-30,90,True,1.0,churned_voluntary
ACC00673,2024-12-31,90,True,1.0,churned_voluntary
ACC00674,2024-01-31,90,True,0.0,no_target_event_within_90d
ACC00674,2024-02-29,90,True,0.0,no_target_event_within_90d
ACC00674,2024-03-31,90,True,0.0,no_target_event_within_90d
ACC00674,2024-04-30,90,True,0.0,no_target_event_within_90d
ACC00674,2024-05-31,90,True,0.0,no_target_event_within_90d
ACC00674,2024-06-30,90,True,0.0,no_target_event_within_90d
ACC00674,2024-07-31,90,True,0.0,no_target_event_within_90d
ACC00674,2024-08-31,90,True,0.0,no_target_event_within_90d
ACC00674,2024-09-30,90,True,0.0,no_target_event_within_90d
ACC00674,2024-10-31,90,True,0.0,no_target_event_within_90d
ACC00674,2024-11-30,90,True,0.0,no_target_event_within_90d
ACC00674,2024-12-31,90,True,0.0,no_target_event_within_90d
ACC00674,2025-01-31,90,True,0.0,no_target_event_within_90d
ACC00674,2025-02-28,90,True,0.0,no_target_event_within_90d
ACC00674,2025-03-31,90,True,0.0,no_target_event_within_90d
ACC00674,2025-04-30,90,True,0.0,no_target_event_within_90d
ACC00674,2025-05-31,90,True,0.0,no_target_event_within_90d
ACC00674,2025-06-30,90,True,0.0,no_target_event_within_90d
ACC00674,2025-07-31,90,True,1.0,renewed
ACC00674,2025-08-31,90,True,1.0,renewed
ACC00674,2025-09-30,90,True,1.0,renewed
ACC00675,2024-01-31,90,True,0.0,no_target_event_within_90d
ACC00675,2024-02-29,90,True,0.0,no_target_event_within_90d
ACC00675,2024-03-31,90,True,0.0,no_target_event_within_90d
ACC00675,2024-04-30,90,True,0.0,no_target_event_within_90d
ACC00675,2024-05-31,90,True,0.0,no_target_event_within_90d
ACC00675,2024-06-30,90,True,0.0,no_target_event_within_90d
ACC00675,2024-07-31,90,True,0.0,no_target_event_within_90d
ACC00675,2024-08-31,90,True,0.0,no_target_event_within_90d
ACC00675,2024-09-30,90,True,0.0,no_target_event_within_90d
ACC00675,2024-10-31,90,True,1.0,renewed
ACC00675,2024-11-30,90,True,1.0,renewed
ACC00675,2024-12-31,90,True,1.0,renewed
ACC00676,2024-01-31,90,True,,censored
ACC00676,2024-02-29,90,True,,censored
ACC00676,2024-03-31,90,True,,censored
ACC00676,2024-04-30,90,True,,censored
ACC00676,2024-05-31,90,True,,censored
ACC00676,2024-06-30,90,True,,censored
ACC00676,2024-07-31,90,True,,censored
ACC00676,2024-08-31,90,True,,censored
ACC00676,2024-09-30,90,True,,censored
ACC00676,2024-10-31,90,True,,censored
ACC00676,2024-11-30,90,True,,censored
ACC00676,2024-12-31,90,True,,censored
ACC00676,2025-01-31,90,True,,censored
ACC00676,2025-02-28,90,True,,censored
ACC00676,2025-03-31,90,True,,censored
ACC00676,2025-04-30,90,True,,censored
ACC00676,2025-05-31,90,True,,censored
ACC00676,2025-06-30,90,True,,censored
ACC00676,2025-07-31,90,True,,censored
ACC00676,2025-08-31,90,True,,censored
ACC00676,2025-09-30,90,True,,censored
ACC00676,2025-10-31,90,True,,censored
ACC00676,2025-11-30,90,True,,censored
ACC00676,2025-12-31,90,True,,censored
ACC00677,2024-01-31,90,True,0.0,no_target_event_within_90d
ACC00677,2024-02-29,90,True,0.0,no_target_event_within_90d
ACC00677,2024-03-31,90,True,0.0,no_target_event_within_90d
ACC00677,2024-04-30,90,True,0.0,no_target_event_within_90d
ACC00677,2024-05-31,90,True,0.0,no_target_event_within_90d
ACC00677,2024-06-30,90,True,0.0,no_target_event_within_90d
ACC00677,2024-07-31,90,True,0.0,no_target_event_within_90d
ACC00677,2024-08-31,90,True,0.0,no_target_event_within_90d
ACC00677,2024-09-30,90,True,0.0,no_target_event_within_90d
ACC00677,2024-10-31,90,True,1.0,churned_nonpayment
ACC00677,2024-11-30,90,True,1.0,churned_nonpayment
ACC00677,2024-12-31,90,True,1.0,churned_nonpayment
ACC00678,2024-01-31,90,True,0.0,no_target_event_within_90d
ACC00678,2024-02-29,90,True,0.0,no_target_event_within_90d
ACC00678,2024-03-31,90,True,0.0,no_target_event_within_90d
ACC00678,2024-04-30,90,True,0.0,no_target_event_within_90d
ACC00678,2024-05-31,90,True,0.0,no_target_event_within_90d
ACC00678,2024-06-30,90,True,0.0,no_target_event_within_90d
ACC00678,2024-07-31,90,True,0.0,no_target_event_within_90d
ACC00678,2024-08-31,90,True,0.0,no_target_event_within_90d
ACC00678,2024-09-30,90,True,0.0,no_target_event_within_90d
ACC00678,2024-10-31,90,True,0.0,no_target_event_within_90d
ACC00678,2024-11-30,90,True,0.0,no_target_event_within_90d
ACC00678,2024-12-31,90,True,0.0,no_target_event_within_90d
ACC00678,2025-01-31,90,True,0.0,no_target_event_within_90d
ACC00678,2025-02-28,90,True,0.0,no_target_event_within_90d
ACC00678,2025-03-31,90,True,0.0,no_target_event_within_90d
ACC00678,2025-04-30,90,True,0.0,no_target_event_within_90d
ACC00678,2025-05-31,90,True,0.0,no_target_event_within_90d
ACC00678,2025-06-30,90,True,0.0,no_target_event_within_90d
ACC00678,2025-07-31,90,True,1.0,renewed
ACC00678,2025-08-31,90,True,1.0,renewed
ACC00678,2025-09-30,90,True,1.0,renewed
ACC00679,2024-01-31,90,True,,censored
ACC00679,2024-02-29,90,True,,censored
ACC00679,2024-03-31,90,True,,censored
ACC00679,2024-04-30,90,True,,censored
ACC00679,2024-05-31,90,True,,censored
ACC00679,2024-06-30,90,True,,censored
ACC00679,2024-07-31,90,True,,censored
ACC00679,2024-08-31,90,True,,censored
ACC00679,2024-09-30,90,True,,censored
ACC00679,2024-10-31,90,True,,censored
ACC00679,2024-11-30,90,True,,censored
ACC00679,2024-12-31,90,True,,censored
ACC00679,2025-01-31,90,True,,censored
ACC00679,2025-02-28,90,True,,censored
ACC00679,2025-03-31,90,True,,censored
ACC00679,2025-04-30,90,True,,censored
ACC00679,2025-05-31,90,True,,censored
ACC00679,2025-06-30,90,True,,censored
ACC00679,2025-07-31,90,True,,censored
ACC00679,2025-08-31,90,True,,censored
ACC00679,2025-09-30,90,True,,censored
ACC00679,2025-10-31,90,True,,censored
ACC00679,2025-11-30,90,True,,censored
ACC00679,2025-12-31,90,True,,censored
ACC00680,2024-01-31,90,True,,censored
ACC00680,2024-02-29,90,True,,censored
ACC00680,2024-03-31,90,True,,censored
ACC00680,2024-04-30,90,True,,censored
ACC00680,2024-05-31,90,True,,censored
ACC00680,2024-06-30,90,True,,censored
ACC00680,2024-07-31,90,True,,censored
ACC00680,2024-08-31,90,True,,censored
ACC00680,2024-09-30,90,True,,censored
ACC00680,2024-10-31,90,True,,censored
ACC00680,2024-11-30,90,True,,censored
ACC00680,2024-12-31,90,True,,censored
ACC00680,2025-01-31,90,True,,censored
ACC00680,2025-02-28,90,True,,censored
ACC00680,2025-03-31,90,True,,censored
ACC00680,2025-04-30,90,True,,censored
ACC00680,2025-05-31,90,True,,censored
ACC00680,2025-06-30,90,True,,censored
ACC00680,2025-07-31,90,True,,censored
ACC00680,2025-08-31,90,True,,censored
ACC00680,2025-09-30,90,True,,censored
ACC00680,2025-10-31,90,True,,censored
ACC00680,2025-11-30,90,True,,censored
ACC00680,2025-12-31,90,True,,censored
ACC00681,2024-01-31,90,True,,censored
ACC00681,2024-02-29,90,True,,censored
ACC00681,2024-03-31,90,True,,censored
ACC00681,2024-04-30,90,True,,censored
ACC00681,2024-05-31,90,True,,censored
ACC00681,2024-06-30,90,True,,censored
ACC00681,2024-07-31,90,True,,censored
ACC00681,2024-08-31,90,True,,censored
ACC00681,2024-09-30,90,True,,censored
ACC00681,2024-10-31,90,True,,censored
ACC00681,2024-11-30,90,True,,censored
ACC00681,2024-12-31,90,True,,censored
ACC00681,2025-01-31,90,True,,censored
ACC00681,2025-02-28,90,True,,censored
ACC00681,2025-03-31,90,True,,censored
ACC00681,2025-04-30,90,True,,censored
ACC00681,2025-05-31,90,True,,censored
ACC00681,2025-06-30,90,True,,censored
ACC00681,2025-07-31,90,True,,censored
ACC00681,2025-08-31,90,True,,censored
ACC00681,2025-09-30,90,True,,censored
ACC00681,2025-10-31,90,True,,censored
ACC00681,2025-11-30,90,True,,censored
ACC00681,2025-12-31,90,True,,censored
ACC00682,2024-01-31,90,True,0.0,no_target_event_within_90d
ACC00682,2024-02-29,90,True,0.0,no_target_event_within_90d
ACC00682,2024-03-31,90,True,0.0,no_target_event_within_90d
ACC00682,2024-04-30,90,True,0.0,no_target_event_within_90d
ACC00682,2024-05-31,90,True,0.0,no_target_event_within_90d
ACC00682,2024-06-30,90,True,0.0,no_target_event_within_90d
ACC00682,2024-07-31,90,True,0.0,no_target_event_within_90d
ACC00682,2024-08-31,90,True,0.0,no_target_event_within_90d
ACC00682,2024-09-30,90,True,0.0,no_target_event_within_90d
ACC00682,2024-10-31,90,True,0.0,no_target_event_within_90d
ACC00682,2024-11-30,90,True,0.0,no_target_event_within_90d
ACC00682,2024-12-31,90,True,0.0,no_target_event_within_90d
ACC00682,2025-01-31,90,True,0.0,no_target_event_within_90d
ACC00682,2025-02-28,90,True,0.0,no_target_event_within_90d
ACC00682,2025-03-31,90,True,0.0,no_target_event_within_90d
ACC00682,2025-04-30,90,True,0.0,no_target_event_within_90d
ACC00682,2025-05-31,90,True,0.0,no_target_event_within_90d
ACC00682,2025-06-30,90,True,1.0,renewed
ACC00682,2025-07-31,90,True,1.0,renewed
ACC00682,2025-08-31,90,True,1.0,renewed
ACC00683,2024-01-31,90,True,0.0,no_target_event_within_90d
ACC00683,2024-02-29,90,True,0.0,no_target_event_within_90d
ACC00683,2024-03-31,90,True,0.0,no_target_event_within_90d
ACC00683,2024-04-30,90,True,0.0,no_target_event_within_90d
ACC00683,2024-05-31,90,True,0.0,no_target_event_within_90d
ACC00683,2024-06-30,90,True,0.0,no_target_event_within_90d
ACC00683,2024-07-31,90,True,0.0,no_target_event_within_90d
ACC00683,2024-08-31,90,True,0.0,no_target_event_within_90d
ACC00683,2024-09-30,90,True,0.0,no_target_event_within_90d
ACC00683,2024-10-31,90,True,0.0,no_target_event_within_90d
ACC00683,2024-11-30,90,True,0.0,no_target_event_within_90d
ACC00683,2024-12-31,90,True,0.0,no_target_event_within_90d
ACC00683,2025-01-31,90,True,0.0,no_target_event_within_90d
ACC00683,2025-02-28,90,True,0.0,no_target_event_within_90d
ACC00683,2025-03-31,90,True,0.0,no_target_event_within_90d
ACC00683,2025-04-30,90,True,0.0,no_target_event_within_90d
ACC00683,2025-05-31,90,True,0.0,no_target_event_within_90d
ACC00683,2025-06-30,90,True,0.0,no_target_event_within_90d
ACC00683,2025-07-31,90,True,0.0,no_target_event_within_90d
ACC00683,2025-08-31,90,True,0.0,no_target_event_within_90d
ACC00683,2025-09-30,90,True,1.0,renewed
ACC00683,2025-10-31,90,True,1.0,renewed
ACC00683,2025-11-30,90,True,1.0,renewed
ACC00684,2024-01-31,90,True,0.0,no_target_event_within_90d
ACC00684,2024-02-29,90,True,0.0,no_target_event_within_90d
ACC00684,2024-03-31,90,True,0.0,no_target_event_within_90d
ACC00684,2024-04-30,90,True,0.0,no_target_event_within_90d
ACC00684,2024-05-31,90,True,0.0,no_target_event_within_90d
ACC00684,2024-06-30,90,True,0.0,no_target_event_within_90d
ACC00684,2024-07-31,90,True,0.0,no_target_event_within_90d
ACC00684,2024-08-31,90,True,0.0,no_target_event_within_90d
ACC00684,2024-09-30,90,True,0.0,no_target_event_within_90d
ACC00684,2024-10-31,90,True,0.0,no_target_event_within_90d
ACC00684,2024-11-30,90,True,0.0,no_target_event_within_90d
ACC00684,2024-12-31,90,True,0.0,no_target_event_within_90d
ACC00684,2025-01-31,90,True,0.0,no_target_event_within_90d
ACC00684,2025-02-28,90,True,0.0,no_target_event_within_90d
ACC00684,2025-03-31,90,True,0.0,no_target_event_within_90d
ACC00684,2025-04-30,90,True,0.0,no_target_event_within_90d
ACC00684,2025-05-31,90,True,0.0,no_target_event_within_90d
ACC00684,2025-06-30,90,True,0.0,no_target_event_within_90d
ACC00684,2025-07-31,90,True,0.0,no_target_event_within_90d
ACC00684,2025-08-31,90,True,0.0,no_target_event_within_90d
ACC00684,2025-09-30,90,True,0.0,no_target_event_within_90d
ACC00684,2025-10-31,90,True,1.0,renewed
ACC00684,2025-11-30,90,True,1.0,renewed
ACC00684,2025-12-31,90,True,1.0,renewed
ACC00685,2024-01-31,90,True,,censored
ACC00685,2024-02-29,90,True,,censored
ACC00685,2024-03-31,90,True,,censored
ACC00685,2024-04-30,90,True,,censored
ACC00685,2024-05-31,90,True,,censored
ACC00685,2024-06-30,90,True,,censored
ACC00685,2024-07-31,90,True,,censored
ACC00685,2024-08-31,90,True,,censored
ACC00685,2024-09-30,90,True,,censored
ACC00685,2024-10-31,90,True,,censored
ACC00685,2024-11-30,90,True,,censored
ACC00685,2024-12-31,90,True,,censored
ACC00685,2025-01-31,90,True,,censored
ACC00685,2025-02-28,90,True,,censored
ACC00685,2025-03-31,90,True,,censored
ACC00685,2025-04-30,90,True,,censored
ACC00685,2025-05-31,90,True,,censored
ACC00685,2025-06-30,90,True,,censored
ACC00685,2025-07-31,90,True,,censored
ACC00685,2025-08-31,90,True,,censored
ACC00685,2025-09-30,90,True,,censored
ACC00685,2025-10-31,90,True,,censored
ACC00685,2025-11-30,90,True,,censored
ACC00685,2025-12-31,90,True,,censored
ACC00686,2024-01-31,90,True,0.0,no_target_event_within_90d
ACC00686,2024-02-29,90,True,0.0,no_target_event_within_90d
ACC00686,2024-03-31,90,True,0.0,no_target_event_within_90d
ACC00686,2024-04-30,90,True,0.0,no_target_event_within_90d
ACC00686,2024-05-31,90,True,0.0,no_target_event_within_90d
ACC00686,2024-06-30,90,True,0.0,no_target_event_within_90d
ACC00686,2024-07-31,90,True,0.0,no_target_event_within_90d
ACC00686,2024-08-31,90,True,0.0,no_target_event_within_90d
ACC00686,2024-09-30,90,True,0.0,no_target_event_within_90d
ACC00686,2024-10-31,90,True,0.0,no_target_event_within_90d
ACC00686,2024-11-30,90,True,0.0,no_target_event_within_90d
ACC00686,2024-12-31,90,True,0.0,no_target_event_within_90d
ACC00686,2025-01-31,90,True,0.0,no_target_event_within_90d
ACC00686,2025-02-28,90,True,0.0,no_target_event_within_90d
ACC00686,2025-03-31,90,True,0.0,no_target_event_within_90d
ACC00686,2025-04-30,90,True,0.0,no_target_event_within_90d
ACC00686,2025-05-31,90,True,0.0,no_target_event_within_90d
ACC00686,2025-06-30,90,True,1.0,renewed
ACC00686,2025-07-31,90,True,1.0,renewed
ACC00686,2025-08-31,90,True,1.0,renewed
ACC00687,2024-01-31,90,True,0.0,no_target_event_within_90d
ACC00687,2024-02-29,90,True,0.0,no_target_event_within_90d
ACC00687,2024-03-31,90,True,0.0,no_target_event_within_90d
ACC00687,2024-04-30,90,True,0.0,no_target_event_within_90d
ACC00687,2024-05-31,90,True,0.0,no_target_event_within_90d
ACC00687,2024-06-30,90,True,0.0,no_target_event_within_90d
ACC00687,2024-07-31,90,True,0.0,no_target_event_within_90d
ACC00687,2024-08-31,90,True,0.0,no_target_event_within_90d
ACC00687,2024-09-30,90,True,1.0,renewed
ACC00687,2024-10-31,90,True,1.0,renewed
ACC00687,2024-11-30,90,True,1.0,renewed
ACC00688,2024-01-31,90,True,0.0,no_target_event_within_90d
ACC00688,2024-02-29,90,True,0.0,no_target_event_within_90d
ACC00688,2024-03-31,90,True,0.0,no_target_event_within_90d
ACC00688,2024-04-30,90,True,0.0,no_target_event_within_90d
ACC00688,2024-05-31,90,True,1.0,renewed
ACC00688,2024-06-30,90,True,1.0,renewed
ACC00688,2024-07-31,90,True,1.0,renewed
ACC00689,2024-01-31,90,True,,censored
ACC00689,2024-02-29,90,True,,censored
ACC00689,2024-03-31,90,True,,censored
ACC00689,2024-04-30,90,True,,censored
ACC00689,2024-05-31,90,True,,censored
ACC00689,2024-06-30,90,True,,censored
ACC00689,2024-07-31,90,True,,censored
ACC00689,2024-08-31,90,True,,censored
ACC00689,2024-09-30,90,True,,censored
ACC00689,2024-10-31,90,True,,censored
ACC00689,2024-11-30,90,True,,censored
ACC00689,2024-12-31,90,True,,censored
ACC00689,2025-01-31,90,True,,censored
ACC00689,2025-02-28,90,True,,censored
ACC00689,2025-03-31,90,True,,censored
ACC00689,2025-04-30,90,True,,censored
ACC00689,2025-05-31,90,True,,censored
ACC00689,2025-06-30,90,True,,censored
ACC00689,2025-07-31,90,True,,censored
ACC00689,2025-08-31,90,True,,censored
ACC00689,2025-09-30,90,True,,censored
ACC00689,2025-10-31,90,True,,censored
ACC00689,2025-11-30,90,True,,censored
ACC00689,2025-12-31,90,True,,censored
ACC00690,2024-01-31,90,True,0.0,no_target_event_within_90d
ACC00690,2024-02-29,90,True,0.0,no_target_event_within_90d
ACC00690,2024-03-31,90,True,0.0,no_target_event_within_90d
ACC00690,2024-04-30,90,True,0.0,no_target_event_within_90d
ACC00690,2024-05-31,90,True,0.0,no_target_event_within_90d
ACC00690,2024-06-30,90,True,1.0,renewed
ACC00690,2024-07-31,90,True,1.0,renewed
ACC00690,2024-08-31,90,True,1.0,renewed
ACC00691,2024-01-31,90,True,0.0,no_target_event_within_90d
ACC00691,2024-02-29,90,True,0.0,no_target_event_within_90d
ACC00691,2024-03-31,90,True,0.0,no_target_event_within_90d
ACC00691,2024-04-30,90,True,0.0,no_target_event_within_90d
ACC00691,2024-05-31,90,True,0.0,no_target_event_within_90d
ACC00691,2024-06-30,90,True,0.0,no_target_event_within_90d
ACC00691,2024-07-31,90,True,0.0,no_target_event_within_90d
ACC00691,2024-08-31,90,True,0.0,no_target_event_within_90d
ACC00691,2024-09-30,90,True,0.0,no_target_event_within_90d
ACC00691,2024-10-31,90,True,0.0,no_target_event_within_90d
ACC00691,2024-11-30,90,True,0.0,no_target_event_within_90d
ACC00691,2024-12-31,90,True,0.0,no_target_event_within_90d
ACC00691,2025-01-31,90,True,0.0,no_target_event_within_90d
ACC00691,2025-02-28,90,True,0.0,no_target_event_within_90d
ACC00691,2025-03-31,90,True,0.0,no_target_event_within_90d
ACC00691,2025-04-30,90,True,0.0,no_target_event_within_90d
ACC00691,2025-05-31,90,True,0.0,no_target_event_within_90d
ACC00691,2025-06-30,90,True,0.0,no_target_event_within_90d
ACC00691,2025-07-31,90,True,1.0,renewed
ACC00691,2025-08-31,90,True,1.0,renewed
ACC00691,2025-09-30,90,True,1.0,renewed
ACC00692,2024-01-31,90,True,0.0,no_target_event_within_90d
ACC00692,2024-02-29,90,True,0.0,no_target_event_within_90d
ACC00692,2024-03-31,90,True,0.0,no_target_event_within_90d
ACC00692,2024-04-30,90,True,0.0,no_target_event_within_90d
ACC00692,2024-05-31,90,True,0.0,no_target_event_within_90d
ACC00692,2024-06-30,90,True,0.0,no_target_event_within_90d
ACC00692,2024-07-31,90,True,0.0,no_target_event_within_90d
ACC00692,2024-08-31,90,True,0.0,no_target_event_within_90d
ACC00692,2024-09-30,90,True,0.0,no_target_event_within_90d
ACC00692,2024-10-31,90,True,0.0,no_target_event_within_90d
ACC00692,2024-11-30,90,True,0.0,no_target_event_within_90d
ACC00692,2024-12-31,90,True,0.0,no_target_event_within_90d
ACC00692,2025-01-31,90,True,0.0,no_target_event_within_90d
ACC00692,2025-02-28,90,True,0.0,no_target_event_within_90d
ACC00692,2025-03-31,90,True,0.0,no_target_event_within_90d
ACC00692,2025-04-30,90,True,0.0,no_target_event_within_90d
ACC00692,2025-05-31,90,True,0.0,no_target_event_within_90d
ACC00692,2025-06-30,90,True,1.0,renewed
ACC00692,2025-07-31,90,True,1.0,renewed
ACC00692,2025-08-31,90,True,1.0,renewed
ACC00693,2024-01-31,90,True,0.0,no_target_event_within_90d
ACC00693,2024-02-29,90,True,0.0,no_target_event_within_90d
ACC00693,2024-03-31,90,True,0.0,no_target_event_within_90d
ACC00693,2024-04-30,90,True,0.0,no_target_event_within_90d
ACC00693,2024-05-31,90,True,0.0,no_target_event_within_90d
ACC00693,2024-06-30,90,True,0.0,no_target_event_within_90d
ACC00693,2024-07-31,90,True,0.0,no_target_event_within_90d
ACC00693,2024-08-31,90,True,0.0,no_target_event_within_90d
ACC00693,2024-09-30,90,True,0.0,no_target_event_within_90d
ACC00693,2024-10-31,90,True,1.0,renewed
ACC00693,2024-11-30,90,True,1.0,renewed
ACC00693,2024-12-31,90,True,1.0,renewed
ACC00694,2024-01-31,90,True,0.0,no_target_event_within_90d
ACC00694,2024-02-29,90,True,0.0,no_target_event_within_90d
ACC00694,2024-03-31,90,True,0.0,no_target_event_within_90d
ACC00694,2024-04-30,90,True,0.0,no_target_event_within_90d
ACC00694,2024-05-31,90,True,0.0,no_target_event_within_90d
ACC00694,2024-06-30,90,True,0.0,no_target_event_within_90d
ACC00694,2024-07-31,90,True,0.0,no_target_event_within_90d
ACC00694,2024-08-31,90,True,1.0,renewed
ACC00694,2024-09-30,90,True,1.0,renewed
ACC00694,2024-10-31,90,True,1.0,renewed
ACC00695,2024-01-31,90,True,0.0,no_target_event_within_90d
ACC00695,2024-02-29,90,True,0.0,no_target_event_within_90d
ACC00695,2024-03-31,90,True,0.0,no_target_event_within_90d
ACC00695,2024-04-30,90,True,0.0,no_target_event_within_90d
ACC00695,2024-05-31,90,True,0.0,no_target_event_within_90d
ACC00695,2024-06-30,90,True,0.0,no_target_event_within_90d
ACC00695,2024-07-31,90,True,0.0,no_target_event_within_90d
ACC00695,2024-08-31,90,True,1.0,churned_nonpayment
ACC00695,2024-09-30,90,True,1.0,churned_nonpayment
ACC00695,2024-10-31,90,True,1.0,churned_nonpayment
ACC00696,2024-01-31,90,True,0.0,no_target_event_within_90d
ACC00696,2024-02-29,90,True,0.0,no_target_event_within_90d
ACC00696,2024-03-31,90,True,0.0,no_target_event_within_90d
ACC00696,2024-04-30,90,True,0.0,no_target_event_within_90d
ACC00696,2024-05-31,90,True,0.0,no_target_event_within_90d
ACC00696,2024-06-30,90,True,0.0,no_target_event_within_90d
ACC00696,2024-07-31,90,True,0.0,no_target_event_within_90d
ACC00696,2024-08-31,90,True,0.0,no_target_event_within_90d
ACC00696,2024-09-30,90,True,0.0,no_target_event_within_90d
ACC00696,2024-10-31,90,True,0.0,no_target_event_within_90d
ACC00696,2024-11-30,90,True,0.0,no_target_event_within_90d
ACC00696,2024-12-31,90,True,0.0,no_target_event_within_90d
ACC00696,2025-01-31,90,True,0.0,no_target_event_within_90d
ACC00696,2025-02-28,90,True,0.0,no_target_event_within_90d
ACC00696,2025-03-31,90,True,0.0,no_target_event_within_90d
ACC00696,2025-04-30,90,True,0.0,no_target_event_within_90d
ACC00696,2025-05-31,90,True,0.0,no_target_event_within_90d
ACC00696,2025-06-30,90,True,0.0,no_target_event_within_90d
ACC00696,2025-07-31,90,True,0.0,no_target_event_within_90d
ACC00696,2025-08-31,90,True,1.0,renewed
ACC00696,2025-09-30,90,True,1.0,renewed
ACC00696,2025-10-31,90,True,1.0,renewed
ACC00697,2024-01-31,90,True,0.0,no_target_event_within_90d
ACC00697,2024-02-29,90,True,0.0,no_target_event_within_90d
ACC00697,2024-03-31,90,True,0.0,no_target_event_within_90d
ACC00697,2024-04-30,90,True,0.0,no_target_event_within_90d
ACC00697,2024-05-31,90,True,0.0,no_target_event_within_90d
ACC00697,2024-06-30,90,True,0.0,no_target_event_within_90d
ACC00697,2024-07-31,90,True,0.0,no_target_event_within_90d
ACC00697,2024-08-31,90,True,1.0,renewed
ACC00697,2024-09-30,90,True,1.0,renewed
ACC00697,2024-10-31,90,True,1.0,renewed
ACC00698,2024-01-31,90,True,0.0,no_target_event_within_90d
ACC00698,2024-02-29,90,True,0.0,no_target_event_within_90d
ACC00698,2024-03-31,90,True,0.0,no_target_event_within_90d
ACC00698,2024-04-30,90,True,0.0,no_target_event_within_90d
ACC00698,2024-05-31,90,True,0.0,no_target_event_within_90d
ACC00698,2024-06-30,90,True,0.0,no_target_event_within_90d
ACC00698,2024-07-31,90,True,0.0,no_target_event_within_90d
ACC00698,2024-08-31,90,True,0.0,no_target_event_within_90d
ACC00698,2024-09-30,90,True,0.0,no_target_event_within_90d
ACC00698,2024-10-31,90,True,0.0,no_target_event_within_90d
ACC00698,2024-11-30,90,True,0.0,no_target_event_within_90d
ACC00698,2024-12-31,90,True,0.0,no_target_event_within_90d
ACC00698,2025-01-31,90,True,0.0,no_target_event_within_90d
ACC00698,2025-02-28,90,True,0.0,no_target_event_within_90d
ACC00698,2025-03-31,90,True,0.0,no_target_event_within_90d
ACC00698,2025-04-30,90,True,0.0,no_target_event_within_90d
ACC00698,2025-05-31,90,True,1.0,renewed
ACC00698,2025-06-30,90,True,1.0,renewed
ACC00698,2025-07-31,90,True,1.0,renewed
ACC00699,2024-01-31,90,True,0.0,no_target_event_within_90d
ACC00699,2024-02-29,90,True,0.0,no_target_event_within_90d
ACC00699,2024-03-31,90,True,0.0,no_target_event_within_90d
ACC00699,2024-04-30,90,True,0.0,no_target_event_within_90d
ACC00699,2024-05-31,90,True,0.0,no_target_event_within_90d
ACC00699,2024-06-30,90,True,0.0,no_target_event_within_90d
ACC00699,2024-07-31,90,True,0.0,no_target_event_within_90d
ACC00699,2024-08-31,90,True,0.0,no_target_event_within_90d
ACC00699,2024-09-30,90,True,1.0,downgraded
ACC00699,2024-10-31,90,True,1.0,downgraded
ACC00699,2024-11-30,90,True,1.0,downgraded
ACC00700,2024-01-31,90,True,0.0,no_target_event_within_90d
ACC00700,2024-02-29,90,True,0.0,no_target_event_within_90d
ACC00700,2024-03-31,90,True,0.0,no_target_event_within_90d
ACC00700,2024-04-30,90,True,0.0,no_target_event_within_90d
ACC00700,2024-05-31,90,True,0.0,no_target_event_within_90d
ACC00700,2024-06-30,90,True,0.0,no_target_event_within_90d
ACC00700,2024-07-31,90,True,0.0,no_target_event_within_90d
ACC00700,2024-08-31,90,True,0.0,no_target_event_within_90d
ACC00700,2024-09-30,90,True,0.0,no_target_event_within_90d
ACC00700,2024-10-31,90,True,0.0,no_target_event_within_90d
ACC00700,2024-11-30,90,True,0.0,no_target_event_within_90d
ACC00700,2024-12-31,90,True,0.0,no_target_event_within_90d
ACC00700,2025-01-31,90,True,0.0,no_target_event_within_90d
ACC00700,2025-02-28,90,True,0.0,no_target_event_within_90d
ACC00700,2025-03-31,90,True,0.0,no_target_event_within_90d
ACC00700,2025-04-30,90,True,0.0,no_target_event_within_90d
ACC00700,2025-05-31,90,True,0.0,no_target_event_within_90d
ACC00700,2025-06-30,90,True,0.0,no_target_event_within_90d
ACC00700,2025-07-31,90,True,0.0,no_target_event_within_90d
ACC00700,2025-08-31,90,True,0.0,no_target_event_within_90d
ACC00700,2025-09-30,90,True,0.0,no_target_event_within_90d
ACC00700,2025-10-31,90,True,1.0,renewed
ACC00700,2025-11-30,90,True,1.0,renewed
ACC00700,2025-12-31,90,True,1.0,renewed
