ticket_id,account_id,created_at,resolved_at,severity,category,reopened,escalated
TKT0000001,ACC00001,2024-07-07T00:00:00,2024-07-11T00:00:00,medium,permissions,False,False
TKT0000002,ACC00002,2024-01-11T00:00:00,2024-01-14T00:00:00,low,usage reporting,False,False
TKT0000003,ACC00002,2024-12-05T00:00:00,2024-12-10T00:00:00,medium,workflow automation,False,False
TKT0000004,ACC00002,2024-10-16T00:00:00,2024-10-18T00:00:00,medium,permissions,False,False
TKT0000005,ACC00002,2024-05-18T00:00:00,2024-05-29T00:00:00,low,permissions,True,True
TKT0000006,ACC00002,2024-01-28T00:00:00,2024-01-28T00:00:00,medium,renewal terms,False,False
TKT0000007,ACC00002,2025-07-07T00:00:00,2025-07-15T00:00:00,high,dashboard performance,False,False
TKT0000008,ACC00002,2025-04-21T00:00:00,2025-04-26T00:00:00,medium,user provisioning,False,False
TKT0000009,ACC00002,2025-12-28T00:00:00,2026-01-04T00:00:00,low,mobile access,False,False
TKT0000010,ACC00003,2024-11-14T00:00:00,2024-11-22T00:00:00,high,mobile access,True,False
TKT0000011,ACC00003,2024-08-10T00:00:00,2024-08-20T00:00:00,low,usage reporting,False,True
TKT0000012,ACC00003,2024-06-16T00:00:00,2024-06-19T00:00:00,low,integration errors,False,False
TKT0000013,ACC00003,2025-04-24T00:00:00,2025-05-05T00:00:00,low,invoice reconciliation,False,True
TKT0000014,ACC00003,2024-07-27T00:00:00,2024-08-05T00:00:00,low,data synchronization,False,False
TKT0000015,ACC00003,2024-03-22T00:00:00,2024-03-29T00:00:00,high,integration errors,True,False
TKT0000016,ACC00003,2024-02-28T00:00:00,2024-03-08T00:00:00,medium,data synchronization,False,False
TKT0000017,ACC00003,2025-07-28T00:00:00,2025-07-30T00:00:00,low,billing configuration,False,False
TKT0000018,ACC00003,2024-08-25T00:00:00,2024-08-25T00:00:00,medium,mobile access,False,False
TKT0000019,ACC00003,2025-06-02T00:00:00,2025-06-08T00:00:00,medium,renewal terms,False,True
TKT0000020,ACC00003,2024-04-23T00:00:00,2024-04-28T00:00:00,medium,usage reporting,True,False
TKT0000021,ACC00003,2025-01-19T00:00:00,2025-01-24T00:00:00,low,integration errors,False,False
TKT0000022,ACC00003,2024-09-08T00:00:00,2024-09-17T00:00:00,low,data synchronization,False,False
TKT0000023,ACC00003,2024-07-14T00:00:00,2024-07-19T00:00:00,medium,data synchronization,False,False
TKT0000024,ACC00003,2024-06-19T00:00:00,2024-06-28T00:00:00,low,permissions,False,False
TKT0000025,ACC00003,2024-09-26T00:00:00,2024-10-02T00:00:00,low,renewal terms,False,False
TKT0000026,ACC00004,2025-06-12T00:00:00,2025-06-24T00:00:00,medium,permissions,False,False
TKT0000027,ACC00004,2024-01-20T00:00:00,2024-02-01T00:00:00,high,integration errors,False,False
TKT0000028,ACC00004,2025-10-18T00:00:00,2025-10-21T00:00:00,medium,mobile access,False,False
TKT0000029,ACC00004,2024-05-20T00:00:00,2024-05-26T00:00:00,low,permissions,False,False
TKT0000030,ACC00004,2025-10-03T00:00:00,2025-10-05T00:00:00,low,SSO,False,True
TKT0000031,ACC00004,2025-04-07T00:00:00,2025-04-16T00:00:00,low,permissions,False,False
TKT0000032,ACC00004,2025-05-20T00:00:00,2025-05-24T00:00:00,medium,report exports,False,False
TKT0000033,ACC00004,2024-03-01T00:00:00,2024-03-04T00:00:00,high,permissions,False,False
TKT0000034,ACC00004,2024-03-15T00:00:00,2024-03-15T00:00:00,medium,data synchronization,False,False
TKT0000035,ACC00004,2025-02-27T00:00:00,2025-03-10T00:00:00,low,report exports,False,False
TKT0000036,ACC00005,2024-01-09T00:00:00,2024-01-12T00:00:00,high,usage reporting,False,False
TKT0000037,ACC00005,2024-07-03T00:00:00,2024-07-10T00:00:00,low,renewal terms,False,False
TKT0000038,ACC00005,2025-03-08T00:00:00,2025-03-17T00:00:00,high,usage reporting,False,False
TKT0000039,ACC00005,2025-01-20T00:00:00,2025-01-29T00:00:00,high,integration errors,False,False
TKT0000040,ACC00005,2024-02-17T00:00:00,2024-02-24T00:00:00,low,renewal terms,False,False
TKT0000041,ACC00005,2024-08-17T00:00:00,2024-08-28T00:00:00,medium,report exports,False,False
TKT0000042,ACC00005,2024-07-10T00:00:00,2024-07-24T00:00:00,low,dashboard performance,False,False
TKT0000043,ACC00005,2024-06-14T00:00:00,2024-06-28T00:00:00,low,report exports,False,False
TKT0000044,ACC00005,2025-03-27T00:00:00,2025-04-04T00:00:00,medium,API reliability,False,False
TKT0000045,ACC00006,2024-01-03T00:00:00,2024-01-08T00:00:00,medium,workflow automation,False,False
TKT0000046,ACC00006,2024-12-20T00:00:00,2024-12-26T00:00:00,high,renewal terms,False,True
TKT0000047,ACC00006,2024-03-26T00:00:00,2024-04-02T00:00:00,low,user provisioning,False,False
TKT0000048,ACC00006,2024-08-18T00:00:00,2024-08-25T00:00:00,low,user provisioning,True,False
TKT0000049,ACC00006,2025-02-26T00:00:00,2025-03-03T00:00:00,high,mobile access,False,True
TKT0000050,ACC00006,2025-04-04T00:00:00,2025-04-12T00:00:00,high,API reliability,False,True
TKT0000051,ACC00006,2025-01-03T00:00:00,2025-01-12T00:00:00,high,billing configuration,False,False
TKT0000052,ACC00007,2024-03-18T00:00:00,2024-03-24T00:00:00,low,usage reporting,False,False
TKT0000053,ACC00007,2024-03-12T00:00:00,2024-03-17T00:00:00,medium,API reliability,False,False
TKT0000054,ACC00007,2024-10-21T00:00:00,2024-10-27T00:00:00,high,permissions,False,False
TKT0000055,ACC00007,2024-04-21T00:00:00,2024-04-28T00:00:00,medium,API reliability,False,False
TKT0000056,ACC00007,2024-07-05T00:00:00,2024-07-14T00:00:00,medium,invoice reconciliation,False,True
TKT0000057,ACC00007,2024-10-16T00:00:00,2024-10-23T00:00:00,high,report exports,True,True
TKT0000058,ACC00007,2024-07-26T00:00:00,2024-08-05T00:00:00,high,renewal terms,False,True
TKT0000059,ACC00008,2025-03-15T00:00:00,2025-03-17T00:00:00,low,billing configuration,False,False
TKT0000060,ACC00008,2024-08-16T00:00:00,2024-08-20T00:00:00,low,billing configuration,False,False
TKT0000061,ACC00008,2024-10-15T00:00:00,2024-10-24T00:00:00,high,SSO,False,False
TKT0000062,ACC00008,2024-06-27T00:00:00,2024-07-11T00:00:00,medium,permissions,False,False
TKT0000063,ACC00008,2024-04-02T00:00:00,2024-04-11T00:00:00,critical,SSO,False,False
TKT0000064,ACC00008,2024-07-18T00:00:00,2024-07-28T00:00:00,medium,data synchronization,False,False
TKT0000065,ACC00008,2025-03-18T00:00:00,2025-03-26T00:00:00,high,dashboard performance,False,True
TKT0000066,ACC00008,2025-04-25T00:00:00,2025-05-02T00:00:00,low,data synchronization,False,False
TKT0000067,ACC00008,2025-06-17T00:00:00,2025-06-28T00:00:00,low,dashboard performance,False,False
TKT0000068,ACC00008,2025-07-22T00:00:00,2025-07-31T00:00:00,low,usage reporting,False,False
TKT0000069,ACC00008,2025-11-04T00:00:00,2025-11-18T00:00:00,medium,report exports,False,False
TKT0000070,ACC00008,2024-10-01T00:00:00,2024-10-14T00:00:00,low,invoice reconciliation,False,False
TKT0000071,ACC00008,2024-02-20T00:00:00,2024-02-29T00:00:00,medium,mobile access,False,False
TKT0000072,ACC00008,2024-09-07T00:00:00,2024-09-15T00:00:00,low,renewal terms,False,False
TKT0000073,ACC00009,2025-04-17T00:00:00,2025-04-22T00:00:00,low,billing configuration,False,False
TKT0000074,ACC00009,2024-02-14T00:00:00,2024-02-15T00:00:00,high,user provisioning,False,False
TKT0000075,ACC00009,2025-03-15T00:00:00,2025-03-17T00:00:00,low,mobile access,False,False
TKT0000076,ACC00009,2025-04-14T00:00:00,2025-04-25T00:00:00,low,user provisioning,False,True
TKT0000077,ACC00009,2025-07-16T00:00:00,2025-07-29T00:00:00,medium,SSO,False,False
TKT0000078,ACC00010,2025-07-04T00:00:00,2025-07-12T00:00:00,low,user provisioning,False,False
TKT0000079,ACC00010,2024-04-08T00:00:00,2024-04-11T00:00:00,medium,renewal terms,False,False
TKT0000080,ACC00010,2025-01-05T00:00:00,2025-01-08T00:00:00,low,integration errors,False,False
TKT0000081,ACC00010,2024-07-14T00:00:00,2024-07-26T00:00:00,low,SSO,True,False
TKT0000082,ACC00010,2024-08-20T00:00:00,2024-08-23T00:00:00,medium,data synchronization,False,False
TKT0000083,ACC00011,2025-01-14T00:00:00,2025-01-24T00:00:00,medium,permissions,False,False
TKT0000084,ACC00011,2024-06-20T00:00:00,2024-07-01T00:00:00,low,usage reporting,True,False
TKT0000085,ACC00011,2024-06-07T00:00:00,2024-06-14T00:00:00,low,API reliability,False,False
TKT0000086,ACC00011,2025-04-10T00:00:00,2025-04-18T00:00:00,low,report exports,False,False
TKT0000087,ACC00011,2024-09-12T00:00:00,2024-09-14T00:00:00,medium,renewal terms,False,False
TKT0000088,ACC00011,2024-03-11T00:00:00,2024-03-20T00:00:00,low,invoice reconciliation,False,False
TKT0000089,ACC00011,2024-09-11T00:00:00,2024-09-23T00:00:00,medium,report exports,False,False
TKT0000090,ACC00011,2024-05-28T00:00:00,2024-06-05T00:00:00,medium,integration errors,False,False
TKT0000091,ACC00011,2025-03-26T00:00:00,2025-04-08T00:00:00,medium,billing configuration,False,False
TKT0000092,ACC00011,2025-08-20T00:00:00,2025-09-02T00:00:00,critical,mobile access,True,True
TKT0000093,ACC00011,2025-09-04T00:00:00,2025-09-06T00:00:00,critical,usage reporting,False,False
TKT0000094,ACC00011,2025-05-16T00:00:00,2025-05-17T00:00:00,medium,SSO,False,False
TKT0000095,ACC00011,2024-05-04T00:00:00,2024-05-11T00:00:00,medium,user provisioning,False,True
TKT0000096,ACC00011,2025-04-11T00:00:00,2025-04-13T00:00:00,low,API reliability,False,False
TKT0000097,ACC00011,2025-02-12T00:00:00,2025-02-15T00:00:00,medium,SSO,False,False
TKT0000098,ACC00011,2024-08-05T00:00:00,2024-08-11T00:00:00,medium,user provisioning,False,False
TKT0000099,ACC00011,2025-05-26T00:00:00,2025-06-02T00:00:00,critical,SSO,False,False
TKT0000100,ACC00012,2024-06-24T00:00:00,2024-06-25T00:00:00,medium,dashboard performance,True,False
TKT0000101,ACC00012,2024-05-24T00:00:00,2024-05-28T00:00:00,medium,user provisioning,False,False
TKT0000102,ACC00012,2024-11-22T00:00:00,2024-12-02T00:00:00,high,dashboard performance,False,False
TKT0000103,ACC00012,2024-09-08T00:00:00,2024-09-13T00:00:00,medium,data synchronization,False,False
TKT0000104,ACC00012,2024-11-01T00:00:00,2024-11-03T00:00:00,high,permissions,False,False
TKT0000105,ACC00012,2024-01-01T00:00:00,2024-01-07T00:00:00,medium,mobile access,False,False
TKT0000106,ACC00013,2025-09-25T00:00:00,2025-10-02T00:00:00,medium,mobile access,False,False
TKT0000107,ACC00013,2024-12-17T00:00:00,2024-12-28T00:00:00,medium,workflow automation,False,False
TKT0000108,ACC00013,2025-09-26T00:00:00,2025-09-26T00:00:00,medium,invoice reconciliation,False,False
TKT0000109,ACC00013,2024-08-13T00:00:00,2024-08-19T00:00:00,low,user provisioning,False,False
TKT0000110,ACC00013,2024-12-09T00:00:00,2024-12-11T00:00:00,medium,billing configuration,True,False
TKT0000111,ACC00013,2024-12-08T00:00:00,2024-12-15T00:00:00,medium,mobile access,False,False
TKT0000112,ACC00013,2025-03-14T00:00:00,2025-03-26T00:00:00,low,workflow automation,False,False
TKT0000113,ACC00013,2024-06-15T00:00:00,2024-06-25T00:00:00,low,API reliability,False,False
TKT0000114,ACC00013,2025-05-17T00:00:00,2025-05-18T00:00:00,medium,billing configuration,False,False
TKT0000115,ACC00013,2024-04-03T00:00:00,2024-04-11T00:00:00,low,invoice reconciliation,False,False
TKT0000116,ACC00013,2024-09-10T00:00:00,2024-09-22T00:00:00,medium,permissions,False,False
TKT0000117,ACC00013,2025-08-05T00:00:00,2025-08-17T00:00:00,critical,usage reporting,False,False
TKT0000118,ACC00013,2024-01-25T00:00:00,2024-02-07T00:00:00,low,data synchronization,False,False
TKT0000119,ACC00013,2025-01-27T00:00:00,2025-02-06T00:00:00,medium,report exports,False,False
TKT0000120,ACC00013,2024-05-28T00:00:00,2024-05-31T00:00:00,low,usage reporting,False,False
TKT0000121,ACC00013,2025-05-19T00:00:00,2025-05-31T00:00:00,medium,workflow automation,False,False
TKT0000122,ACC00013,2024-03-11T00:00:00,2024-03-17T00:00:00,medium,billing configuration,False,False
TKT0000123,ACC00013,2025-03-15T00:00:00,2025-03-15T00:00:00,high,data synchronization,False,False
TKT0000124,ACC00014,2024-07-18T00:00:00,2024-08-01T00:00:00,low,permissions,False,False
TKT0000125,ACC00014,2024-08-20T00:00:00,2024-08-28T00:00:00,high,data synchronization,False,False
TKT0000126,ACC00014,2024-03-28T00:00:00,2024-03-31T00:00:00,medium,report exports,False,False
TKT0000127,ACC00014,2024-07-05T00:00:00,2024-07-14T00:00:00,low,mobile access,False,False
TKT0000128,ACC00014,2024-08-17T00:00:00,2024-08-28T00:00:00,low,workflow automation,False,False
TKT0000129,ACC00014,2024-08-14T00:00:00,2024-08-17T00:00:00,low,dashboard performance,False,False
TKT0000130,ACC00014,2024-09-28T00:00:00,2024-09-29T00:00:00,medium,data synchronization,False,True
TKT0000131,ACC00015,2024-03-11T00:00:00,2024-03-25T00:00:00,medium,invoice reconciliation,False,False
TKT0000132,ACC00015,2024-12-05T00:00:00,2024-12-11T00:00:00,high,integration errors,False,False
TKT0000133,ACC00015,2025-07-18T00:00:00,2025-07-24T00:00:00,low,user provisioning,False,False
TKT0000134,ACC00015,2024-05-17T00:00:00,2024-05-26T00:00:00,medium,invoice reconciliation,False,True
TKT0000135,ACC00015,2025-03-11T00:00:00,2025-03-15T00:00:00,low,renewal terms,False,False
TKT0000136,ACC00015,2024-05-20T00:00:00,2024-05-31T00:00:00,low,permissions,False,False
TKT0000137,ACC00016,2024-03-06T00:00:00,2024-03-07T00:00:00,medium,usage reporting,False,False
TKT0000138,ACC00016,2024-01-14T00:00:00,2024-01-28T00:00:00,medium,usage reporting,False,False
TKT0000139,ACC00016,2025-10-22T00:00:00,2025-11-02T00:00:00,high,API reliability,False,False
TKT0000140,ACC00016,2025-12-01T00:00:00,2025-12-12T00:00:00,medium,mobile access,False,True
TKT0000141,ACC00016,2025-12-22T00:00:00,2026-01-04T00:00:00,high,mobile access,False,True
TKT0000142,ACC00016,2025-03-06T00:00:00,2025-03-20T00:00:00,medium,billing configuration,False,False
TKT0000143,ACC00016,2024-03-12T00:00:00,2024-03-20T00:00:00,medium,data synchronization,False,False
TKT0000144,ACC00016,2025-01-06T00:00:00,2025-01-07T00:00:00,low,data synchronization,False,False
TKT0000145,ACC00016,2025-06-28T00:00:00,2025-06-29T00:00:00,medium,dashboard performance,False,False
TKT0000146,ACC00017,2025-03-08T00:00:00,2025-03-11T00:00:00,low,integration errors,False,False
TKT0000147,ACC00017,2025-01-05T00:00:00,2025-01-16T00:00:00,low,usage reporting,False,False
TKT0000148,ACC00017,2025-04-03T00:00:00,2025-04-10T00:00:00,medium,SSO,False,True
TKT0000149,ACC00017,2024-01-10T00:00:00,2024-01-12T00:00:00,low,renewal terms,False,False
TKT0000150,ACC00017,2024-03-05T00:00:00,2024-03-08T00:00:00,low,workflow automation,False,False
TKT0000151,ACC00017,2024-04-24T00:00:00,2024-05-05T00:00:00,medium,billing configuration,False,False
TKT0000152,ACC00018,2024-02-10T00:00:00,2024-02-20T00:00:00,low,workflow automation,True,False
TKT0000153,ACC00018,2024-07-26T00:00:00,2024-07-28T00:00:00,medium,billing configuration,False,False
TKT0000154,ACC00018,2024-11-15T00:00:00,2024-11-20T00:00:00,medium,dashboard performance,False,False
TKT0000155,ACC00018,2024-08-07T00:00:00,2024-08-16T00:00:00,critical,API reliability,False,False
TKT0000156,ACC00018,2024-01-05T00:00:00,2024-01-09T00:00:00,medium,mobile access,False,False
TKT0000157,ACC00019,2025-09-25T00:00:00,2025-09-25T00:00:00,medium,integration errors,False,False
TKT0000158,ACC00019,2024-03-19T00:00:00,2024-03-30T00:00:00,low,usage reporting,False,False
TKT0000159,ACC00019,2025-09-25T00:00:00,2025-09-28T00:00:00,low,permissions,False,False
TKT0000160,ACC00019,2025-06-27T00:00:00,2025-07-09T00:00:00,low,billing configuration,False,False
TKT0000161,ACC00019,2025-10-02T00:00:00,2025-10-16T00:00:00,low,SSO,False,False
TKT0000162,ACC00019,2025-07-28T00:00:00,2025-08-04T00:00:00,low,integration errors,False,True
TKT0000163,ACC00020,2024-07-13T00:00:00,2024-07-17T00:00:00,low,mobile access,False,False
TKT0000164,ACC00020,2024-04-22T00:00:00,2024-04-25T00:00:00,low,API reliability,False,True
TKT0000165,ACC00020,2024-02-19T00:00:00,2024-02-20T00:00:00,low,mobile access,False,False
TKT0000166,ACC00020,2024-04-08T00:00:00,2024-04-22T00:00:00,medium,usage reporting,False,False
TKT0000167,ACC00020,2024-07-12T00:00:00,2024-07-23T00:00:00,medium,integration errors,False,True
TKT0000168,ACC00020,2024-06-17T00:00:00,2024-06-26T00:00:00,high,workflow automation,False,False
TKT0000169,ACC00021,2024-02-21T00:00:00,2024-03-02T00:00:00,medium,integration errors,False,False
TKT0000170,ACC00021,2024-12-05T00:00:00,2024-12-16T00:00:00,medium,workflow automation,False,False
TKT0000171,ACC00021,2024-06-21T00:00:00,2024-07-01T00:00:00,low,usage reporting,False,False
TKT0000172,ACC00021,2024-05-09T00:00:00,2024-05-19T00:00:00,medium,dashboard performance,False,True
TKT0000173,ACC00022,2024-08-04T00:00:00,2024-08-06T00:00:00,medium,permissions,False,False
TKT0000174,ACC00022,2024-11-02T00:00:00,2024-11-05T00:00:00,medium,report exports,False,False
TKT0000175,ACC00022,2024-09-01T00:00:00,2024-09-14T00:00:00,medium,renewal terms,False,False
TKT0000176,ACC00022,2024-12-04T00:00:00,2024-12-11T00:00:00,low,API reliability,False,False
TKT0000177,ACC00022,2024-11-19T00:00:00,2024-12-02T00:00:00,low,permissions,False,False
TKT0000178,ACC00022,2024-10-05T00:00:00,2024-10-14T00:00:00,low,billing configuration,False,False
TKT0000179,ACC00022,2025-04-10T00:00:00,2025-04-10T00:00:00,medium,dashboard performance,False,False
TKT0000180,ACC00022,2024-01-04T00:00:00,2024-01-16T00:00:00,medium,data synchronization,False,False
TKT0000181,ACC00022,2025-05-26T00:00:00,2025-05-29T00:00:00,medium,user provisioning,False,True
TKT0000182,ACC00022,2025-01-25T00:00:00,2025-01-26T00:00:00,medium,invoice reconciliation,False,False
TKT0000183,ACC00023,2025-03-14T00:00:00,2025-03-28T00:00:00,low,SSO,False,False
TKT0000184,ACC00023,2024-04-20T00:00:00,2024-04-22T00:00:00,medium,integration errors,False,False
TKT0000185,ACC00023,2024-01-26T00:00:00,2024-02-07T00:00:00,low,usage reporting,False,False
TKT0000186,ACC00023,2025-06-03T00:00:00,2025-06-11T00:00:00,medium,invoice reconciliation,False,True
TKT0000187,ACC00023,2024-06-27T00:00:00,2024-07-10T00:00:00,medium,usage reporting,False,False
TKT0000188,ACC00023,2024-12-11T00:00:00,2024-12-19T00:00:00,low,usage reporting,False,True
TKT0000189,ACC00023,2024-01-25T00:00:00,2024-01-26T00:00:00,high,mobile access,False,False
TKT0000190,ACC00023,2024-06-10T00:00:00,2024-06-13T00:00:00,low,permissions,False,False
TKT0000191,ACC00023,2024-09-24T00:00:00,2024-10-06T00:00:00,low,user provisioning,False,False
TKT0000192,ACC00024,2025-11-17T00:00:00,2025-11-27T00:00:00,low,usage reporting,False,False
TKT0000193,ACC00024,2024-10-09T00:00:00,2024-10-10T00:00:00,medium,data synchronization,False,False
TKT0000194,ACC00024,2024-03-19T00:00:00,2024-03-20T00:00:00,high,API reliability,False,False
TKT0000195,ACC00024,2024-03-06T00:00:00,2024-03-16T00:00:00,low,report exports,False,False
TKT0000196,ACC00024,2024-07-21T00:00:00,2024-07-22T00:00:00,low,usage reporting,False,False
TKT0000197,ACC00024,2025-10-21T00:00:00,2025-11-03T00:00:00,high,invoice reconciliation,False,False
TKT0000198,ACC00024,2024-10-02T00:00:00,2024-10-06T00:00:00,low,SSO,False,False
TKT0000199,ACC00024,2025-02-08T00:00:00,2025-02-12T00:00:00,medium,invoice reconciliation,False,False
TKT0000200,ACC00024,2025-11-15T00:00:00,2025-11-22T00:00:00,low,data synchronization,False,False
TKT0000201,ACC00025,2024-06-24T00:00:00,2024-07-04T00:00:00,low,usage reporting,False,False
TKT0000202,ACC00025,2024-07-19T00:00:00,2024-07-23T00:00:00,low,integration errors,False,False
TKT0000203,ACC00025,2024-08-23T00:00:00,2024-08-28T00:00:00,medium,integration errors,False,False
TKT0000204,ACC00026,2024-07-12T00:00:00,2024-07-18T00:00:00,medium,permissions,True,False
TKT0000205,ACC00026,2024-03-09T00:00:00,2024-03-17T00:00:00,medium,renewal terms,False,False
TKT0000206,ACC00026,2024-02-15T00:00:00,2024-02-18T00:00:00,medium,invoice reconciliation,False,False
TKT0000207,ACC00026,2025-11-21T00:00:00,2025-11-24T00:00:00,high,usage reporting,False,False
TKT0000208,ACC00026,2025-08-09T00:00:00,2025-08-10T00:00:00,medium,usage reporting,False,False
TKT0000209,ACC00026,2024-03-05T00:00:00,2024-03-05T00:00:00,medium,invoice reconciliation,False,False
TKT0000210,ACC00026,2025-07-16T00:00:00,2025-07-24T00:00:00,medium,billing configuration,True,False
TKT0000211,ACC00026,2024-03-07T00:00:00,2024-03-14T00:00:00,medium,API reliability,False,False
TKT0000212,ACC00026,2025-07-07T00:00:00,2025-07-11T00:00:00,medium,integration errors,True,False
TKT0000213,ACC00026,2024-04-24T00:00:00,2024-05-06T00:00:00,high,permissions,False,False
TKT0000214,ACC00026,2025-08-25T00:00:00,2025-08-25T00:00:00,medium,dashboard performance,False,False
TKT0000215,ACC00026,2025-04-21T00:00:00,2025-04-29T00:00:00,low,workflow automation,False,False
TKT0000216,ACC00026,2024-10-09T00:00:00,2024-10-12T00:00:00,high,data synchronization,False,False
TKT0000217,ACC00026,2024-10-21T00:00:00,2024-11-02T00:00:00,low,SSO,False,False
TKT0000218,ACC00026,2025-05-16T00:00:00,2025-05-18T00:00:00,medium,API reliability,False,False
TKT0000219,ACC00026,2024-04-28T00:00:00,2024-05-08T00:00:00,low,permissions,False,False
TKT0000220,ACC00026,2024-04-25T00:00:00,2024-04-29T00:00:00,low,mobile access,False,False
TKT0000221,ACC00027,2024-12-20T00:00:00,2024-12-22T00:00:00,low,user provisioning,False,False
TKT0000222,ACC00027,2024-05-24T00:00:00,2024-06-03T00:00:00,medium,SSO,False,False
TKT0000223,ACC00027,2024-06-01T00:00:00,2024-06-05T00:00:00,medium,user provisioning,False,False
TKT0000224,ACC00027,2024-09-20T00:00:00,2024-10-02T00:00:00,low,report exports,False,False
TKT0000225,ACC00027,2024-02-24T00:00:00,2024-03-09T00:00:00,high,user provisioning,True,False
TKT0000226,ACC00027,2025-08-24T00:00:00,2025-08-26T00:00:00,medium,API reliability,True,False
TKT0000227,ACC00027,2024-03-14T00:00:00,2024-03-15T00:00:00,critical,workflow automation,False,False
TKT0000228,ACC00027,2025-06-15T00:00:00,2025-06-24T00:00:00,low,billing configuration,False,False
TKT0000229,ACC00027,2025-04-09T00:00:00,2025-04-19T00:00:00,low,mobile access,False,False
TKT0000230,ACC00027,2025-04-16T00:00:00,2025-04-29T00:00:00,medium,integration errors,False,True
TKT0000231,ACC00027,2024-05-26T00:00:00,2024-05-29T00:00:00,high,permissions,True,False
TKT0000232,ACC00027,2025-01-10T00:00:00,2025-01-11T00:00:00,high,invoice reconciliation,False,False
TKT0000233,ACC00027,2024-11-23T00:00:00,2024-12-03T00:00:00,high,integration errors,False,False
TKT0000234,ACC00027,2024-09-25T00:00:00,2024-09-30T00:00:00,high,user provisioning,False,False
TKT0000235,ACC00028,2024-06-06T00:00:00,2024-06-07T00:00:00,low,invoice reconciliation,False,False
TKT0000236,ACC00028,2025-11-21T00:00:00,2025-12-03T00:00:00,medium,mobile access,False,False
TKT0000237,ACC00028,2025-11-03T00:00:00,2025-11-04T00:00:00,low,usage reporting,False,False
TKT0000238,ACC00028,2025-01-28T00:00:00,2025-02-08T00:00:00,low,data synchronization,False,False
TKT0000239,ACC00028,2025-01-04T00:00:00,2025-01-15T00:00:00,medium,renewal terms,False,False
TKT0000240,ACC00028,2025-08-19T00:00:00,2025-08-24T00:00:00,high,invoice reconciliation,False,True
TKT0000241,ACC00028,2025-06-05T00:00:00,2025-06-09T00:00:00,medium,report exports,False,False
TKT0000242,ACC00028,2024-08-08T00:00:00,2024-08-15T00:00:00,high,permissions,False,False
TKT0000243,ACC00028,2024-10-08T00:00:00,2024-10-21T00:00:00,high,integration errors,False,False
TKT0000244,ACC00028,2025-06-18T00:00:00,2025-06-21T00:00:00,critical,user provisioning,False,False
TKT0000245,ACC00028,2025-01-21T00:00:00,2025-02-04T00:00:00,medium,user provisioning,False,False
TKT0000246,ACC00028,2024-12-26T00:00:00,2025-01-01T00:00:00,medium,data synchronization,False,False
TKT0000247,ACC00028,2024-08-11T00:00:00,2024-08-12T00:00:00,medium,usage reporting,False,False
TKT0000248,ACC00028,2025-11-08T00:00:00,2025-11-17T00:00:00,medium,SSO,True,False
TKT0000249,ACC00028,2025-05-23T00:00:00,2025-05-28T00:00:00,medium,API reliability,False,False
TKT0000250,ACC00028,2025-11-23T00:00:00,2025-12-01T00:00:00,medium,renewal terms,False,False
TKT0000251,ACC00028,2025-07-27T00:00:00,2025-08-05T00:00:00,low,workflow automation,False,False
TKT0000252,ACC00029,2025-01-05T00:00:00,2025-01-13T00:00:00,high,API reliability,False,False
TKT0000253,ACC00029,2024-11-22T00:00:00,2024-11-22T00:00:00,medium,renewal terms,False,False
TKT0000254,ACC00029,2025-08-17T00:00:00,2025-08-19T00:00:00,low,SSO,False,False
TKT0000255,ACC00029,2024-04-22T00:00:00,2024-04-30T00:00:00,low,mobile access,True,False
TKT0000256,ACC00029,2024-12-02T00:00:00,2024-12-03T00:00:00,low,permissions,False,False
TKT0000257,ACC00029,2025-07-02T00:00:00,2025-07-14T00:00:00,medium,integration errors,False,True
TKT0000258,ACC00029,2025-09-02T00:00:00,2025-09-03T00:00:00,medium,report exports,False,False
TKT0000259,ACC00029,2025-07-21T00:00:00,2025-07-31T00:00:00,low,integration errors,False,False
TKT0000260,ACC00029,2024-08-22T00:00:00,2024-08-26T00:00:00,medium,data synchronization,False,False
TKT0000261,ACC00029,2025-04-05T00:00:00,2025-04-19T00:00:00,medium,data synchronization,False,False
TKT0000262,ACC00030,2024-11-19T00:00:00,2024-12-03T00:00:00,medium,data synchronization,False,False
TKT0000263,ACC00030,2024-03-19T00:00:00,2024-04-01T00:00:00,low,data synchronization,False,False
TKT0000264,ACC00030,2025-04-12T00:00:00,2025-04-17T00:00:00,high,mobile access,False,True
TKT0000265,ACC00030,2025-07-06T00:00:00,2025-07-13T00:00:00,medium,workflow automation,False,False
TKT0000266,ACC00030,2025-01-15T00:00:00,2025-01-22T00:00:00,high,workflow automation,False,False
TKT0000267,ACC00030,2025-01-14T00:00:00,2025-01-27T00:00:00,high,SSO,False,False
TKT0000268,ACC00031,2024-06-28T00:00:00,2024-07-05T00:00:00,low,usage reporting,False,False
TKT0000269,ACC00031,2025-01-20T00:00:00,2025-02-03T00:00:00,medium,workflow automation,False,False
TKT0000270,ACC00031,2024-08-03T00:00:00,2024-08-17T00:00:00,medium,report exports,False,False
TKT0000271,ACC00031,2024-01-09T00:00:00,2024-01-13T00:00:00,high,workflow automation,False,False
TKT0000272,ACC00031,2024-06-04T00:00:00,2024-06-07T00:00:00,low,permissions,False,False
TKT0000273,ACC00031,2024-12-03T00:00:00,2024-12-13T00:00:00,low,report exports,False,True
TKT0000274,ACC00031,2024-04-10T00:00:00,2024-04-17T00:00:00,low,billing configuration,False,False
TKT0000275,ACC00032,2024-04-01T00:00:00,2024-04-10T00:00:00,low,SSO,False,False
TKT0000276,ACC00032,2024-04-18T00:00:00,2024-04-21T00:00:00,low,SSO,False,False
TKT0000277,ACC00033,2024-08-01T00:00:00,2024-08-12T00:00:00,medium,API reliability,True,True
TKT0000278,ACC00033,2024-06-18T00:00:00,2024-06-30T00:00:00,high,data synchronization,False,True
TKT0000279,ACC00033,2024-06-08T00:00:00,2024-06-10T00:00:00,medium,billing configuration,False,False
TKT0000280,ACC00033,2024-02-13T00:00:00,2024-02-13T00:00:00,low,workflow automation,False,False
TKT0000281,ACC00033,2024-09-15T00:00:00,2024-09-16T00:00:00,medium,usage reporting,False,False
TKT0000282,ACC00034,2024-04-15T00:00:00,2024-04-26T00:00:00,low,API reliability,False,False
TKT0000283,ACC00034,2024-11-19T00:00:00,2024-11-26T00:00:00,low,user provisioning,False,False
TKT0000284,ACC00034,2025-10-22T00:00:00,2025-10-31T00:00:00,medium,dashboard performance,False,False
TKT0000285,ACC00034,2025-04-21T00:00:00,2025-04-23T00:00:00,low,user provisioning,False,True
TKT0000286,ACC00034,2024-02-27T00:00:00,2024-03-02T00:00:00,high,user provisioning,False,False
TKT0000287,ACC00034,2025-10-13T00:00:00,2025-10-26T00:00:00,medium,data synchronization,False,False
TKT0000288,ACC00034,2025-12-23T00:00:00,2025-12-28T00:00:00,low,billing configuration,False,False
TKT0000289,ACC00034,2024-01-28T00:00:00,2024-02-01T00:00:00,medium,user provisioning,True,False
TKT0000290,ACC00035,2024-01-16T00:00:00,2024-01-27T00:00:00,low,SSO,False,False
TKT0000291,ACC00035,2025-10-17T00:00:00,2025-10-23T00:00:00,low,report exports,False,False
TKT0000292,ACC00035,2025-07-26T00:00:00,2025-08-08T00:00:00,medium,invoice reconciliation,False,False
TKT0000293,ACC00035,2025-02-07T00:00:00,2025-02-13T00:00:00,medium,invoice reconciliation,False,False
TKT0000294,ACC00035,2024-05-13T00:00:00,2024-05-19T00:00:00,high,integration errors,False,False
TKT0000295,ACC00035,2024-04-23T00:00:00,2024-05-03T00:00:00,low,integration errors,False,False
TKT0000296,ACC00035,2025-01-19T00:00:00,2025-01-23T00:00:00,low,usage reporting,False,False
TKT0000297,ACC00035,2025-09-19T00:00:00,2025-09-29T00:00:00,low,invoice reconciliation,False,True
TKT0000298,ACC00035,2024-08-24T00:00:00,2024-08-25T00:00:00,low,permissions,False,False
TKT0000299,ACC00035,2024-09-04T00:00:00,2024-09-14T00:00:00,medium,invoice reconciliation,False,False
TKT0000300,ACC00035,2024-01-14T00:00:00,2024-01-17T00:00:00,low,workflow automation,False,False
TKT0000301,ACC00035,2024-04-28T00:00:00,2024-05-04T00:00:00,low,user provisioning,False,False
TKT0000302,ACC00035,2025-03-22T00:00:00,2025-04-01T00:00:00,low,SSO,False,False
TKT0000303,ACC00035,2025-10-28T00:00:00,2025-10-31T00:00:00,high,workflow automation,False,False
TKT0000304,ACC00035,2024-02-09T00:00:00,2024-02-16T00:00:00,low,SSO,True,False
TKT0000305,ACC00035,2024-02-24T00:00:00,2024-02-28T00:00:00,medium,invoice reconciliation,False,False
TKT0000306,ACC00035,2024-05-10T00:00:00,2024-05-16T00:00:00,low,billing configuration,True,False
TKT0000307,ACC00035,2025-05-03T00:00:00,2025-05-08T00:00:00,medium,dashboard performance,False,False
TKT0000308,ACC00036,2025-10-09T00:00:00,2025-10-14T00:00:00,critical,report exports,True,True
TKT0000309,ACC00036,2024-01-25T00:00:00,2024-01-25T00:00:00,medium,renewal terms,False,True
TKT0000310,ACC00036,2024-11-06T00:00:00,2024-11-18T00:00:00,medium,permissions,False,False
TKT0000311,ACC00036,2024-07-16T00:00:00,2024-07-17T00:00:00,high,workflow automation,False,False
TKT0000312,ACC00036,2024-12-02T00:00:00,2024-12-13T00:00:00,medium,integration errors,True,False
TKT0000313,ACC00036,2024-12-11T00:00:00,2024-12-12T00:00:00,low,billing configuration,False,False
TKT0000314,ACC00036,2024-10-09T00:00:00,2024-10-17T00:00:00,low,renewal terms,False,False
TKT0000315,ACC00036,2025-06-16T00:00:00,2025-06-24T00:00:00,low,billing configuration,True,False
TKT0000316,ACC00037,2024-04-24T00:00:00,2024-05-06T00:00:00,low,renewal terms,True,True
TKT0000317,ACC00037,2024-07-28T00:00:00,2024-08-05T00:00:00,critical,invoice reconciliation,False,False
TKT0000318,ACC00037,2024-01-13T00:00:00,2024-01-20T00:00:00,low,API reliability,False,False
TKT0000319,ACC00037,2024-04-06T00:00:00,2024-04-10T00:00:00,medium,data synchronization,False,False
TKT0000320,ACC00037,2024-06-14T00:00:00,2024-06-21T00:00:00,medium,permissions,False,False
TKT0000321,ACC00037,2024-05-20T00:00:00,2024-05-28T00:00:00,low,renewal terms,False,False
TKT0000322,ACC00037,2024-02-04T00:00:00,2024-02-18T00:00:00,low,mobile access,True,False
TKT0000323,ACC00037,2024-07-11T00:00:00,2024-07-18T00:00:00,low,renewal terms,False,False
TKT0000324,ACC00038,2024-01-16T00:00:00,2024-01-25T00:00:00,medium,mobile access,False,False
TKT0000325,ACC00038,2024-05-28T00:00:00,2024-06-02T00:00:00,medium,billing configuration,True,False
TKT0000326,ACC00038,2024-03-22T00:00:00,2024-03-24T00:00:00,medium,invoice reconciliation,False,False
TKT0000327,ACC00039,2024-04-03T00:00:00,2024-04-09T00:00:00,medium,data synchronization,True,False
TKT0000328,ACC00039,2024-01-02T00:00:00,2024-01-14T00:00:00,low,dashboard performance,False,False
TKT0000329,ACC00039,2025-09-08T00:00:00,2025-09-11T00:00:00,low,SSO,False,False
TKT0000330,ACC00039,2024-04-26T00:00:00,2024-05-01T00:00:00,low,API reliability,False,False
TKT0000331,ACC00039,2025-04-02T00:00:00,2025-04-12T00:00:00,medium,permissions,False,False
TKT0000332,ACC00039,2025-10-04T00:00:00,2025-10-08T00:00:00,low,renewal terms,False,False
TKT0000333,ACC00039,2025-01-19T00:00:00,2025-01-30T00:00:00,medium,workflow automation,False,False
TKT0000334,ACC00039,2025-11-08T00:00:00,2025-11-22T00:00:00,low,permissions,False,False
TKT0000335,ACC00039,2024-10-21T00:00:00,2024-11-01T00:00:00,low,report exports,False,False
TKT0000336,ACC00039,2024-06-12T00:00:00,2024-06-13T00:00:00,low,mobile access,False,False
TKT0000337,ACC00039,2025-11-18T00:00:00,2025-11-19T00:00:00,medium,usage reporting,False,False
TKT0000338,ACC00039,2024-05-07T00:00:00,2024-05-21T00:00:00,medium,renewal terms,False,False
TKT0000339,ACC00039,2025-08-03T00:00:00,2025-08-14T00:00:00,low,report exports,False,False
TKT0000340,ACC00039,2025-02-09T00:00:00,2025-02-12T00:00:00,medium,usage reporting,False,False
TKT0000341,ACC00040,2025-07-01T00:00:00,2025-07-03T00:00:00,low,SSO,False,False
TKT0000342,ACC00040,2024-04-11T00:00:00,2024-04-24T00:00:00,low,SSO,False,False
TKT0000343,ACC00040,2025-09-01T00:00:00,2025-09-12T00:00:00,low,renewal terms,False,True
TKT0000344,ACC00040,2024-04-01T00:00:00,2024-04-15T00:00:00,medium,user provisioning,False,False
TKT0000345,ACC00040,2024-12-14T00:00:00,2024-12-18T00:00:00,high,integration errors,True,False
TKT0000346,ACC00040,2024-12-12T00:00:00,2024-12-25T00:00:00,low,SSO,False,False
TKT0000347,ACC00040,2024-04-05T00:00:00,2024-04-09T00:00:00,medium,workflow automation,False,False
TKT0000348,ACC00040,2025-06-02T00:00:00,2025-06-14T00:00:00,medium,billing configuration,False,True
TKT0000349,ACC00040,2024-01-26T00:00:00,2024-02-07T00:00:00,high,user provisioning,False,False
TKT0000350,ACC00040,2025-01-09T00:00:00,2025-01-10T00:00:00,medium,workflow automation,False,False
TKT0000351,ACC00041,2024-06-12T00:00:00,2024-06-16T00:00:00,medium,workflow automation,False,True
TKT0000352,ACC00041,2024-04-14T00:00:00,2024-04-14T00:00:00,low,renewal terms,False,False
TKT0000353,ACC00041,2024-01-26T00:00:00,2024-02-01T00:00:00,medium,renewal terms,True,False
TKT0000354,ACC00041,2024-03-25T00:00:00,2024-04-05T00:00:00,medium,dashboard performance,False,False
TKT0000355,ACC00041,2024-02-18T00:00:00,2024-03-03T00:00:00,medium,usage reporting,True,False
TKT0000356,ACC00041,2024-04-09T00:00:00,2024-04-13T00:00:00,low,user provisioning,False,False
TKT0000357,ACC00041,2024-08-27T00:00:00,2024-09-02T00:00:00,medium,permissions,False,False
TKT0000358,ACC00042,2024-09-14T00:00:00,2024-09-22T00:00:00,low,invoice reconciliation,False,False
TKT0000359,ACC00042,2025-04-20T00:00:00,2025-04-27T00:00:00,medium,usage reporting,False,True
TKT0000360,ACC00042,2024-11-08T00:00:00,2024-11-09T00:00:00,medium,SSO,False,False
TKT0000361,ACC00042,2025-05-22T00:00:00,2025-05-30T00:00:00,low,usage reporting,False,False
TKT0000362,ACC00042,2025-07-14T00:00:00,2025-07-22T00:00:00,critical,mobile access,False,False
TKT0000363,ACC00043,2024-08-26T00:00:00,2024-09-07T00:00:00,medium,integration errors,False,False
TKT0000364,ACC00043,2024-07-28T00:00:00,2024-08-02T00:00:00,high,SSO,False,False
TKT0000365,ACC00043,2024-04-14T00:00:00,2024-04-15T00:00:00,medium,integration errors,False,False
TKT0000366,ACC00043,2024-05-16T00:00:00,2024-05-20T00:00:00,low,billing configuration,False,False
TKT0000367,ACC00043,2024-03-02T00:00:00,2024-03-02T00:00:00,low,SSO,False,False
TKT0000368,ACC00043,2024-08-22T00:00:00,2024-08-29T00:00:00,low,dashboard performance,False,False
TKT0000369,ACC00044,2024-08-23T00:00:00,2024-08-23T00:00:00,medium,SSO,False,False
TKT0000370,ACC00044,2024-06-04T00:00:00,2024-06-13T00:00:00,medium,usage reporting,False,True
TKT0000371,ACC00044,2025-05-26T00:00:00,2025-06-04T00:00:00,low,workflow automation,False,False
TKT0000372,ACC00044,2025-07-04T00:00:00,2025-07-16T00:00:00,low,API reliability,False,False
TKT0000373,ACC00044,2024-12-11T00:00:00,2024-12-12T00:00:00,medium,usage reporting,False,False
TKT0000374,ACC00044,2025-12-15T00:00:00,2025-12-22T00:00:00,medium,SSO,False,False
TKT0000375,ACC00044,2025-06-17T00:00:00,2025-06-17T00:00:00,low,billing configuration,False,False
TKT0000376,ACC00044,2024-08-16T00:00:00,2024-08-28T00:00:00,medium,usage reporting,False,False
TKT0000377,ACC00045,2025-03-08T00:00:00,2025-03-22T00:00:00,low,permissions,False,True
TKT0000378,ACC00045,2025-09-22T00:00:00,2025-09-29T00:00:00,medium,mobile access,False,False
TKT0000379,ACC00045,2024-05-04T00:00:00,2024-05-15T00:00:00,low,mobile access,False,False
TKT0000380,ACC00045,2025-06-09T00:00:00,2025-06-12T00:00:00,low,data synchronization,False,False
TKT0000381,ACC00045,2025-02-17T00:00:00,2025-02-21T00:00:00,medium,dashboard performance,False,False
TKT0000382,ACC00045,2025-10-16T00:00:00,2025-10-23T00:00:00,low,invoice reconciliation,False,True
TKT0000383,ACC00045,2025-09-27T00:00:00,2025-10-08T00:00:00,medium,mobile access,False,False
TKT0000384,ACC00045,2024-05-08T00:00:00,2024-05-15T00:00:00,high,workflow automation,False,False
TKT0000385,ACC00045,2025-10-11T00:00:00,2025-10-14T00:00:00,low,workflow automation,True,False
TKT0000386,ACC00045,2024-02-21T00:00:00,2024-03-06T00:00:00,medium,billing configuration,False,False
TKT0000387,ACC00045,2024-05-27T00:00:00,2024-06-04T00:00:00,low,API reliability,True,False
TKT0000388,ACC00045,2024-11-21T00:00:00,2024-11-21T00:00:00,medium,report exports,True,False
TKT0000389,ACC00045,2025-10-06T00:00:00,2025-10-07T00:00:00,medium,dashboard performance,False,False
TKT0000390,ACC00045,2024-07-04T00:00:00,2024-07-13T00:00:00,low,dashboard performance,False,False
TKT0000391,ACC00046,2024-09-10T00:00:00,2024-09-17T00:00:00,medium,billing configuration,False,False
TKT0000392,ACC00046,2024-01-05T00:00:00,2024-01-13T00:00:00,low,workflow automation,False,False
TKT0000393,ACC00046,2025-02-16T00:00:00,2025-02-25T00:00:00,low,workflow automation,False,False
TKT0000394,ACC00046,2024-03-14T00:00:00,2024-03-20T00:00:00,medium,data synchronization,False,False
TKT0000395,ACC00046,2024-09-28T00:00:00,2024-09-28T00:00:00,low,user provisioning,False,False
TKT0000396,ACC00046,2024-08-16T00:00:00,2024-08-25T00:00:00,low,usage reporting,False,False
TKT0000397,ACC00046,2025-02-20T00:00:00,2025-02-27T00:00:00,low,workflow automation,True,False
TKT0000398,ACC00046,2025-07-21T00:00:00,2025-07-30T00:00:00,low,usage reporting,False,False
TKT0000399,ACC00046,2024-02-23T00:00:00,2024-03-01T00:00:00,low,usage reporting,True,False
TKT0000400,ACC00046,2024-04-06T00:00:00,2024-04-13T00:00:00,medium,user provisioning,False,False
TKT0000401,ACC00047,2024-09-17T00:00:00,2024-09-19T00:00:00,medium,invoice reconciliation,False,False
TKT0000402,ACC00047,2025-03-19T00:00:00,2025-03-20T00:00:00,medium,billing configuration,False,False
TKT0000403,ACC00047,2024-03-02T00:00:00,2024-03-09T00:00:00,low,mobile access,True,False
TKT0000404,ACC00047,2025-02-26T00:00:00,2025-03-07T00:00:00,high,report exports,False,False
TKT0000405,ACC00047,2024-03-15T00:00:00,2024-03-28T00:00:00,high,renewal terms,False,False
TKT0000406,ACC00047,2025-09-08T00:00:00,2025-09-13T00:00:00,medium,API reliability,False,False
TKT0000407,ACC00047,2024-09-23T00:00:00,2024-10-02T00:00:00,low,data synchronization,False,False
TKT0000408,ACC00047,2024-04-16T00:00:00,2024-04-18T00:00:00,low,SSO,False,False
TKT0000409,ACC00047,2024-08-08T00:00:00,2024-08-10T00:00:00,medium,SSO,True,False
TKT0000410,ACC00047,2024-05-05T00:00:00,2024-05-07T00:00:00,low,user provisioning,False,False
TKT0000411,ACC00047,2024-09-19T00:00:00,2024-09-25T00:00:00,high,renewal terms,False,False
TKT0000412,ACC00047,2024-01-23T00:00:00,2024-01-26T00:00:00,medium,invoice reconciliation,False,False
TKT0000413,ACC00047,2025-03-27T00:00:00,2025-04-04T00:00:00,low,renewal terms,False,False
TKT0000414,ACC00047,2025-07-11T00:00:00,2025-07-18T00:00:00,low,report exports,False,True
TKT0000415,ACC00048,2024-01-21T00:00:00,2024-01-29T00:00:00,high,mobile access,False,False
TKT0000416,ACC00048,2024-09-08T00:00:00,2024-09-17T00:00:00,medium,SSO,False,False
TKT0000417,ACC00048,2024-12-19T00:00:00,2025-01-01T00:00:00,low,mobile access,False,False
TKT0000418,ACC00048,2024-10-12T00:00:00,2024-10-14T00:00:00,medium,usage reporting,False,False
TKT0000419,ACC00048,2025-01-12T00:00:00,2025-01-25T00:00:00,medium,user provisioning,False,False
TKT0000420,ACC00049,2024-08-27T00:00:00,2024-09-10T00:00:00,medium,integration errors,False,False
TKT0000421,ACC00049,2024-02-17T00:00:00,2024-02-25T00:00:00,medium,SSO,False,False
TKT0000422,ACC00049,2024-12-26T00:00:00,2025-01-03T00:00:00,low,workflow automation,False,False
TKT0000423,ACC00049,2024-06-11T00:00:00,2024-06-16T00:00:00,medium,SSO,False,False
TKT0000424,ACC00049,2024-11-24T00:00:00,2024-12-06T00:00:00,low,billing configuration,False,True
TKT0000425,ACC00050,2025-10-18T00:00:00,2025-10-20T00:00:00,medium,workflow automation,False,True
TKT0000426,ACC00050,2024-05-16T00:00:00,2024-05-22T00:00:00,low,SSO,False,False
TKT0000427,ACC00050,2024-04-09T00:00:00,2024-04-19T00:00:00,medium,dashboard performance,False,False
TKT0000428,ACC00050,2025-07-08T00:00:00,2025-07-20T00:00:00,medium,invoice reconciliation,False,False
TKT0000429,ACC00050,2025-07-26T00:00:00,2025-08-02T00:00:00,low,user provisioning,False,False
TKT0000430,ACC00050,2025-10-28T00:00:00,2025-11-08T00:00:00,medium,report exports,False,True
TKT0000431,ACC00050,2025-06-25T00:00:00,2025-07-04T00:00:00,high,mobile access,False,False
TKT0000432,ACC00050,2024-11-25T00:00:00,2024-11-26T00:00:00,high,renewal terms,False,False
TKT0000433,ACC00050,2024-11-18T00:00:00,2024-11-25T00:00:00,medium,SSO,False,False
TKT0000434,ACC00051,2024-12-11T00:00:00,2024-12-14T00:00:00,low,billing configuration,False,True
TKT0000435,ACC00051,2024-01-18T00:00:00,2024-01-21T00:00:00,medium,billing configuration,False,False
TKT0000436,ACC00051,2025-01-15T00:00:00,2025-01-16T00:00:00,low,integration errors,True,False
TKT0000437,ACC00051,2025-07-25T00:00:00,2025-07-26T00:00:00,medium,API reliability,False,False
TKT0000438,ACC00051,2024-01-01T00:00:00,2024-01-14T00:00:00,medium,renewal terms,True,False
TKT0000439,ACC00051,2025-12-21T00:00:00,2025-12-24T00:00:00,low,SSO,False,False
TKT0000440,ACC00052,2024-01-12T00:00:00,2024-01-25T00:00:00,medium,API reliability,False,False
TKT0000441,ACC00052,2024-06-27T00:00:00,2024-07-01T00:00:00,high,invoice reconciliation,False,False
TKT0000442,ACC00052,2025-12-06T00:00:00,2025-12-06T00:00:00,low,API reliability,False,True
TKT0000443,ACC00052,2025-08-24T00:00:00,2025-08-30T00:00:00,high,report exports,False,False
TKT0000444,ACC00052,2024-05-04T00:00:00,2024-05-14T00:00:00,medium,renewal terms,False,True
TKT0000445,ACC00052,2024-02-07T00:00:00,2024-02-18T00:00:00,low,invoice reconciliation,False,False
TKT0000446,ACC00052,2025-07-20T00:00:00,2025-07-20T00:00:00,medium,API reliability,True,False
TKT0000447,ACC00052,2024-01-07T00:00:00,2024-01-21T00:00:00,low,workflow automation,False,False
TKT0000448,ACC00052,2025-11-16T00:00:00,2025-11-25T00:00:00,medium,renewal terms,False,False
TKT0000449,ACC00052,2025-02-02T00:00:00,2025-02-03T00:00:00,medium,permissions,False,False
TKT0000450,ACC00053,2025-08-25T00:00:00,2025-08-28T00:00:00,low,integration errors,False,False
TKT0000451,ACC00053,2024-11-20T00:00:00,2024-11-26T00:00:00,high,dashboard performance,False,False
TKT0000452,ACC00053,2025-10-21T00:00:00,2025-10-27T00:00:00,medium,workflow automation,True,False
TKT0000453,ACC00053,2025-08-15T00:00:00,2025-08-20T00:00:00,medium,data synchronization,False,False
TKT0000454,ACC00053,2024-03-19T00:00:00,2024-03-19T00:00:00,medium,invoice reconciliation,False,False
TKT0000455,ACC00053,2024-05-28T00:00:00,2024-05-31T00:00:00,low,renewal terms,False,False
TKT0000456,ACC00053,2025-03-24T00:00:00,2025-03-24T00:00:00,low,usage reporting,False,False
TKT0000457,ACC00053,2024-05-16T00:00:00,2024-05-28T00:00:00,low,API reliability,False,False
TKT0000458,ACC00053,2025-09-16T00:00:00,2025-09-17T00:00:00,low,workflow automation,False,False
TKT0000459,ACC00053,2024-10-06T00:00:00,2024-10-14T00:00:00,medium,data synchronization,False,False
TKT0000460,ACC00053,2025-06-13T00:00:00,2025-06-16T00:00:00,medium,report exports,False,False
TKT0000461,ACC00053,2025-02-19T00:00:00,2025-02-28T00:00:00,low,renewal terms,False,False
TKT0000462,ACC00053,2024-06-24T00:00:00,2024-07-03T00:00:00,low,billing configuration,False,False
TKT0000463,ACC00053,2024-09-06T00:00:00,2024-09-10T00:00:00,medium,workflow automation,False,True
TKT0000464,ACC00054,2025-05-11T00:00:00,2025-05-23T00:00:00,medium,billing configuration,False,False
TKT0000465,ACC00054,2024-07-27T00:00:00,2024-07-29T00:00:00,medium,billing configuration,False,False
TKT0000466,ACC00054,2025-04-05T00:00:00,2025-04-07T00:00:00,low,report exports,False,False
TKT0000467,ACC00054,2025-04-05T00:00:00,2025-04-17T00:00:00,medium,SSO,False,False
TKT0000468,ACC00054,2025-09-28T00:00:00,2025-10-03T00:00:00,low,API reliability,False,False
TKT0000469,ACC00054,2025-06-06T00:00:00,2025-06-19T00:00:00,low,data synchronization,True,False
TKT0000470,ACC00055,2024-06-14T00:00:00,2024-06-27T00:00:00,low,workflow automation,False,False
TKT0000471,ACC00055,2024-03-20T00:00:00,2024-03-28T00:00:00,low,workflow automation,False,False
TKT0000472,ACC00055,2024-02-13T00:00:00,2024-02-16T00:00:00,medium,integration errors,False,False
TKT0000473,ACC00055,2024-06-23T00:00:00,2024-07-02T00:00:00,medium,renewal terms,False,False
TKT0000474,ACC00055,2024-01-28T00:00:00,2024-02-01T00:00:00,medium,integration errors,False,False
TKT0000475,ACC00055,2024-02-09T00:00:00,2024-02-17T00:00:00,medium,user provisioning,False,False
TKT0000476,ACC00056,2024-06-07T00:00:00,2024-06-13T00:00:00,high,integration errors,False,False
TKT0000477,ACC00056,2025-08-22T00:00:00,2025-08-31T00:00:00,medium,usage reporting,False,False
TKT0000478,ACC00056,2025-06-08T00:00:00,2025-06-20T00:00:00,low,mobile access,False,False
TKT0000479,ACC00056,2025-01-18T00:00:00,2025-01-29T00:00:00,medium,workflow automation,False,False
TKT0000480,ACC00056,2025-02-01T00:00:00,2025-02-04T00:00:00,low,dashboard performance,False,True
TKT0000481,ACC00056,2024-09-20T00:00:00,2024-09-21T00:00:00,medium,data synchronization,False,False
TKT0000482,ACC00056,2024-07-25T00:00:00,2024-07-27T00:00:00,medium,SSO,False,True
TKT0000483,ACC00056,2024-03-10T00:00:00,2024-03-20T00:00:00,low,permissions,False,False
TKT0000484,ACC00056,2024-05-27T00:00:00,2024-06-07T00:00:00,medium,API reliability,False,False
TKT0000485,ACC00056,2025-09-22T00:00:00,2025-09-22T00:00:00,low,renewal terms,False,False
TKT0000486,ACC00056,2024-03-07T00:00:00,2024-03-07T00:00:00,low,invoice reconciliation,False,False
TKT0000487,ACC00056,2024-11-05T00:00:00,2024-11-18T00:00:00,high,mobile access,False,True
TKT0000488,ACC00057,2025-07-04T00:00:00,2025-07-15T00:00:00,medium,invoice reconciliation,False,True
TKT0000489,ACC00057,2024-05-01T00:00:00,2024-05-06T00:00:00,medium,SSO,False,False
TKT0000490,ACC00057,2025-03-25T00:00:00,2025-04-03T00:00:00,high,data synchronization,False,True
TKT0000491,ACC00057,2024-06-13T00:00:00,2024-06-22T00:00:00,low,usage reporting,False,True
TKT0000492,ACC00057,2025-03-12T00:00:00,2025-03-26T00:00:00,critical,dashboard performance,False,False
TKT0000493,ACC00058,2024-01-27T00:00:00,2024-02-09T00:00:00,high,SSO,True,True
TKT0000494,ACC00058,2024-07-26T00:00:00,2024-07-31T00:00:00,medium,permissions,False,False
TKT0000495,ACC00059,2024-11-19T00:00:00,2024-11-28T00:00:00,low,mobile access,False,True
TKT0000496,ACC00059,2025-02-05T00:00:00,2025-02-07T00:00:00,high,invoice reconciliation,False,True
TKT0000497,ACC00059,2024-05-06T00:00:00,2024-05-16T00:00:00,low,renewal terms,False,True
TKT0000498,ACC00059,2025-02-11T00:00:00,2025-02-22T00:00:00,high,mobile access,False,False
TKT0000499,ACC00059,2024-09-26T00:00:00,2024-10-03T00:00:00,medium,integration errors,False,False
TKT0000500,ACC00059,2025-03-14T00:00:00,2025-03-23T00:00:00,medium,mobile access,True,False
TKT0000501,ACC00059,2025-06-18T00:00:00,2025-06-25T00:00:00,medium,usage reporting,False,False
TKT0000502,ACC00060,2024-07-25T00:00:00,2024-08-06T00:00:00,high,SSO,False,False
TKT0000503,ACC00060,2024-01-19T00:00:00,2024-01-28T00:00:00,medium,user provisioning,False,False
TKT0000504,ACC00060,2024-04-20T00:00:00,2024-04-26T00:00:00,medium,user provisioning,False,True
TKT0000505,ACC00060,2024-05-11T00:00:00,2024-05-25T00:00:00,medium,invoice reconciliation,False,False
TKT0000506,ACC00060,2024-02-05T00:00:00,2024-02-18T00:00:00,medium,SSO,False,False
TKT0000507,ACC00060,2024-08-09T00:00:00,2024-08-17T00:00:00,medium,report exports,True,False
TKT0000508,ACC00060,2024-08-14T00:00:00,2024-08-23T00:00:00,medium,usage reporting,True,False
TKT0000509,ACC00060,2024-03-11T00:00:00,2024-03-15T00:00:00,low,dashboard performance,False,False
TKT0000510,ACC00061,2024-11-24T00:00:00,2024-11-28T00:00:00,low,invoice reconciliation,False,False
TKT0000511,ACC00061,2024-10-04T00:00:00,2024-10-05T00:00:00,low,SSO,False,False
TKT0000512,ACC00061,2024-07-24T00:00:00,2024-08-07T00:00:00,medium,invoice reconciliation,False,False
TKT0000513,ACC00062,2024-12-12T00:00:00,2024-12-16T00:00:00,medium,SSO,False,False
TKT0000514,ACC00062,2025-09-24T00:00:00,2025-09-26T00:00:00,low,user provisioning,False,False
TKT0000515,ACC00062,2024-12-13T00:00:00,2024-12-17T00:00:00,low,user provisioning,False,False
TKT0000516,ACC00062,2025-10-02T00:00:00,2025-10-15T00:00:00,low,permissions,False,True
TKT0000517,ACC00062,2024-08-01T00:00:00,2024-08-07T00:00:00,critical,mobile access,False,False
TKT0000518,ACC00062,2024-06-09T00:00:00,2024-06-20T00:00:00,low,mobile access,False,False
TKT0000519,ACC00062,2024-01-01T00:00:00,2024-01-14T00:00:00,high,user provisioning,False,False
TKT0000520,ACC00062,2025-10-09T00:00:00,2025-10-21T00:00:00,critical,billing configuration,False,True
TKT0000521,ACC00062,2024-05-01T00:00:00,2024-05-03T00:00:00,medium,invoice reconciliation,False,False
TKT0000522,ACC00063,2025-12-10T00:00:00,2025-12-17T00:00:00,medium,report exports,False,False
TKT0000523,ACC00063,2024-10-25T00:00:00,2024-11-04T00:00:00,low,integration errors,False,False
TKT0000524,ACC00063,2024-03-22T00:00:00,2024-03-29T00:00:00,medium,user provisioning,False,False
TKT0000525,ACC00063,2024-11-02T00:00:00,2024-11-12T00:00:00,low,workflow automation,False,False
TKT0000526,ACC00063,2024-03-05T00:00:00,2024-03-14T00:00:00,low,SSO,False,False
TKT0000527,ACC00063,2025-09-11T00:00:00,2025-09-11T00:00:00,medium,user provisioning,False,False
TKT0000528,ACC00063,2025-08-02T00:00:00,2025-08-05T00:00:00,low,API reliability,False,False
TKT0000529,ACC00063,2025-09-18T00:00:00,2025-09-25T00:00:00,medium,report exports,False,False
TKT0000530,ACC00063,2025-09-14T00:00:00,2025-09-17T00:00:00,low,SSO,False,False
TKT0000531,ACC00063,2024-04-18T00:00:00,2024-04-20T00:00:00,low,API reliability,False,False
TKT0000532,ACC00063,2025-09-17T00:00:00,2025-09-27T00:00:00,medium,mobile access,False,False
TKT0000533,ACC00063,2025-04-03T00:00:00,2025-04-16T00:00:00,low,SSO,False,False
TKT0000534,ACC00063,2024-02-01T00:00:00,2024-02-04T00:00:00,high,workflow automation,False,False
TKT0000535,ACC00064,2025-06-21T00:00:00,2025-06-28T00:00:00,medium,usage reporting,False,True
TKT0000536,ACC00064,2024-12-17T00:00:00,2024-12-23T00:00:00,high,billing configuration,False,False
TKT0000537,ACC00064,2024-03-19T00:00:00,2024-04-01T00:00:00,medium,renewal terms,False,False
TKT0000538,ACC00064,2025-05-07T00:00:00,2025-05-09T00:00:00,medium,user provisioning,True,False
TKT0000539,ACC00064,2024-01-11T00:00:00,2024-01-19T00:00:00,high,invoice reconciliation,False,False
TKT0000540,ACC00064,2025-09-18T00:00:00,2025-09-23T00:00:00,low,user provisioning,False,False
TKT0000541,ACC00064,2025-06-12T00:00:00,2025-06-15T00:00:00,low,invoice reconciliation,False,False
TKT0000542,ACC00064,2025-05-06T00:00:00,2025-05-12T00:00:00,low,user provisioning,False,True
TKT0000543,ACC00064,2024-11-18T00:00:00,2024-11-28T00:00:00,low,data synchronization,False,False
TKT0000544,ACC00064,2025-02-14T00:00:00,2025-02-23T00:00:00,medium,renewal terms,False,False
TKT0000545,ACC00064,2024-07-01T00:00:00,2024-07-09T00:00:00,low,data synchronization,False,False
TKT0000546,ACC00064,2025-03-06T00:00:00,2025-03-12T00:00:00,medium,user provisioning,False,False
TKT0000547,ACC00064,2024-08-09T00:00:00,2024-08-19T00:00:00,low,data synchronization,False,False
TKT0000548,ACC00064,2024-06-11T00:00:00,2024-06-19T00:00:00,low,data synchronization,False,False
TKT0000549,ACC00065,2025-08-17T00:00:00,2025-08-19T00:00:00,low,API reliability,False,False
TKT0000550,ACC00065,2024-05-22T00:00:00,2024-05-25T00:00:00,low,workflow automation,False,False
TKT0000551,ACC00065,2024-12-21T00:00:00,2025-01-01T00:00:00,low,API reliability,False,False
TKT0000552,ACC00065,2025-04-23T00:00:00,2025-05-01T00:00:00,high,workflow automation,False,False
TKT0000553,ACC00065,2024-05-22T00:00:00,2024-06-03T00:00:00,medium,invoice reconciliation,False,False
TKT0000554,ACC00065,2025-06-17T00:00:00,2025-06-27T00:00:00,high,data synchronization,True,False
TKT0000555,ACC00065,2025-01-25T00:00:00,2025-01-27T00:00:00,medium,workflow automation,False,False
TKT0000556,ACC00065,2024-06-06T00:00:00,2024-06-12T00:00:00,low,workflow automation,False,False
TKT0000557,ACC00065,2024-01-19T00:00:00,2024-01-22T00:00:00,medium,workflow automation,False,False
TKT0000558,ACC00065,2025-01-27T00:00:00,2025-01-29T00:00:00,low,mobile access,False,False
TKT0000559,ACC00065,2025-08-01T00:00:00,2025-08-10T00:00:00,medium,integration errors,False,False
TKT0000560,ACC00066,2025-11-02T00:00:00,2025-11-08T00:00:00,high,SSO,False,False
TKT0000561,ACC00066,2024-04-14T00:00:00,2024-04-17T00:00:00,medium,workflow automation,False,False
TKT0000562,ACC00066,2024-05-28T00:00:00,2024-06-02T00:00:00,low,renewal terms,False,False
TKT0000563,ACC00066,2025-02-09T00:00:00,2025-02-11T00:00:00,high,billing configuration,False,False
TKT0000564,ACC00066,2025-05-04T00:00:00,2025-05-16T00:00:00,medium,permissions,False,False
TKT0000565,ACC00066,2025-07-20T00:00:00,2025-07-26T00:00:00,high,integration errors,False,False
TKT0000566,ACC00066,2025-02-08T00:00:00,2025-02-21T00:00:00,low,invoice reconciliation,False,False
TKT0000567,ACC00066,2024-03-14T00:00:00,2024-03-14T00:00:00,medium,dashboard performance,False,False
TKT0000568,ACC00066,2025-07-18T00:00:00,2025-07-31T00:00:00,low,SSO,False,False
TKT0000569,ACC00066,2025-02-15T00:00:00,2025-02-27T00:00:00,low,API reliability,False,False
TKT0000570,ACC00067,2024-07-01T00:00:00,2024-07-02T00:00:00,low,workflow automation,False,False
TKT0000571,ACC00067,2025-01-21T00:00:00,2025-02-03T00:00:00,low,workflow automation,False,False
TKT0000572,ACC00067,2025-08-24T00:00:00,2025-09-03T00:00:00,high,dashboard performance,False,False
TKT0000573,ACC00067,2024-10-19T00:00:00,2024-10-28T00:00:00,medium,integration errors,True,False
TKT0000574,ACC00067,2024-05-04T00:00:00,2024-05-05T00:00:00,medium,dashboard performance,False,False
TKT0000575,ACC00067,2024-11-14T00:00:00,2024-11-25T00:00:00,low,API reliability,False,False
TKT0000576,ACC00067,2024-04-01T00:00:00,2024-04-08T00:00:00,low,invoice reconciliation,False,False
TKT0000577,ACC00067,2025-02-28T00:00:00,2025-03-06T00:00:00,low,invoice reconciliation,False,False
TKT0000578,ACC00067,2025-03-12T00:00:00,2025-03-19T00:00:00,medium,renewal terms,False,False
TKT0000579,ACC00067,2025-02-04T00:00:00,2025-02-08T00:00:00,low,integration errors,False,False
TKT0000580,ACC00067,2025-06-17T00:00:00,2025-07-01T00:00:00,high,invoice reconciliation,False,False
TKT0000581,ACC00067,2025-07-21T00:00:00,2025-07-27T00:00:00,high,mobile access,False,True
TKT0000582,ACC00067,2024-02-04T00:00:00,2024-02-14T00:00:00,medium,renewal terms,True,True
TKT0000583,ACC00068,2025-02-10T00:00:00,2025-02-15T00:00:00,low,integration errors,True,False
TKT0000584,ACC00068,2025-01-11T00:00:00,2025-01-18T00:00:00,low,API reliability,False,False
TKT0000585,ACC00068,2024-01-02T00:00:00,2024-01-14T00:00:00,medium,integration errors,False,False
TKT0000586,ACC00068,2025-05-15T00:00:00,2025-05-19T00:00:00,low,dashboard performance,False,False
TKT0000587,ACC00068,2025-01-22T00:00:00,2025-01-28T00:00:00,low,user provisioning,False,False
TKT0000588,ACC00068,2025-07-09T00:00:00,2025-07-15T00:00:00,medium,usage reporting,False,False
TKT0000589,ACC00068,2025-09-01T00:00:00,2025-09-14T00:00:00,high,renewal terms,False,True
TKT0000590,ACC00068,2024-09-20T00:00:00,2024-09-21T00:00:00,low,API reliability,True,False
TKT0000591,ACC00068,2025-05-09T00:00:00,2025-05-20T00:00:00,medium,workflow automation,False,False
TKT0000592,ACC00068,2024-12-14T00:00:00,2024-12-19T00:00:00,low,report exports,False,True
TKT0000593,ACC00068,2025-12-17T00:00:00,2025-12-17T00:00:00,low,permissions,True,False
TKT0000594,ACC00068,2024-10-09T00:00:00,2024-10-20T00:00:00,medium,permissions,False,False
TKT0000595,ACC00068,2024-07-12T00:00:00,2024-07-22T00:00:00,medium,user provisioning,False,False
TKT0000596,ACC00068,2024-09-11T00:00:00,2024-09-11T00:00:00,medium,permissions,False,False
TKT0000597,ACC00068,2025-11-19T00:00:00,2025-11-22T00:00:00,medium,workflow automation,False,True
TKT0000598,ACC00069,2025-06-12T00:00:00,2025-06-19T00:00:00,high,mobile access,False,False
TKT0000599,ACC00069,2025-08-02T00:00:00,2025-08-10T00:00:00,medium,dashboard performance,False,False
TKT0000600,ACC00069,2024-03-06T00:00:00,2024-03-14T00:00:00,high,user provisioning,False,False
TKT0000601,ACC00069,2024-04-13T00:00:00,2024-04-25T00:00:00,medium,integration errors,False,False
TKT0000602,ACC00069,2024-04-19T00:00:00,2024-04-27T00:00:00,low,billing configuration,False,False
TKT0000603,ACC00069,2024-02-24T00:00:00,2024-02-27T00:00:00,low,mobile access,True,False
TKT0000604,ACC00069,2025-01-07T00:00:00,2025-01-18T00:00:00,low,integration errors,False,False
TKT0000605,ACC00069,2024-06-04T00:00:00,2024-06-18T00:00:00,medium,data synchronization,False,False
TKT0000606,ACC00069,2024-08-25T00:00:00,2024-09-07T00:00:00,medium,integration errors,False,False
TKT0000607,ACC00069,2024-03-17T00:00:00,2024-03-24T00:00:00,low,invoice reconciliation,False,False
TKT0000608,ACC00069,2024-10-24T00:00:00,2024-10-27T00:00:00,low,invoice reconciliation,True,False
TKT0000609,ACC00069,2024-12-12T00:00:00,2024-12-12T00:00:00,low,API reliability,False,True
TKT0000610,ACC00069,2024-02-26T00:00:00,2024-02-26T00:00:00,low,workflow automation,False,False
TKT0000611,ACC00069,2024-02-20T00:00:00,2024-03-02T00:00:00,critical,user provisioning,False,False
TKT0000612,ACC00070,2024-09-20T00:00:00,2024-10-02T00:00:00,low,data synchronization,True,False
TKT0000613,ACC00070,2025-09-14T00:00:00,2025-09-15T00:00:00,low,integration errors,False,False
TKT0000614,ACC00070,2025-02-08T00:00:00,2025-02-08T00:00:00,high,billing configuration,True,False
TKT0000615,ACC00070,2024-12-24T00:00:00,2024-12-26T00:00:00,medium,report exports,False,False
TKT0000616,ACC00070,2024-07-27T00:00:00,2024-08-08T00:00:00,low,usage reporting,False,False
TKT0000617,ACC00070,2025-09-05T00:00:00,2025-09-09T00:00:00,low,SSO,False,False
TKT0000618,ACC00070,2025-06-26T00:00:00,2025-06-30T00:00:00,medium,billing configuration,False,False
TKT0000619,ACC00070,2025-01-14T00:00:00,2025-01-23T00:00:00,medium,permissions,False,False
TKT0000620,ACC00070,2025-09-23T00:00:00,2025-09-24T00:00:00,low,billing configuration,False,False
TKT0000621,ACC00071,2024-11-22T00:00:00,2024-12-06T00:00:00,low,usage reporting,False,False
TKT0000622,ACC00071,2024-12-19T00:00:00,2024-12-22T00:00:00,medium,permissions,False,False
TKT0000623,ACC00071,2025-07-14T00:00:00,2025-07-24T00:00:00,low,invoice reconciliation,False,False
TKT0000624,ACC00071,2025-02-16T00:00:00,2025-02-21T00:00:00,critical,permissions,False,False
TKT0000625,ACC00071,2025-08-14T00:00:00,2025-08-14T00:00:00,low,workflow automation,False,False
TKT0000626,ACC00071,2024-07-09T00:00:00,2024-07-12T00:00:00,medium,invoice reconciliation,False,False
TKT0000627,ACC00071,2024-07-20T00:00:00,2024-07-24T00:00:00,low,invoice reconciliation,True,False
TKT0000628,ACC00071,2024-10-06T00:00:00,2024-10-10T00:00:00,medium,integration errors,False,False
TKT0000629,ACC00071,2025-10-08T00:00:00,2025-10-19T00:00:00,low,billing configuration,False,False
TKT0000630,ACC00071,2024-03-23T00:00:00,2024-03-23T00:00:00,low,invoice reconciliation,False,False
TKT0000631,ACC00071,2025-10-01T00:00:00,2025-10-15T00:00:00,medium,workflow automation,False,False
TKT0000632,ACC00072,2024-03-05T00:00:00,2024-03-19T00:00:00,low,usage reporting,False,False
TKT0000633,ACC00073,2025-05-23T00:00:00,2025-06-02T00:00:00,low,workflow automation,True,False
TKT0000634,ACC00073,2025-04-20T00:00:00,2025-04-30T00:00:00,critical,SSO,True,True
TKT0000635,ACC00073,2024-03-19T00:00:00,2024-03-20T00:00:00,low,renewal terms,False,False
TKT0000636,ACC00073,2024-05-08T00:00:00,2024-05-10T00:00:00,low,integration errors,False,True
TKT0000637,ACC00073,2024-09-19T00:00:00,2024-09-22T00:00:00,medium,billing configuration,False,False
TKT0000638,ACC00073,2024-06-19T00:00:00,2024-06-24T00:00:00,high,mobile access,False,False
TKT0000639,ACC00073,2024-12-11T00:00:00,2024-12-12T00:00:00,medium,user provisioning,False,False
TKT0000640,ACC00074,2024-11-12T00:00:00,2024-11-13T00:00:00,medium,user provisioning,False,False
TKT0000641,ACC00074,2025-05-21T00:00:00,2025-05-25T00:00:00,medium,user provisioning,False,False
TKT0000642,ACC00074,2025-02-04T00:00:00,2025-02-06T00:00:00,medium,renewal terms,False,False
TKT0000643,ACC00074,2025-06-22T00:00:00,2025-07-03T00:00:00,low,user provisioning,False,False
TKT0000644,ACC00074,2024-01-15T00:00:00,2024-01-16T00:00:00,low,data synchronization,True,False
TKT0000645,ACC00074,2024-11-20T00:00:00,2024-11-26T00:00:00,medium,mobile access,False,False
TKT0000646,ACC00074,2025-02-20T00:00:00,2025-03-06T00:00:00,low,API reliability,False,False
TKT0000647,ACC00074,2025-11-14T00:00:00,2025-11-28T00:00:00,low,mobile access,True,False
TKT0000648,ACC00074,2024-02-04T00:00:00,2024-02-18T00:00:00,low,dashboard performance,False,False
TKT0000649,ACC00074,2024-04-28T00:00:00,2024-05-01T00:00:00,low,integration errors,False,False
TKT0000650,ACC00074,2025-05-17T00:00:00,2025-05-25T00:00:00,medium,integration errors,False,False
TKT0000651,ACC00074,2025-01-22T00:00:00,2025-01-25T00:00:00,low,mobile access,False,False
TKT0000652,ACC00074,2025-05-16T00:00:00,2025-05-27T00:00:00,medium,data synchronization,True,False
TKT0000653,ACC00074,2024-12-14T00:00:00,2024-12-14T00:00:00,high,data synchronization,False,False
TKT0000654,ACC00074,2025-01-11T00:00:00,2025-01-23T00:00:00,critical,mobile access,False,False
TKT0000655,ACC00074,2025-04-06T00:00:00,2025-04-06T00:00:00,medium,workflow automation,False,False
TKT0000656,ACC00074,2024-06-27T00:00:00,2024-07-07T00:00:00,low,mobile access,False,False
TKT0000657,ACC00074,2024-10-15T00:00:00,2024-10-18T00:00:00,low,workflow automation,False,False
TKT0000658,ACC00075,2024-07-04T00:00:00,2024-07-16T00:00:00,low,data synchronization,False,False
TKT0000659,ACC00075,2024-11-16T00:00:00,2024-11-28T00:00:00,low,SSO,False,False
TKT0000660,ACC00075,2025-04-20T00:00:00,2025-04-20T00:00:00,low,workflow automation,False,True
TKT0000661,ACC00075,2024-07-28T00:00:00,2024-08-04T00:00:00,critical,dashboard performance,False,False
TKT0000662,ACC00075,2025-08-17T00:00:00,2025-08-26T00:00:00,low,invoice reconciliation,False,True
TKT0000663,ACC00075,2024-08-13T00:00:00,2024-08-22T00:00:00,medium,dashboard performance,True,False
TKT0000664,ACC00076,2024-05-07T00:00:00,2024-05-10T00:00:00,medium,API reliability,True,False
TKT0000665,ACC00076,2024-03-20T00:00:00,2024-03-21T00:00:00,low,billing configuration,False,False
TKT0000666,ACC00076,2024-05-01T00:00:00,2024-05-13T00:00:00,low,API reliability,False,False
TKT0000667,ACC00076,2024-03-21T00:00:00,2024-04-01T00:00:00,medium,invoice reconciliation,False,True
TKT0000668,ACC00077,2025-01-04T00:00:00,2025-01-08T00:00:00,low,integration errors,False,True
TKT0000669,ACC00077,2025-06-10T00:00:00,2025-06-21T00:00:00,low,data synchronization,False,False
TKT0000670,ACC00077,2025-12-21T00:00:00,2025-12-27T00:00:00,low,dashboard performance,False,False
TKT0000671,ACC00077,2025-11-06T00:00:00,2025-11-15T00:00:00,medium,SSO,False,False
TKT0000672,ACC00077,2024-01-11T00:00:00,2024-01-21T00:00:00,medium,integration errors,False,False
TKT0000673,ACC00077,2025-07-23T00:00:00,2025-08-03T00:00:00,low,usage reporting,False,False
TKT0000674,ACC00078,2024-12-08T00:00:00,2024-12-13T00:00:00,critical,data synchronization,False,False
TKT0000675,ACC00078,2024-02-05T00:00:00,2024-02-08T00:00:00,high,usage reporting,False,True
TKT0000676,ACC00078,2024-07-08T00:00:00,2024-07-15T00:00:00,medium,user provisioning,False,False
TKT0000677,ACC00078,2024-02-09T00:00:00,2024-02-15T00:00:00,medium,report exports,True,False
TKT0000678,ACC00078,2024-08-13T00:00:00,2024-08-24T00:00:00,medium,permissions,False,False
TKT0000679,ACC00079,2025-09-06T00:00:00,2025-09-07T00:00:00,low,user provisioning,False,False
TKT0000680,ACC00079,2025-03-10T00:00:00,2025-03-22T00:00:00,low,billing configuration,False,False
TKT0000681,ACC00079,2024-07-08T00:00:00,2024-07-20T00:00:00,medium,integration errors,False,False
TKT0000682,ACC00079,2025-02-26T00:00:00,2025-03-09T00:00:00,medium,integration errors,False,False
TKT0000683,ACC00079,2025-03-13T00:00:00,2025-03-24T00:00:00,medium,permissions,False,False
TKT0000684,ACC00079,2024-01-27T00:00:00,2024-02-01T00:00:00,medium,workflow automation,False,False
TKT0000685,ACC00079,2025-03-10T00:00:00,2025-03-10T00:00:00,medium,billing configuration,False,False
TKT0000686,ACC00079,2025-05-17T00:00:00,2025-05-21T00:00:00,low,integration errors,False,False
TKT0000687,ACC00079,2024-07-27T00:00:00,2024-08-04T00:00:00,medium,user provisioning,False,False
TKT0000688,ACC00079,2025-10-12T00:00:00,2025-10-16T00:00:00,low,data synchronization,True,False
TKT0000689,ACC00079,2025-06-14T00:00:00,2025-06-18T00:00:00,low,data synchronization,False,False
TKT0000690,ACC00079,2025-03-24T00:00:00,2025-03-25T00:00:00,medium,API reliability,True,False
TKT0000691,ACC00079,2024-12-26T00:00:00,2024-12-27T00:00:00,medium,mobile access,False,False
TKT0000692,ACC00080,2025-06-20T00:00:00,2025-06-28T00:00:00,low,workflow automation,False,False
TKT0000693,ACC00080,2024-01-22T00:00:00,2024-02-05T00:00:00,medium,SSO,False,False
TKT0000694,ACC00080,2024-11-19T00:00:00,2024-11-29T00:00:00,medium,renewal terms,False,False
TKT0000695,ACC00080,2024-09-02T00:00:00,2024-09-02T00:00:00,medium,permissions,False,False
TKT0000696,ACC00080,2024-02-03T00:00:00,2024-02-14T00:00:00,low,report exports,False,False
TKT0000697,ACC00080,2025-07-17T00:00:00,2025-07-18T00:00:00,low,invoice reconciliation,False,False
TKT0000698,ACC00080,2024-03-28T00:00:00,2024-03-30T00:00:00,medium,mobile access,False,False
TKT0000699,ACC00080,2025-06-20T00:00:00,2025-07-04T00:00:00,low,mobile access,False,True
TKT0000700,ACC00080,2025-06-22T00:00:00,2025-06-23T00:00:00,low,data synchronization,False,True
TKT0000701,ACC00080,2024-09-27T00:00:00,2024-10-02T00:00:00,medium,user provisioning,False,False
TKT0000702,ACC00081,2024-11-17T00:00:00,2024-11-29T00:00:00,medium,report exports,False,False
TKT0000703,ACC00081,2024-03-09T00:00:00,2024-03-17T00:00:00,medium,user provisioning,False,False
TKT0000704,ACC00081,2024-10-07T00:00:00,2024-10-19T00:00:00,medium,billing configuration,False,False
TKT0000705,ACC00081,2025-04-10T00:00:00,2025-04-21T00:00:00,low,mobile access,False,False
TKT0000706,ACC00081,2025-08-21T00:00:00,2025-08-28T00:00:00,low,data synchronization,False,True
TKT0000707,ACC00081,2025-07-16T00:00:00,2025-07-24T00:00:00,low,renewal terms,False,False
TKT0000708,ACC00081,2025-11-05T00:00:00,2025-11-13T00:00:00,medium,data synchronization,False,False
TKT0000709,ACC00081,2024-04-07T00:00:00,2024-04-08T00:00:00,medium,integration errors,False,False
TKT0000710,ACC00081,2024-07-10T00:00:00,2024-07-12T00:00:00,medium,billing configuration,False,False
TKT0000711,ACC00081,2025-06-18T00:00:00,2025-06-26T00:00:00,high,usage reporting,False,False
TKT0000712,ACC00081,2025-07-27T00:00:00,2025-07-29T00:00:00,medium,invoice reconciliation,False,True
TKT0000713,ACC00081,2025-11-08T00:00:00,2025-11-15T00:00:00,low,data synchronization,False,False
TKT0000714,ACC00081,2024-09-17T00:00:00,2024-09-24T00:00:00,low,usage reporting,False,False
TKT0000715,ACC00081,2025-04-25T00:00:00,2025-04-25T00:00:00,low,user provisioning,False,False
TKT0000716,ACC00081,2024-12-06T00:00:00,2024-12-13T00:00:00,medium,user provisioning,True,False
TKT0000717,ACC00081,2025-05-10T00:00:00,2025-05-11T00:00:00,low,API reliability,False,False
TKT0000718,ACC00082,2024-06-03T00:00:00,2024-06-14T00:00:00,medium,billing configuration,False,True
TKT0000719,ACC00082,2024-06-25T00:00:00,2024-07-02T00:00:00,low,integration errors,False,True
TKT0000720,ACC00082,2025-02-22T00:00:00,2025-03-05T00:00:00,low,report exports,False,False
TKT0000721,ACC00082,2025-12-27T00:00:00,2025-12-30T00:00:00,low,renewal terms,False,False
TKT0000722,ACC00082,2025-03-03T00:00:00,2025-03-09T00:00:00,low,billing configuration,False,False
TKT0000723,ACC00082,2024-04-25T00:00:00,2024-05-08T00:00:00,medium,report exports,False,False
TKT0000724,ACC00082,2025-04-01T00:00:00,2025-04-12T00:00:00,medium,integration errors,False,True
TKT0000725,ACC00083,2024-05-18T00:00:00,2024-05-29T00:00:00,medium,integration errors,True,False
TKT0000726,ACC00083,2024-06-05T00:00:00,2024-06-10T00:00:00,low,integration errors,False,True
TKT0000727,ACC00084,2024-08-28T00:00:00,2024-09-11T00:00:00,high,invoice reconciliation,False,True
TKT0000728,ACC00084,2024-12-19T00:00:00,2024-12-26T00:00:00,high,integration errors,False,True
TKT0000729,ACC00084,2024-05-08T00:00:00,2024-05-12T00:00:00,low,renewal terms,False,False
TKT0000730,ACC00084,2024-04-28T00:00:00,2024-05-07T00:00:00,low,usage reporting,False,False
TKT0000731,ACC00084,2024-10-12T00:00:00,2024-10-13T00:00:00,medium,SSO,False,False
TKT0000732,ACC00084,2024-09-25T00:00:00,2024-10-03T00:00:00,high,billing configuration,True,False
TKT0000733,ACC00085,2024-04-12T00:00:00,2024-04-23T00:00:00,medium,SSO,False,False
TKT0000734,ACC00085,2024-03-09T00:00:00,2024-03-13T00:00:00,medium,invoice reconciliation,True,False
TKT0000735,ACC00085,2024-01-26T00:00:00,2024-01-30T00:00:00,low,dashboard performance,False,False
TKT0000736,ACC00086,2024-04-22T00:00:00,2024-05-02T00:00:00,medium,data synchronization,False,False
TKT0000737,ACC00086,2024-06-25T00:00:00,2024-07-02T00:00:00,high,report exports,False,False
TKT0000738,ACC00086,2024-10-22T00:00:00,2024-11-04T00:00:00,medium,workflow automation,False,True
TKT0000739,ACC00086,2024-06-24T00:00:00,2024-06-30T00:00:00,medium,report exports,False,False
TKT0000740,ACC00087,2024-09-20T00:00:00,2024-09-22T00:00:00,low,mobile access,True,True
TKT0000741,ACC00087,2024-04-28T00:00:00,2024-05-11T00:00:00,medium,renewal terms,False,False
TKT0000742,ACC00087,2024-09-08T00:00:00,2024-09-09T00:00:00,medium,user provisioning,False,False
TKT0000743,ACC00087,2024-09-09T00:00:00,2024-09-23T00:00:00,critical,report exports,False,False
TKT0000744,ACC00087,2024-01-07T00:00:00,2024-01-17T00:00:00,critical,report exports,False,False
TKT0000745,ACC00088,2025-03-19T00:00:00,2025-03-25T00:00:00,low,mobile access,False,True
TKT0000746,ACC00088,2025-08-22T00:00:00,2025-09-04T00:00:00,high,API reliability,False,False
TKT0000747,ACC00088,2025-05-19T00:00:00,2025-06-02T00:00:00,high,mobile access,False,False
TKT0000748,ACC00088,2025-09-22T00:00:00,2025-09-23T00:00:00,low,report exports,False,False
TKT0000749,ACC00088,2025-06-07T00:00:00,2025-06-08T00:00:00,medium,API reliability,False,True
TKT0000750,ACC00088,2024-02-06T00:00:00,2024-02-06T00:00:00,low,report exports,False,False
TKT0000751,ACC00088,2024-08-23T00:00:00,2024-09-01T00:00:00,low,user provisioning,False,False
TKT0000752,ACC00088,2024-06-01T00:00:00,2024-06-15T00:00:00,medium,invoice reconciliation,False,False
TKT0000753,ACC00088,2025-05-06T00:00:00,2025-05-07T00:00:00,high,mobile access,False,True
TKT0000754,ACC00088,2024-10-10T00:00:00,2024-10-17T00:00:00,high,mobile access,True,False
TKT0000755,ACC00088,2025-03-14T00:00:00,2025-03-25T00:00:00,low,dashboard performance,False,False
TKT0000756,ACC00088,2025-06-08T00:00:00,2025-06-19T00:00:00,low,API reliability,False,True
TKT0000757,ACC00088,2025-01-14T00:00:00,2025-01-18T00:00:00,low,SSO,False,False
TKT0000758,ACC00089,2025-08-07T00:00:00,2025-08-10T00:00:00,medium,data synchronization,False,False
TKT0000759,ACC00089,2024-08-25T00:00:00,2024-08-28T00:00:00,medium,report exports,False,False
TKT0000760,ACC00089,2025-05-10T00:00:00,2025-05-21T00:00:00,medium,data synchronization,False,False
TKT0000761,ACC00089,2025-02-11T00:00:00,2025-02-11T00:00:00,medium,workflow automation,False,False
TKT0000762,ACC00089,2024-04-23T00:00:00,2024-04-23T00:00:00,medium,SSO,False,False
TKT0000763,ACC00089,2024-09-14T00:00:00,2024-09-26T00:00:00,medium,data synchronization,False,False
TKT0000764,ACC00089,2025-12-04T00:00:00,2025-12-06T00:00:00,medium,usage reporting,True,True
TKT0000765,ACC00089,2025-09-03T00:00:00,2025-09-07T00:00:00,low,mobile access,False,False
TKT0000766,ACC00089,2024-04-02T00:00:00,2024-04-05T00:00:00,medium,dashboard performance,False,False
TKT0000767,ACC00089,2024-08-08T00:00:00,2024-08-11T00:00:00,critical,billing configuration,False,False
TKT0000768,ACC00089,2025-11-25T00:00:00,2025-11-29T00:00:00,low,invoice reconciliation,False,False
TKT0000769,ACC00089,2024-01-19T00:00:00,2024-02-02T00:00:00,medium,dashboard performance,False,False
TKT0000770,ACC00089,2024-09-08T00:00:00,2024-09-15T00:00:00,medium,report exports,False,False
TKT0000771,ACC00089,2025-03-01T00:00:00,2025-03-12T00:00:00,medium,dashboard performance,False,False
TKT0000772,ACC00089,2024-06-11T00:00:00,2024-06-24T00:00:00,medium,integration errors,False,False
TKT0000773,ACC00089,2024-08-28T00:00:00,2024-09-11T00:00:00,low,permissions,False,False
TKT0000774,ACC00089,2024-03-15T00:00:00,2024-03-28T00:00:00,medium,mobile access,False,False
TKT0000775,ACC00090,2025-03-01T00:00:00,2025-03-09T00:00:00,medium,data synchronization,False,False
TKT0000776,ACC00090,2024-09-08T00:00:00,2024-09-17T00:00:00,medium,permissions,False,False
TKT0000777,ACC00090,2024-04-02T00:00:00,2024-04-03T00:00:00,medium,report exports,False,False
TKT0000778,ACC00090,2025-04-09T00:00:00,2025-04-14T00:00:00,medium,dashboard performance,False,True
TKT0000779,ACC00090,2024-01-04T00:00:00,2024-01-16T00:00:00,high,API reliability,False,False
TKT0000780,ACC00090,2024-07-05T00:00:00,2024-07-18T00:00:00,medium,permissions,False,False
TKT0000781,ACC00090,2024-11-07T00:00:00,2024-11-19T00:00:00,medium,mobile access,False,True
TKT0000782,ACC00090,2024-03-11T00:00:00,2024-03-11T00:00:00,medium,renewal terms,False,False
TKT0000783,ACC00090,2025-01-02T00:00:00,2025-01-15T00:00:00,medium,renewal terms,False,False
TKT0000784,ACC00090,2025-01-06T00:00:00,2025-01-11T00:00:00,low,data synchronization,False,False
TKT0000785,ACC00090,2024-01-06T00:00:00,2024-01-19T00:00:00,high,invoice reconciliation,False,False
TKT0000786,ACC00090,2025-01-20T00:00:00,2025-01-22T00:00:00,medium,SSO,False,False
TKT0000787,ACC00090,2024-01-16T00:00:00,2024-01-17T00:00:00,medium,billing configuration,False,False
TKT0000788,ACC00091,2024-09-03T00:00:00,2024-09-10T00:00:00,medium,SSO,False,False
TKT0000789,ACC00091,2024-02-23T00:00:00,2024-03-07T00:00:00,low,permissions,False,False
TKT0000790,ACC00092,2024-03-04T00:00:00,2024-03-08T00:00:00,medium,user provisioning,False,False
TKT0000791,ACC00092,2024-01-09T00:00:00,2024-01-23T00:00:00,low,report exports,False,False
TKT0000792,ACC00092,2024-03-17T00:00:00,2024-03-21T00:00:00,low,SSO,False,False
TKT0000793,ACC00092,2024-10-10T00:00:00,2024-10-17T00:00:00,medium,report exports,False,False
TKT0000794,ACC00092,2024-03-04T00:00:00,2024-03-05T00:00:00,medium,mobile access,False,False
TKT0000795,ACC00092,2024-08-08T00:00:00,2024-08-15T00:00:00,low,billing configuration,True,False
TKT0000796,ACC00092,2024-10-08T00:00:00,2024-10-08T00:00:00,medium,workflow automation,False,False
TKT0000797,ACC00092,2024-09-20T00:00:00,2024-09-30T00:00:00,medium,report exports,False,False
TKT0000798,ACC00093,2024-09-11T00:00:00,2024-09-15T00:00:00,high,integration errors,False,False
TKT0000799,ACC00093,2025-11-20T00:00:00,2025-11-27T00:00:00,low,usage reporting,False,False
TKT0000800,ACC00093,2025-03-24T00:00:00,2025-03-25T00:00:00,low,workflow automation,False,False
TKT0000801,ACC00093,2025-12-28T00:00:00,2025-12-30T00:00:00,medium,workflow automation,False,False
TKT0000802,ACC00093,2024-05-28T00:00:00,2024-06-07T00:00:00,low,dashboard performance,False,False
TKT0000803,ACC00093,2025-08-07T00:00:00,2025-08-17T00:00:00,low,SSO,False,False
TKT0000804,ACC00093,2025-02-27T00:00:00,2025-02-27T00:00:00,low,billing configuration,False,False
TKT0000805,ACC00093,2024-09-24T00:00:00,2024-09-29T00:00:00,high,permissions,False,False
TKT0000806,ACC00093,2025-06-13T00:00:00,2025-06-14T00:00:00,low,API reliability,False,False
TKT0000807,ACC00093,2024-05-23T00:00:00,2024-05-25T00:00:00,high,mobile access,False,False
TKT0000808,ACC00093,2025-04-25T00:00:00,2025-05-05T00:00:00,medium,permissions,False,False
TKT0000809,ACC00093,2025-05-23T00:00:00,2025-05-30T00:00:00,high,billing configuration,False,False
TKT0000810,ACC00093,2025-04-26T00:00:00,2025-04-29T00:00:00,low,integration errors,False,False
TKT0000811,ACC00093,2024-07-25T00:00:00,2024-08-04T00:00:00,low,workflow automation,False,False
TKT0000812,ACC00093,2025-11-15T00:00:00,2025-11-18T00:00:00,medium,integration errors,False,False
TKT0000813,ACC00093,2024-06-03T00:00:00,2024-06-08T00:00:00,medium,API reliability,True,False
TKT0000814,ACC00093,2024-01-16T00:00:00,2024-01-18T00:00:00,low,API reliability,False,False
TKT0000815,ACC00094,2024-01-07T00:00:00,2024-01-11T00:00:00,high,API reliability,False,False
TKT0000816,ACC00094,2024-07-05T00:00:00,2024-07-10T00:00:00,medium,user provisioning,False,False
TKT0000817,ACC00094,2024-01-24T00:00:00,2024-01-24T00:00:00,medium,user provisioning,True,False
TKT0000818,ACC00094,2024-09-26T00:00:00,2024-10-09T00:00:00,low,workflow automation,True,True
TKT0000819,ACC00094,2024-09-24T00:00:00,2024-10-05T00:00:00,medium,renewal terms,False,False
TKT0000820,ACC00094,2024-10-07T00:00:00,2024-10-14T00:00:00,low,API reliability,False,False
TKT0000821,ACC00095,2025-03-06T00:00:00,2025-03-08T00:00:00,low,API reliability,False,False
TKT0000822,ACC00095,2025-09-03T00:00:00,2025-09-13T00:00:00,medium,dashboard performance,False,False
TKT0000823,ACC00095,2025-01-06T00:00:00,2025-01-19T00:00:00,medium,usage reporting,False,False
TKT0000824,ACC00095,2024-05-02T00:00:00,2024-05-07T00:00:00,low,user provisioning,False,False
TKT0000825,ACC00095,2024-08-20T00:00:00,2024-08-30T00:00:00,low,data synchronization,True,False
TKT0000826,ACC00095,2024-07-24T00:00:00,2024-07-26T00:00:00,low,data synchronization,False,False
TKT0000827,ACC00095,2024-09-01T00:00:00,2024-09-11T00:00:00,low,workflow automation,False,False
TKT0000828,ACC00095,2025-08-25T00:00:00,2025-08-29T00:00:00,medium,API reliability,False,False
TKT0000829,ACC00095,2024-02-05T00:00:00,2024-02-13T00:00:00,high,dashboard performance,False,False
TKT0000830,ACC00095,2024-02-16T00:00:00,2024-02-16T00:00:00,low,billing configuration,False,False
TKT0000831,ACC00095,2025-12-28T00:00:00,2025-12-30T00:00:00,low,mobile access,True,False
TKT0000832,ACC00095,2025-07-20T00:00:00,2025-07-20T00:00:00,medium,SSO,False,True
TKT0000833,ACC00095,2024-07-03T00:00:00,2024-07-12T00:00:00,low,report exports,False,False
TKT0000834,ACC00095,2025-06-06T00:00:00,2025-06-11T00:00:00,low,usage reporting,False,False
TKT0000835,ACC00095,2024-05-25T00:00:00,2024-06-01T00:00:00,high,permissions,False,False
TKT0000836,ACC00095,2024-12-11T00:00:00,2024-12-17T00:00:00,low,API reliability,False,False
TKT0000837,ACC00096,2024-01-22T00:00:00,2024-02-01T00:00:00,high,dashboard performance,False,False
TKT0000838,ACC00096,2024-06-22T00:00:00,2024-07-06T00:00:00,medium,usage reporting,True,False
TKT0000839,ACC00096,2025-07-06T00:00:00,2025-07-16T00:00:00,low,user provisioning,False,False
TKT0000840,ACC00096,2024-06-13T00:00:00,2024-06-25T00:00:00,low,renewal terms,False,False
TKT0000841,ACC00096,2024-05-11T00:00:00,2024-05-24T00:00:00,low,SSO,False,False
TKT0000842,ACC00096,2024-10-23T00:00:00,2024-10-29T00:00:00,medium,mobile access,False,False
TKT0000843,ACC00096,2024-06-16T00:00:00,2024-06-27T00:00:00,high,permissions,False,False
TKT0000844,ACC00096,2024-08-09T00:00:00,2024-08-23T00:00:00,medium,user provisioning,False,False
TKT0000845,ACC00096,2024-12-04T00:00:00,2024-12-08T00:00:00,high,integration errors,False,False
TKT0000846,ACC00096,2025-06-02T00:00:00,2025-06-15T00:00:00,critical,mobile access,False,False
TKT0000847,ACC00096,2025-06-13T00:00:00,2025-06-24T00:00:00,medium,mobile access,False,False
TKT0000848,ACC00096,2025-08-06T00:00:00,2025-08-10T00:00:00,low,integration errors,False,False
TKT0000849,ACC00096,2024-01-25T00:00:00,2024-02-08T00:00:00,low,billing configuration,False,False
TKT0000850,ACC00096,2025-08-12T00:00:00,2025-08-18T00:00:00,low,integration errors,False,False
TKT0000851,ACC00096,2024-03-08T00:00:00,2024-03-12T00:00:00,medium,report exports,False,False
TKT0000852,ACC00097,2025-10-16T00:00:00,2025-10-29T00:00:00,medium,dashboard performance,False,False
TKT0000853,ACC00097,2024-03-24T00:00:00,2024-03-24T00:00:00,low,permissions,False,False
TKT0000854,ACC00097,2025-03-19T00:00:00,2025-03-27T00:00:00,low,mobile access,False,False
TKT0000855,ACC00097,2025-10-03T00:00:00,2025-10-15T00:00:00,low,billing configuration,False,True
TKT0000856,ACC00097,2025-08-01T00:00:00,2025-08-05T00:00:00,low,mobile access,False,False
TKT0000857,ACC00097,2025-06-22T00:00:00,2025-07-01T00:00:00,medium,report exports,False,False
TKT0000858,ACC00098,2024-03-28T00:00:00,2024-04-04T00:00:00,medium,API reliability,False,True
TKT0000859,ACC00098,2024-04-06T00:00:00,2024-04-08T00:00:00,low,usage reporting,False,True
TKT0000860,ACC00098,2024-02-01T00:00:00,2024-02-13T00:00:00,high,report exports,False,False
TKT0000861,ACC00098,2024-06-18T00:00:00,2024-06-27T00:00:00,high,mobile access,False,False
TKT0000862,ACC00098,2024-04-06T00:00:00,2024-04-12T00:00:00,low,API reliability,False,False
TKT0000863,ACC00098,2024-05-12T00:00:00,2024-05-19T00:00:00,low,integration errors,False,False
TKT0000864,ACC00099,2025-06-08T00:00:00,2025-06-10T00:00:00,medium,workflow automation,False,False
TKT0000865,ACC00099,2025-07-15T00:00:00,2025-07-19T00:00:00,medium,report exports,False,False
TKT0000866,ACC00099,2025-04-06T00:00:00,2025-04-08T00:00:00,high,invoice reconciliation,False,False
TKT0000867,ACC00099,2024-12-17T00:00:00,2024-12-24T00:00:00,medium,workflow automation,False,False
TKT0000868,ACC00099,2025-06-06T00:00:00,2025-06-18T00:00:00,high,mobile access,False,True
TKT0000869,ACC00099,2024-10-27T00:00:00,2024-10-28T00:00:00,medium,user provisioning,False,False
TKT0000870,ACC00099,2025-07-03T00:00:00,2025-07-07T00:00:00,high,data synchronization,False,False
TKT0000871,ACC00099,2024-10-10T00:00:00,2024-10-22T00:00:00,low,data synchronization,False,False
TKT0000872,ACC00100,2025-11-12T00:00:00,2025-11-23T00:00:00,medium,user provisioning,False,False
TKT0000873,ACC00100,2024-05-07T00:00:00,2024-05-17T00:00:00,medium,usage reporting,False,False
TKT0000874,ACC00100,2025-07-25T00:00:00,2025-08-06T00:00:00,low,report exports,False,False
TKT0000875,ACC00100,2024-10-03T00:00:00,2024-10-10T00:00:00,low,report exports,False,False
TKT0000876,ACC00100,2024-11-22T00:00:00,2024-11-22T00:00:00,low,usage reporting,False,False
TKT0000877,ACC00100,2025-03-05T00:00:00,2025-03-07T00:00:00,low,report exports,False,False
TKT0000878,ACC00100,2025-09-23T00:00:00,2025-10-01T00:00:00,low,API reliability,False,True
TKT0000879,ACC00101,2024-12-13T00:00:00,2024-12-16T00:00:00,medium,billing configuration,False,True
TKT0000880,ACC00101,2024-10-20T00:00:00,2024-10-25T00:00:00,high,SSO,False,False
TKT0000881,ACC00101,2024-02-11T00:00:00,2024-02-24T00:00:00,low,renewal terms,False,False
TKT0000882,ACC00101,2024-05-13T00:00:00,2024-05-21T00:00:00,low,report exports,False,False
TKT0000883,ACC00101,2024-06-09T00:00:00,2024-06-20T00:00:00,critical,renewal terms,False,False
TKT0000884,ACC00101,2025-01-04T00:00:00,2025-01-10T00:00:00,high,billing configuration,False,False
TKT0000885,ACC00102,2024-02-16T00:00:00,2024-02-27T00:00:00,medium,SSO,False,False
TKT0000886,ACC00102,2024-03-08T00:00:00,2024-03-12T00:00:00,high,invoice reconciliation,True,False
TKT0000887,ACC00102,2024-06-12T00:00:00,2024-06-24T00:00:00,low,SSO,False,False
TKT0000888,ACC00102,2024-05-26T00:00:00,2024-06-03T00:00:00,high,invoice reconciliation,False,False
TKT0000889,ACC00102,2024-02-25T00:00:00,2024-03-06T00:00:00,high,renewal terms,False,False
TKT0000890,ACC00102,2024-12-09T00:00:00,2024-12-18T00:00:00,low,integration errors,False,False
TKT0000891,ACC00102,2024-12-24T00:00:00,2024-12-27T00:00:00,medium,invoice reconciliation,False,False
TKT0000892,ACC00102,2024-04-10T00:00:00,2024-04-20T00:00:00,medium,invoice reconciliation,False,False
TKT0000893,ACC00103,2024-10-01T00:00:00,2024-10-12T00:00:00,low,usage reporting,False,False
TKT0000894,ACC00103,2024-12-14T00:00:00,2024-12-17T00:00:00,low,billing configuration,False,False
TKT0000895,ACC00103,2024-10-25T00:00:00,2024-11-06T00:00:00,low,integration errors,False,False
TKT0000896,ACC00103,2025-05-24T00:00:00,2025-06-04T00:00:00,low,mobile access,False,False
TKT0000897,ACC00103,2024-10-05T00:00:00,2024-10-08T00:00:00,medium,usage reporting,False,False
TKT0000898,ACC00103,2025-07-27T00:00:00,2025-07-29T00:00:00,medium,renewal terms,False,False
TKT0000899,ACC00103,2025-09-20T00:00:00,2025-09-23T00:00:00,medium,billing configuration,False,False
TKT0000900,ACC00103,2024-11-09T00:00:00,2024-11-14T00:00:00,low,mobile access,False,False
TKT0000901,ACC00103,2025-06-23T00:00:00,2025-07-03T00:00:00,high,usage reporting,False,False
TKT0000902,ACC00103,2024-03-02T00:00:00,2024-03-07T00:00:00,medium,invoice reconciliation,False,False
TKT0000903,ACC00103,2024-05-12T00:00:00,2024-05-21T00:00:00,medium,report exports,False,False
TKT0000904,ACC00103,2025-04-15T00:00:00,2025-04-20T00:00:00,low,invoice reconciliation,False,True
TKT0000905,ACC00103,2025-09-04T00:00:00,2025-09-18T00:00:00,medium,invoice reconciliation,False,False
TKT0000906,ACC00103,2024-06-12T00:00:00,2024-06-24T00:00:00,low,report exports,True,False
TKT0000907,ACC00104,2024-02-18T00:00:00,2024-02-18T00:00:00,low,invoice reconciliation,False,False
TKT0000908,ACC00104,2024-01-11T00:00:00,2024-01-19T00:00:00,critical,renewal terms,False,False
TKT0000909,ACC00104,2024-02-11T00:00:00,2024-02-22T00:00:00,low,invoice reconciliation,False,False
TKT0000910,ACC00104,2024-02-21T00:00:00,2024-02-22T00:00:00,low,billing configuration,False,True
TKT0000911,ACC00104,2024-10-14T00:00:00,2024-10-16T00:00:00,low,permissions,True,False
TKT0000912,ACC00105,2025-09-21T00:00:00,2025-10-05T00:00:00,low,data synchronization,False,False
TKT0000913,ACC00105,2025-02-23T00:00:00,2025-03-05T00:00:00,medium,workflow automation,False,False
TKT0000914,ACC00105,2025-12-15T00:00:00,2025-12-23T00:00:00,medium,permissions,False,False
TKT0000915,ACC00105,2025-07-17T00:00:00,2025-07-20T00:00:00,medium,usage reporting,False,False
TKT0000916,ACC00105,2024-08-28T00:00:00,2024-09-06T00:00:00,medium,usage reporting,False,False
TKT0000917,ACC00105,2025-07-05T00:00:00,2025-07-06T00:00:00,medium,API reliability,False,False
TKT0000918,ACC00105,2025-03-06T00:00:00,2025-03-16T00:00:00,low,data synchronization,False,True
TKT0000919,ACC00105,2025-08-09T00:00:00,2025-08-16T00:00:00,medium,workflow automation,False,False
TKT0000920,ACC00106,2024-06-27T00:00:00,2024-06-27T00:00:00,high,report exports,False,False
TKT0000921,ACC00106,2024-07-25T00:00:00,2024-07-26T00:00:00,medium,invoice reconciliation,False,False
TKT0000922,ACC00106,2024-09-14T00:00:00,2024-09-15T00:00:00,low,invoice reconciliation,False,False
TKT0000923,ACC00107,2024-06-17T00:00:00,2024-06-28T00:00:00,low,API reliability,False,False
TKT0000924,ACC00108,2024-03-26T00:00:00,2024-03-30T00:00:00,medium,renewal terms,False,False
TKT0000925,ACC00108,2024-09-21T00:00:00,2024-10-03T00:00:00,medium,integration errors,False,False
TKT0000926,ACC00108,2025-01-23T00:00:00,2025-02-01T00:00:00,low,report exports,False,False
TKT0000927,ACC00108,2024-09-12T00:00:00,2024-09-26T00:00:00,low,usage reporting,False,False
TKT0000928,ACC00108,2024-06-27T00:00:00,2024-07-01T00:00:00,low,report exports,False,False
TKT0000929,ACC00108,2024-02-19T00:00:00,2024-02-26T00:00:00,medium,invoice reconciliation,True,False
TKT0000930,ACC00109,2024-03-04T00:00:00,2024-03-16T00:00:00,low,permissions,False,False
TKT0000931,ACC00109,2024-12-16T00:00:00,2024-12-28T00:00:00,low,API reliability,False,False
TKT0000932,ACC00109,2024-03-01T00:00:00,2024-03-13T00:00:00,medium,user provisioning,True,False
TKT0000933,ACC00109,2024-06-08T00:00:00,2024-06-13T00:00:00,medium,report exports,False,True
TKT0000934,ACC00109,2024-05-14T00:00:00,2024-05-24T00:00:00,high,SSO,False,False
TKT0000935,ACC00109,2024-05-05T00:00:00,2024-05-10T00:00:00,high,API reliability,False,False
TKT0000936,ACC00110,2024-01-08T00:00:00,2024-01-15T00:00:00,high,integration errors,False,False
TKT0000937,ACC00110,2024-01-01T00:00:00,2024-01-02T00:00:00,low,permissions,False,False
TKT0000938,ACC00111,2024-10-23T00:00:00,2024-10-24T00:00:00,medium,SSO,False,False
TKT0000939,ACC00111,2024-05-06T00:00:00,2024-05-08T00:00:00,low,report exports,False,False
TKT0000940,ACC00111,2024-10-07T00:00:00,2024-10-20T00:00:00,medium,API reliability,False,True
TKT0000941,ACC00111,2024-06-04T00:00:00,2024-06-05T00:00:00,low,user provisioning,False,False
TKT0000942,ACC00111,2024-06-05T00:00:00,2024-06-05T00:00:00,low,mobile access,True,False
TKT0000943,ACC00111,2024-03-15T00:00:00,2024-03-19T00:00:00,medium,dashboard performance,False,False
TKT0000944,ACC00112,2025-05-16T00:00:00,2025-05-26T00:00:00,medium,workflow automation,False,False
TKT0000945,ACC00112,2025-10-21T00:00:00,2025-11-02T00:00:00,high,dashboard performance,False,False
TKT0000946,ACC00112,2024-07-15T00:00:00,2024-07-20T00:00:00,medium,invoice reconciliation,False,False
TKT0000947,ACC00112,2024-04-19T00:00:00,2024-04-27T00:00:00,low,workflow automation,False,False
TKT0000948,ACC00112,2025-06-19T00:00:00,2025-07-01T00:00:00,medium,workflow automation,False,False
TKT0000949,ACC00112,2025-01-25T00:00:00,2025-02-03T00:00:00,low,API reliability,False,False
TKT0000950,ACC00112,2024-12-06T00:00:00,2024-12-10T00:00:00,low,SSO,False,False
TKT0000951,ACC00112,2025-08-07T00:00:00,2025-08-16T00:00:00,medium,workflow automation,False,False
TKT0000952,ACC00112,2025-05-26T00:00:00,2025-06-07T00:00:00,low,renewal terms,False,False
TKT0000953,ACC00112,2024-01-21T00:00:00,2024-01-31T00:00:00,low,user provisioning,False,False
TKT0000954,ACC00112,2025-09-22T00:00:00,2025-09-22T00:00:00,medium,permissions,False,False
TKT0000955,ACC00112,2025-03-16T00:00:00,2025-03-30T00:00:00,high,renewal terms,False,False
TKT0000956,ACC00112,2024-12-26T00:00:00,2025-01-08T00:00:00,medium,workflow automation,False,True
TKT0000957,ACC00112,2024-12-24T00:00:00,2024-12-25T00:00:00,low,data synchronization,False,False
TKT0000958,ACC00112,2025-08-10T00:00:00,2025-08-19T00:00:00,high,usage reporting,False,False
TKT0000959,ACC00112,2025-03-26T00:00:00,2025-03-31T00:00:00,low,user provisioning,False,False
TKT0000960,ACC00113,2024-12-14T00:00:00,2024-12-26T00:00:00,high,workflow automation,False,True
TKT0000961,ACC00113,2024-04-23T00:00:00,2024-05-06T00:00:00,high,workflow automation,False,False
TKT0000962,ACC00113,2025-08-16T00:00:00,2025-08-26T00:00:00,medium,report exports,True,False
TKT0000963,ACC00113,2024-01-04T00:00:00,2024-01-08T00:00:00,medium,integration errors,False,False
TKT0000964,ACC00113,2025-06-20T00:00:00,2025-07-04T00:00:00,high,renewal terms,False,False
TKT0000965,ACC00113,2024-09-01T00:00:00,2024-09-07T00:00:00,critical,API reliability,False,False
TKT0000966,ACC00113,2024-09-28T00:00:00,2024-10-04T00:00:00,medium,user provisioning,True,False
TKT0000967,ACC00113,2024-11-28T00:00:00,2024-12-02T00:00:00,low,invoice reconciliation,False,False
TKT0000968,ACC00113,2024-09-27T00:00:00,2024-09-28T00:00:00,medium,renewal terms,False,False
TKT0000969,ACC00113,2024-02-10T00:00:00,2024-02-11T00:00:00,low,data synchronization,False,False
TKT0000970,ACC00113,2025-11-04T00:00:00,2025-11-09T00:00:00,medium,integration errors,False,False
TKT0000971,ACC00113,2025-09-14T00:00:00,2025-09-16T00:00:00,low,workflow automation,False,False
TKT0000972,ACC00113,2025-11-28T00:00:00,2025-12-12T00:00:00,low,billing configuration,False,False
TKT0000973,ACC00114,2024-01-05T00:00:00,2024-01-13T00:00:00,medium,integration errors,True,False
TKT0000974,ACC00114,2025-02-09T00:00:00,2025-02-12T00:00:00,low,report exports,False,False
TKT0000975,ACC00114,2024-11-21T00:00:00,2024-12-05T00:00:00,medium,renewal terms,False,False
TKT0000976,ACC00114,2024-11-16T00:00:00,2024-11-23T00:00:00,low,invoice reconciliation,False,False
TKT0000977,ACC00114,2024-01-18T00:00:00,2024-01-25T00:00:00,low,dashboard performance,True,False
TKT0000978,ACC00114,2024-06-17T00:00:00,2024-06-17T00:00:00,low,workflow automation,False,False
TKT0000979,ACC00114,2024-06-01T00:00:00,2024-06-03T00:00:00,low,mobile access,False,False
TKT0000980,ACC00114,2024-12-02T00:00:00,2024-12-07T00:00:00,low,SSO,False,False
TKT0000981,ACC00114,2025-03-18T00:00:00,2025-03-28T00:00:00,medium,billing configuration,False,False
TKT0000982,ACC00114,2025-12-12T00:00:00,2025-12-25T00:00:00,low,integration errors,False,False
TKT0000983,ACC00114,2025-05-21T00:00:00,2025-05-29T00:00:00,low,report exports,False,False
TKT0000984,ACC00114,2024-10-04T00:00:00,2024-10-15T00:00:00,low,renewal terms,True,False
TKT0000985,ACC00114,2024-02-09T00:00:00,2024-02-14T00:00:00,medium,API reliability,False,False
TKT0000986,ACC00115,2024-02-17T00:00:00,2024-02-17T00:00:00,low,workflow automation,False,False
TKT0000987,ACC00115,2024-01-25T00:00:00,2024-02-01T00:00:00,low,workflow automation,False,False
TKT0000988,ACC00115,2024-05-04T00:00:00,2024-05-15T00:00:00,medium,workflow automation,False,False
TKT0000989,ACC00115,2024-11-11T00:00:00,2024-11-15T00:00:00,medium,SSO,False,False
TKT0000990,ACC00116,2025-05-25T00:00:00,2025-06-07T00:00:00,low,permissions,False,False
TKT0000991,ACC00116,2024-08-19T00:00:00,2024-08-29T00:00:00,low,dashboard performance,False,False
TKT0000992,ACC00116,2025-06-24T00:00:00,2025-07-08T00:00:00,medium,dashboard performance,False,False
TKT0000993,ACC00116,2025-12-16T00:00:00,2025-12-27T00:00:00,low,usage reporting,False,False
TKT0000994,ACC00116,2024-06-03T00:00:00,2024-06-15T00:00:00,medium,API reliability,False,False
TKT0000995,ACC00116,2024-05-04T00:00:00,2024-05-12T00:00:00,high,API reliability,False,False
TKT0000996,ACC00117,2025-05-11T00:00:00,2025-05-23T00:00:00,medium,billing configuration,False,False
TKT0000997,ACC00117,2024-08-02T00:00:00,2024-08-06T00:00:00,medium,renewal terms,False,False
TKT0000998,ACC00117,2024-04-10T00:00:00,2024-04-20T00:00:00,medium,report exports,False,False
TKT0000999,ACC00117,2025-01-27T00:00:00,2025-02-09T00:00:00,low,renewal terms,False,False
TKT0001000,ACC00117,2024-01-11T00:00:00,2024-01-25T00:00:00,low,renewal terms,False,False
TKT0001001,ACC00117,2024-01-16T00:00:00,2024-01-17T00:00:00,medium,permissions,False,False
TKT0001002,ACC00117,2025-07-07T00:00:00,2025-07-16T00:00:00,low,billing configuration,False,False
TKT0001003,ACC00117,2024-02-16T00:00:00,2024-02-29T00:00:00,low,report exports,False,False
TKT0001004,ACC00117,2025-08-02T00:00:00,2025-08-15T00:00:00,low,renewal terms,False,False
TKT0001005,ACC00117,2024-02-09T00:00:00,2024-02-16T00:00:00,low,permissions,False,False
TKT0001006,ACC00117,2025-10-16T00:00:00,2025-10-22T00:00:00,low,permissions,False,False
TKT0001007,ACC00117,2024-10-14T00:00:00,2024-10-23T00:00:00,low,integration errors,False,True
TKT0001008,ACC00118,2024-05-04T00:00:00,2024-05-13T00:00:00,medium,data synchronization,False,False
TKT0001009,ACC00118,2024-06-18T00:00:00,2024-06-21T00:00:00,low,invoice reconciliation,False,True
TKT0001010,ACC00118,2024-02-16T00:00:00,2024-02-24T00:00:00,high,SSO,False,False
TKT0001011,ACC00119,2024-03-18T00:00:00,2024-03-19T00:00:00,high,report exports,False,False
TKT0001012,ACC00119,2024-02-01T00:00:00,2024-02-14T00:00:00,high,API reliability,False,False
TKT0001013,ACC00119,2024-06-25T00:00:00,2024-06-28T00:00:00,low,user provisioning,False,False
TKT0001014,ACC00119,2024-07-18T00:00:00,2024-07-19T00:00:00,medium,invoice reconciliation,False,False
TKT0001015,ACC00119,2024-06-01T00:00:00,2024-06-11T00:00:00,high,mobile access,False,False
TKT0001016,ACC00119,2025-08-10T00:00:00,2025-08-23T00:00:00,low,billing configuration,False,False
TKT0001017,ACC00119,2024-03-28T00:00:00,2024-04-10T00:00:00,medium,user provisioning,True,False
TKT0001018,ACC00119,2024-05-16T00:00:00,2024-05-26T00:00:00,low,usage reporting,False,True
TKT0001019,ACC00119,2025-11-19T00:00:00,2025-11-19T00:00:00,high,user provisioning,False,False
TKT0001020,ACC00119,2025-11-22T00:00:00,2025-11-27T00:00:00,high,invoice reconciliation,False,False
TKT0001021,ACC00119,2024-01-04T00:00:00,2024-01-15T00:00:00,high,SSO,False,False
TKT0001022,ACC00119,2024-03-02T00:00:00,2024-03-15T00:00:00,low,integration errors,False,False
TKT0001023,ACC00120,2024-01-19T00:00:00,2024-01-21T00:00:00,medium,mobile access,False,True
TKT0001024,ACC00120,2024-04-09T00:00:00,2024-04-19T00:00:00,low,renewal terms,False,False
TKT0001025,ACC00120,2024-05-01T00:00:00,2024-05-15T00:00:00,low,permissions,False,False
TKT0001026,ACC00121,2025-04-25T00:00:00,2025-05-01T00:00:00,medium,report exports,False,False
TKT0001027,ACC00121,2025-08-01T00:00:00,2025-08-07T00:00:00,medium,usage reporting,False,False
TKT0001028,ACC00121,2024-03-01T00:00:00,2024-03-01T00:00:00,low,invoice reconciliation,False,False
TKT0001029,ACC00121,2025-06-03T00:00:00,2025-06-11T00:00:00,low,permissions,False,False
TKT0001030,ACC00121,2024-08-20T00:00:00,2024-08-25T00:00:00,medium,permissions,False,False
TKT0001031,ACC00121,2024-02-25T00:00:00,2024-02-27T00:00:00,medium,billing configuration,False,False
TKT0001032,ACC00121,2025-05-04T00:00:00,2025-05-13T00:00:00,low,data synchronization,False,False
TKT0001033,ACC00121,2025-02-19T00:00:00,2025-02-21T00:00:00,medium,invoice reconciliation,False,False
TKT0001034,ACC00121,2024-02-15T00:00:00,2024-02-19T00:00:00,low,renewal terms,False,False
TKT0001035,ACC00121,2025-10-03T00:00:00,2025-10-15T00:00:00,low,permissions,False,False
TKT0001036,ACC00121,2024-06-08T00:00:00,2024-06-21T00:00:00,critical,usage reporting,False,False
TKT0001037,ACC00121,2024-03-22T00:00:00,2024-03-28T00:00:00,medium,workflow automation,True,False
TKT0001038,ACC00121,2025-11-03T00:00:00,2025-11-11T00:00:00,medium,report exports,False,False
TKT0001039,ACC00121,2024-06-02T00:00:00,2024-06-05T00:00:00,critical,billing configuration,False,False
TKT0001040,ACC00121,2025-03-10T00:00:00,2025-03-16T00:00:00,medium,SSO,False,False
TKT0001041,ACC00121,2025-09-18T00:00:00,2025-09-19T00:00:00,low,workflow automation,False,False
TKT0001042,ACC00121,2024-05-26T00:00:00,2024-06-01T00:00:00,medium,report exports,False,False
TKT0001043,ACC00122,2025-07-22T00:00:00,2025-07-25T00:00:00,medium,usage reporting,False,False
TKT0001044,ACC00122,2024-09-28T00:00:00,2024-10-05T00:00:00,medium,invoice reconciliation,False,False
TKT0001045,ACC00122,2025-04-11T00:00:00,2025-04-18T00:00:00,low,integration errors,False,False
TKT0001046,ACC00122,2024-01-27T00:00:00,2024-02-01T00:00:00,medium,dashboard performance,False,False
TKT0001047,ACC00122,2025-06-23T00:00:00,2025-07-04T00:00:00,medium,dashboard performance,False,False
TKT0001048,ACC00122,2025-12-17T00:00:00,2025-12-30T00:00:00,low,integration errors,False,False
TKT0001049,ACC00122,2024-04-08T00:00:00,2024-04-14T00:00:00,medium,workflow automation,False,False
TKT0001050,ACC00122,2025-02-27T00:00:00,2025-03-08T00:00:00,medium,user provisioning,False,True
TKT0001051,ACC00122,2025-04-17T00:00:00,2025-04-26T00:00:00,low,API reliability,False,False
TKT0001052,ACC00122,2025-06-23T00:00:00,2025-07-02T00:00:00,low,report exports,False,False
TKT0001053,ACC00122,2024-10-20T00:00:00,2024-10-24T00:00:00,low,billing configuration,False,False
TKT0001054,ACC00122,2024-06-15T00:00:00,2024-06-17T00:00:00,low,data synchronization,False,False
TKT0001055,ACC00122,2024-05-16T00:00:00,2024-05-17T00:00:00,medium,report exports,False,False
TKT0001056,ACC00122,2025-09-06T00:00:00,2025-09-10T00:00:00,medium,report exports,False,False
TKT0001057,ACC00122,2025-08-08T00:00:00,2025-08-22T00:00:00,medium,dashboard performance,False,True
TKT0001058,ACC00122,2025-03-18T00:00:00,2025-03-26T00:00:00,low,report exports,False,False
TKT0001059,ACC00122,2025-08-20T00:00:00,2025-08-30T00:00:00,medium,report exports,False,False
TKT0001060,ACC00122,2025-06-16T00:00:00,2025-06-16T00:00:00,medium,usage reporting,False,True
TKT0001061,ACC00123,2025-10-28T00:00:00,2025-11-04T00:00:00,medium,SSO,False,False
TKT0001062,ACC00123,2024-08-20T00:00:00,2024-08-23T00:00:00,low,report exports,False,True
TKT0001063,ACC00123,2025-08-18T00:00:00,2025-08-23T00:00:00,low,permissions,False,False
TKT0001064,ACC00123,2025-10-17T00:00:00,2025-10-29T00:00:00,low,billing configuration,False,False
TKT0001065,ACC00123,2025-03-25T00:00:00,2025-04-07T00:00:00,low,user provisioning,False,False
TKT0001066,ACC00124,2024-04-09T00:00:00,2024-04-09T00:00:00,medium,integration errors,False,False
TKT0001067,ACC00124,2024-02-22T00:00:00,2024-03-03T00:00:00,low,billing configuration,True,False
TKT0001068,ACC00124,2024-04-20T00:00:00,2024-04-26T00:00:00,medium,usage reporting,False,False
TKT0001069,ACC00124,2024-05-08T00:00:00,2024-05-12T00:00:00,low,workflow automation,False,False
TKT0001070,ACC00124,2025-02-03T00:00:00,2025-02-08T00:00:00,medium,permissions,False,False
TKT0001071,ACC00125,2024-05-22T00:00:00,2024-05-25T00:00:00,medium,data synchronization,False,False
TKT0001072,ACC00125,2024-10-19T00:00:00,2024-11-02T00:00:00,low,user provisioning,False,False
TKT0001073,ACC00125,2025-09-27T00:00:00,2025-10-07T00:00:00,medium,permissions,False,False
TKT0001074,ACC00125,2025-08-03T00:00:00,2025-08-05T00:00:00,low,billing configuration,False,True
TKT0001075,ACC00125,2024-08-12T00:00:00,2024-08-20T00:00:00,low,mobile access,False,False
TKT0001076,ACC00125,2024-05-17T00:00:00,2024-05-21T00:00:00,medium,user provisioning,False,False
TKT0001077,ACC00125,2025-08-04T00:00:00,2025-08-05T00:00:00,high,permissions,False,False
TKT0001078,ACC00125,2025-06-16T00:00:00,2025-06-16T00:00:00,low,usage reporting,False,False
TKT0001079,ACC00125,2024-03-09T00:00:00,2024-03-18T00:00:00,medium,permissions,False,False
TKT0001080,ACC00126,2024-07-03T00:00:00,2024-07-09T00:00:00,medium,permissions,False,False
TKT0001081,ACC00127,2024-05-18T00:00:00,2024-05-20T00:00:00,low,renewal terms,False,False
TKT0001082,ACC00127,2025-02-22T00:00:00,2025-03-06T00:00:00,high,API reliability,False,False
TKT0001083,ACC00127,2024-05-21T00:00:00,2024-05-26T00:00:00,low,dashboard performance,False,False
TKT0001084,ACC00127,2025-08-05T00:00:00,2025-08-08T00:00:00,low,report exports,False,False
TKT0001085,ACC00127,2025-11-02T00:00:00,2025-11-03T00:00:00,low,invoice reconciliation,False,False
TKT0001086,ACC00127,2025-08-06T00:00:00,2025-08-16T00:00:00,medium,SSO,False,False
TKT0001087,ACC00128,2025-03-17T00:00:00,2025-03-17T00:00:00,low,usage reporting,True,True
TKT0001088,ACC00128,2024-05-10T00:00:00,2024-05-14T00:00:00,critical,mobile access,False,False
TKT0001089,ACC00128,2025-08-21T00:00:00,2025-08-23T00:00:00,low,API reliability,False,False
TKT0001090,ACC00128,2024-10-23T00:00:00,2024-10-23T00:00:00,medium,report exports,False,False
TKT0001091,ACC00128,2024-02-22T00:00:00,2024-03-04T00:00:00,high,report exports,False,False
TKT0001092,ACC00128,2025-11-03T00:00:00,2025-11-15T00:00:00,medium,dashboard performance,False,False
TKT0001093,ACC00129,2024-03-04T00:00:00,2024-03-10T00:00:00,medium,workflow automation,False,True
TKT0001094,ACC00129,2024-02-09T00:00:00,2024-02-16T00:00:00,low,data synchronization,False,False
TKT0001095,ACC00129,2024-04-11T00:00:00,2024-04-16T00:00:00,medium,permissions,False,False
TKT0001096,ACC00129,2024-06-20T00:00:00,2024-07-01T00:00:00,low,mobile access,False,False
TKT0001097,ACC00129,2024-02-07T00:00:00,2024-02-07T00:00:00,high,invoice reconciliation,False,False
TKT0001098,ACC00129,2025-02-15T00:00:00,2025-02-22T00:00:00,high,data synchronization,False,False
TKT0001099,ACC00129,2024-11-03T00:00:00,2024-11-13T00:00:00,medium,usage reporting,False,False
TKT0001100,ACC00129,2024-07-20T00:00:00,2024-07-27T00:00:00,high,report exports,False,False
TKT0001101,ACC00129,2024-02-25T00:00:00,2024-02-25T00:00:00,medium,invoice reconciliation,False,False
TKT0001102,ACC00129,2024-01-04T00:00:00,2024-01-14T00:00:00,low,SSO,False,True
TKT0001103,ACC00129,2024-05-28T00:00:00,2024-06-11T00:00:00,low,API reliability,False,False
TKT0001104,ACC00129,2024-12-16T00:00:00,2024-12-28T00:00:00,high,data synchronization,False,False
TKT0001105,ACC00130,2024-03-20T00:00:00,2024-03-20T00:00:00,low,usage reporting,True,False
TKT0001106,ACC00130,2025-07-05T00:00:00,2025-07-15T00:00:00,low,mobile access,False,False
TKT0001107,ACC00130,2025-10-11T00:00:00,2025-10-21T00:00:00,high,user provisioning,False,False
TKT0001108,ACC00130,2024-08-21T00:00:00,2024-08-29T00:00:00,medium,workflow automation,False,False
TKT0001109,ACC00130,2024-09-01T00:00:00,2024-09-05T00:00:00,low,workflow automation,False,False
TKT0001110,ACC00130,2024-04-07T00:00:00,2024-04-17T00:00:00,medium,report exports,False,False
TKT0001111,ACC00130,2024-06-14T00:00:00,2024-06-26T00:00:00,medium,renewal terms,False,False
TKT0001112,ACC00130,2024-11-06T00:00:00,2024-11-20T00:00:00,medium,permissions,False,False
TKT0001113,ACC00130,2024-06-15T00:00:00,2024-06-19T00:00:00,low,data synchronization,False,False
TKT0001114,ACC00130,2024-08-25T00:00:00,2024-09-04T00:00:00,low,mobile access,False,False
TKT0001115,ACC00130,2024-08-20T00:00:00,2024-08-29T00:00:00,low,data synchronization,False,False
TKT0001116,ACC00130,2024-10-21T00:00:00,2024-10-23T00:00:00,high,permissions,True,False
TKT0001117,ACC00130,2025-03-02T00:00:00,2025-03-16T00:00:00,low,dashboard performance,False,False
TKT0001118,ACC00130,2025-05-23T00:00:00,2025-06-01T00:00:00,medium,permissions,False,False
TKT0001119,ACC00130,2024-01-03T00:00:00,2024-01-14T00:00:00,high,permissions,False,False
TKT0001120,ACC00130,2025-08-06T00:00:00,2025-08-06T00:00:00,medium,dashboard performance,False,False
TKT0001121,ACC00130,2024-11-24T00:00:00,2024-12-07T00:00:00,low,mobile access,False,False
TKT0001122,ACC00130,2024-12-25T00:00:00,2024-12-28T00:00:00,medium,dashboard performance,False,False
TKT0001123,ACC00131,2024-02-24T00:00:00,2024-03-01T00:00:00,medium,mobile access,True,False
TKT0001124,ACC00131,2024-01-01T00:00:00,2024-01-06T00:00:00,high,permissions,False,False
TKT0001125,ACC00131,2024-01-03T00:00:00,2024-01-15T00:00:00,medium,invoice reconciliation,False,False
TKT0001126,ACC00131,2024-09-07T00:00:00,2024-09-13T00:00:00,high,report exports,False,False
TKT0001127,ACC00132,2024-07-13T00:00:00,2024-07-14T00:00:00,medium,dashboard performance,False,False
TKT0001128,ACC00132,2024-06-06T00:00:00,2024-06-06T00:00:00,medium,usage reporting,False,False
TKT0001129,ACC00132,2024-11-07T00:00:00,2024-11-20T00:00:00,medium,usage reporting,False,False
TKT0001130,ACC00132,2024-11-24T00:00:00,2024-11-24T00:00:00,medium,integration errors,False,False
TKT0001131,ACC00132,2024-09-06T00:00:00,2024-09-07T00:00:00,medium,user provisioning,False,False
TKT0001132,ACC00132,2024-11-15T00:00:00,2024-11-16T00:00:00,medium,report exports,False,False
TKT0001133,ACC00132,2025-03-10T00:00:00,2025-03-11T00:00:00,high,report exports,False,False
TKT0001134,ACC00132,2024-03-12T00:00:00,2024-03-26T00:00:00,medium,renewal terms,False,False
TKT0001135,ACC00132,2024-12-11T00:00:00,2024-12-19T00:00:00,low,dashboard performance,False,False
TKT0001136,ACC00132,2024-12-06T00:00:00,2024-12-10T00:00:00,medium,invoice reconciliation,False,False
TKT0001137,ACC00132,2024-04-16T00:00:00,2024-04-24T00:00:00,low,dashboard performance,False,False
TKT0001138,ACC00133,2024-04-24T00:00:00,2024-04-30T00:00:00,medium,usage reporting,False,False
TKT0001139,ACC00133,2024-06-02T00:00:00,2024-06-02T00:00:00,low,user provisioning,False,True
TKT0001140,ACC00133,2024-11-18T00:00:00,2024-11-22T00:00:00,medium,permissions,False,True
TKT0001141,ACC00133,2024-09-19T00:00:00,2024-09-20T00:00:00,high,API reliability,False,True
TKT0001142,ACC00133,2024-02-26T00:00:00,2024-02-28T00:00:00,high,report exports,False,False
TKT0001143,ACC00134,2025-05-03T00:00:00,2025-05-12T00:00:00,medium,renewal terms,False,False
TKT0001144,ACC00134,2025-02-03T00:00:00,2025-02-03T00:00:00,medium,integration errors,False,False
TKT0001145,ACC00134,2024-01-20T00:00:00,2024-01-31T00:00:00,medium,report exports,False,False
TKT0001146,ACC00134,2024-08-13T00:00:00,2024-08-20T00:00:00,medium,SSO,False,False
TKT0001147,ACC00134,2024-11-27T00:00:00,2024-12-04T00:00:00,low,data synchronization,False,False
TKT0001148,ACC00134,2025-04-08T00:00:00,2025-04-19T00:00:00,medium,usage reporting,False,False
TKT0001149,ACC00134,2024-06-05T00:00:00,2024-06-10T00:00:00,low,data synchronization,False,False
TKT0001150,ACC00134,2024-04-13T00:00:00,2024-04-22T00:00:00,medium,invoice reconciliation,False,False
TKT0001151,ACC00134,2025-03-09T00:00:00,2025-03-10T00:00:00,low,usage reporting,False,False
TKT0001152,ACC00134,2024-03-14T00:00:00,2024-03-20T00:00:00,low,SSO,False,False
TKT0001153,ACC00134,2025-07-26T00:00:00,2025-07-27T00:00:00,low,invoice reconciliation,False,False
TKT0001154,ACC00134,2025-03-11T00:00:00,2025-03-21T00:00:00,medium,integration errors,False,False
TKT0001155,ACC00134,2025-04-03T00:00:00,2025-04-04T00:00:00,high,mobile access,True,False
TKT0001156,ACC00134,2024-05-22T00:00:00,2024-05-24T00:00:00,low,invoice reconciliation,False,False
TKT0001157,ACC00135,2025-12-02T00:00:00,2025-12-07T00:00:00,low,permissions,False,False
TKT0001158,ACC00135,2025-05-06T00:00:00,2025-05-09T00:00:00,low,SSO,False,False
TKT0001159,ACC00135,2025-04-17T00:00:00,2025-04-30T00:00:00,low,renewal terms,False,False
TKT0001160,ACC00135,2025-06-23T00:00:00,2025-06-28T00:00:00,medium,integration errors,False,False
TKT0001161,ACC00135,2025-03-25T00:00:00,2025-03-28T00:00:00,medium,mobile access,False,False
TKT0001162,ACC00135,2025-11-26T00:00:00,2025-11-28T00:00:00,medium,SSO,False,False
TKT0001163,ACC00135,2024-09-08T00:00:00,2024-09-14T00:00:00,medium,invoice reconciliation,False,False
TKT0001164,ACC00135,2025-04-04T00:00:00,2025-04-16T00:00:00,low,API reliability,False,False
TKT0001165,ACC00135,2024-07-21T00:00:00,2024-08-02T00:00:00,low,data synchronization,False,False
TKT0001166,ACC00135,2024-09-12T00:00:00,2024-09-18T00:00:00,medium,permissions,False,False
TKT0001167,ACC00135,2025-05-25T00:00:00,2025-06-03T00:00:00,medium,dashboard performance,False,False
TKT0001168,ACC00135,2024-02-20T00:00:00,2024-02-27T00:00:00,medium,usage reporting,False,False
TKT0001169,ACC00135,2025-11-21T00:00:00,2025-11-28T00:00:00,low,integration errors,False,False
TKT0001170,ACC00135,2025-08-10T00:00:00,2025-08-11T00:00:00,high,dashboard performance,False,False
TKT0001171,ACC00135,2024-09-06T00:00:00,2024-09-11T00:00:00,high,dashboard performance,False,False
TKT0001172,ACC00135,2024-02-19T00:00:00,2024-03-03T00:00:00,low,user provisioning,False,False
TKT0001173,ACC00136,2024-03-01T00:00:00,2024-03-04T00:00:00,high,SSO,True,False
TKT0001174,ACC00136,2024-08-21T00:00:00,2024-08-29T00:00:00,medium,billing configuration,True,False
TKT0001175,ACC00136,2025-08-15T00:00:00,2025-08-20T00:00:00,low,renewal terms,False,False
TKT0001176,ACC00136,2024-12-04T00:00:00,2024-12-07T00:00:00,low,workflow automation,True,True
TKT0001177,ACC00136,2025-08-14T00:00:00,2025-08-28T00:00:00,medium,permissions,False,True
TKT0001178,ACC00136,2024-01-26T00:00:00,2024-01-31T00:00:00,low,API reliability,False,False
TKT0001179,ACC00136,2025-06-20T00:00:00,2025-06-21T00:00:00,medium,SSO,False,False
TKT0001180,ACC00136,2024-04-28T00:00:00,2024-05-02T00:00:00,low,data synchronization,False,False
TKT0001181,ACC00136,2025-06-06T00:00:00,2025-06-11T00:00:00,medium,user provisioning,False,False
TKT0001182,ACC00136,2024-03-19T00:00:00,2024-03-28T00:00:00,high,usage reporting,False,False
TKT0001183,ACC00136,2025-07-24T00:00:00,2025-08-06T00:00:00,medium,dashboard performance,True,False
TKT0001184,ACC00136,2024-12-07T00:00:00,2024-12-13T00:00:00,medium,renewal terms,False,False
TKT0001185,ACC00136,2025-06-23T00:00:00,2025-06-25T00:00:00,high,data synchronization,False,False
TKT0001186,ACC00136,2025-05-12T00:00:00,2025-05-26T00:00:00,medium,dashboard performance,False,False
TKT0001187,ACC00137,2024-04-24T00:00:00,2024-05-06T00:00:00,low,workflow automation,False,False
TKT0001188,ACC00137,2024-06-07T00:00:00,2024-06-11T00:00:00,low,invoice reconciliation,False,False
TKT0001189,ACC00137,2025-03-01T00:00:00,2025-03-15T00:00:00,medium,billing configuration,False,True
TKT0001190,ACC00137,2025-05-16T00:00:00,2025-05-22T00:00:00,medium,invoice reconciliation,False,False
TKT0001191,ACC00137,2024-02-27T00:00:00,2024-02-28T00:00:00,medium,invoice reconciliation,False,False
TKT0001192,ACC00137,2025-05-05T00:00:00,2025-05-05T00:00:00,low,dashboard performance,False,False
TKT0001193,ACC00137,2024-11-04T00:00:00,2024-11-12T00:00:00,medium,billing configuration,False,False
TKT0001194,ACC00137,2025-02-09T00:00:00,2025-02-16T00:00:00,medium,API reliability,False,True
TKT0001195,ACC00137,2024-10-05T00:00:00,2024-10-10T00:00:00,medium,integration errors,False,True
TKT0001196,ACC00137,2025-05-10T00:00:00,2025-05-14T00:00:00,low,billing configuration,True,True
TKT0001197,ACC00137,2024-04-18T00:00:00,2024-04-28T00:00:00,medium,renewal terms,False,False
TKT0001198,ACC00138,2024-10-21T00:00:00,2024-10-31T00:00:00,low,mobile access,False,False
TKT0001199,ACC00138,2024-06-10T00:00:00,2024-06-18T00:00:00,low,invoice reconciliation,False,False
TKT0001200,ACC00138,2024-05-03T00:00:00,2024-05-05T00:00:00,high,data synchronization,False,False
TKT0001201,ACC00138,2024-02-05T00:00:00,2024-02-06T00:00:00,low,integration errors,False,False
TKT0001202,ACC00139,2024-04-20T00:00:00,2024-04-22T00:00:00,high,usage reporting,False,False
TKT0001203,ACC00139,2024-10-03T00:00:00,2024-10-06T00:00:00,medium,user provisioning,False,False
TKT0001204,ACC00139,2024-01-13T00:00:00,2024-01-24T00:00:00,medium,invoice reconciliation,False,False
TKT0001205,ACC00139,2025-07-09T00:00:00,2025-07-10T00:00:00,low,workflow automation,True,True
TKT0001206,ACC00139,2024-02-25T00:00:00,2024-03-07T00:00:00,low,workflow automation,True,False
TKT0001207,ACC00139,2025-05-09T00:00:00,2025-05-16T00:00:00,low,integration errors,True,False
TKT0001208,ACC00139,2025-11-08T00:00:00,2025-11-18T00:00:00,medium,API reliability,False,False
TKT0001209,ACC00139,2024-05-15T00:00:00,2024-05-17T00:00:00,low,workflow automation,False,False
TKT0001210,ACC00139,2024-03-02T00:00:00,2024-03-08T00:00:00,low,permissions,False,False
TKT0001211,ACC00139,2025-03-16T00:00:00,2025-03-16T00:00:00,low,integration errors,False,True
TKT0001212,ACC00139,2025-05-07T00:00:00,2025-05-17T00:00:00,low,permissions,False,False
TKT0001213,ACC00139,2024-03-18T00:00:00,2024-03-19T00:00:00,low,report exports,False,False
TKT0001214,ACC00139,2024-08-26T00:00:00,2024-08-26T00:00:00,medium,workflow automation,True,True
TKT0001215,ACC00139,2024-01-05T00:00:00,2024-01-07T00:00:00,medium,usage reporting,False,False
TKT0001216,ACC00139,2025-06-27T00:00:00,2025-07-06T00:00:00,low,report exports,False,False
TKT0001217,ACC00139,2024-02-04T00:00:00,2024-02-17T00:00:00,high,API reliability,False,False
TKT0001218,ACC00140,2024-08-23T00:00:00,2024-08-24T00:00:00,medium,dashboard performance,False,False
TKT0001219,ACC00140,2025-03-11T00:00:00,2025-03-20T00:00:00,low,mobile access,False,False
TKT0001220,ACC00140,2025-04-03T00:00:00,2025-04-07T00:00:00,low,renewal terms,False,False
TKT0001221,ACC00140,2025-12-10T00:00:00,2025-12-13T00:00:00,low,report exports,False,False
TKT0001222,ACC00140,2024-09-24T00:00:00,2024-09-25T00:00:00,low,dashboard performance,False,False
TKT0001223,ACC00140,2024-07-27T00:00:00,2024-08-04T00:00:00,high,renewal terms,False,False
TKT0001224,ACC00140,2024-10-23T00:00:00,2024-11-03T00:00:00,medium,mobile access,False,False
TKT0001225,ACC00140,2024-10-28T00:00:00,2024-11-05T00:00:00,low,dashboard performance,False,False
TKT0001226,ACC00140,2025-06-26T00:00:00,2025-07-03T00:00:00,medium,data synchronization,False,False
TKT0001227,ACC00140,2025-07-16T00:00:00,2025-07-18T00:00:00,medium,permissions,False,False
TKT0001228,ACC00140,2025-03-19T00:00:00,2025-03-28T00:00:00,medium,mobile access,False,False
TKT0001229,ACC00140,2024-10-11T00:00:00,2024-10-15T00:00:00,low,report exports,False,False
TKT0001230,ACC00140,2024-05-04T00:00:00,2024-05-05T00:00:00,low,dashboard performance,False,False
TKT0001231,ACC00140,2024-04-04T00:00:00,2024-04-17T00:00:00,medium,workflow automation,False,False
TKT0001232,ACC00140,2024-09-12T00:00:00,2024-09-23T00:00:00,low,renewal terms,False,False
TKT0001233,ACC00140,2025-03-23T00:00:00,2025-03-29T00:00:00,medium,user provisioning,False,False
TKT0001234,ACC00140,2025-02-20T00:00:00,2025-03-04T00:00:00,low,invoice reconciliation,False,False
TKT0001235,ACC00141,2024-07-03T00:00:00,2024-07-16T00:00:00,low,integration errors,False,False
TKT0001236,ACC00141,2024-10-19T00:00:00,2024-10-22T00:00:00,low,data synchronization,False,False
TKT0001237,ACC00141,2025-12-16T00:00:00,2025-12-22T00:00:00,medium,billing configuration,False,False
TKT0001238,ACC00141,2024-11-20T00:00:00,2024-11-27T00:00:00,low,user provisioning,False,True
TKT0001239,ACC00141,2025-05-05T00:00:00,2025-05-17T00:00:00,low,user provisioning,False,False
TKT0001240,ACC00141,2025-01-07T00:00:00,2025-01-14T00:00:00,medium,SSO,False,False
TKT0001241,ACC00141,2024-09-18T00:00:00,2024-09-24T00:00:00,medium,SSO,False,False
TKT0001242,ACC00141,2024-07-10T00:00:00,2024-07-22T00:00:00,low,data synchronization,True,False
TKT0001243,ACC00141,2025-01-01T00:00:00,2025-01-05T00:00:00,medium,integration errors,False,False
TKT0001244,ACC00141,2025-05-15T00:00:00,2025-05-19T00:00:00,low,permissions,False,False
TKT0001245,ACC00141,2024-11-10T00:00:00,2024-11-18T00:00:00,medium,SSO,False,False
TKT0001246,ACC00141,2025-04-07T00:00:00,2025-04-15T00:00:00,medium,permissions,False,False
TKT0001247,ACC00141,2024-11-11T00:00:00,2024-11-18T00:00:00,medium,workflow automation,False,True
TKT0001248,ACC00142,2024-12-23T00:00:00,2024-12-30T00:00:00,medium,API reliability,False,False
TKT0001249,ACC00142,2024-04-06T00:00:00,2024-04-15T00:00:00,low,integration errors,False,False
TKT0001250,ACC00142,2025-09-28T00:00:00,2025-09-29T00:00:00,medium,workflow automation,False,False
TKT0001251,ACC00142,2024-01-22T00:00:00,2024-01-29T00:00:00,high,permissions,True,False
TKT0001252,ACC00142,2025-09-15T00:00:00,2025-09-21T00:00:00,medium,billing configuration,False,False
TKT0001253,ACC00142,2024-11-06T00:00:00,2024-11-19T00:00:00,low,dashboard performance,False,True
TKT0001254,ACC00142,2024-01-08T00:00:00,2024-01-15T00:00:00,medium,mobile access,False,True
TKT0001255,ACC00142,2024-10-14T00:00:00,2024-10-19T00:00:00,high,renewal terms,False,False
TKT0001256,ACC00142,2024-03-22T00:00:00,2024-03-30T00:00:00,medium,user provisioning,False,False
TKT0001257,ACC00142,2024-10-20T00:00:00,2024-10-27T00:00:00,medium,usage reporting,False,False
TKT0001258,ACC00142,2025-11-06T00:00:00,2025-11-17T00:00:00,low,integration errors,False,False
TKT0001259,ACC00142,2025-01-17T00:00:00,2025-01-27T00:00:00,medium,permissions,False,False
TKT0001260,ACC00142,2025-12-26T00:00:00,2025-12-31T00:00:00,medium,billing configuration,False,False
TKT0001261,ACC00142,2025-11-23T00:00:00,2025-12-07T00:00:00,high,data synchronization,False,False
TKT0001262,ACC00143,2025-01-20T00:00:00,2025-02-03T00:00:00,high,integration errors,False,False
TKT0001263,ACC00143,2024-12-17T00:00:00,2024-12-22T00:00:00,high,integration errors,False,False
TKT0001264,ACC00143,2025-10-06T00:00:00,2025-10-19T00:00:00,high,dashboard performance,False,False
TKT0001265,ACC00143,2025-02-11T00:00:00,2025-02-13T00:00:00,low,SSO,True,False
TKT0001266,ACC00143,2025-06-20T00:00:00,2025-07-02T00:00:00,low,API reliability,False,False
TKT0001267,ACC00143,2025-07-19T00:00:00,2025-07-20T00:00:00,low,workflow automation,False,False
TKT0001268,ACC00144,2025-06-12T00:00:00,2025-06-24T00:00:00,low,data synchronization,False,True
TKT0001269,ACC00144,2025-09-22T00:00:00,2025-09-29T00:00:00,low,billing configuration,False,False
TKT0001270,ACC00144,2025-08-20T00:00:00,2025-08-29T00:00:00,high,integration errors,True,False
TKT0001271,ACC00144,2024-09-10T00:00:00,2024-09-22T00:00:00,high,SSO,False,False
TKT0001272,ACC00144,2024-04-27T00:00:00,2024-04-29T00:00:00,low,user provisioning,False,False
TKT0001273,ACC00144,2024-10-20T00:00:00,2024-10-28T00:00:00,medium,permissions,False,False
TKT0001274,ACC00144,2024-06-18T00:00:00,2024-06-24T00:00:00,medium,invoice reconciliation,False,False
TKT0001275,ACC00144,2024-02-22T00:00:00,2024-02-25T00:00:00,low,invoice reconciliation,True,False
TKT0001276,ACC00144,2025-09-07T00:00:00,2025-09-10T00:00:00,low,data synchronization,False,False
TKT0001277,ACC00144,2025-03-01T00:00:00,2025-03-09T00:00:00,low,dashboard performance,False,False
TKT0001278,ACC00144,2025-03-27T00:00:00,2025-03-30T00:00:00,medium,workflow automation,False,False
TKT0001279,ACC00144,2025-08-26T00:00:00,2025-09-02T00:00:00,medium,billing configuration,False,False
TKT0001280,ACC00144,2025-02-18T00:00:00,2025-02-20T00:00:00,low,data synchronization,False,False
TKT0001281,ACC00144,2025-05-27T00:00:00,2025-05-30T00:00:00,low,API reliability,False,False
TKT0001282,ACC00145,2024-06-17T00:00:00,2024-06-29T00:00:00,medium,mobile access,False,False
TKT0001283,ACC00145,2024-11-14T00:00:00,2024-11-17T00:00:00,low,user provisioning,False,False
TKT0001284,ACC00145,2024-07-03T00:00:00,2024-07-04T00:00:00,medium,SSO,False,True
TKT0001285,ACC00145,2024-08-21T00:00:00,2024-09-01T00:00:00,medium,mobile access,False,False
TKT0001286,ACC00146,2025-09-11T00:00:00,2025-09-23T00:00:00,medium,renewal terms,False,False
TKT0001287,ACC00146,2024-06-01T00:00:00,2024-06-09T00:00:00,medium,permissions,False,False
TKT0001288,ACC00146,2024-10-26T00:00:00,2024-11-01T00:00:00,high,user provisioning,False,False
TKT0001289,ACC00146,2024-06-25T00:00:00,2024-06-25T00:00:00,medium,integration errors,False,True
TKT0001290,ACC00146,2024-01-20T00:00:00,2024-01-27T00:00:00,medium,integration errors,False,False
TKT0001291,ACC00146,2025-10-08T00:00:00,2025-10-21T00:00:00,critical,renewal terms,False,False
TKT0001292,ACC00146,2024-03-16T00:00:00,2024-03-19T00:00:00,low,invoice reconciliation,False,True
TKT0001293,ACC00146,2025-10-28T00:00:00,2025-11-04T00:00:00,medium,integration errors,False,False
TKT0001294,ACC00146,2024-02-10T00:00:00,2024-02-13T00:00:00,high,workflow automation,False,False
TKT0001295,ACC00146,2025-06-15T00:00:00,2025-06-22T00:00:00,medium,API reliability,False,True
TKT0001296,ACC00146,2024-04-11T00:00:00,2024-04-14T00:00:00,low,report exports,True,False
TKT0001297,ACC00146,2024-06-11T00:00:00,2024-06-20T00:00:00,high,billing configuration,False,False
TKT0001298,ACC00146,2024-09-03T00:00:00,2024-09-17T00:00:00,low,invoice reconciliation,True,False
TKT0001299,ACC00146,2024-03-20T00:00:00,2024-03-23T00:00:00,low,integration errors,False,False
TKT0001300,ACC00147,2025-01-17T00:00:00,2025-01-27T00:00:00,low,permissions,False,False
TKT0001301,ACC00147,2024-10-26T00:00:00,2024-11-05T00:00:00,medium,API reliability,False,False
TKT0001302,ACC00147,2024-05-02T00:00:00,2024-05-11T00:00:00,low,mobile access,True,False
TKT0001303,ACC00147,2024-01-17T00:00:00,2024-01-31T00:00:00,low,permissions,False,False
TKT0001304,ACC00147,2024-10-03T00:00:00,2024-10-11T00:00:00,medium,API reliability,False,True
TKT0001305,ACC00148,2024-11-21T00:00:00,2024-11-30T00:00:00,medium,invoice reconciliation,False,False
TKT0001306,ACC00148,2025-04-21T00:00:00,2025-04-23T00:00:00,medium,billing configuration,False,False
TKT0001307,ACC00148,2024-12-24T00:00:00,2024-12-26T00:00:00,high,data synchronization,False,True
TKT0001308,ACC00148,2024-01-23T00:00:00,2024-02-05T00:00:00,medium,invoice reconciliation,False,False
TKT0001309,ACC00148,2025-08-26T00:00:00,2025-09-05T00:00:00,medium,dashboard performance,False,False
TKT0001310,ACC00148,2025-02-03T00:00:00,2025-02-13T00:00:00,medium,billing configuration,False,False
TKT0001311,ACC00148,2025-12-07T00:00:00,2025-12-20T00:00:00,medium,dashboard performance,False,False
TKT0001312,ACC00148,2024-06-19T00:00:00,2024-06-29T00:00:00,medium,renewal terms,False,False
TKT0001313,ACC00148,2024-05-27T00:00:00,2024-06-07T00:00:00,high,usage reporting,True,False
TKT0001314,ACC00148,2024-08-19T00:00:00,2024-09-01T00:00:00,medium,invoice reconciliation,True,True
TKT0001315,ACC00148,2024-01-02T00:00:00,2024-01-16T00:00:00,low,renewal terms,False,False
TKT0001316,ACC00148,2024-10-27T00:00:00,2024-11-10T00:00:00,medium,permissions,False,False
TKT0001317,ACC00148,2024-04-10T00:00:00,2024-04-15T00:00:00,low,user provisioning,False,True
TKT0001318,ACC00148,2024-12-15T00:00:00,2024-12-15T00:00:00,medium,permissions,False,False
TKT0001319,ACC00148,2024-02-20T00:00:00,2024-02-20T00:00:00,low,SSO,False,False
TKT0001320,ACC00148,2025-08-19T00:00:00,2025-08-25T00:00:00,low,invoice reconciliation,False,False
TKT0001321,ACC00148,2025-08-25T00:00:00,2025-08-26T00:00:00,medium,mobile access,False,False
TKT0001322,ACC00149,2024-10-24T00:00:00,2024-10-29T00:00:00,critical,permissions,False,False
TKT0001323,ACC00149,2024-11-16T00:00:00,2024-11-18T00:00:00,medium,SSO,False,False
TKT0001324,ACC00149,2024-09-25T00:00:00,2024-10-06T00:00:00,medium,user provisioning,False,False
TKT0001325,ACC00149,2024-12-08T00:00:00,2024-12-22T00:00:00,medium,API reliability,False,True
TKT0001326,ACC00149,2024-02-18T00:00:00,2024-02-29T00:00:00,medium,user provisioning,False,False
TKT0001327,ACC00149,2024-04-21T00:00:00,2024-05-04T00:00:00,low,user provisioning,False,False
TKT0001328,ACC00150,2025-12-25T00:00:00,2025-12-29T00:00:00,medium,integration errors,False,True
TKT0001329,ACC00150,2025-09-20T00:00:00,2025-09-29T00:00:00,medium,usage reporting,False,False
TKT0001330,ACC00150,2025-10-21T00:00:00,2025-11-03T00:00:00,low,user provisioning,False,False
TKT0001331,ACC00150,2024-08-24T00:00:00,2024-09-04T00:00:00,medium,invoice reconciliation,False,False
TKT0001332,ACC00150,2025-07-11T00:00:00,2025-07-13T00:00:00,medium,API reliability,False,False
TKT0001333,ACC00150,2025-05-16T00:00:00,2025-05-16T00:00:00,low,report exports,True,False
TKT0001334,ACC00150,2024-06-05T00:00:00,2024-06-10T00:00:00,critical,invoice reconciliation,False,False
TKT0001335,ACC00150,2025-06-19T00:00:00,2025-06-30T00:00:00,low,data synchronization,False,False
TKT0001336,ACC00150,2025-05-19T00:00:00,2025-05-23T00:00:00,medium,user provisioning,False,False
TKT0001337,ACC00150,2024-04-27T00:00:00,2024-05-10T00:00:00,medium,API reliability,False,False
TKT0001338,ACC00150,2024-06-09T00:00:00,2024-06-22T00:00:00,medium,data synchronization,False,False
TKT0001339,ACC00150,2024-04-25T00:00:00,2024-05-02T00:00:00,low,invoice reconciliation,False,False
TKT0001340,ACC00151,2025-10-23T00:00:00,2025-11-04T00:00:00,medium,workflow automation,False,False
TKT0001341,ACC00151,2024-08-09T00:00:00,2024-08-18T00:00:00,medium,API reliability,False,False
TKT0001342,ACC00151,2025-05-17T00:00:00,2025-05-20T00:00:00,low,dashboard performance,False,False
TKT0001343,ACC00151,2024-08-03T00:00:00,2024-08-16T00:00:00,high,billing configuration,False,False
TKT0001344,ACC00151,2024-06-15T00:00:00,2024-06-27T00:00:00,medium,workflow automation,False,False
TKT0001345,ACC00151,2024-02-16T00:00:00,2024-02-26T00:00:00,medium,permissions,False,False
TKT0001346,ACC00152,2024-02-03T00:00:00,2024-02-12T00:00:00,medium,API reliability,False,False
TKT0001347,ACC00152,2024-04-01T00:00:00,2024-04-06T00:00:00,low,usage reporting,False,False
TKT0001348,ACC00152,2024-06-23T00:00:00,2024-06-30T00:00:00,high,billing configuration,True,False
TKT0001349,ACC00152,2024-05-06T00:00:00,2024-05-07T00:00:00,low,mobile access,False,False
TKT0001350,ACC00152,2024-07-10T00:00:00,2024-07-23T00:00:00,low,permissions,True,True
TKT0001351,ACC00152,2024-03-16T00:00:00,2024-03-20T00:00:00,high,API reliability,False,False
TKT0001352,ACC00153,2024-06-02T00:00:00,2024-06-04T00:00:00,medium,data synchronization,False,False
TKT0001353,ACC00153,2024-05-07T00:00:00,2024-05-17T00:00:00,medium,dashboard performance,False,False
TKT0001354,ACC00153,2024-02-24T00:00:00,2024-03-08T00:00:00,low,billing configuration,False,False
TKT0001355,ACC00153,2024-06-11T00:00:00,2024-06-11T00:00:00,low,billing configuration,False,False
TKT0001356,ACC00154,2024-11-07T00:00:00,2024-11-11T00:00:00,medium,integration errors,False,False
TKT0001357,ACC00154,2024-07-20T00:00:00,2024-07-28T00:00:00,low,data synchronization,False,False
TKT0001358,ACC00154,2025-01-24T00:00:00,2025-01-28T00:00:00,medium,integration errors,False,False
TKT0001359,ACC00154,2025-03-17T00:00:00,2025-03-19T00:00:00,low,billing configuration,False,False
TKT0001360,ACC00154,2025-05-24T00:00:00,2025-05-31T00:00:00,low,permissions,False,False
TKT0001361,ACC00154,2025-06-28T00:00:00,2025-07-09T00:00:00,low,permissions,False,True
TKT0001362,ACC00154,2024-03-20T00:00:00,2024-03-30T00:00:00,medium,renewal terms,False,False
TKT0001363,ACC00154,2025-05-04T00:00:00,2025-05-10T00:00:00,medium,SSO,False,False
TKT0001364,ACC00154,2024-11-11T00:00:00,2024-11-19T00:00:00,high,API reliability,True,False
TKT0001365,ACC00154,2025-08-21T00:00:00,2025-09-01T00:00:00,low,workflow automation,False,True
TKT0001366,ACC00154,2024-12-28T00:00:00,2024-12-28T00:00:00,low,workflow automation,False,False
TKT0001367,ACC00155,2025-08-01T00:00:00,2025-08-13T00:00:00,low,invoice reconciliation,False,False
TKT0001368,ACC00155,2025-06-18T00:00:00,2025-06-18T00:00:00,high,workflow automation,False,False
TKT0001369,ACC00155,2025-12-23T00:00:00,2025-12-30T00:00:00,low,workflow automation,False,False
TKT0001370,ACC00155,2024-07-19T00:00:00,2024-07-28T00:00:00,low,SSO,False,False
TKT0001371,ACC00155,2025-02-08T00:00:00,2025-02-10T00:00:00,medium,renewal terms,False,False
TKT0001372,ACC00155,2025-10-08T00:00:00,2025-10-12T00:00:00,low,integration errors,False,False
TKT0001373,ACC00155,2024-03-03T00:00:00,2024-03-14T00:00:00,low,mobile access,False,False
TKT0001374,ACC00155,2025-06-22T00:00:00,2025-06-30T00:00:00,high,SSO,False,False
TKT0001375,ACC00155,2025-11-09T00:00:00,2025-11-19T00:00:00,medium,integration errors,False,False
TKT0001376,ACC00155,2025-10-26T00:00:00,2025-10-30T00:00:00,low,mobile access,False,False
TKT0001377,ACC00155,2025-08-26T00:00:00,2025-08-30T00:00:00,high,dashboard performance,False,False
TKT0001378,ACC00155,2024-09-06T00:00:00,2024-09-11T00:00:00,low,workflow automation,False,False
TKT0001379,ACC00155,2024-03-09T00:00:00,2024-03-20T00:00:00,low,report exports,False,False
TKT0001380,ACC00155,2025-07-03T00:00:00,2025-07-17T00:00:00,low,mobile access,False,False
TKT0001381,ACC00155,2024-10-22T00:00:00,2024-11-03T00:00:00,low,SSO,False,False
TKT0001382,ACC00155,2024-11-09T00:00:00,2024-11-23T00:00:00,low,permissions,False,False
TKT0001383,ACC00155,2025-12-19T00:00:00,2026-01-01T00:00:00,medium,invoice reconciliation,False,False
TKT0001384,ACC00156,2025-07-25T00:00:00,2025-08-06T00:00:00,low,API reliability,False,False
TKT0001385,ACC00156,2025-08-19T00:00:00,2025-08-21T00:00:00,medium,integration errors,False,False
TKT0001386,ACC00156,2025-03-21T00:00:00,2025-03-21T00:00:00,medium,permissions,True,False
TKT0001387,ACC00156,2024-10-22T00:00:00,2024-11-02T00:00:00,low,workflow automation,False,False
TKT0001388,ACC00156,2024-08-01T00:00:00,2024-08-12T00:00:00,medium,integration errors,False,False
TKT0001389,ACC00156,2025-08-04T00:00:00,2025-08-18T00:00:00,low,data synchronization,False,False
TKT0001390,ACC00156,2024-06-25T00:00:00,2024-07-03T00:00:00,high,dashboard performance,False,False
TKT0001391,ACC00156,2025-01-16T00:00:00,2025-01-23T00:00:00,medium,dashboard performance,False,False
TKT0001392,ACC00156,2025-03-09T00:00:00,2025-03-20T00:00:00,high,user provisioning,False,False
TKT0001393,ACC00156,2024-11-27T00:00:00,2024-12-07T00:00:00,low,workflow automation,False,False
TKT0001394,ACC00156,2025-01-03T00:00:00,2025-01-14T00:00:00,medium,API reliability,True,False
TKT0001395,ACC00156,2025-05-12T00:00:00,2025-05-17T00:00:00,medium,SSO,False,False
TKT0001396,ACC00156,2024-04-14T00:00:00,2024-04-18T00:00:00,medium,workflow automation,False,False
TKT0001397,ACC00157,2025-10-02T00:00:00,2025-10-11T00:00:00,low,usage reporting,False,False
TKT0001398,ACC00157,2025-01-25T00:00:00,2025-02-03T00:00:00,low,SSO,False,False
TKT0001399,ACC00157,2025-05-04T00:00:00,2025-05-14T00:00:00,low,report exports,False,False
TKT0001400,ACC00157,2024-05-09T00:00:00,2024-05-23T00:00:00,medium,integration errors,False,False
TKT0001401,ACC00157,2024-06-09T00:00:00,2024-06-21T00:00:00,medium,workflow automation,False,False
TKT0001402,ACC00157,2025-03-23T00:00:00,2025-03-30T00:00:00,low,SSO,True,False
TKT0001403,ACC00157,2024-01-03T00:00:00,2024-01-08T00:00:00,low,permissions,False,False
TKT0001404,ACC00157,2025-03-15T00:00:00,2025-03-22T00:00:00,high,invoice reconciliation,False,True
TKT0001405,ACC00157,2025-02-15T00:00:00,2025-02-28T00:00:00,medium,dashboard performance,False,False
TKT0001406,ACC00157,2025-08-26T00:00:00,2025-08-26T00:00:00,medium,billing configuration,False,False
TKT0001407,ACC00157,2025-04-21T00:00:00,2025-05-05T00:00:00,medium,renewal terms,False,False
TKT0001408,ACC00157,2024-08-01T00:00:00,2024-08-05T00:00:00,medium,billing configuration,False,False
TKT0001409,ACC00157,2025-10-22T00:00:00,2025-11-05T00:00:00,medium,report exports,False,True
TKT0001410,ACC00157,2024-04-18T00:00:00,2024-04-19T00:00:00,medium,billing configuration,False,False
TKT0001411,ACC00157,2025-10-01T00:00:00,2025-10-04T00:00:00,critical,integration errors,False,True
TKT0001412,ACC00157,2024-08-17T00:00:00,2024-08-31T00:00:00,high,report exports,False,False
TKT0001413,ACC00158,2024-04-20T00:00:00,2024-04-25T00:00:00,low,user provisioning,False,False
TKT0001414,ACC00158,2025-05-28T00:00:00,2025-05-31T00:00:00,low,workflow automation,False,False
TKT0001415,ACC00158,2024-06-17T00:00:00,2024-06-28T00:00:00,low,API reliability,False,False
TKT0001416,ACC00158,2025-11-05T00:00:00,2025-11-09T00:00:00,low,invoice reconciliation,False,False
TKT0001417,ACC00158,2024-03-18T00:00:00,2024-03-30T00:00:00,low,permissions,False,False
TKT0001418,ACC00158,2025-08-13T00:00:00,2025-08-19T00:00:00,medium,billing configuration,False,False
TKT0001419,ACC00158,2024-01-07T00:00:00,2024-01-14T00:00:00,high,SSO,False,False
TKT0001420,ACC00158,2025-08-20T00:00:00,2025-08-27T00:00:00,low,data synchronization,True,False
TKT0001421,ACC00158,2025-10-18T00:00:00,2025-10-22T00:00:00,high,mobile access,False,False
TKT0001422,ACC00158,2024-04-23T00:00:00,2024-04-29T00:00:00,medium,workflow automation,False,False
TKT0001423,ACC00158,2024-04-18T00:00:00,2024-04-23T00:00:00,low,API reliability,False,True
TKT0001424,ACC00158,2025-12-09T00:00:00,2025-12-20T00:00:00,critical,user provisioning,False,False
TKT0001425,ACC00158,2024-11-03T00:00:00,2024-11-07T00:00:00,high,report exports,False,False
TKT0001426,ACC00158,2024-10-25T00:00:00,2024-11-04T00:00:00,medium,billing configuration,False,False
TKT0001427,ACC00158,2025-11-09T00:00:00,2025-11-23T00:00:00,low,API reliability,True,False
TKT0001428,ACC00158,2024-06-18T00:00:00,2024-07-01T00:00:00,medium,integration errors,False,False
TKT0001429,ACC00158,2024-11-16T00:00:00,2024-11-26T00:00:00,medium,usage reporting,False,False
TKT0001430,ACC00159,2024-03-13T00:00:00,2024-03-15T00:00:00,high,workflow automation,False,False
TKT0001431,ACC00159,2024-12-01T00:00:00,2024-12-12T00:00:00,low,integration errors,False,False
TKT0001432,ACC00159,2024-06-12T00:00:00,2024-06-13T00:00:00,low,SSO,False,False
TKT0001433,ACC00159,2024-04-12T00:00:00,2024-04-17T00:00:00,high,invoice reconciliation,False,False
TKT0001434,ACC00159,2024-06-16T00:00:00,2024-06-25T00:00:00,low,workflow automation,False,False
TKT0001435,ACC00159,2024-04-13T00:00:00,2024-04-15T00:00:00,low,integration errors,False,False
TKT0001436,ACC00159,2024-04-27T00:00:00,2024-05-09T00:00:00,medium,billing configuration,False,False
TKT0001437,ACC00160,2024-03-20T00:00:00,2024-04-01T00:00:00,low,data synchronization,False,False
TKT0001438,ACC00160,2025-03-10T00:00:00,2025-03-12T00:00:00,medium,renewal terms,False,False
TKT0001439,ACC00160,2024-03-14T00:00:00,2024-03-23T00:00:00,low,data synchronization,False,False
TKT0001440,ACC00160,2024-04-09T00:00:00,2024-04-16T00:00:00,medium,API reliability,False,False
TKT0001441,ACC00160,2024-01-24T00:00:00,2024-01-27T00:00:00,high,permissions,False,False
TKT0001442,ACC00160,2025-03-20T00:00:00,2025-03-22T00:00:00,low,dashboard performance,True,False
TKT0001443,ACC00161,2024-09-10T00:00:00,2024-09-21T00:00:00,low,workflow automation,False,False
TKT0001444,ACC00161,2025-05-09T00:00:00,2025-05-16T00:00:00,low,usage reporting,False,False
TKT0001445,ACC00161,2024-06-26T00:00:00,2024-06-29T00:00:00,low,data synchronization,False,False
TKT0001446,ACC00161,2025-03-05T00:00:00,2025-03-13T00:00:00,high,user provisioning,False,False
TKT0001447,ACC00161,2025-09-21T00:00:00,2025-10-05T00:00:00,medium,invoice reconciliation,False,False
TKT0001448,ACC00161,2024-08-11T00:00:00,2024-08-13T00:00:00,low,workflow automation,False,False
TKT0001449,ACC00161,2025-01-21T00:00:00,2025-01-24T00:00:00,medium,invoice reconciliation,False,False
TKT0001450,ACC00161,2024-04-08T00:00:00,2024-04-22T00:00:00,high,report exports,False,False
TKT0001451,ACC00161,2025-04-24T00:00:00,2025-04-26T00:00:00,low,SSO,False,False
TKT0001452,ACC00161,2025-09-22T00:00:00,2025-10-03T00:00:00,low,report exports,True,False
TKT0001453,ACC00161,2025-09-05T00:00:00,2025-09-09T00:00:00,low,SSO,False,False
TKT0001454,ACC00161,2024-07-08T00:00:00,2024-07-16T00:00:00,medium,workflow automation,False,False
TKT0001455,ACC00161,2024-12-25T00:00:00,2024-12-30T00:00:00,medium,renewal terms,True,True
TKT0001456,ACC00161,2024-04-11T00:00:00,2024-04-17T00:00:00,medium,invoice reconciliation,False,False
TKT0001457,ACC00161,2025-02-19T00:00:00,2025-03-03T00:00:00,low,invoice reconciliation,False,False
TKT0001458,ACC00161,2025-01-24T00:00:00,2025-01-28T00:00:00,medium,integration errors,True,False
TKT0001459,ACC00162,2024-10-17T00:00:00,2024-10-17T00:00:00,medium,usage reporting,False,False
TKT0001460,ACC00162,2024-09-14T00:00:00,2024-09-20T00:00:00,low,integration errors,False,False
TKT0001461,ACC00162,2025-05-28T00:00:00,2025-06-02T00:00:00,high,user provisioning,False,True
TKT0001462,ACC00162,2025-02-17T00:00:00,2025-03-03T00:00:00,low,billing configuration,False,False
TKT0001463,ACC00162,2025-03-17T00:00:00,2025-03-20T00:00:00,medium,usage reporting,False,False
TKT0001464,ACC00162,2024-11-26T00:00:00,2024-11-29T00:00:00,low,report exports,False,False
TKT0001465,ACC00162,2024-03-28T00:00:00,2024-04-06T00:00:00,medium,invoice reconciliation,False,False
TKT0001466,ACC00162,2024-08-26T00:00:00,2024-09-09T00:00:00,medium,usage reporting,False,False
TKT0001467,ACC00162,2025-09-12T00:00:00,2025-09-26T00:00:00,medium,permissions,False,False
TKT0001468,ACC00162,2024-05-28T00:00:00,2024-06-08T00:00:00,high,invoice reconciliation,False,False
TKT0001469,ACC00162,2025-03-24T00:00:00,2025-04-03T00:00:00,medium,invoice reconciliation,False,False
TKT0001470,ACC00162,2025-06-14T00:00:00,2025-06-28T00:00:00,low,mobile access,True,False
TKT0001471,ACC00163,2024-07-02T00:00:00,2024-07-03T00:00:00,low,API reliability,False,False
TKT0001472,ACC00163,2024-01-02T00:00:00,2024-01-16T00:00:00,low,user provisioning,False,False
TKT0001473,ACC00163,2024-02-17T00:00:00,2024-02-27T00:00:00,low,integration errors,False,False
TKT0001474,ACC00163,2024-03-16T00:00:00,2024-03-16T00:00:00,medium,dashboard performance,False,True
TKT0001475,ACC00163,2024-07-27T00:00:00,2024-08-04T00:00:00,low,renewal terms,False,False
TKT0001476,ACC00163,2024-05-13T00:00:00,2024-05-15T00:00:00,low,renewal terms,False,False
TKT0001477,ACC00164,2025-07-11T00:00:00,2025-07-19T00:00:00,medium,renewal terms,False,False
TKT0001478,ACC00164,2024-05-16T00:00:00,2024-05-22T00:00:00,low,invoice reconciliation,False,False
TKT0001479,ACC00164,2025-06-10T00:00:00,2025-06-18T00:00:00,low,renewal terms,False,False
TKT0001480,ACC00164,2025-09-23T00:00:00,2025-10-06T00:00:00,high,mobile access,False,True
TKT0001481,ACC00164,2024-06-07T00:00:00,2024-06-19T00:00:00,medium,SSO,False,False
TKT0001482,ACC00164,2024-10-20T00:00:00,2024-11-03T00:00:00,low,SSO,False,False
TKT0001483,ACC00164,2024-01-06T00:00:00,2024-01-11T00:00:00,low,mobile access,False,False
TKT0001484,ACC00165,2024-01-16T00:00:00,2024-01-26T00:00:00,medium,integration errors,False,False
TKT0001485,ACC00165,2025-06-22T00:00:00,2025-07-06T00:00:00,low,mobile access,False,False
TKT0001486,ACC00165,2024-03-14T00:00:00,2024-03-14T00:00:00,low,SSO,False,True
TKT0001487,ACC00165,2025-06-01T00:00:00,2025-06-15T00:00:00,low,SSO,False,False
TKT0001488,ACC00165,2025-01-14T00:00:00,2025-01-25T00:00:00,low,user provisioning,False,False
TKT0001489,ACC00165,2024-12-18T00:00:00,2024-12-24T00:00:00,low,SSO,False,False
TKT0001490,ACC00165,2025-04-27T00:00:00,2025-05-11T00:00:00,low,invoice reconciliation,False,False
TKT0001491,ACC00165,2024-07-25T00:00:00,2024-07-28T00:00:00,medium,permissions,False,False
TKT0001492,ACC00165,2024-06-25T00:00:00,2024-07-04T00:00:00,low,API reliability,False,False
TKT0001493,ACC00165,2025-07-18T00:00:00,2025-07-25T00:00:00,low,dashboard performance,False,False
TKT0001494,ACC00165,2024-11-19T00:00:00,2024-11-23T00:00:00,medium,report exports,False,False
TKT0001495,ACC00165,2025-03-01T00:00:00,2025-03-15T00:00:00,medium,data synchronization,False,True
TKT0001496,ACC00166,2025-07-05T00:00:00,2025-07-17T00:00:00,low,invoice reconciliation,False,False
TKT0001497,ACC00166,2024-09-22T00:00:00,2024-10-03T00:00:00,low,report exports,False,False
TKT0001498,ACC00166,2025-02-01T00:00:00,2025-02-10T00:00:00,medium,dashboard performance,False,False
TKT0001499,ACC00166,2025-05-15T00:00:00,2025-05-19T00:00:00,low,data synchronization,False,False
TKT0001500,ACC00166,2024-04-20T00:00:00,2024-04-30T00:00:00,low,SSO,False,False
TKT0001501,ACC00166,2025-06-13T00:00:00,2025-06-24T00:00:00,medium,invoice reconciliation,False,False
TKT0001502,ACC00167,2024-03-17T00:00:00,2024-03-26T00:00:00,low,permissions,False,True
TKT0001503,ACC00167,2024-05-15T00:00:00,2024-05-20T00:00:00,low,report exports,False,False
TKT0001504,ACC00167,2024-07-09T00:00:00,2024-07-19T00:00:00,high,billing configuration,False,False
TKT0001505,ACC00167,2024-05-25T00:00:00,2024-06-08T00:00:00,low,report exports,False,False
TKT0001506,ACC00167,2024-06-03T00:00:00,2024-06-07T00:00:00,medium,workflow automation,False,False
TKT0001507,ACC00168,2024-01-22T00:00:00,2024-01-30T00:00:00,low,dashboard performance,False,False
TKT0001508,ACC00168,2025-03-19T00:00:00,2025-03-24T00:00:00,low,usage reporting,False,False
TKT0001509,ACC00168,2025-03-07T00:00:00,2025-03-08T00:00:00,medium,data synchronization,False,False
TKT0001510,ACC00168,2025-07-20T00:00:00,2025-07-30T00:00:00,critical,SSO,False,False
TKT0001511,ACC00168,2025-02-03T00:00:00,2025-02-03T00:00:00,low,SSO,False,False
TKT0001512,ACC00168,2024-06-26T00:00:00,2024-07-02T00:00:00,medium,invoice reconciliation,False,False
TKT0001513,ACC00168,2025-11-21T00:00:00,2025-11-25T00:00:00,medium,billing configuration,False,True
TKT0001514,ACC00168,2025-07-15T00:00:00,2025-07-22T00:00:00,low,permissions,False,False
TKT0001515,ACC00168,2025-02-10T00:00:00,2025-02-17T00:00:00,critical,API reliability,False,False
TKT0001516,ACC00168,2025-10-16T00:00:00,2025-10-19T00:00:00,low,dashboard performance,True,False
TKT0001517,ACC00168,2025-09-19T00:00:00,2025-09-28T00:00:00,high,workflow automation,False,False
TKT0001518,ACC00168,2024-04-03T00:00:00,2024-04-08T00:00:00,medium,user provisioning,False,False
TKT0001519,ACC00168,2024-10-27T00:00:00,2024-11-02T00:00:00,low,report exports,False,True
TKT0001520,ACC00168,2024-04-13T00:00:00,2024-04-26T00:00:00,medium,SSO,False,False
TKT0001521,ACC00169,2024-11-16T00:00:00,2024-11-27T00:00:00,low,SSO,False,False
TKT0001522,ACC00169,2025-09-24T00:00:00,2025-10-05T00:00:00,high,dashboard performance,False,False
TKT0001523,ACC00169,2025-06-25T00:00:00,2025-07-09T00:00:00,critical,renewal terms,True,False
TKT0001524,ACC00169,2024-03-21T00:00:00,2024-03-28T00:00:00,critical,report exports,False,False
TKT0001525,ACC00169,2024-03-13T00:00:00,2024-03-19T00:00:00,medium,usage reporting,False,False
TKT0001526,ACC00169,2024-02-05T00:00:00,2024-02-09T00:00:00,low,API reliability,True,False
TKT0001527,ACC00169,2024-06-04T00:00:00,2024-06-07T00:00:00,low,report exports,False,False
TKT0001528,ACC00170,2024-06-04T00:00:00,2024-06-13T00:00:00,medium,mobile access,False,False
TKT0001529,ACC00170,2024-06-02T00:00:00,2024-06-14T00:00:00,medium,data synchronization,False,False
TKT0001530,ACC00170,2024-11-15T00:00:00,2024-11-17T00:00:00,high,permissions,False,False
TKT0001531,ACC00170,2024-04-14T00:00:00,2024-04-15T00:00:00,medium,mobile access,False,True
TKT0001532,ACC00170,2024-04-28T00:00:00,2024-05-11T00:00:00,low,billing configuration,False,False
TKT0001533,ACC00170,2024-09-02T00:00:00,2024-09-11T00:00:00,medium,data synchronization,False,True
TKT0001534,ACC00170,2024-03-17T00:00:00,2024-03-17T00:00:00,medium,dashboard performance,False,False
TKT0001535,ACC00170,2024-08-12T00:00:00,2024-08-24T00:00:00,low,API reliability,False,False
TKT0001536,ACC00170,2024-10-03T00:00:00,2024-10-05T00:00:00,low,SSO,False,False
TKT0001537,ACC00170,2024-08-27T00:00:00,2024-09-02T00:00:00,high,user provisioning,False,False
TKT0001538,ACC00170,2024-01-27T00:00:00,2024-01-30T00:00:00,high,data synchronization,False,False
TKT0001539,ACC00171,2025-10-13T00:00:00,2025-10-16T00:00:00,medium,billing configuration,False,False
TKT0001540,ACC00171,2025-07-22T00:00:00,2025-07-27T00:00:00,low,data synchronization,False,False
TKT0001541,ACC00171,2024-01-28T00:00:00,2024-02-06T00:00:00,low,data synchronization,False,False
TKT0001542,ACC00171,2024-12-01T00:00:00,2024-12-15T00:00:00,medium,usage reporting,False,False
TKT0001543,ACC00171,2025-08-13T00:00:00,2025-08-20T00:00:00,low,report exports,False,False
TKT0001544,ACC00171,2025-04-14T00:00:00,2025-04-28T00:00:00,medium,report exports,False,False
TKT0001545,ACC00171,2025-01-18T00:00:00,2025-01-23T00:00:00,low,report exports,False,False
TKT0001546,ACC00171,2024-08-09T00:00:00,2024-08-09T00:00:00,low,SSO,False,False
TKT0001547,ACC00171,2025-09-16T00:00:00,2025-09-17T00:00:00,medium,dashboard performance,False,False
TKT0001548,ACC00171,2024-11-01T00:00:00,2024-11-04T00:00:00,low,user provisioning,False,False
TKT0001549,ACC00171,2024-08-10T00:00:00,2024-08-24T00:00:00,low,API reliability,False,False
TKT0001550,ACC00171,2024-10-25T00:00:00,2024-10-25T00:00:00,medium,permissions,False,False
TKT0001551,ACC00171,2025-09-10T00:00:00,2025-09-16T00:00:00,low,data synchronization,False,False
TKT0001552,ACC00171,2025-07-07T00:00:00,2025-07-13T00:00:00,low,user provisioning,False,False
TKT0001553,ACC00171,2024-07-10T00:00:00,2024-07-16T00:00:00,medium,user provisioning,False,False
TKT0001554,ACC00172,2025-04-07T00:00:00,2025-04-08T00:00:00,medium,dashboard performance,False,True
TKT0001555,ACC00172,2024-12-15T00:00:00,2024-12-26T00:00:00,high,data synchronization,False,False
TKT0001556,ACC00172,2024-12-28T00:00:00,2025-01-04T00:00:00,medium,billing configuration,False,False
TKT0001557,ACC00172,2024-07-01T00:00:00,2024-07-06T00:00:00,low,usage reporting,False,False
TKT0001558,ACC00172,2025-03-13T00:00:00,2025-03-21T00:00:00,low,API reliability,False,False
TKT0001559,ACC00172,2025-07-03T00:00:00,2025-07-17T00:00:00,critical,billing configuration,False,False
TKT0001560,ACC00173,2024-07-04T00:00:00,2024-07-12T00:00:00,medium,renewal terms,False,False
TKT0001561,ACC00173,2024-01-15T00:00:00,2024-01-28T00:00:00,low,mobile access,False,False
TKT0001562,ACC00173,2024-02-11T00:00:00,2024-02-15T00:00:00,medium,data synchronization,True,False
TKT0001563,ACC00174,2024-04-12T00:00:00,2024-04-21T00:00:00,low,data synchronization,False,False
TKT0001564,ACC00174,2025-07-25T00:00:00,2025-07-29T00:00:00,low,API reliability,False,False
TKT0001565,ACC00174,2025-02-13T00:00:00,2025-02-27T00:00:00,low,billing configuration,False,False
TKT0001566,ACC00174,2024-04-18T00:00:00,2024-04-28T00:00:00,low,workflow automation,False,False
TKT0001567,ACC00174,2025-06-02T00:00:00,2025-06-04T00:00:00,medium,usage reporting,False,False
TKT0001568,ACC00174,2025-01-03T00:00:00,2025-01-07T00:00:00,high,renewal terms,False,False
TKT0001569,ACC00174,2025-04-19T00:00:00,2025-04-20T00:00:00,low,permissions,False,True
TKT0001570,ACC00174,2025-06-04T00:00:00,2025-06-05T00:00:00,high,renewal terms,False,False
TKT0001571,ACC00174,2025-02-18T00:00:00,2025-02-20T00:00:00,medium,user provisioning,False,False
TKT0001572,ACC00174,2025-04-01T00:00:00,2025-04-06T00:00:00,low,invoice reconciliation,False,False
TKT0001573,ACC00174,2024-09-12T00:00:00,2024-09-15T00:00:00,low,data synchronization,False,False
TKT0001574,ACC00174,2025-01-15T00:00:00,2025-01-18T00:00:00,low,permissions,False,False
TKT0001575,ACC00174,2024-03-24T00:00:00,2024-03-26T00:00:00,high,dashboard performance,False,False
TKT0001576,ACC00174,2025-01-13T00:00:00,2025-01-15T00:00:00,medium,renewal terms,False,False
TKT0001577,ACC00174,2025-01-06T00:00:00,2025-01-09T00:00:00,low,integration errors,False,False
TKT0001578,ACC00175,2024-04-24T00:00:00,2024-04-24T00:00:00,high,invoice reconciliation,False,False
TKT0001579,ACC00175,2024-08-25T00:00:00,2024-09-04T00:00:00,high,permissions,False,False
TKT0001580,ACC00175,2024-03-20T00:00:00,2024-04-03T00:00:00,medium,permissions,False,False
TKT0001581,ACC00175,2024-09-02T00:00:00,2024-09-10T00:00:00,low,integration errors,False,True
TKT0001582,ACC00175,2024-03-26T00:00:00,2024-04-05T00:00:00,high,integration errors,False,False
TKT0001583,ACC00175,2024-11-25T00:00:00,2024-11-27T00:00:00,high,renewal terms,False,False
TKT0001584,ACC00176,2024-09-28T00:00:00,2024-10-10T00:00:00,low,permissions,False,False
TKT0001585,ACC00176,2024-01-15T00:00:00,2024-01-23T00:00:00,medium,dashboard performance,False,False
TKT0001586,ACC00176,2025-05-09T00:00:00,2025-05-19T00:00:00,low,usage reporting,True,False
TKT0001587,ACC00176,2024-08-02T00:00:00,2024-08-16T00:00:00,medium,workflow automation,False,False
TKT0001588,ACC00176,2024-10-21T00:00:00,2024-10-26T00:00:00,low,permissions,True,False
TKT0001589,ACC00176,2024-05-18T00:00:00,2024-05-31T00:00:00,low,API reliability,False,False
TKT0001590,ACC00176,2025-03-14T00:00:00,2025-03-15T00:00:00,medium,report exports,False,False
TKT0001591,ACC00176,2025-06-23T00:00:00,2025-06-24T00:00:00,medium,usage reporting,False,True
TKT0001592,ACC00176,2025-05-02T00:00:00,2025-05-02T00:00:00,low,dashboard performance,False,False
TKT0001593,ACC00176,2024-09-23T00:00:00,2024-09-27T00:00:00,medium,data synchronization,False,False
TKT0001594,ACC00176,2024-12-13T00:00:00,2024-12-14T00:00:00,medium,renewal terms,False,True
TKT0001595,ACC00176,2024-11-03T00:00:00,2024-11-04T00:00:00,high,report exports,False,False
TKT0001596,ACC00177,2024-08-09T00:00:00,2024-08-23T00:00:00,medium,renewal terms,False,False
TKT0001597,ACC00177,2024-03-24T00:00:00,2024-03-24T00:00:00,low,report exports,False,False
TKT0001598,ACC00177,2024-11-25T00:00:00,2024-11-26T00:00:00,low,usage reporting,False,False
TKT0001599,ACC00177,2024-03-14T00:00:00,2024-03-26T00:00:00,high,renewal terms,False,False
TKT0001600,ACC00177,2024-05-15T00:00:00,2024-05-24T00:00:00,low,renewal terms,False,False
TKT0001601,ACC00179,2024-07-14T00:00:00,2024-07-15T00:00:00,low,permissions,False,False
TKT0001602,ACC00179,2024-12-09T00:00:00,2024-12-21T00:00:00,high,SSO,False,False
TKT0001603,ACC00179,2025-07-22T00:00:00,2025-07-29T00:00:00,medium,permissions,False,True
TKT0001604,ACC00179,2025-10-04T00:00:00,2025-10-15T00:00:00,low,data synchronization,False,False
TKT0001605,ACC00179,2025-02-03T00:00:00,2025-02-07T00:00:00,low,invoice reconciliation,False,False
TKT0001606,ACC00179,2024-02-13T00:00:00,2024-02-27T00:00:00,low,mobile access,False,False
TKT0001607,ACC00179,2024-11-09T00:00:00,2024-11-17T00:00:00,medium,dashboard performance,True,True
TKT0001608,ACC00179,2024-05-03T00:00:00,2024-05-15T00:00:00,medium,permissions,False,False
TKT0001609,ACC00179,2025-11-17T00:00:00,2025-11-24T00:00:00,medium,user provisioning,False,True
TKT0001610,ACC00180,2025-02-15T00:00:00,2025-02-17T00:00:00,medium,workflow automation,False,False
TKT0001611,ACC00180,2024-09-23T00:00:00,2024-09-26T00:00:00,low,report exports,False,False
TKT0001612,ACC00180,2024-05-11T00:00:00,2024-05-14T00:00:00,medium,permissions,False,False
TKT0001613,ACC00180,2025-03-26T00:00:00,2025-03-26T00:00:00,high,user provisioning,False,False
TKT0001614,ACC00181,2024-10-13T00:00:00,2024-10-25T00:00:00,low,renewal terms,False,True
TKT0001615,ACC00181,2025-05-22T00:00:00,2025-06-04T00:00:00,high,workflow automation,False,False
TKT0001616,ACC00181,2024-01-07T00:00:00,2024-01-21T00:00:00,high,invoice reconciliation,False,False
TKT0001617,ACC00181,2024-05-18T00:00:00,2024-05-24T00:00:00,medium,SSO,False,False
TKT0001618,ACC00181,2025-08-21T00:00:00,2025-08-28T00:00:00,low,invoice reconciliation,False,False
TKT0001619,ACC00181,2024-11-14T00:00:00,2024-11-17T00:00:00,low,integration errors,True,False
TKT0001620,ACC00181,2024-02-16T00:00:00,2024-02-23T00:00:00,high,permissions,False,False
TKT0001621,ACC00181,2025-10-07T00:00:00,2025-10-18T00:00:00,low,workflow automation,False,False
TKT0001622,ACC00181,2025-03-23T00:00:00,2025-03-28T00:00:00,low,usage reporting,False,False
TKT0001623,ACC00181,2025-04-21T00:00:00,2025-04-25T00:00:00,low,report exports,False,False
TKT0001624,ACC00181,2024-04-23T00:00:00,2024-04-25T00:00:00,medium,renewal terms,False,False
TKT0001625,ACC00181,2025-07-23T00:00:00,2025-08-06T00:00:00,low,data synchronization,False,True
TKT0001626,ACC00181,2025-08-03T00:00:00,2025-08-07T00:00:00,medium,mobile access,False,True
TKT0001627,ACC00182,2024-01-28T00:00:00,2024-02-01T00:00:00,medium,SSO,False,False
TKT0001628,ACC00182,2024-08-20T00:00:00,2024-09-01T00:00:00,critical,data synchronization,False,False
TKT0001629,ACC00182,2025-05-21T00:00:00,2025-06-04T00:00:00,medium,dashboard performance,False,False
TKT0001630,ACC00182,2024-07-26T00:00:00,2024-08-05T00:00:00,medium,report exports,False,False
TKT0001631,ACC00182,2025-02-08T00:00:00,2025-02-20T00:00:00,low,permissions,True,False
TKT0001632,ACC00182,2025-01-16T00:00:00,2025-01-20T00:00:00,medium,billing configuration,False,False
TKT0001633,ACC00183,2024-05-24T00:00:00,2024-05-24T00:00:00,critical,user provisioning,False,False
TKT0001634,ACC00183,2024-12-14T00:00:00,2024-12-28T00:00:00,high,permissions,False,False
TKT0001635,ACC00183,2024-07-15T00:00:00,2024-07-22T00:00:00,high,report exports,True,True
TKT0001636,ACC00183,2024-12-23T00:00:00,2024-12-30T00:00:00,high,billing configuration,False,False
TKT0001637,ACC00183,2025-05-17T00:00:00,2025-05-19T00:00:00,high,data synchronization,False,False
TKT0001638,ACC00183,2024-09-23T00:00:00,2024-09-24T00:00:00,low,API reliability,False,False
TKT0001639,ACC00183,2025-10-23T00:00:00,2025-10-31T00:00:00,high,data synchronization,False,False
TKT0001640,ACC00183,2025-01-20T00:00:00,2025-01-21T00:00:00,low,usage reporting,False,False
TKT0001641,ACC00183,2025-06-03T00:00:00,2025-06-10T00:00:00,medium,billing configuration,False,False
TKT0001642,ACC00183,2024-03-12T00:00:00,2024-03-24T00:00:00,medium,API reliability,False,False
TKT0001643,ACC00183,2024-05-08T00:00:00,2024-05-15T00:00:00,medium,mobile access,False,False
TKT0001644,ACC00183,2025-03-03T00:00:00,2025-03-10T00:00:00,medium,API reliability,False,False
TKT0001645,ACC00183,2024-06-25T00:00:00,2024-06-25T00:00:00,low,renewal terms,True,False
TKT0001646,ACC00183,2025-11-26T00:00:00,2025-12-05T00:00:00,low,billing configuration,False,False
TKT0001647,ACC00183,2024-11-14T00:00:00,2024-11-26T00:00:00,medium,integration errors,True,True
TKT0001648,ACC00184,2025-06-09T00:00:00,2025-06-21T00:00:00,low,invoice reconciliation,False,True
TKT0001649,ACC00184,2025-08-07T00:00:00,2025-08-09T00:00:00,high,report exports,False,False
TKT0001650,ACC00184,2024-01-14T00:00:00,2024-01-21T00:00:00,medium,SSO,False,False
TKT0001651,ACC00184,2025-02-25T00:00:00,2025-03-07T00:00:00,low,dashboard performance,False,False
TKT0001652,ACC00184,2024-01-06T00:00:00,2024-01-17T00:00:00,high,permissions,False,False
TKT0001653,ACC00184,2025-01-07T00:00:00,2025-01-15T00:00:00,medium,permissions,True,False
TKT0001654,ACC00184,2025-08-28T00:00:00,2025-08-30T00:00:00,medium,renewal terms,False,False
TKT0001655,ACC00184,2024-08-03T00:00:00,2024-08-13T00:00:00,low,SSO,False,False
TKT0001656,ACC00184,2025-09-26T00:00:00,2025-10-07T00:00:00,medium,billing configuration,False,False
TKT0001657,ACC00184,2025-09-21T00:00:00,2025-09-28T00:00:00,low,mobile access,False,False
TKT0001658,ACC00184,2025-02-17T00:00:00,2025-02-20T00:00:00,low,report exports,False,False
TKT0001659,ACC00185,2024-05-07T00:00:00,2024-05-16T00:00:00,high,permissions,False,False
TKT0001660,ACC00185,2025-07-28T00:00:00,2025-08-11T00:00:00,low,invoice reconciliation,False,True
TKT0001661,ACC00185,2024-02-04T00:00:00,2024-02-06T00:00:00,medium,data synchronization,False,False
TKT0001662,ACC00185,2025-02-10T00:00:00,2025-02-14T00:00:00,low,mobile access,False,False
TKT0001663,ACC00185,2024-02-06T00:00:00,2024-02-09T00:00:00,low,billing configuration,False,False
TKT0001664,ACC00185,2025-04-04T00:00:00,2025-04-18T00:00:00,high,user provisioning,False,False
TKT0001665,ACC00185,2025-04-04T00:00:00,2025-04-15T00:00:00,low,usage reporting,False,True
TKT0001666,ACC00185,2024-09-18T00:00:00,2024-10-02T00:00:00,medium,mobile access,False,False
TKT0001667,ACC00185,2024-02-03T00:00:00,2024-02-05T00:00:00,low,usage reporting,False,False
TKT0001668,ACC00185,2024-11-26T00:00:00,2024-12-10T00:00:00,low,renewal terms,False,False
TKT0001669,ACC00186,2024-07-19T00:00:00,2024-08-01T00:00:00,low,SSO,False,True
TKT0001670,ACC00186,2024-01-10T00:00:00,2024-01-20T00:00:00,low,permissions,False,False
TKT0001671,ACC00186,2024-04-06T00:00:00,2024-04-13T00:00:00,low,invoice reconciliation,False,False
TKT0001672,ACC00186,2024-09-05T00:00:00,2024-09-15T00:00:00,low,integration errors,False,False
TKT0001673,ACC00187,2024-08-24T00:00:00,2024-08-25T00:00:00,low,invoice reconciliation,False,False
TKT0001674,ACC00187,2024-05-01T00:00:00,2024-05-11T00:00:00,high,permissions,False,True
TKT0001675,ACC00187,2025-03-08T00:00:00,2025-03-16T00:00:00,high,SSO,False,False
TKT0001676,ACC00187,2024-02-26T00:00:00,2024-03-03T00:00:00,low,permissions,False,False
TKT0001677,ACC00187,2025-11-24T00:00:00,2025-11-30T00:00:00,medium,invoice reconciliation,True,False
TKT0001678,ACC00187,2025-08-20T00:00:00,2025-09-01T00:00:00,high,dashboard performance,False,False
TKT0001679,ACC00187,2024-08-20T00:00:00,2024-08-28T00:00:00,medium,renewal terms,False,False
TKT0001680,ACC00187,2025-06-04T00:00:00,2025-06-13T00:00:00,medium,integration errors,False,False
TKT0001681,ACC00187,2024-03-03T00:00:00,2024-03-05T00:00:00,high,integration errors,False,False
TKT0001682,ACC00187,2025-09-07T00:00:00,2025-09-10T00:00:00,medium,data synchronization,True,False
TKT0001683,ACC00187,2024-05-15T00:00:00,2024-05-17T00:00:00,low,integration errors,False,False
TKT0001684,ACC00187,2025-05-24T00:00:00,2025-06-06T00:00:00,low,permissions,False,True
TKT0001685,ACC00187,2024-03-28T00:00:00,2024-04-09T00:00:00,low,report exports,False,False
TKT0001686,ACC00187,2024-07-07T00:00:00,2024-07-16T00:00:00,low,usage reporting,False,False
TKT0001687,ACC00187,2025-08-03T00:00:00,2025-08-13T00:00:00,medium,mobile access,False,False
TKT0001688,ACC00187,2025-10-25T00:00:00,2025-10-26T00:00:00,low,data synchronization,True,False
TKT0001689,ACC00187,2024-10-27T00:00:00,2024-11-06T00:00:00,medium,renewal terms,False,False
TKT0001690,ACC00189,2024-01-21T00:00:00,2024-02-03T00:00:00,medium,integration errors,False,False
TKT0001691,ACC00189,2024-01-14T00:00:00,2024-01-25T00:00:00,low,mobile access,False,False
TKT0001692,ACC00189,2024-02-13T00:00:00,2024-02-24T00:00:00,low,integration errors,False,False
TKT0001693,ACC00189,2024-05-09T00:00:00,2024-05-18T00:00:00,high,usage reporting,False,False
TKT0001694,ACC00189,2024-02-14T00:00:00,2024-02-23T00:00:00,medium,user provisioning,False,True
TKT0001695,ACC00189,2024-01-25T00:00:00,2024-01-25T00:00:00,medium,SSO,False,False
TKT0001696,ACC00189,2024-10-26T00:00:00,2024-10-26T00:00:00,medium,permissions,False,False
TKT0001697,ACC00189,2024-03-13T00:00:00,2024-03-14T00:00:00,low,SSO,False,False
TKT0001698,ACC00189,2024-11-14T00:00:00,2024-11-19T00:00:00,critical,API reliability,False,False
TKT0001699,ACC00190,2024-03-06T00:00:00,2024-03-16T00:00:00,low,dashboard performance,False,False
TKT0001700,ACC00190,2025-07-08T00:00:00,2025-07-17T00:00:00,medium,data synchronization,False,False
TKT0001701,ACC00190,2024-08-17T00:00:00,2024-08-22T00:00:00,medium,invoice reconciliation,False,False
TKT0001702,ACC00190,2025-01-18T00:00:00,2025-01-27T00:00:00,high,user provisioning,False,False
TKT0001703,ACC00190,2024-02-01T00:00:00,2024-02-08T00:00:00,low,invoice reconciliation,False,False
TKT0001704,ACC00190,2024-12-16T00:00:00,2024-12-29T00:00:00,high,report exports,False,False
TKT0001705,ACC00190,2025-03-16T00:00:00,2025-03-24T00:00:00,high,invoice reconciliation,False,False
TKT0001706,ACC00190,2024-06-14T00:00:00,2024-06-25T00:00:00,low,renewal terms,False,False
TKT0001707,ACC00190,2024-12-12T00:00:00,2024-12-26T00:00:00,low,invoice reconciliation,True,False
TKT0001708,ACC00190,2024-05-14T00:00:00,2024-05-22T00:00:00,high,integration errors,False,False
TKT0001709,ACC00191,2024-12-20T00:00:00,2024-12-23T00:00:00,medium,usage reporting,False,False
TKT0001710,ACC00191,2024-03-19T00:00:00,2024-03-30T00:00:00,medium,permissions,False,False
TKT0001711,ACC00191,2025-02-27T00:00:00,2025-02-28T00:00:00,low,data synchronization,True,False
TKT0001712,ACC00191,2024-05-23T00:00:00,2024-05-24T00:00:00,medium,report exports,False,True
TKT0001713,ACC00191,2024-05-17T00:00:00,2024-05-24T00:00:00,medium,workflow automation,False,False
TKT0001714,ACC00191,2024-12-07T00:00:00,2024-12-19T00:00:00,medium,mobile access,False,False
TKT0001715,ACC00191,2025-02-23T00:00:00,2025-03-02T00:00:00,medium,invoice reconciliation,False,True
TKT0001716,ACC00191,2024-10-06T00:00:00,2024-10-12T00:00:00,low,billing configuration,False,False
TKT0001717,ACC00191,2024-03-09T00:00:00,2024-03-22T00:00:00,high,invoice reconciliation,False,False
TKT0001718,ACC00191,2024-08-10T00:00:00,2024-08-24T00:00:00,low,workflow automation,True,False
TKT0001719,ACC00191,2024-05-25T00:00:00,2024-05-31T00:00:00,medium,user provisioning,False,False
TKT0001720,ACC00191,2025-05-14T00:00:00,2025-05-19T00:00:00,low,user provisioning,False,False
TKT0001721,ACC00192,2025-07-23T00:00:00,2025-08-04T00:00:00,high,permissions,False,False
TKT0001722,ACC00192,2024-06-28T00:00:00,2024-07-11T00:00:00,low,billing configuration,False,True
TKT0001723,ACC00192,2024-02-12T00:00:00,2024-02-20T00:00:00,low,usage reporting,False,False
TKT0001724,ACC00192,2024-07-26T00:00:00,2024-08-04T00:00:00,medium,permissions,True,False
TKT0001725,ACC00192,2025-06-03T00:00:00,2025-06-09T00:00:00,medium,report exports,False,False
TKT0001726,ACC00192,2025-02-06T00:00:00,2025-02-09T00:00:00,medium,integration errors,False,False
TKT0001727,ACC00192,2025-12-21T00:00:00,2025-12-24T00:00:00,low,user provisioning,True,False
TKT0001728,ACC00192,2024-01-25T00:00:00,2024-02-01T00:00:00,low,dashboard performance,False,False
TKT0001729,ACC00192,2025-10-05T00:00:00,2025-10-07T00:00:00,low,report exports,False,False
TKT0001730,ACC00192,2025-05-25T00:00:00,2025-05-25T00:00:00,low,usage reporting,False,False
TKT0001731,ACC00192,2025-10-11T00:00:00,2025-10-12T00:00:00,low,data synchronization,False,False
TKT0001732,ACC00193,2024-06-23T00:00:00,2024-06-27T00:00:00,medium,integration errors,False,False
TKT0001733,ACC00193,2025-03-06T00:00:00,2025-03-10T00:00:00,low,billing configuration,False,False
TKT0001734,ACC00193,2024-02-08T00:00:00,2024-02-22T00:00:00,medium,invoice reconciliation,False,False
TKT0001735,ACC00193,2024-09-20T00:00:00,2024-09-22T00:00:00,medium,usage reporting,False,False
TKT0001736,ACC00193,2024-11-07T00:00:00,2024-11-14T00:00:00,medium,permissions,False,False
TKT0001737,ACC00193,2025-09-14T00:00:00,2025-09-15T00:00:00,medium,user provisioning,False,False
TKT0001738,ACC00193,2024-12-04T00:00:00,2024-12-18T00:00:00,low,dashboard performance,False,False
TKT0001739,ACC00193,2025-01-02T00:00:00,2025-01-05T00:00:00,low,mobile access,False,False
TKT0001740,ACC00194,2024-02-22T00:00:00,2024-03-01T00:00:00,low,workflow automation,True,False
TKT0001741,ACC00194,2024-08-05T00:00:00,2024-08-06T00:00:00,high,renewal terms,False,False
TKT0001742,ACC00194,2024-07-21T00:00:00,2024-07-21T00:00:00,low,invoice reconciliation,False,False
TKT0001743,ACC00194,2024-09-08T00:00:00,2024-09-14T00:00:00,high,report exports,False,False
TKT0001744,ACC00194,2024-08-08T00:00:00,2024-08-19T00:00:00,low,mobile access,False,True
TKT0001745,ACC00195,2025-05-16T00:00:00,2025-05-16T00:00:00,low,billing configuration,False,True
TKT0001746,ACC00195,2025-06-17T00:00:00,2025-06-21T00:00:00,high,billing configuration,False,False
TKT0001747,ACC00195,2024-04-23T00:00:00,2024-05-07T00:00:00,critical,renewal terms,True,False
TKT0001748,ACC00195,2024-04-02T00:00:00,2024-04-13T00:00:00,medium,permissions,True,False
TKT0001749,ACC00195,2024-02-23T00:00:00,2024-03-05T00:00:00,medium,integration errors,False,False
TKT0001750,ACC00195,2024-09-14T00:00:00,2024-09-23T00:00:00,high,workflow automation,False,True
TKT0001751,ACC00196,2024-12-18T00:00:00,2024-12-25T00:00:00,high,billing configuration,True,False
TKT0001752,ACC00196,2025-07-07T00:00:00,2025-07-15T00:00:00,medium,permissions,False,True
TKT0001753,ACC00196,2024-11-04T00:00:00,2024-11-09T00:00:00,medium,report exports,False,False
TKT0001754,ACC00196,2024-07-27T00:00:00,2024-07-31T00:00:00,low,report exports,False,False
TKT0001755,ACC00197,2024-01-18T00:00:00,2024-01-20T00:00:00,medium,usage reporting,True,True
TKT0001756,ACC00197,2024-11-24T00:00:00,2024-12-04T00:00:00,medium,renewal terms,False,False
TKT0001757,ACC00197,2024-03-19T00:00:00,2024-03-25T00:00:00,low,integration errors,False,False
TKT0001758,ACC00197,2024-10-08T00:00:00,2024-10-10T00:00:00,low,integration errors,False,False
TKT0001759,ACC00197,2024-05-01T00:00:00,2024-05-07T00:00:00,medium,permissions,False,False
TKT0001760,ACC00197,2025-09-12T00:00:00,2025-09-22T00:00:00,medium,usage reporting,False,False
TKT0001761,ACC00197,2025-05-25T00:00:00,2025-05-25T00:00:00,low,mobile access,False,False
TKT0001762,ACC00197,2025-07-19T00:00:00,2025-07-22T00:00:00,medium,dashboard performance,False,True
TKT0001763,ACC00197,2024-09-17T00:00:00,2024-09-21T00:00:00,low,SSO,False,False
TKT0001764,ACC00197,2024-04-15T00:00:00,2024-04-16T00:00:00,low,workflow automation,False,False
TKT0001765,ACC00197,2024-12-02T00:00:00,2024-12-03T00:00:00,low,user provisioning,False,False
TKT0001766,ACC00198,2024-01-03T00:00:00,2024-01-13T00:00:00,medium,workflow automation,False,False
TKT0001767,ACC00198,2025-06-13T00:00:00,2025-06-18T00:00:00,critical,permissions,False,False
TKT0001768,ACC00198,2025-06-01T00:00:00,2025-06-04T00:00:00,medium,dashboard performance,False,False
TKT0001769,ACC00198,2025-03-27T00:00:00,2025-04-03T00:00:00,low,API reliability,False,True
TKT0001770,ACC00198,2024-12-11T00:00:00,2024-12-13T00:00:00,medium,user provisioning,False,False
TKT0001771,ACC00198,2024-07-03T00:00:00,2024-07-09T00:00:00,low,permissions,False,False
TKT0001772,ACC00198,2024-05-01T00:00:00,2024-05-07T00:00:00,high,data synchronization,False,False
TKT0001773,ACC00198,2025-01-25T00:00:00,2025-02-02T00:00:00,medium,API reliability,False,False
TKT0001774,ACC00198,2024-10-23T00:00:00,2024-11-05T00:00:00,low,workflow automation,False,False
TKT0001775,ACC00198,2024-06-08T00:00:00,2024-06-19T00:00:00,low,integration errors,False,False
TKT0001776,ACC00198,2025-03-18T00:00:00,2025-03-24T00:00:00,high,API reliability,False,False
TKT0001777,ACC00198,2024-09-12T00:00:00,2024-09-19T00:00:00,critical,workflow automation,False,False
TKT0001778,ACC00199,2024-03-28T00:00:00,2024-04-08T00:00:00,medium,permissions,False,False
TKT0001779,ACC00199,2024-04-04T00:00:00,2024-04-15T00:00:00,medium,mobile access,False,True
TKT0001780,ACC00199,2024-11-14T00:00:00,2024-11-26T00:00:00,medium,user provisioning,False,False
TKT0001781,ACC00199,2025-12-06T00:00:00,2025-12-17T00:00:00,low,invoice reconciliation,False,False
TKT0001782,ACC00199,2024-08-13T00:00:00,2024-08-23T00:00:00,medium,dashboard performance,False,False
TKT0001783,ACC00199,2024-03-25T00:00:00,2024-04-05T00:00:00,medium,workflow automation,False,True
TKT0001784,ACC00199,2024-06-01T00:00:00,2024-06-03T00:00:00,medium,renewal terms,False,False
TKT0001785,ACC00199,2025-01-08T00:00:00,2025-01-15T00:00:00,high,dashboard performance,False,False
TKT0001786,ACC00199,2025-08-20T00:00:00,2025-08-28T00:00:00,high,integration errors,False,False
TKT0001787,ACC00199,2024-08-09T00:00:00,2024-08-09T00:00:00,high,integration errors,False,False
TKT0001788,ACC00199,2024-08-11T00:00:00,2024-08-20T00:00:00,low,SSO,False,False
TKT0001789,ACC00199,2025-02-05T00:00:00,2025-02-14T00:00:00,low,usage reporting,False,False
TKT0001790,ACC00199,2025-02-13T00:00:00,2025-02-22T00:00:00,medium,report exports,False,False
TKT0001791,ACC00199,2024-05-22T00:00:00,2024-05-25T00:00:00,low,invoice reconciliation,False,False
TKT0001792,ACC00199,2024-03-06T00:00:00,2024-03-20T00:00:00,low,report exports,True,False
TKT0001793,ACC00200,2024-11-08T00:00:00,2024-11-15T00:00:00,low,permissions,True,False
TKT0001794,ACC00200,2025-03-22T00:00:00,2025-03-27T00:00:00,medium,permissions,True,False
TKT0001795,ACC00200,2025-01-03T00:00:00,2025-01-13T00:00:00,low,SSO,False,False
TKT0001796,ACC00200,2025-05-18T00:00:00,2025-05-31T00:00:00,medium,mobile access,False,False
TKT0001797,ACC00200,2025-09-03T00:00:00,2025-09-05T00:00:00,low,user provisioning,False,False
TKT0001798,ACC00200,2025-05-16T00:00:00,2025-05-30T00:00:00,low,SSO,False,False
TKT0001799,ACC00200,2024-08-17T00:00:00,2024-08-21T00:00:00,high,dashboard performance,False,False
TKT0001800,ACC00200,2024-03-15T00:00:00,2024-03-27T00:00:00,medium,data synchronization,False,False
TKT0001801,ACC00201,2024-01-27T00:00:00,2024-02-02T00:00:00,low,permissions,False,False
TKT0001802,ACC00201,2024-09-02T00:00:00,2024-09-09T00:00:00,medium,user provisioning,False,False
TKT0001803,ACC00201,2024-06-15T00:00:00,2024-06-25T00:00:00,low,SSO,False,False
TKT0001804,ACC00201,2024-06-25T00:00:00,2024-07-01T00:00:00,medium,invoice reconciliation,False,False
TKT0001805,ACC00202,2024-11-02T00:00:00,2024-11-14T00:00:00,medium,integration errors,False,False
TKT0001806,ACC00202,2024-05-06T00:00:00,2024-05-13T00:00:00,medium,mobile access,True,False
TKT0001807,ACC00202,2025-03-27T00:00:00,2025-04-04T00:00:00,high,integration errors,False,True
TKT0001808,ACC00202,2025-01-07T00:00:00,2025-01-19T00:00:00,medium,billing configuration,False,False
TKT0001809,ACC00203,2024-07-08T00:00:00,2024-07-11T00:00:00,medium,user provisioning,False,False
TKT0001810,ACC00203,2024-05-16T00:00:00,2024-05-27T00:00:00,high,integration errors,True,False
TKT0001811,ACC00203,2024-10-16T00:00:00,2024-10-29T00:00:00,high,invoice reconciliation,True,False
TKT0001812,ACC00203,2025-05-04T00:00:00,2025-05-15T00:00:00,medium,workflow automation,False,False
TKT0001813,ACC00203,2024-01-26T00:00:00,2024-02-03T00:00:00,medium,workflow automation,False,False
TKT0001814,ACC00203,2025-05-10T00:00:00,2025-05-13T00:00:00,critical,dashboard performance,False,True
TKT0001815,ACC00203,2024-08-12T00:00:00,2024-08-19T00:00:00,medium,mobile access,False,False
TKT0001816,ACC00203,2024-03-22T00:00:00,2024-04-03T00:00:00,low,permissions,True,False
TKT0001817,ACC00203,2025-01-28T00:00:00,2025-02-03T00:00:00,low,invoice reconciliation,False,False
TKT0001818,ACC00203,2024-01-14T00:00:00,2024-01-14T00:00:00,low,invoice reconciliation,False,False
TKT0001819,ACC00204,2025-07-20T00:00:00,2025-08-03T00:00:00,low,dashboard performance,False,False
TKT0001820,ACC00204,2024-11-08T00:00:00,2024-11-14T00:00:00,low,usage reporting,False,False
TKT0001821,ACC00204,2025-04-24T00:00:00,2025-04-30T00:00:00,medium,usage reporting,False,False
TKT0001822,ACC00204,2025-08-24T00:00:00,2025-08-26T00:00:00,low,user provisioning,True,False
TKT0001823,ACC00204,2025-03-21T00:00:00,2025-04-01T00:00:00,low,workflow automation,False,False
TKT0001824,ACC00204,2025-02-10T00:00:00,2025-02-24T00:00:00,medium,billing configuration,False,False
TKT0001825,ACC00204,2024-12-22T00:00:00,2024-12-28T00:00:00,medium,integration errors,False,False
TKT0001826,ACC00204,2025-05-01T00:00:00,2025-05-09T00:00:00,low,mobile access,False,False
TKT0001827,ACC00204,2024-10-17T00:00:00,2024-10-27T00:00:00,low,integration errors,False,False
TKT0001828,ACC00204,2024-11-09T00:00:00,2024-11-10T00:00:00,low,SSO,False,False
TKT0001829,ACC00204,2024-05-20T00:00:00,2024-05-20T00:00:00,low,user provisioning,False,False
TKT0001830,ACC00205,2025-05-18T00:00:00,2025-05-23T00:00:00,medium,mobile access,False,False
TKT0001831,ACC00205,2025-10-12T00:00:00,2025-10-18T00:00:00,low,invoice reconciliation,False,True
TKT0001832,ACC00205,2024-02-28T00:00:00,2024-02-29T00:00:00,low,workflow automation,False,False
TKT0001833,ACC00205,2025-07-02T00:00:00,2025-07-14T00:00:00,low,invoice reconciliation,False,False
TKT0001834,ACC00205,2024-02-01T00:00:00,2024-02-02T00:00:00,low,report exports,False,False
TKT0001835,ACC00205,2025-12-27T00:00:00,2025-12-27T00:00:00,medium,workflow automation,False,False
TKT0001836,ACC00205,2024-01-22T00:00:00,2024-01-28T00:00:00,low,mobile access,False,False
TKT0001837,ACC00205,2025-02-20T00:00:00,2025-03-04T00:00:00,low,invoice reconciliation,False,False
TKT0001838,ACC00205,2024-05-26T00:00:00,2024-06-04T00:00:00,low,SSO,True,False
TKT0001839,ACC00205,2024-04-09T00:00:00,2024-04-17T00:00:00,medium,integration errors,False,False
TKT0001840,ACC00205,2025-06-12T00:00:00,2025-06-21T00:00:00,high,mobile access,False,False
TKT0001841,ACC00205,2025-08-07T00:00:00,2025-08-20T00:00:00,medium,permissions,False,False
TKT0001842,ACC00205,2024-09-13T00:00:00,2024-09-23T00:00:00,medium,user provisioning,False,True
TKT0001843,ACC00205,2025-02-02T00:00:00,2025-02-05T00:00:00,low,mobile access,False,False
TKT0001844,ACC00205,2024-05-22T00:00:00,2024-05-30T00:00:00,medium,permissions,False,False
TKT0001845,ACC00205,2024-12-07T00:00:00,2024-12-12T00:00:00,medium,permissions,False,False
TKT0001846,ACC00205,2025-11-02T00:00:00,2025-11-04T00:00:00,low,billing configuration,False,True
TKT0001847,ACC00205,2024-03-18T00:00:00,2024-03-28T00:00:00,high,renewal terms,False,False
TKT0001848,ACC00206,2024-11-01T00:00:00,2024-11-05T00:00:00,medium,workflow automation,False,True
TKT0001849,ACC00206,2025-01-06T00:00:00,2025-01-19T00:00:00,low,renewal terms,False,True
TKT0001850,ACC00206,2025-03-27T00:00:00,2025-04-03T00:00:00,high,permissions,False,False
TKT0001851,ACC00206,2024-07-28T00:00:00,2024-08-10T00:00:00,medium,invoice reconciliation,False,True
TKT0001852,ACC00206,2024-10-21T00:00:00,2024-10-21T00:00:00,low,workflow automation,False,False
TKT0001853,ACC00206,2024-01-14T00:00:00,2024-01-25T00:00:00,low,data synchronization,False,False
TKT0001854,ACC00206,2024-11-05T00:00:00,2024-11-14T00:00:00,medium,renewal terms,False,False
TKT0001855,ACC00206,2025-06-08T00:00:00,2025-06-10T00:00:00,high,usage reporting,False,False
TKT0001856,ACC00206,2024-06-05T00:00:00,2024-06-06T00:00:00,high,mobile access,False,False
TKT0001857,ACC00206,2024-01-04T00:00:00,2024-01-06T00:00:00,low,permissions,False,False
TKT0001858,ACC00206,2024-12-03T00:00:00,2024-12-09T00:00:00,low,API reliability,False,True
TKT0001859,ACC00206,2024-09-01T00:00:00,2024-09-11T00:00:00,medium,dashboard performance,False,False
TKT0001860,ACC00206,2024-08-04T00:00:00,2024-08-04T00:00:00,low,billing configuration,False,False
TKT0001861,ACC00207,2025-05-01T00:00:00,2025-05-03T00:00:00,medium,integration errors,False,False
TKT0001862,ACC00207,2024-09-22T00:00:00,2024-09-29T00:00:00,low,invoice reconciliation,False,False
TKT0001863,ACC00207,2024-02-26T00:00:00,2024-03-08T00:00:00,low,usage reporting,False,False
TKT0001864,ACC00207,2024-07-04T00:00:00,2024-07-10T00:00:00,low,usage reporting,False,False
TKT0001865,ACC00207,2024-02-24T00:00:00,2024-03-01T00:00:00,low,dashboard performance,False,False
TKT0001866,ACC00207,2024-03-21T00:00:00,2024-03-21T00:00:00,low,invoice reconciliation,False,False
TKT0001867,ACC00208,2024-11-11T00:00:00,2024-11-12T00:00:00,low,invoice reconciliation,False,False
TKT0001868,ACC00208,2025-04-21T00:00:00,2025-05-03T00:00:00,low,API reliability,False,True
TKT0001869,ACC00208,2024-06-09T00:00:00,2024-06-14T00:00:00,medium,mobile access,False,False
TKT0001870,ACC00208,2025-07-19T00:00:00,2025-07-22T00:00:00,low,billing configuration,False,False
TKT0001871,ACC00208,2025-03-14T00:00:00,2025-03-25T00:00:00,medium,data synchronization,False,False
TKT0001872,ACC00209,2024-04-14T00:00:00,2024-04-20T00:00:00,medium,SSO,False,False
TKT0001873,ACC00209,2025-06-03T00:00:00,2025-06-07T00:00:00,high,mobile access,False,False
TKT0001874,ACC00209,2024-05-21T00:00:00,2024-05-24T00:00:00,medium,data synchronization,False,False
TKT0001875,ACC00209,2025-10-04T00:00:00,2025-10-04T00:00:00,low,SSO,False,False
TKT0001876,ACC00209,2024-06-10T00:00:00,2024-06-24T00:00:00,high,renewal terms,False,False
TKT0001877,ACC00209,2024-10-13T00:00:00,2024-10-21T00:00:00,high,workflow automation,False,False
TKT0001878,ACC00209,2025-04-03T00:00:00,2025-04-08T00:00:00,medium,usage reporting,True,False
TKT0001879,ACC00209,2024-07-23T00:00:00,2024-08-04T00:00:00,low,usage reporting,False,False
TKT0001880,ACC00210,2024-05-12T00:00:00,2024-05-21T00:00:00,medium,usage reporting,False,False
TKT0001881,ACC00210,2024-12-15T00:00:00,2024-12-17T00:00:00,low,SSO,False,False
TKT0001882,ACC00210,2025-01-02T00:00:00,2025-01-16T00:00:00,low,data synchronization,False,False
TKT0001883,ACC00210,2025-05-17T00:00:00,2025-05-20T00:00:00,medium,SSO,True,False
TKT0001884,ACC00210,2025-07-27T00:00:00,2025-07-29T00:00:00,medium,invoice reconciliation,False,True
TKT0001885,ACC00210,2025-08-21T00:00:00,2025-08-27T00:00:00,medium,API reliability,False,False
TKT0001886,ACC00211,2025-02-07T00:00:00,2025-02-16T00:00:00,low,permissions,False,True
TKT0001887,ACC00211,2025-11-03T00:00:00,2025-11-05T00:00:00,medium,user provisioning,False,True
TKT0001888,ACC00211,2024-08-22T00:00:00,2024-09-04T00:00:00,low,invoice reconciliation,False,False
TKT0001889,ACC00211,2024-01-21T00:00:00,2024-01-26T00:00:00,high,billing configuration,True,False
TKT0001890,ACC00211,2024-06-05T00:00:00,2024-06-11T00:00:00,low,renewal terms,False,False
TKT0001891,ACC00211,2025-08-28T00:00:00,2025-09-10T00:00:00,low,SSO,False,False
TKT0001892,ACC00211,2025-05-27T00:00:00,2025-06-06T00:00:00,high,report exports,False,False
TKT0001893,ACC00211,2025-07-07T00:00:00,2025-07-11T00:00:00,medium,API reliability,False,False
TKT0001894,ACC00211,2024-05-11T00:00:00,2024-05-13T00:00:00,medium,mobile access,False,False
TKT0001895,ACC00211,2024-01-05T00:00:00,2024-01-08T00:00:00,medium,invoice reconciliation,False,False
TKT0001896,ACC00211,2024-01-28T00:00:00,2024-01-30T00:00:00,low,billing configuration,False,False
TKT0001897,ACC00211,2025-02-26T00:00:00,2025-03-10T00:00:00,low,report exports,False,False
TKT0001898,ACC00211,2025-09-17T00:00:00,2025-09-22T00:00:00,low,usage reporting,True,False
TKT0001899,ACC00211,2025-05-14T00:00:00,2025-05-17T00:00:00,low,renewal terms,False,False
TKT0001900,ACC00212,2025-01-04T00:00:00,2025-01-18T00:00:00,medium,data synchronization,False,False
TKT0001901,ACC00212,2025-02-01T00:00:00,2025-02-01T00:00:00,low,dashboard performance,False,False
TKT0001902,ACC00212,2025-12-18T00:00:00,2025-12-23T00:00:00,low,usage reporting,False,True
TKT0001903,ACC00212,2024-02-14T00:00:00,2024-02-21T00:00:00,medium,report exports,False,False
TKT0001904,ACC00212,2025-09-14T00:00:00,2025-09-28T00:00:00,low,usage reporting,False,False
TKT0001905,ACC00212,2024-12-08T00:00:00,2024-12-18T00:00:00,low,billing configuration,False,False
TKT0001906,ACC00212,2024-09-03T00:00:00,2024-09-10T00:00:00,low,dashboard performance,False,False
TKT0001907,ACC00212,2024-03-05T00:00:00,2024-03-08T00:00:00,medium,invoice reconciliation,False,False
TKT0001908,ACC00212,2024-10-08T00:00:00,2024-10-16T00:00:00,medium,report exports,False,False
TKT0001909,ACC00212,2024-02-18T00:00:00,2024-03-02T00:00:00,critical,usage reporting,False,False
TKT0001910,ACC00212,2024-10-04T00:00:00,2024-10-06T00:00:00,high,usage reporting,False,True
TKT0001911,ACC00212,2024-06-14T00:00:00,2024-06-25T00:00:00,medium,workflow automation,False,False
TKT0001912,ACC00212,2025-05-13T00:00:00,2025-05-21T00:00:00,low,integration errors,False,False
TKT0001913,ACC00212,2024-05-25T00:00:00,2024-05-27T00:00:00,low,renewal terms,False,False
TKT0001914,ACC00212,2025-03-17T00:00:00,2025-03-27T00:00:00,low,report exports,False,False
TKT0001915,ACC00213,2024-08-09T00:00:00,2024-08-22T00:00:00,medium,mobile access,False,False
TKT0001916,ACC00213,2024-03-24T00:00:00,2024-03-29T00:00:00,low,permissions,False,True
TKT0001917,ACC00213,2024-11-01T00:00:00,2024-11-01T00:00:00,low,renewal terms,False,False
TKT0001918,ACC00213,2024-01-21T00:00:00,2024-02-02T00:00:00,medium,user provisioning,True,False
TKT0001919,ACC00213,2024-09-01T00:00:00,2024-09-07T00:00:00,medium,workflow automation,True,False
TKT0001920,ACC00214,2024-07-25T00:00:00,2024-08-06T00:00:00,medium,invoice reconciliation,False,False
TKT0001921,ACC00214,2024-11-21T00:00:00,2024-11-22T00:00:00,high,SSO,False,False
TKT0001922,ACC00214,2024-02-26T00:00:00,2024-02-27T00:00:00,low,usage reporting,False,False
TKT0001923,ACC00214,2024-08-09T00:00:00,2024-08-14T00:00:00,low,permissions,False,False
TKT0001924,ACC00214,2024-05-05T00:00:00,2024-05-07T00:00:00,low,renewal terms,True,False
TKT0001925,ACC00214,2024-03-04T00:00:00,2024-03-12T00:00:00,low,renewal terms,True,False
TKT0001926,ACC00214,2024-02-13T00:00:00,2024-02-18T00:00:00,low,integration errors,False,False
TKT0001927,ACC00214,2024-11-13T00:00:00,2024-11-24T00:00:00,medium,dashboard performance,False,True
TKT0001928,ACC00214,2024-10-22T00:00:00,2024-11-05T00:00:00,low,permissions,False,False
TKT0001929,ACC00215,2025-08-04T00:00:00,2025-08-06T00:00:00,medium,data synchronization,False,False
TKT0001930,ACC00215,2025-08-15T00:00:00,2025-08-25T00:00:00,medium,user provisioning,False,False
TKT0001931,ACC00215,2025-04-04T00:00:00,2025-04-16T00:00:00,medium,workflow automation,False,False
TKT0001932,ACC00215,2024-05-10T00:00:00,2024-05-20T00:00:00,high,report exports,False,False
TKT0001933,ACC00215,2025-05-13T00:00:00,2025-05-25T00:00:00,low,invoice reconciliation,False,False
TKT0001934,ACC00215,2025-07-08T00:00:00,2025-07-15T00:00:00,low,dashboard performance,False,False
TKT0001935,ACC00216,2024-08-10T00:00:00,2024-08-11T00:00:00,medium,report exports,False,False
TKT0001936,ACC00216,2025-08-18T00:00:00,2025-08-22T00:00:00,medium,integration errors,False,False
TKT0001937,ACC00216,2025-07-20T00:00:00,2025-07-20T00:00:00,medium,workflow automation,False,False
TKT0001938,ACC00216,2024-12-07T00:00:00,2024-12-20T00:00:00,medium,SSO,False,False
TKT0001939,ACC00216,2024-09-01T00:00:00,2024-09-08T00:00:00,medium,report exports,False,False
TKT0001940,ACC00216,2025-07-11T00:00:00,2025-07-18T00:00:00,high,renewal terms,False,False
TKT0001941,ACC00216,2025-05-05T00:00:00,2025-05-13T00:00:00,low,SSO,False,False
TKT0001942,ACC00216,2025-07-17T00:00:00,2025-07-23T00:00:00,high,mobile access,False,False
TKT0001943,ACC00216,2025-06-25T00:00:00,2025-07-08T00:00:00,low,data synchronization,False,False
TKT0001944,ACC00216,2024-10-14T00:00:00,2024-10-16T00:00:00,medium,integration errors,False,False
TKT0001945,ACC00216,2025-09-17T00:00:00,2025-09-27T00:00:00,low,invoice reconciliation,False,False
TKT0001946,ACC00217,2024-01-22T00:00:00,2024-02-05T00:00:00,low,renewal terms,False,False
TKT0001947,ACC00217,2024-06-11T00:00:00,2024-06-13T00:00:00,low,SSO,False,False
TKT0001948,ACC00217,2024-06-19T00:00:00,2024-06-30T00:00:00,medium,usage reporting,False,False
TKT0001949,ACC00217,2024-07-07T00:00:00,2024-07-09T00:00:00,medium,report exports,True,False
TKT0001950,ACC00217,2024-03-03T00:00:00,2024-03-17T00:00:00,low,integration errors,False,False
TKT0001951,ACC00217,2024-07-02T00:00:00,2024-07-10T00:00:00,low,user provisioning,False,False
TKT0001952,ACC00218,2024-06-26T00:00:00,2024-07-06T00:00:00,medium,invoice reconciliation,False,False
TKT0001953,ACC00218,2024-03-19T00:00:00,2024-03-20T00:00:00,low,workflow automation,False,False
TKT0001954,ACC00218,2024-01-02T00:00:00,2024-01-02T00:00:00,medium,permissions,False,False
TKT0001955,ACC00218,2024-03-11T00:00:00,2024-03-17T00:00:00,medium,mobile access,False,False
TKT0001956,ACC00218,2024-10-17T00:00:00,2024-10-30T00:00:00,low,mobile access,False,False
TKT0001957,ACC00218,2025-06-24T00:00:00,2025-07-04T00:00:00,low,permissions,False,False
TKT0001958,ACC00218,2025-06-27T00:00:00,2025-07-07T00:00:00,medium,integration errors,True,False
TKT0001959,ACC00218,2024-03-11T00:00:00,2024-03-14T00:00:00,medium,renewal terms,False,False
TKT0001960,ACC00219,2024-03-02T00:00:00,2024-03-16T00:00:00,low,data synchronization,False,False
TKT0001961,ACC00219,2024-06-09T00:00:00,2024-06-16T00:00:00,low,billing configuration,False,True
TKT0001962,ACC00219,2024-06-21T00:00:00,2024-07-03T00:00:00,medium,workflow automation,False,True
TKT0001963,ACC00219,2024-11-13T00:00:00,2024-11-21T00:00:00,medium,user provisioning,False,False
TKT0001964,ACC00219,2024-04-09T00:00:00,2024-04-15T00:00:00,medium,dashboard performance,False,False
TKT0001965,ACC00219,2024-08-27T00:00:00,2024-09-03T00:00:00,low,data synchronization,False,False
TKT0001966,ACC00219,2024-01-17T00:00:00,2024-01-24T00:00:00,medium,usage reporting,False,True
TKT0001967,ACC00219,2024-05-12T00:00:00,2024-05-20T00:00:00,low,mobile access,False,False
TKT0001968,ACC00219,2025-01-02T00:00:00,2025-01-07T00:00:00,low,invoice reconciliation,False,False
TKT0001969,ACC00219,2024-04-01T00:00:00,2024-04-01T00:00:00,low,API reliability,False,False
TKT0001970,ACC00220,2024-02-17T00:00:00,2024-02-17T00:00:00,medium,data synchronization,False,False
TKT0001971,ACC00220,2024-08-25T00:00:00,2024-08-29T00:00:00,low,API reliability,False,False
TKT0001972,ACC00220,2024-04-25T00:00:00,2024-05-08T00:00:00,low,dashboard performance,False,False
TKT0001973,ACC00220,2025-09-17T00:00:00,2025-09-18T00:00:00,low,permissions,False,False
TKT0001974,ACC00220,2024-08-19T00:00:00,2024-08-28T00:00:00,medium,report exports,False,False
TKT0001975,ACC00220,2025-09-23T00:00:00,2025-10-02T00:00:00,medium,API reliability,False,False
TKT0001976,ACC00220,2024-11-27T00:00:00,2024-12-05T00:00:00,medium,usage reporting,False,False
TKT0001977,ACC00220,2025-09-27T00:00:00,2025-10-09T00:00:00,low,API reliability,False,False
TKT0001978,ACC00220,2024-06-13T00:00:00,2024-06-24T00:00:00,low,invoice reconciliation,False,False
TKT0001979,ACC00220,2024-08-21T00:00:00,2024-08-22T00:00:00,low,integration errors,True,False
TKT0001980,ACC00220,2025-10-21T00:00:00,2025-11-02T00:00:00,low,integration errors,False,False
TKT0001981,ACC00221,2024-11-27T00:00:00,2024-12-01T00:00:00,low,report exports,False,False
TKT0001982,ACC00221,2025-01-23T00:00:00,2025-02-04T00:00:00,medium,mobile access,False,False
TKT0001983,ACC00221,2024-09-18T00:00:00,2024-09-18T00:00:00,low,user provisioning,False,False
TKT0001984,ACC00221,2025-01-22T00:00:00,2025-01-22T00:00:00,medium,usage reporting,True,False
TKT0001985,ACC00221,2024-02-08T00:00:00,2024-02-15T00:00:00,medium,data synchronization,False,False
TKT0001986,ACC00221,2025-03-13T00:00:00,2025-03-16T00:00:00,high,dashboard performance,False,False
TKT0001987,ACC00221,2024-07-09T00:00:00,2024-07-13T00:00:00,medium,invoice reconciliation,False,False
TKT0001988,ACC00221,2025-04-03T00:00:00,2025-04-10T00:00:00,low,SSO,False,True
TKT0001989,ACC00221,2024-03-24T00:00:00,2024-04-02T00:00:00,medium,data synchronization,False,False
TKT0001990,ACC00221,2025-07-28T00:00:00,2025-08-03T00:00:00,low,API reliability,False,True
TKT0001991,ACC00221,2024-05-17T00:00:00,2024-05-22T00:00:00,low,renewal terms,False,False
TKT0001992,ACC00221,2025-08-13T00:00:00,2025-08-27T00:00:00,medium,invoice reconciliation,False,False
TKT0001993,ACC00221,2025-02-05T00:00:00,2025-02-18T00:00:00,low,invoice reconciliation,False,False
TKT0001994,ACC00221,2025-01-22T00:00:00,2025-01-27T00:00:00,medium,data synchronization,False,True
TKT0001995,ACC00221,2025-05-10T00:00:00,2025-05-13T00:00:00,medium,API reliability,True,False
TKT0001996,ACC00221,2024-10-14T00:00:00,2024-10-17T00:00:00,medium,report exports,False,False
TKT0001997,ACC00222,2025-01-14T00:00:00,2025-01-28T00:00:00,low,billing configuration,False,False
TKT0001998,ACC00222,2025-07-08T00:00:00,2025-07-19T00:00:00,medium,permissions,False,False
TKT0001999,ACC00222,2025-05-21T00:00:00,2025-05-27T00:00:00,low,usage reporting,True,False
TKT0002000,ACC00222,2025-12-06T00:00:00,2025-12-18T00:00:00,medium,usage reporting,False,False
TKT0002001,ACC00222,2024-08-10T00:00:00,2024-08-13T00:00:00,medium,data synchronization,False,False
TKT0002002,ACC00222,2024-04-16T00:00:00,2024-04-23T00:00:00,low,integration errors,False,False
TKT0002003,ACC00222,2025-01-16T00:00:00,2025-01-19T00:00:00,medium,user provisioning,False,False
TKT0002004,ACC00222,2024-04-20T00:00:00,2024-04-20T00:00:00,low,integration errors,False,False
TKT0002005,ACC00223,2024-02-26T00:00:00,2024-02-27T00:00:00,low,invoice reconciliation,False,False
TKT0002006,ACC00223,2024-06-18T00:00:00,2024-06-19T00:00:00,low,SSO,False,False
TKT0002007,ACC00223,2024-10-08T00:00:00,2024-10-14T00:00:00,low,integration errors,False,False
TKT0002008,ACC00223,2024-02-26T00:00:00,2024-03-01T00:00:00,low,API reliability,False,True
TKT0002009,ACC00223,2025-02-02T00:00:00,2025-02-12T00:00:00,high,report exports,False,False
TKT0002010,ACC00223,2024-03-06T00:00:00,2024-03-07T00:00:00,low,billing configuration,False,False
TKT0002011,ACC00223,2024-10-26T00:00:00,2024-11-07T00:00:00,medium,SSO,False,False
TKT0002012,ACC00224,2025-04-01T00:00:00,2025-04-07T00:00:00,medium,renewal terms,False,False
TKT0002013,ACC00224,2024-01-06T00:00:00,2024-01-14T00:00:00,low,integration errors,False,False
TKT0002014,ACC00224,2024-04-16T00:00:00,2024-04-28T00:00:00,medium,SSO,False,False
TKT0002015,ACC00224,2025-11-21T00:00:00,2025-12-03T00:00:00,medium,renewal terms,True,False
TKT0002016,ACC00224,2025-12-05T00:00:00,2025-12-09T00:00:00,medium,API reliability,False,False
TKT0002017,ACC00224,2025-06-26T00:00:00,2025-06-29T00:00:00,low,API reliability,False,False
TKT0002018,ACC00224,2024-12-12T00:00:00,2024-12-17T00:00:00,low,user provisioning,False,False
TKT0002019,ACC00224,2025-06-15T00:00:00,2025-06-15T00:00:00,medium,data synchronization,False,False
TKT0002020,ACC00224,2024-04-03T00:00:00,2024-04-14T00:00:00,low,user provisioning,False,False
TKT0002021,ACC00224,2024-12-07T00:00:00,2024-12-17T00:00:00,low,data synchronization,False,False
TKT0002022,ACC00224,2025-02-27T00:00:00,2025-03-11T00:00:00,high,integration errors,False,False
TKT0002023,ACC00224,2025-02-19T00:00:00,2025-02-26T00:00:00,high,user provisioning,False,False
TKT0002024,ACC00225,2024-02-25T00:00:00,2024-03-01T00:00:00,low,integration errors,True,False
TKT0002025,ACC00225,2024-10-23T00:00:00,2024-10-29T00:00:00,medium,integration errors,True,False
TKT0002026,ACC00225,2024-08-12T00:00:00,2024-08-13T00:00:00,medium,permissions,False,False
TKT0002027,ACC00225,2025-02-27T00:00:00,2025-02-28T00:00:00,medium,workflow automation,False,False
TKT0002028,ACC00225,2024-03-05T00:00:00,2024-03-14T00:00:00,medium,integration errors,False,False
TKT0002029,ACC00225,2024-10-03T00:00:00,2024-10-11T00:00:00,medium,usage reporting,False,False
TKT0002030,ACC00225,2024-08-08T00:00:00,2024-08-14T00:00:00,low,data synchronization,False,False
TKT0002031,ACC00226,2024-04-08T00:00:00,2024-04-08T00:00:00,high,mobile access,False,False
TKT0002032,ACC00226,2024-02-14T00:00:00,2024-02-19T00:00:00,low,billing configuration,False,False
TKT0002033,ACC00226,2024-04-17T00:00:00,2024-04-30T00:00:00,low,dashboard performance,False,False
TKT0002034,ACC00227,2025-12-18T00:00:00,2025-12-30T00:00:00,medium,integration errors,False,False
TKT0002035,ACC00227,2025-04-13T00:00:00,2025-04-17T00:00:00,high,integration errors,False,False
TKT0002036,ACC00227,2025-07-15T00:00:00,2025-07-21T00:00:00,medium,usage reporting,False,False
TKT0002037,ACC00227,2025-09-03T00:00:00,2025-09-13T00:00:00,low,billing configuration,False,True
TKT0002038,ACC00227,2025-11-22T00:00:00,2025-11-28T00:00:00,low,user provisioning,False,False
TKT0002039,ACC00227,2025-02-14T00:00:00,2025-02-25T00:00:00,low,usage reporting,True,False
TKT0002040,ACC00227,2025-08-15T00:00:00,2025-08-25T00:00:00,medium,renewal terms,False,False
TKT0002041,ACC00227,2025-11-27T00:00:00,2025-12-02T00:00:00,low,mobile access,False,False
TKT0002042,ACC00227,2024-11-03T00:00:00,2024-11-17T00:00:00,low,SSO,False,False
TKT0002043,ACC00227,2024-11-15T00:00:00,2024-11-19T00:00:00,medium,usage reporting,False,False
TKT0002044,ACC00227,2024-06-10T00:00:00,2024-06-15T00:00:00,low,dashboard performance,False,False
TKT0002045,ACC00227,2025-06-07T00:00:00,2025-06-08T00:00:00,medium,dashboard performance,False,False
TKT0002046,ACC00227,2024-10-15T00:00:00,2024-10-18T00:00:00,low,billing configuration,False,False
TKT0002047,ACC00227,2024-06-15T00:00:00,2024-06-20T00:00:00,low,data synchronization,False,True
TKT0002048,ACC00227,2025-04-10T00:00:00,2025-04-11T00:00:00,high,billing configuration,False,False
TKT0002049,ACC00227,2024-01-27T00:00:00,2024-02-04T00:00:00,medium,integration errors,False,True
TKT0002050,ACC00228,2024-02-09T00:00:00,2024-02-15T00:00:00,low,report exports,True,False
TKT0002051,ACC00228,2024-03-20T00:00:00,2024-03-29T00:00:00,high,SSO,False,False
TKT0002052,ACC00228,2024-06-02T00:00:00,2024-06-15T00:00:00,low,invoice reconciliation,False,False
TKT0002053,ACC00228,2024-02-26T00:00:00,2024-03-06T00:00:00,low,billing configuration,False,False
TKT0002054,ACC00228,2024-02-11T00:00:00,2024-02-11T00:00:00,low,API reliability,False,False
TKT0002055,ACC00228,2024-08-01T00:00:00,2024-08-15T00:00:00,low,API reliability,False,False
TKT0002056,ACC00228,2024-01-26T00:00:00,2024-01-27T00:00:00,low,SSO,False,True
TKT0002057,ACC00229,2024-11-28T00:00:00,2024-11-30T00:00:00,medium,dashboard performance,False,False
TKT0002058,ACC00229,2025-11-13T00:00:00,2025-11-17T00:00:00,low,user provisioning,False,False
TKT0002059,ACC00229,2025-05-19T00:00:00,2025-05-29T00:00:00,medium,integration errors,False,False
TKT0002060,ACC00229,2024-01-28T00:00:00,2024-02-03T00:00:00,low,user provisioning,False,False
TKT0002061,ACC00229,2025-11-12T00:00:00,2025-11-14T00:00:00,medium,usage reporting,False,False
TKT0002062,ACC00229,2024-05-26T00:00:00,2024-05-27T00:00:00,low,invoice reconciliation,False,True
TKT0002063,ACC00229,2024-06-01T00:00:00,2024-06-12T00:00:00,low,report exports,False,False
TKT0002064,ACC00230,2025-04-04T00:00:00,2025-04-15T00:00:00,low,mobile access,True,False
TKT0002065,ACC00230,2025-09-17T00:00:00,2025-09-22T00:00:00,medium,SSO,False,True
TKT0002066,ACC00230,2024-09-10T00:00:00,2024-09-23T00:00:00,high,user provisioning,False,False
TKT0002067,ACC00230,2024-12-23T00:00:00,2024-12-24T00:00:00,low,workflow automation,False,False
TKT0002068,ACC00230,2025-05-05T00:00:00,2025-05-19T00:00:00,low,invoice reconciliation,False,False
TKT0002069,ACC00230,2024-05-08T00:00:00,2024-05-09T00:00:00,low,invoice reconciliation,False,False
TKT0002070,ACC00231,2024-02-05T00:00:00,2024-02-12T00:00:00,medium,user provisioning,False,False
TKT0002071,ACC00231,2024-12-17T00:00:00,2024-12-26T00:00:00,medium,workflow automation,False,False
TKT0002072,ACC00231,2024-01-18T00:00:00,2024-01-24T00:00:00,medium,dashboard performance,True,False
TKT0002073,ACC00231,2025-11-18T00:00:00,2025-11-23T00:00:00,low,API reliability,False,False
TKT0002074,ACC00231,2024-12-21T00:00:00,2024-12-30T00:00:00,low,renewal terms,False,False
TKT0002075,ACC00231,2024-09-12T00:00:00,2024-09-25T00:00:00,low,mobile access,False,False
TKT0002076,ACC00231,2024-10-14T00:00:00,2024-10-15T00:00:00,high,usage reporting,True,False
TKT0002077,ACC00231,2024-12-12T00:00:00,2024-12-19T00:00:00,medium,usage reporting,False,False
TKT0002078,ACC00231,2024-06-06T00:00:00,2024-06-17T00:00:00,high,invoice reconciliation,False,False
TKT0002079,ACC00231,2024-05-10T00:00:00,2024-05-21T00:00:00,low,SSO,False,False
TKT0002080,ACC00231,2025-08-24T00:00:00,2025-08-29T00:00:00,low,API reliability,False,False
TKT0002081,ACC00231,2025-11-09T00:00:00,2025-11-21T00:00:00,low,user provisioning,False,False
TKT0002082,ACC00231,2025-01-13T00:00:00,2025-01-20T00:00:00,low,invoice reconciliation,False,False
TKT0002083,ACC00231,2024-09-03T00:00:00,2024-09-16T00:00:00,medium,billing configuration,False,False
TKT0002084,ACC00232,2024-02-21T00:00:00,2024-02-26T00:00:00,medium,usage reporting,False,False
TKT0002085,ACC00232,2024-10-20T00:00:00,2024-10-22T00:00:00,low,SSO,False,False
TKT0002086,ACC00232,2024-07-02T00:00:00,2024-07-09T00:00:00,medium,renewal terms,False,False
TKT0002087,ACC00232,2024-05-18T00:00:00,2024-05-19T00:00:00,medium,billing configuration,False,False
TKT0002088,ACC00233,2025-03-05T00:00:00,2025-03-11T00:00:00,medium,report exports,False,False
TKT0002089,ACC00233,2025-01-28T00:00:00,2025-02-03T00:00:00,medium,invoice reconciliation,False,False
TKT0002090,ACC00233,2025-07-20T00:00:00,2025-07-26T00:00:00,low,workflow automation,False,True
TKT0002091,ACC00233,2024-08-24T00:00:00,2024-08-31T00:00:00,low,billing configuration,False,False
TKT0002092,ACC00233,2024-04-01T00:00:00,2024-04-06T00:00:00,low,SSO,False,False
TKT0002093,ACC00233,2024-06-05T00:00:00,2024-06-11T00:00:00,high,data synchronization,False,False
TKT0002094,ACC00233,2024-04-19T00:00:00,2024-04-25T00:00:00,medium,dashboard performance,False,False
TKT0002095,ACC00233,2024-07-08T00:00:00,2024-07-16T00:00:00,low,API reliability,False,False
TKT0002096,ACC00233,2025-06-13T00:00:00,2025-06-19T00:00:00,high,SSO,False,True
TKT0002097,ACC00233,2025-02-26T00:00:00,2025-03-11T00:00:00,medium,invoice reconciliation,False,False
TKT0002098,ACC00233,2025-05-09T00:00:00,2025-05-17T00:00:00,medium,billing configuration,False,False
TKT0002099,ACC00233,2025-04-15T00:00:00,2025-04-15T00:00:00,low,renewal terms,False,True
TKT0002100,ACC00234,2024-11-27T00:00:00,2024-11-28T00:00:00,low,user provisioning,False,False
TKT0002101,ACC00234,2024-03-11T00:00:00,2024-03-11T00:00:00,medium,invoice reconciliation,False,False
TKT0002102,ACC00234,2024-10-15T00:00:00,2024-10-27T00:00:00,low,user provisioning,False,False
TKT0002103,ACC00235,2024-01-10T00:00:00,2024-01-18T00:00:00,low,data synchronization,False,False
TKT0002104,ACC00235,2024-05-08T00:00:00,2024-05-21T00:00:00,low,user provisioning,False,False
TKT0002105,ACC00235,2024-04-20T00:00:00,2024-04-23T00:00:00,medium,billing configuration,False,False
TKT0002106,ACC00235,2024-03-25T00:00:00,2024-04-04T00:00:00,low,mobile access,False,False
TKT0002107,ACC00235,2024-03-06T00:00:00,2024-03-11T00:00:00,low,workflow automation,False,False
TKT0002108,ACC00236,2025-04-28T00:00:00,2025-05-02T00:00:00,low,workflow automation,True,True
TKT0002109,ACC00236,2024-10-14T00:00:00,2024-10-19T00:00:00,low,integration errors,False,False
TKT0002110,ACC00236,2025-05-19T00:00:00,2025-05-31T00:00:00,low,user provisioning,False,True
TKT0002111,ACC00236,2024-01-13T00:00:00,2024-01-21T00:00:00,medium,SSO,False,True
TKT0002112,ACC00236,2024-08-11T00:00:00,2024-08-14T00:00:00,high,invoice reconciliation,False,False
TKT0002113,ACC00236,2025-05-14T00:00:00,2025-05-24T00:00:00,low,permissions,False,False
TKT0002114,ACC00237,2024-07-02T00:00:00,2024-07-10T00:00:00,medium,integration errors,False,False
TKT0002115,ACC00237,2024-02-01T00:00:00,2024-02-02T00:00:00,medium,data synchronization,False,False
TKT0002116,ACC00237,2024-06-03T00:00:00,2024-06-15T00:00:00,high,dashboard performance,False,False
TKT0002117,ACC00237,2024-06-07T00:00:00,2024-06-07T00:00:00,medium,workflow automation,False,False
TKT0002118,ACC00237,2024-04-02T00:00:00,2024-04-09T00:00:00,medium,permissions,False,False
TKT0002119,ACC00238,2024-09-04T00:00:00,2024-09-12T00:00:00,high,integration errors,False,False
TKT0002120,ACC00238,2025-04-03T00:00:00,2025-04-12T00:00:00,medium,invoice reconciliation,False,False
TKT0002121,ACC00238,2024-09-18T00:00:00,2024-09-26T00:00:00,medium,user provisioning,False,False
TKT0002122,ACC00238,2024-09-13T00:00:00,2024-09-20T00:00:00,medium,API reliability,False,False
TKT0002123,ACC00238,2024-12-03T00:00:00,2024-12-06T00:00:00,high,API reliability,False,False
TKT0002124,ACC00238,2025-04-07T00:00:00,2025-04-20T00:00:00,low,renewal terms,False,False
TKT0002125,ACC00238,2025-06-03T00:00:00,2025-06-17T00:00:00,low,report exports,False,False
TKT0002126,ACC00238,2025-01-21T00:00:00,2025-01-23T00:00:00,low,integration errors,False,False
TKT0002127,ACC00238,2024-11-23T00:00:00,2024-11-29T00:00:00,low,invoice reconciliation,False,False
TKT0002128,ACC00238,2024-10-11T00:00:00,2024-10-13T00:00:00,low,billing configuration,False,False
TKT0002129,ACC00238,2025-07-03T00:00:00,2025-07-17T00:00:00,medium,integration errors,False,True
TKT0002130,ACC00238,2025-04-20T00:00:00,2025-05-02T00:00:00,critical,API reliability,False,False
TKT0002131,ACC00239,2024-03-22T00:00:00,2024-03-22T00:00:00,low,report exports,False,False
TKT0002132,ACC00239,2024-03-01T00:00:00,2024-03-07T00:00:00,low,permissions,False,False
TKT0002133,ACC00239,2025-01-20T00:00:00,2025-01-22T00:00:00,low,report exports,False,True
TKT0002134,ACC00239,2024-06-24T00:00:00,2024-06-26T00:00:00,medium,API reliability,False,False
TKT0002135,ACC00240,2024-02-20T00:00:00,2024-03-01T00:00:00,medium,mobile access,False,False
TKT0002136,ACC00240,2024-01-16T00:00:00,2024-01-30T00:00:00,low,user provisioning,False,False
TKT0002137,ACC00240,2024-06-08T00:00:00,2024-06-16T00:00:00,low,dashboard performance,True,False
TKT0002138,ACC00240,2024-02-22T00:00:00,2024-02-29T00:00:00,high,integration errors,False,False
TKT0002139,ACC00240,2024-01-23T00:00:00,2024-02-06T00:00:00,low,data synchronization,False,False
TKT0002140,ACC00240,2024-07-11T00:00:00,2024-07-13T00:00:00,low,invoice reconciliation,False,True
TKT0002141,ACC00240,2024-03-16T00:00:00,2024-03-30T00:00:00,medium,user provisioning,False,False
TKT0002142,ACC00240,2024-09-22T00:00:00,2024-09-26T00:00:00,low,workflow automation,False,False
TKT0002143,ACC00241,2025-03-06T00:00:00,2025-03-20T00:00:00,medium,renewal terms,True,True
TKT0002144,ACC00241,2024-05-20T00:00:00,2024-05-21T00:00:00,low,mobile access,False,False
TKT0002145,ACC00241,2025-08-01T00:00:00,2025-08-05T00:00:00,medium,dashboard performance,False,False
TKT0002146,ACC00241,2024-01-16T00:00:00,2024-01-29T00:00:00,low,billing configuration,False,False
TKT0002147,ACC00241,2024-03-23T00:00:00,2024-04-02T00:00:00,low,SSO,False,False
TKT0002148,ACC00241,2024-03-03T00:00:00,2024-03-06T00:00:00,low,billing configuration,False,False
TKT0002149,ACC00241,2025-11-14T00:00:00,2025-11-19T00:00:00,medium,report exports,False,False
TKT0002150,ACC00241,2024-03-10T00:00:00,2024-03-22T00:00:00,critical,usage reporting,False,False
TKT0002151,ACC00241,2025-03-13T00:00:00,2025-03-22T00:00:00,high,user provisioning,False,False
TKT0002152,ACC00241,2024-04-01T00:00:00,2024-04-13T00:00:00,medium,permissions,False,False
TKT0002153,ACC00241,2025-06-07T00:00:00,2025-06-16T00:00:00,medium,renewal terms,False,False
TKT0002154,ACC00241,2025-07-11T00:00:00,2025-07-14T00:00:00,low,usage reporting,False,False
TKT0002155,ACC00241,2024-07-02T00:00:00,2024-07-14T00:00:00,medium,data synchronization,True,False
TKT0002156,ACC00241,2024-09-24T00:00:00,2024-10-07T00:00:00,low,renewal terms,False,False
TKT0002157,ACC00242,2024-11-11T00:00:00,2024-11-23T00:00:00,low,API reliability,False,False
TKT0002158,ACC00242,2024-12-16T00:00:00,2024-12-27T00:00:00,medium,invoice reconciliation,False,False
TKT0002159,ACC00242,2025-11-27T00:00:00,2025-12-01T00:00:00,medium,report exports,False,True
TKT0002160,ACC00242,2025-04-04T00:00:00,2025-04-17T00:00:00,low,renewal terms,False,False
TKT0002161,ACC00242,2025-08-03T00:00:00,2025-08-09T00:00:00,low,dashboard performance,False,True
TKT0002162,ACC00242,2024-05-27T00:00:00,2024-06-06T00:00:00,high,mobile access,False,False
TKT0002163,ACC00242,2025-10-26T00:00:00,2025-11-02T00:00:00,medium,SSO,False,False
TKT0002164,ACC00242,2025-03-11T00:00:00,2025-03-24T00:00:00,medium,data synchronization,False,False
TKT0002165,ACC00242,2025-12-27T00:00:00,2026-01-02T00:00:00,low,workflow automation,False,False
TKT0002166,ACC00242,2024-02-06T00:00:00,2024-02-15T00:00:00,high,invoice reconciliation,False,False
TKT0002167,ACC00242,2025-06-26T00:00:00,2025-06-27T00:00:00,low,permissions,False,False
TKT0002168,ACC00242,2024-01-17T00:00:00,2024-01-23T00:00:00,medium,permissions,False,False
TKT0002169,ACC00243,2025-08-01T00:00:00,2025-08-07T00:00:00,low,renewal terms,False,False
TKT0002170,ACC00243,2025-02-26T00:00:00,2025-03-07T00:00:00,low,integration errors,False,False
TKT0002171,ACC00243,2025-03-18T00:00:00,2025-03-18T00:00:00,low,report exports,False,False
TKT0002172,ACC00243,2024-09-11T00:00:00,2024-09-22T00:00:00,low,mobile access,False,False
TKT0002173,ACC00243,2024-03-20T00:00:00,2024-03-24T00:00:00,medium,report exports,False,False
TKT0002174,ACC00243,2024-08-03T00:00:00,2024-08-07T00:00:00,low,invoice reconciliation,True,False
TKT0002175,ACC00243,2025-11-19T00:00:00,2025-11-27T00:00:00,low,API reliability,False,False
TKT0002176,ACC00243,2024-06-04T00:00:00,2024-06-09T00:00:00,medium,report exports,False,False
TKT0002177,ACC00243,2024-08-18T00:00:00,2024-08-28T00:00:00,low,usage reporting,True,False
TKT0002178,ACC00243,2025-02-21T00:00:00,2025-03-05T00:00:00,medium,integration errors,False,False
TKT0002179,ACC00243,2024-11-20T00:00:00,2024-11-26T00:00:00,low,usage reporting,False,False
TKT0002180,ACC00243,2024-12-11T00:00:00,2024-12-13T00:00:00,high,billing configuration,True,False
TKT0002181,ACC00243,2024-01-18T00:00:00,2024-01-23T00:00:00,medium,integration errors,False,False
TKT0002182,ACC00243,2025-05-14T00:00:00,2025-05-22T00:00:00,low,workflow automation,True,False
TKT0002183,ACC00244,2024-09-24T00:00:00,2024-09-25T00:00:00,high,report exports,False,True
TKT0002184,ACC00244,2025-01-16T00:00:00,2025-01-29T00:00:00,low,dashboard performance,False,False
TKT0002185,ACC00244,2024-11-07T00:00:00,2024-11-15T00:00:00,medium,billing configuration,False,True
TKT0002186,ACC00244,2024-07-23T00:00:00,2024-07-31T00:00:00,medium,usage reporting,True,False
TKT0002187,ACC00245,2024-05-14T00:00:00,2024-05-26T00:00:00,medium,renewal terms,False,False
TKT0002188,ACC00245,2024-02-04T00:00:00,2024-02-18T00:00:00,low,usage reporting,False,False
TKT0002189,ACC00245,2024-04-23T00:00:00,2024-05-07T00:00:00,low,user provisioning,False,False
TKT0002190,ACC00245,2024-03-09T00:00:00,2024-03-23T00:00:00,medium,workflow automation,False,False
TKT0002191,ACC00245,2024-05-14T00:00:00,2024-05-19T00:00:00,medium,invoice reconciliation,False,False
TKT0002192,ACC00245,2024-08-20T00:00:00,2024-08-25T00:00:00,high,dashboard performance,False,False
TKT0002193,ACC00245,2024-12-14T00:00:00,2024-12-19T00:00:00,medium,renewal terms,False,True
TKT0002194,ACC00246,2024-06-15T00:00:00,2024-06-28T00:00:00,medium,billing configuration,False,False
TKT0002195,ACC00246,2025-05-01T00:00:00,2025-05-04T00:00:00,low,API reliability,False,False
TKT0002196,ACC00246,2025-04-12T00:00:00,2025-04-19T00:00:00,medium,mobile access,True,False
TKT0002197,ACC00246,2025-03-15T00:00:00,2025-03-23T00:00:00,medium,invoice reconciliation,False,False
TKT0002198,ACC00246,2025-10-21T00:00:00,2025-10-30T00:00:00,low,workflow automation,False,False
TKT0002199,ACC00246,2024-05-19T00:00:00,2024-05-23T00:00:00,low,mobile access,False,False
TKT0002200,ACC00246,2025-07-18T00:00:00,2025-07-29T00:00:00,medium,usage reporting,False,False
TKT0002201,ACC00246,2024-04-28T00:00:00,2024-05-01T00:00:00,medium,integration errors,False,False
TKT0002202,ACC00246,2024-10-02T00:00:00,2024-10-16T00:00:00,low,permissions,False,False
TKT0002203,ACC00246,2025-10-06T00:00:00,2025-10-11T00:00:00,low,usage reporting,False,False
TKT0002204,ACC00246,2025-05-28T00:00:00,2025-06-09T00:00:00,high,workflow automation,False,False
TKT0002205,ACC00246,2025-08-16T00:00:00,2025-08-26T00:00:00,medium,SSO,False,False
TKT0002206,ACC00247,2024-03-21T00:00:00,2024-03-27T00:00:00,high,integration errors,False,False
TKT0002207,ACC00247,2024-01-10T00:00:00,2024-01-14T00:00:00,low,permissions,False,False
TKT0002208,ACC00247,2025-04-16T00:00:00,2025-04-16T00:00:00,low,workflow automation,False,True
TKT0002209,ACC00247,2024-06-18T00:00:00,2024-06-29T00:00:00,high,workflow automation,False,False
TKT0002210,ACC00247,2024-02-19T00:00:00,2024-03-04T00:00:00,medium,billing configuration,False,False
TKT0002211,ACC00247,2025-05-25T00:00:00,2025-06-03T00:00:00,medium,data synchronization,False,False
TKT0002212,ACC00247,2025-03-23T00:00:00,2025-04-01T00:00:00,high,invoice reconciliation,True,False
TKT0002213,ACC00247,2024-03-02T00:00:00,2024-03-10T00:00:00,medium,usage reporting,False,False
TKT0002214,ACC00247,2024-10-20T00:00:00,2024-10-28T00:00:00,high,user provisioning,True,False
TKT0002215,ACC00247,2024-10-05T00:00:00,2024-10-13T00:00:00,low,mobile access,False,False
TKT0002216,ACC00247,2024-02-26T00:00:00,2024-03-02T00:00:00,medium,report exports,False,False
TKT0002217,ACC00247,2024-09-08T00:00:00,2024-09-21T00:00:00,medium,data synchronization,False,False
TKT0002218,ACC00247,2025-08-04T00:00:00,2025-08-08T00:00:00,medium,integration errors,False,False
TKT0002219,ACC00247,2025-05-22T00:00:00,2025-05-22T00:00:00,low,renewal terms,False,False
TKT0002220,ACC00248,2025-09-06T00:00:00,2025-09-11T00:00:00,low,API reliability,False,False
TKT0002221,ACC00248,2024-02-03T00:00:00,2024-02-12T00:00:00,medium,permissions,False,False
TKT0002222,ACC00248,2025-09-23T00:00:00,2025-09-24T00:00:00,low,SSO,False,False
TKT0002223,ACC00248,2024-09-04T00:00:00,2024-09-18T00:00:00,medium,data synchronization,True,False
TKT0002224,ACC00248,2025-10-23T00:00:00,2025-10-31T00:00:00,low,workflow automation,False,False
TKT0002225,ACC00248,2025-08-16T00:00:00,2025-08-28T00:00:00,medium,user provisioning,False,False
TKT0002226,ACC00248,2024-07-18T00:00:00,2024-08-01T00:00:00,medium,renewal terms,False,False
TKT0002227,ACC00248,2024-12-05T00:00:00,2024-12-18T00:00:00,medium,dashboard performance,False,True
TKT0002228,ACC00248,2024-09-25T00:00:00,2024-10-02T00:00:00,low,API reliability,False,False
TKT0002229,ACC00248,2025-09-15T00:00:00,2025-09-25T00:00:00,high,permissions,True,False
TKT0002230,ACC00248,2025-06-21T00:00:00,2025-06-30T00:00:00,low,permissions,False,False
TKT0002231,ACC00248,2025-06-26T00:00:00,2025-07-07T00:00:00,high,mobile access,False,False
TKT0002232,ACC00248,2024-01-20T00:00:00,2024-01-28T00:00:00,high,SSO,False,False
TKT0002233,ACC00248,2024-12-11T00:00:00,2024-12-25T00:00:00,medium,invoice reconciliation,False,False
TKT0002234,ACC00248,2024-11-17T00:00:00,2024-11-25T00:00:00,medium,mobile access,False,True
TKT0002235,ACC00249,2024-11-12T00:00:00,2024-11-14T00:00:00,low,user provisioning,False,False
TKT0002236,ACC00249,2024-09-23T00:00:00,2024-10-06T00:00:00,low,data synchronization,False,False
TKT0002237,ACC00249,2025-08-20T00:00:00,2025-08-20T00:00:00,low,renewal terms,False,False
TKT0002238,ACC00249,2025-06-25T00:00:00,2025-07-05T00:00:00,low,API reliability,False,False
TKT0002239,ACC00249,2024-07-17T00:00:00,2024-07-18T00:00:00,medium,billing configuration,False,True
TKT0002240,ACC00249,2025-11-02T00:00:00,2025-11-11T00:00:00,medium,data synchronization,False,False
TKT0002241,ACC00249,2025-09-19T00:00:00,2025-09-23T00:00:00,low,usage reporting,False,False
TKT0002242,ACC00249,2024-06-26T00:00:00,2024-07-03T00:00:00,low,renewal terms,False,False
TKT0002243,ACC00249,2024-03-11T00:00:00,2024-03-17T00:00:00,low,user provisioning,False,False
TKT0002244,ACC00249,2025-04-27T00:00:00,2025-05-06T00:00:00,critical,user provisioning,False,False
TKT0002245,ACC00249,2024-03-22T00:00:00,2024-04-02T00:00:00,low,dashboard performance,False,False
TKT0002246,ACC00249,2025-01-24T00:00:00,2025-01-25T00:00:00,low,permissions,False,False
TKT0002247,ACC00249,2024-09-02T00:00:00,2024-09-16T00:00:00,low,renewal terms,False,False
TKT0002248,ACC00250,2024-08-28T00:00:00,2024-09-08T00:00:00,low,workflow automation,False,True
TKT0002249,ACC00250,2024-10-25T00:00:00,2024-10-25T00:00:00,medium,integration errors,False,False
TKT0002250,ACC00250,2025-09-05T00:00:00,2025-09-08T00:00:00,medium,integration errors,False,True
TKT0002251,ACC00250,2025-06-18T00:00:00,2025-06-18T00:00:00,medium,SSO,False,False
TKT0002252,ACC00250,2024-12-05T00:00:00,2024-12-09T00:00:00,low,mobile access,False,False
TKT0002253,ACC00250,2025-10-04T00:00:00,2025-10-08T00:00:00,low,integration errors,False,False
TKT0002254,ACC00250,2025-04-21T00:00:00,2025-04-23T00:00:00,medium,user provisioning,False,False
TKT0002255,ACC00250,2024-12-27T00:00:00,2024-12-27T00:00:00,medium,data synchronization,False,False
TKT0002256,ACC00250,2024-08-01T00:00:00,2024-08-05T00:00:00,low,invoice reconciliation,False,False
TKT0002257,ACC00250,2024-09-14T00:00:00,2024-09-19T00:00:00,low,SSO,False,False
TKT0002258,ACC00250,2024-10-18T00:00:00,2024-10-23T00:00:00,low,invoice reconciliation,False,False
TKT0002259,ACC00250,2025-09-26T00:00:00,2025-09-30T00:00:00,medium,invoice reconciliation,False,False
TKT0002260,ACC00250,2024-06-27T00:00:00,2024-07-07T00:00:00,medium,SSO,False,False
TKT0002261,ACC00250,2024-10-26T00:00:00,2024-11-09T00:00:00,low,renewal terms,False,False
TKT0002262,ACC00250,2025-09-21T00:00:00,2025-10-04T00:00:00,high,SSO,True,False
TKT0002263,ACC00250,2025-03-23T00:00:00,2025-04-01T00:00:00,medium,data synchronization,False,False
TKT0002264,ACC00251,2024-12-11T00:00:00,2024-12-24T00:00:00,medium,user provisioning,True,False
TKT0002265,ACC00251,2025-06-20T00:00:00,2025-06-26T00:00:00,low,invoice reconciliation,False,True
TKT0002266,ACC00251,2025-08-13T00:00:00,2025-08-27T00:00:00,low,mobile access,False,False
TKT0002267,ACC00251,2025-07-12T00:00:00,2025-07-20T00:00:00,medium,billing configuration,False,True
TKT0002268,ACC00251,2024-09-27T00:00:00,2024-10-09T00:00:00,medium,data synchronization,False,False
TKT0002269,ACC00251,2025-07-14T00:00:00,2025-07-22T00:00:00,low,mobile access,False,True
TKT0002270,ACC00251,2025-05-16T00:00:00,2025-05-24T00:00:00,medium,mobile access,False,False
TKT0002271,ACC00251,2024-07-12T00:00:00,2024-07-18T00:00:00,low,usage reporting,True,False
TKT0002272,ACC00251,2025-05-13T00:00:00,2025-05-18T00:00:00,high,renewal terms,False,False
TKT0002273,ACC00251,2024-12-17T00:00:00,2024-12-27T00:00:00,low,workflow automation,False,False
TKT0002274,ACC00251,2024-05-06T00:00:00,2024-05-11T00:00:00,low,workflow automation,False,False
TKT0002275,ACC00252,2024-05-09T00:00:00,2024-05-13T00:00:00,low,permissions,False,False
TKT0002276,ACC00252,2024-05-17T00:00:00,2024-05-28T00:00:00,critical,permissions,False,False
TKT0002277,ACC00252,2024-09-19T00:00:00,2024-09-25T00:00:00,low,integration errors,False,False
TKT0002278,ACC00252,2024-01-03T00:00:00,2024-01-13T00:00:00,low,integration errors,False,False
TKT0002279,ACC00252,2024-01-03T00:00:00,2024-01-11T00:00:00,medium,billing configuration,False,False
TKT0002280,ACC00252,2024-12-21T00:00:00,2024-12-25T00:00:00,low,report exports,False,True
TKT0002281,ACC00252,2024-05-03T00:00:00,2024-05-13T00:00:00,medium,workflow automation,False,False
TKT0002282,ACC00252,2024-04-10T00:00:00,2024-04-12T00:00:00,high,renewal terms,True,False
TKT0002283,ACC00252,2024-11-21T00:00:00,2024-11-22T00:00:00,medium,billing configuration,False,False
TKT0002284,ACC00253,2024-11-02T00:00:00,2024-11-05T00:00:00,low,invoice reconciliation,False,False
TKT0002285,ACC00253,2024-10-07T00:00:00,2024-10-12T00:00:00,medium,usage reporting,False,False
TKT0002286,ACC00253,2024-11-08T00:00:00,2024-11-14T00:00:00,low,billing configuration,False,False
TKT0002287,ACC00253,2025-02-22T00:00:00,2025-03-08T00:00:00,medium,API reliability,False,False
TKT0002288,ACC00253,2024-07-16T00:00:00,2024-07-20T00:00:00,medium,usage reporting,False,False
TKT0002289,ACC00253,2024-07-04T00:00:00,2024-07-07T00:00:00,medium,mobile access,False,False
TKT0002290,ACC00253,2025-11-14T00:00:00,2025-11-27T00:00:00,low,renewal terms,True,False
TKT0002291,ACC00253,2025-05-28T00:00:00,2025-06-11T00:00:00,medium,permissions,False,False
TKT0002292,ACC00253,2025-04-15T00:00:00,2025-04-20T00:00:00,medium,report exports,False,False
TKT0002293,ACC00253,2025-03-27T00:00:00,2025-04-08T00:00:00,low,billing configuration,False,False
TKT0002294,ACC00253,2025-08-01T00:00:00,2025-08-01T00:00:00,medium,API reliability,False,False
TKT0002295,ACC00253,2025-07-11T00:00:00,2025-07-16T00:00:00,medium,SSO,False,False
TKT0002296,ACC00253,2025-07-08T00:00:00,2025-07-08T00:00:00,medium,mobile access,False,True
TKT0002297,ACC00253,2025-07-03T00:00:00,2025-07-11T00:00:00,medium,workflow automation,False,False
TKT0002298,ACC00253,2025-06-02T00:00:00,2025-06-09T00:00:00,medium,dashboard performance,False,False
TKT0002299,ACC00253,2025-04-21T00:00:00,2025-04-24T00:00:00,medium,workflow automation,False,False
TKT0002300,ACC00253,2024-08-02T00:00:00,2024-08-05T00:00:00,low,billing configuration,True,False
TKT0002301,ACC00254,2024-12-18T00:00:00,2024-12-25T00:00:00,medium,API reliability,False,False
TKT0002302,ACC00254,2024-06-26T00:00:00,2024-07-01T00:00:00,medium,dashboard performance,False,False
TKT0002303,ACC00254,2025-07-01T00:00:00,2025-07-07T00:00:00,low,workflow automation,False,False
TKT0002304,ACC00254,2024-05-21T00:00:00,2024-05-31T00:00:00,medium,invoice reconciliation,True,True
TKT0002305,ACC00254,2024-09-18T00:00:00,2024-09-19T00:00:00,low,workflow automation,False,False
TKT0002306,ACC00254,2024-02-01T00:00:00,2024-02-12T00:00:00,medium,data synchronization,False,False
TKT0002307,ACC00254,2025-03-19T00:00:00,2025-03-19T00:00:00,medium,dashboard performance,True,False
TKT0002308,ACC00254,2024-09-05T00:00:00,2024-09-09T00:00:00,medium,invoice reconciliation,False,False
TKT0002309,ACC00255,2025-04-13T00:00:00,2025-04-16T00:00:00,high,permissions,True,False
TKT0002310,ACC00255,2024-08-09T00:00:00,2024-08-14T00:00:00,low,data synchronization,False,False
TKT0002311,ACC00255,2024-01-14T00:00:00,2024-01-24T00:00:00,high,workflow automation,False,False
TKT0002312,ACC00255,2024-01-15T00:00:00,2024-01-17T00:00:00,low,integration errors,False,False
TKT0002313,ACC00255,2025-04-19T00:00:00,2025-04-30T00:00:00,medium,user provisioning,False,False
TKT0002314,ACC00255,2025-05-17T00:00:00,2025-05-22T00:00:00,medium,permissions,True,False
TKT0002315,ACC00256,2024-05-21T00:00:00,2024-06-01T00:00:00,low,dashboard performance,False,False
TKT0002316,ACC00256,2024-11-04T00:00:00,2024-11-09T00:00:00,high,invoice reconciliation,False,False
TKT0002317,ACC00256,2024-06-10T00:00:00,2024-06-17T00:00:00,low,data synchronization,False,False
TKT0002318,ACC00256,2024-01-23T00:00:00,2024-01-28T00:00:00,low,usage reporting,False,False
TKT0002319,ACC00256,2024-04-04T00:00:00,2024-04-15T00:00:00,low,billing configuration,True,False
TKT0002320,ACC00256,2024-08-15T00:00:00,2024-08-15T00:00:00,medium,billing configuration,False,False
TKT0002321,ACC00256,2024-03-20T00:00:00,2024-03-22T00:00:00,medium,SSO,False,False
TKT0002322,ACC00256,2024-02-10T00:00:00,2024-02-13T00:00:00,medium,usage reporting,True,True
TKT0002323,ACC00256,2024-06-08T00:00:00,2024-06-13T00:00:00,low,report exports,False,False
TKT0002324,ACC00256,2025-06-05T00:00:00,2025-06-12T00:00:00,high,invoice reconciliation,False,False
TKT0002325,ACC00256,2024-07-24T00:00:00,2024-07-30T00:00:00,medium,permissions,False,False
TKT0002326,ACC00256,2025-04-24T00:00:00,2025-04-28T00:00:00,medium,integration errors,False,False
TKT0002327,ACC00256,2024-11-24T00:00:00,2024-12-03T00:00:00,medium,integration errors,False,False
TKT0002328,ACC00257,2025-06-28T00:00:00,2025-07-05T00:00:00,high,user provisioning,False,True
TKT0002329,ACC00257,2024-10-16T00:00:00,2024-10-20T00:00:00,low,billing configuration,False,False
TKT0002330,ACC00257,2024-03-08T00:00:00,2024-03-16T00:00:00,high,billing configuration,False,False
TKT0002331,ACC00257,2024-07-14T00:00:00,2024-07-24T00:00:00,low,workflow automation,False,False
TKT0002332,ACC00257,2024-09-24T00:00:00,2024-09-26T00:00:00,high,permissions,False,False
TKT0002333,ACC00257,2024-10-02T00:00:00,2024-10-03T00:00:00,low,workflow automation,False,True
TKT0002334,ACC00257,2025-03-12T00:00:00,2025-03-22T00:00:00,medium,renewal terms,False,False
TKT0002335,ACC00257,2024-07-14T00:00:00,2024-07-22T00:00:00,low,API reliability,False,True
TKT0002336,ACC00257,2024-02-05T00:00:00,2024-02-15T00:00:00,medium,invoice reconciliation,False,False
TKT0002337,ACC00257,2024-07-14T00:00:00,2024-07-24T00:00:00,low,data synchronization,False,False
TKT0002338,ACC00257,2024-05-05T00:00:00,2024-05-16T00:00:00,medium,dashboard performance,False,False
TKT0002339,ACC00257,2025-02-15T00:00:00,2025-02-20T00:00:00,low,billing configuration,False,False
TKT0002340,ACC00257,2025-05-05T00:00:00,2025-05-17T00:00:00,low,report exports,False,False
TKT0002341,ACC00257,2025-05-24T00:00:00,2025-06-05T00:00:00,low,permissions,False,False
TKT0002342,ACC00257,2025-02-01T00:00:00,2025-02-12T00:00:00,high,renewal terms,False,False
TKT0002343,ACC00257,2025-12-01T00:00:00,2025-12-07T00:00:00,medium,report exports,False,True
TKT0002344,ACC00257,2024-05-16T00:00:00,2024-05-21T00:00:00,medium,billing configuration,False,False
TKT0002345,ACC00258,2024-02-18T00:00:00,2024-02-28T00:00:00,medium,data synchronization,False,False
TKT0002346,ACC00258,2024-06-08T00:00:00,2024-06-22T00:00:00,high,permissions,False,False
TKT0002347,ACC00258,2024-08-17T00:00:00,2024-08-27T00:00:00,medium,user provisioning,True,False
TKT0002348,ACC00259,2024-02-06T00:00:00,2024-02-08T00:00:00,medium,invoice reconciliation,False,False
TKT0002349,ACC00259,2024-05-20T00:00:00,2024-05-21T00:00:00,medium,integration errors,False,False
TKT0002350,ACC00259,2024-01-05T00:00:00,2024-01-14T00:00:00,low,report exports,False,False
TKT0002351,ACC00259,2024-07-28T00:00:00,2024-08-02T00:00:00,medium,usage reporting,False,True
TKT0002352,ACC00259,2025-06-24T00:00:00,2025-06-25T00:00:00,high,usage reporting,False,False
TKT0002353,ACC00259,2024-10-03T00:00:00,2024-10-10T00:00:00,medium,report exports,False,False
TKT0002354,ACC00259,2024-08-01T00:00:00,2024-08-12T00:00:00,critical,mobile access,False,False
TKT0002355,ACC00260,2024-11-25T00:00:00,2024-12-09T00:00:00,high,mobile access,False,False
TKT0002356,ACC00260,2024-07-21T00:00:00,2024-07-28T00:00:00,medium,mobile access,True,False
TKT0002357,ACC00260,2024-05-06T00:00:00,2024-05-20T00:00:00,high,invoice reconciliation,False,False
TKT0002358,ACC00260,2025-03-05T00:00:00,2025-03-13T00:00:00,high,renewal terms,False,False
TKT0002359,ACC00260,2024-11-14T00:00:00,2024-11-28T00:00:00,medium,renewal terms,False,False
TKT0002360,ACC00260,2025-04-10T00:00:00,2025-04-20T00:00:00,low,user provisioning,False,False
TKT0002361,ACC00260,2024-09-21T00:00:00,2024-09-26T00:00:00,low,invoice reconciliation,False,False
TKT0002362,ACC00260,2024-07-10T00:00:00,2024-07-13T00:00:00,medium,usage reporting,False,False
TKT0002363,ACC00260,2025-04-22T00:00:00,2025-04-29T00:00:00,low,workflow automation,True,False
TKT0002364,ACC00260,2025-01-03T00:00:00,2025-01-11T00:00:00,low,report exports,False,False
TKT0002365,ACC00260,2024-09-20T00:00:00,2024-10-02T00:00:00,low,SSO,False,False
TKT0002366,ACC00260,2024-01-16T00:00:00,2024-01-24T00:00:00,low,invoice reconciliation,False,False
TKT0002367,ACC00261,2025-05-08T00:00:00,2025-05-16T00:00:00,medium,user provisioning,True,False
TKT0002368,ACC00261,2025-05-09T00:00:00,2025-05-21T00:00:00,low,user provisioning,False,False
TKT0002369,ACC00261,2024-08-12T00:00:00,2024-08-24T00:00:00,medium,mobile access,False,False
TKT0002370,ACC00261,2024-06-22T00:00:00,2024-06-22T00:00:00,medium,report exports,False,False
TKT0002371,ACC00261,2024-05-03T00:00:00,2024-05-12T00:00:00,medium,report exports,False,False
TKT0002372,ACC00261,2024-11-01T00:00:00,2024-11-03T00:00:00,low,dashboard performance,False,False
TKT0002373,ACC00262,2025-10-22T00:00:00,2025-10-26T00:00:00,medium,mobile access,False,False
TKT0002374,ACC00262,2025-07-01T00:00:00,2025-07-10T00:00:00,medium,report exports,False,False
TKT0002375,ACC00262,2024-05-20T00:00:00,2024-05-31T00:00:00,low,usage reporting,False,False
TKT0002376,ACC00262,2024-04-08T00:00:00,2024-04-21T00:00:00,medium,SSO,False,True
TKT0002377,ACC00262,2024-04-03T00:00:00,2024-04-15T00:00:00,high,API reliability,False,False
TKT0002378,ACC00262,2024-07-15T00:00:00,2024-07-28T00:00:00,medium,invoice reconciliation,False,False
TKT0002379,ACC00262,2025-02-23T00:00:00,2025-03-04T00:00:00,medium,dashboard performance,False,False
TKT0002380,ACC00262,2024-11-14T00:00:00,2024-11-15T00:00:00,medium,usage reporting,False,False
TKT0002381,ACC00262,2024-02-18T00:00:00,2024-03-03T00:00:00,medium,renewal terms,True,False
TKT0002382,ACC00262,2024-11-07T00:00:00,2024-11-20T00:00:00,medium,integration errors,False,False
TKT0002383,ACC00262,2025-10-11T00:00:00,2025-10-17T00:00:00,high,workflow automation,False,False
TKT0002384,ACC00262,2024-12-26T00:00:00,2025-01-03T00:00:00,low,invoice reconciliation,False,False
TKT0002385,ACC00262,2025-12-19T00:00:00,2025-12-23T00:00:00,low,report exports,False,False
TKT0002386,ACC00262,2024-07-15T00:00:00,2024-07-29T00:00:00,low,billing configuration,True,False
TKT0002387,ACC00262,2025-06-12T00:00:00,2025-06-14T00:00:00,low,integration errors,False,False
TKT0002388,ACC00263,2024-06-02T00:00:00,2024-06-07T00:00:00,high,report exports,False,False
TKT0002389,ACC00263,2025-06-02T00:00:00,2025-06-11T00:00:00,high,dashboard performance,False,False
TKT0002390,ACC00263,2024-07-01T00:00:00,2024-07-06T00:00:00,medium,invoice reconciliation,False,False
TKT0002391,ACC00263,2025-08-10T00:00:00,2025-08-23T00:00:00,high,billing configuration,False,False
TKT0002392,ACC00263,2025-08-18T00:00:00,2025-08-26T00:00:00,medium,billing configuration,False,False
TKT0002393,ACC00263,2024-09-22T00:00:00,2024-09-27T00:00:00,low,integration errors,False,False
TKT0002394,ACC00263,2024-08-17T00:00:00,2024-08-28T00:00:00,low,API reliability,False,False
TKT0002395,ACC00263,2024-05-06T00:00:00,2024-05-20T00:00:00,medium,report exports,False,False
TKT0002396,ACC00263,2024-05-21T00:00:00,2024-06-02T00:00:00,medium,data synchronization,False,False
TKT0002397,ACC00263,2024-07-20T00:00:00,2024-07-22T00:00:00,low,data synchronization,False,True
TKT0002398,ACC00263,2025-08-06T00:00:00,2025-08-07T00:00:00,high,integration errors,False,False
TKT0002399,ACC00263,2025-09-24T00:00:00,2025-09-24T00:00:00,medium,data synchronization,False,False
TKT0002400,ACC00263,2024-04-25T00:00:00,2024-05-04T00:00:00,medium,mobile access,False,False
TKT0002401,ACC00263,2024-08-22T00:00:00,2024-08-29T00:00:00,low,permissions,False,False
TKT0002402,ACC00263,2024-03-05T00:00:00,2024-03-18T00:00:00,medium,workflow automation,False,False
TKT0002403,ACC00263,2024-08-03T00:00:00,2024-08-13T00:00:00,low,SSO,True,False
TKT0002404,ACC00264,2025-09-05T00:00:00,2025-09-05T00:00:00,low,SSO,False,False
TKT0002405,ACC00264,2025-08-19T00:00:00,2025-08-23T00:00:00,low,billing configuration,False,False
TKT0002406,ACC00264,2024-03-09T00:00:00,2024-03-16T00:00:00,low,API reliability,True,True
TKT0002407,ACC00264,2024-03-26T00:00:00,2024-03-31T00:00:00,high,dashboard performance,True,False
TKT0002408,ACC00264,2024-09-26T00:00:00,2024-09-26T00:00:00,medium,user provisioning,False,True
TKT0002409,ACC00264,2025-11-18T00:00:00,2025-11-24T00:00:00,medium,invoice reconciliation,False,False
TKT0002410,ACC00264,2025-10-02T00:00:00,2025-10-08T00:00:00,medium,mobile access,False,False
TKT0002411,ACC00265,2025-03-26T00:00:00,2025-04-03T00:00:00,high,usage reporting,False,False
TKT0002412,ACC00265,2024-11-20T00:00:00,2024-12-02T00:00:00,medium,renewal terms,False,True
TKT0002413,ACC00265,2024-12-13T00:00:00,2024-12-14T00:00:00,low,user provisioning,False,False
TKT0002414,ACC00265,2025-02-01T00:00:00,2025-02-08T00:00:00,medium,permissions,False,False
TKT0002415,ACC00265,2024-01-08T00:00:00,2024-01-22T00:00:00,low,report exports,False,False
TKT0002416,ACC00265,2024-11-24T00:00:00,2024-12-08T00:00:00,low,data synchronization,False,False
TKT0002417,ACC00265,2024-12-17T00:00:00,2024-12-27T00:00:00,low,SSO,False,False
TKT0002418,ACC00265,2025-02-19T00:00:00,2025-02-27T00:00:00,low,SSO,False,False
TKT0002419,ACC00265,2024-09-26T00:00:00,2024-09-30T00:00:00,high,user provisioning,False,False
TKT0002420,ACC00265,2025-03-14T00:00:00,2025-03-18T00:00:00,medium,user provisioning,False,False
TKT0002421,ACC00265,2024-09-02T00:00:00,2024-09-07T00:00:00,low,SSO,False,True
TKT0002422,ACC00265,2024-06-02T00:00:00,2024-06-09T00:00:00,low,mobile access,False,False
TKT0002423,ACC00265,2024-04-02T00:00:00,2024-04-05T00:00:00,low,API reliability,False,False
TKT0002424,ACC00265,2025-08-03T00:00:00,2025-08-16T00:00:00,low,renewal terms,False,True
TKT0002425,ACC00266,2024-07-19T00:00:00,2024-07-19T00:00:00,low,usage reporting,False,False
TKT0002426,ACC00266,2024-02-17T00:00:00,2024-02-26T00:00:00,medium,API reliability,False,False
TKT0002427,ACC00266,2024-09-06T00:00:00,2024-09-10T00:00:00,low,API reliability,False,False
TKT0002428,ACC00267,2024-06-08T00:00:00,2024-06-19T00:00:00,high,renewal terms,False,False
TKT0002429,ACC00267,2024-04-27T00:00:00,2024-05-06T00:00:00,medium,billing configuration,False,False
TKT0002430,ACC00267,2024-08-01T00:00:00,2024-08-13T00:00:00,low,dashboard performance,False,False
TKT0002431,ACC00267,2024-04-23T00:00:00,2024-04-26T00:00:00,low,user provisioning,False,False
TKT0002432,ACC00267,2024-09-24T00:00:00,2024-10-03T00:00:00,high,report exports,False,False
TKT0002433,ACC00268,2024-08-04T00:00:00,2024-08-05T00:00:00,medium,usage reporting,False,False
TKT0002434,ACC00268,2025-03-12T00:00:00,2025-03-18T00:00:00,medium,usage reporting,False,False
TKT0002435,ACC00268,2025-04-01T00:00:00,2025-04-06T00:00:00,low,usage reporting,False,False
TKT0002436,ACC00268,2025-06-15T00:00:00,2025-06-18T00:00:00,high,renewal terms,False,False
TKT0002437,ACC00268,2025-01-11T00:00:00,2025-01-23T00:00:00,low,usage reporting,False,False
TKT0002438,ACC00268,2024-05-07T00:00:00,2024-05-10T00:00:00,high,report exports,False,False
TKT0002439,ACC00268,2025-08-08T00:00:00,2025-08-16T00:00:00,medium,workflow automation,True,False
TKT0002440,ACC00268,2025-04-14T00:00:00,2025-04-16T00:00:00,medium,billing configuration,True,False
TKT0002441,ACC00268,2024-08-08T00:00:00,2024-08-10T00:00:00,low,workflow automation,False,True
TKT0002442,ACC00268,2024-03-01T00:00:00,2024-03-09T00:00:00,medium,billing configuration,False,False
TKT0002443,ACC00268,2024-07-10T00:00:00,2024-07-18T00:00:00,low,permissions,False,False
TKT0002444,ACC00268,2025-03-16T00:00:00,2025-03-24T00:00:00,low,usage reporting,False,False
TKT0002445,ACC00269,2024-06-23T00:00:00,2024-07-03T00:00:00,low,permissions,False,False
TKT0002446,ACC00269,2024-03-05T00:00:00,2024-03-15T00:00:00,medium,user provisioning,False,False
TKT0002447,ACC00269,2024-07-18T00:00:00,2024-07-20T00:00:00,medium,mobile access,False,False
TKT0002448,ACC00269,2024-04-08T00:00:00,2024-04-08T00:00:00,low,invoice reconciliation,False,False
TKT0002449,ACC00269,2024-08-08T00:00:00,2024-08-19T00:00:00,high,data synchronization,False,True
TKT0002450,ACC00269,2024-08-01T00:00:00,2024-08-15T00:00:00,high,report exports,False,True
TKT0002451,ACC00270,2024-10-10T00:00:00,2024-10-12T00:00:00,low,workflow automation,False,False
TKT0002452,ACC00270,2025-10-20T00:00:00,2025-10-24T00:00:00,medium,user provisioning,False,False
TKT0002453,ACC00270,2024-08-10T00:00:00,2024-08-22T00:00:00,medium,dashboard performance,False,False
TKT0002454,ACC00270,2025-11-15T00:00:00,2025-11-15T00:00:00,low,workflow automation,False,False
TKT0002455,ACC00270,2025-06-21T00:00:00,2025-06-24T00:00:00,high,API reliability,False,True
TKT0002456,ACC00270,2024-09-07T00:00:00,2024-09-17T00:00:00,low,mobile access,True,False
TKT0002457,ACC00270,2025-09-04T00:00:00,2025-09-11T00:00:00,low,user provisioning,False,False
TKT0002458,ACC00270,2025-02-10T00:00:00,2025-02-23T00:00:00,high,billing configuration,False,False
TKT0002459,ACC00270,2025-02-18T00:00:00,2025-03-01T00:00:00,low,user provisioning,False,False
TKT0002460,ACC00270,2024-06-12T00:00:00,2024-06-14T00:00:00,medium,invoice reconciliation,False,False
TKT0002461,ACC00270,2024-02-15T00:00:00,2024-02-21T00:00:00,low,billing configuration,False,False
TKT0002462,ACC00270,2025-04-06T00:00:00,2025-04-12T00:00:00,low,report exports,False,False
TKT0002463,ACC00271,2024-02-26T00:00:00,2024-02-28T00:00:00,high,renewal terms,False,False
TKT0002464,ACC00271,2024-05-21T00:00:00,2024-05-22T00:00:00,medium,permissions,False,False
TKT0002465,ACC00271,2025-07-26T00:00:00,2025-08-02T00:00:00,low,usage reporting,False,False
TKT0002466,ACC00271,2025-04-08T00:00:00,2025-04-08T00:00:00,low,workflow automation,False,False
TKT0002467,ACC00271,2024-04-22T00:00:00,2024-04-22T00:00:00,low,workflow automation,False,False
TKT0002468,ACC00271,2024-01-01T00:00:00,2024-01-04T00:00:00,low,permissions,False,False
TKT0002469,ACC00271,2024-06-22T00:00:00,2024-07-06T00:00:00,low,SSO,False,False
TKT0002470,ACC00271,2025-05-14T00:00:00,2025-05-14T00:00:00,low,mobile access,False,False
TKT0002471,ACC00271,2024-02-13T00:00:00,2024-02-18T00:00:00,medium,user provisioning,False,False
TKT0002472,ACC00271,2025-11-28T00:00:00,2025-12-12T00:00:00,low,user provisioning,False,False
TKT0002473,ACC00271,2024-07-02T00:00:00,2024-07-04T00:00:00,medium,permissions,False,False
TKT0002474,ACC00271,2025-06-14T00:00:00,2025-06-21T00:00:00,medium,SSO,False,False
TKT0002475,ACC00271,2024-01-07T00:00:00,2024-01-13T00:00:00,low,workflow automation,False,False
TKT0002476,ACC00271,2025-08-24T00:00:00,2025-09-07T00:00:00,low,integration errors,False,False
TKT0002477,ACC00271,2024-11-11T00:00:00,2024-11-22T00:00:00,medium,permissions,False,False
TKT0002478,ACC00271,2024-01-10T00:00:00,2024-01-22T00:00:00,medium,permissions,False,False
TKT0002479,ACC00271,2024-12-23T00:00:00,2024-12-25T00:00:00,low,integration errors,False,False
TKT0002480,ACC00272,2025-12-05T00:00:00,2025-12-08T00:00:00,medium,user provisioning,False,False
TKT0002481,ACC00272,2025-11-04T00:00:00,2025-11-15T00:00:00,high,report exports,False,False
TKT0002482,ACC00272,2025-07-12T00:00:00,2025-07-12T00:00:00,medium,integration errors,False,False
TKT0002483,ACC00272,2024-09-04T00:00:00,2024-09-05T00:00:00,medium,permissions,False,False
TKT0002484,ACC00272,2025-08-16T00:00:00,2025-08-16T00:00:00,medium,API reliability,False,False
TKT0002485,ACC00272,2024-01-08T00:00:00,2024-01-15T00:00:00,medium,SSO,False,False
TKT0002486,ACC00272,2024-08-09T00:00:00,2024-08-19T00:00:00,low,API reliability,False,False
TKT0002487,ACC00272,2024-07-18T00:00:00,2024-07-31T00:00:00,low,workflow automation,False,False
TKT0002488,ACC00272,2025-07-05T00:00:00,2025-07-10T00:00:00,low,usage reporting,False,False
TKT0002489,ACC00272,2025-05-19T00:00:00,2025-05-25T00:00:00,low,mobile access,False,False
TKT0002490,ACC00272,2025-08-06T00:00:00,2025-08-19T00:00:00,low,report exports,False,False
TKT0002491,ACC00272,2024-05-12T00:00:00,2024-05-23T00:00:00,medium,billing configuration,True,False
TKT0002492,ACC00272,2025-06-27T00:00:00,2025-06-28T00:00:00,medium,SSO,False,False
TKT0002493,ACC00272,2025-12-23T00:00:00,2025-12-23T00:00:00,medium,data synchronization,False,False
TKT0002494,ACC00273,2025-06-14T00:00:00,2025-06-17T00:00:00,high,integration errors,False,False
TKT0002495,ACC00273,2025-02-18T00:00:00,2025-02-21T00:00:00,low,mobile access,False,False
TKT0002496,ACC00273,2024-05-12T00:00:00,2024-05-15T00:00:00,low,dashboard performance,True,False
TKT0002497,ACC00273,2024-07-08T00:00:00,2024-07-17T00:00:00,medium,permissions,True,False
TKT0002498,ACC00273,2025-02-11T00:00:00,2025-02-17T00:00:00,medium,user provisioning,False,False
TKT0002499,ACC00273,2024-08-27T00:00:00,2024-09-08T00:00:00,medium,report exports,True,False
TKT0002500,ACC00273,2025-06-18T00:00:00,2025-06-25T00:00:00,critical,workflow automation,False,False
TKT0002501,ACC00273,2024-01-26T00:00:00,2024-01-26T00:00:00,high,permissions,False,False
TKT0002502,ACC00273,2024-06-17T00:00:00,2024-06-18T00:00:00,high,API reliability,True,True
TKT0002503,ACC00274,2024-12-13T00:00:00,2024-12-20T00:00:00,medium,API reliability,False,False
TKT0002504,ACC00274,2025-11-03T00:00:00,2025-11-05T00:00:00,high,user provisioning,False,False
TKT0002505,ACC00274,2024-03-09T00:00:00,2024-03-15T00:00:00,low,workflow automation,False,False
TKT0002506,ACC00274,2024-11-02T00:00:00,2024-11-08T00:00:00,low,API reliability,False,False
TKT0002507,ACC00274,2025-02-04T00:00:00,2025-02-10T00:00:00,medium,API reliability,False,False
TKT0002508,ACC00274,2025-03-03T00:00:00,2025-03-13T00:00:00,medium,API reliability,False,False
TKT0002509,ACC00274,2025-07-18T00:00:00,2025-07-30T00:00:00,medium,usage reporting,False,False
TKT0002510,ACC00275,2024-12-19T00:00:00,2024-12-27T00:00:00,low,data synchronization,True,False
TKT0002511,ACC00275,2024-03-17T00:00:00,2024-03-26T00:00:00,low,user provisioning,False,False
TKT0002512,ACC00275,2024-09-21T00:00:00,2024-09-24T00:00:00,low,usage reporting,False,False
TKT0002513,ACC00275,2025-07-16T00:00:00,2025-07-28T00:00:00,medium,invoice reconciliation,False,False
TKT0002514,ACC00275,2024-09-03T00:00:00,2024-09-13T00:00:00,low,mobile access,False,False
TKT0002515,ACC00275,2024-12-27T00:00:00,2025-01-10T00:00:00,medium,billing configuration,False,False
TKT0002516,ACC00275,2025-12-23T00:00:00,2026-01-04T00:00:00,low,SSO,False,False
TKT0002517,ACC00276,2024-05-06T00:00:00,2024-05-09T00:00:00,low,integration errors,True,False
TKT0002518,ACC00276,2024-10-21T00:00:00,2024-10-24T00:00:00,low,API reliability,True,True
TKT0002519,ACC00276,2024-03-05T00:00:00,2024-03-08T00:00:00,medium,workflow automation,False,False
TKT0002520,ACC00276,2024-02-02T00:00:00,2024-02-04T00:00:00,low,SSO,False,False
TKT0002521,ACC00276,2024-04-13T00:00:00,2024-04-24T00:00:00,low,usage reporting,False,False
TKT0002522,ACC00276,2024-03-17T00:00:00,2024-03-25T00:00:00,low,API reliability,False,False
TKT0002523,ACC00277,2025-06-04T00:00:00,2025-06-11T00:00:00,high,data synchronization,False,False
TKT0002524,ACC00277,2024-07-08T00:00:00,2024-07-22T00:00:00,medium,workflow automation,False,False
TKT0002525,ACC00277,2025-10-21T00:00:00,2025-11-03T00:00:00,medium,usage reporting,False,False
TKT0002526,ACC00277,2024-11-12T00:00:00,2024-11-12T00:00:00,medium,integration errors,False,False
TKT0002527,ACC00277,2025-02-04T00:00:00,2025-02-12T00:00:00,medium,report exports,False,False
TKT0002528,ACC00277,2025-02-08T00:00:00,2025-02-12T00:00:00,low,usage reporting,False,False
TKT0002529,ACC00278,2025-02-05T00:00:00,2025-02-07T00:00:00,low,integration errors,False,False
TKT0002530,ACC00278,2024-09-08T00:00:00,2024-09-19T00:00:00,low,renewal terms,False,True
TKT0002531,ACC00278,2024-03-11T00:00:00,2024-03-14T00:00:00,high,usage reporting,False,False
TKT0002532,ACC00278,2024-03-10T00:00:00,2024-03-18T00:00:00,high,API reliability,False,True
TKT0002533,ACC00278,2024-02-12T00:00:00,2024-02-16T00:00:00,medium,billing configuration,True,False
TKT0002534,ACC00278,2024-03-09T00:00:00,2024-03-10T00:00:00,low,usage reporting,False,False
TKT0002535,ACC00278,2024-12-13T00:00:00,2024-12-21T00:00:00,medium,report exports,False,True
TKT0002536,ACC00278,2024-12-12T00:00:00,2024-12-17T00:00:00,low,SSO,False,False
TKT0002537,ACC00278,2024-02-13T00:00:00,2024-02-15T00:00:00,medium,user provisioning,False,False
TKT0002538,ACC00278,2024-08-08T00:00:00,2024-08-13T00:00:00,low,mobile access,False,False
TKT0002539,ACC00279,2024-12-07T00:00:00,2024-12-19T00:00:00,medium,report exports,False,False
TKT0002540,ACC00279,2024-04-25T00:00:00,2024-05-01T00:00:00,medium,data synchronization,False,False
TKT0002541,ACC00279,2024-01-23T00:00:00,2024-02-03T00:00:00,medium,renewal terms,False,False
TKT0002542,ACC00279,2024-04-21T00:00:00,2024-05-05T00:00:00,medium,invoice reconciliation,False,False
TKT0002543,ACC00279,2024-06-25T00:00:00,2024-06-25T00:00:00,medium,integration errors,False,False
TKT0002544,ACC00279,2024-03-13T00:00:00,2024-03-21T00:00:00,high,dashboard performance,True,False
TKT0002545,ACC00279,2024-03-28T00:00:00,2024-04-07T00:00:00,low,invoice reconciliation,False,False
TKT0002546,ACC00280,2024-09-18T00:00:00,2024-09-29T00:00:00,medium,usage reporting,False,False
TKT0002547,ACC00280,2024-02-26T00:00:00,2024-03-09T00:00:00,high,workflow automation,True,False
TKT0002548,ACC00280,2025-02-24T00:00:00,2025-02-25T00:00:00,medium,workflow automation,False,False
TKT0002549,ACC00280,2025-06-15T00:00:00,2025-06-21T00:00:00,medium,billing configuration,False,False
TKT0002550,ACC00280,2025-11-26T00:00:00,2025-12-03T00:00:00,low,usage reporting,False,False
TKT0002551,ACC00280,2025-02-26T00:00:00,2025-02-26T00:00:00,low,dashboard performance,False,False
TKT0002552,ACC00280,2024-12-07T00:00:00,2024-12-11T00:00:00,low,permissions,False,True
TKT0002553,ACC00280,2024-03-28T00:00:00,2024-04-09T00:00:00,medium,API reliability,False,False
TKT0002554,ACC00280,2025-05-07T00:00:00,2025-05-21T00:00:00,medium,SSO,False,False
TKT0002555,ACC00280,2024-05-18T00:00:00,2024-05-26T00:00:00,low,integration errors,False,False
TKT0002556,ACC00280,2025-05-21T00:00:00,2025-06-02T00:00:00,high,data synchronization,True,False
TKT0002557,ACC00280,2025-12-06T00:00:00,2025-12-10T00:00:00,medium,integration errors,False,False
TKT0002558,ACC00280,2025-05-16T00:00:00,2025-05-27T00:00:00,low,integration errors,False,False
TKT0002559,ACC00280,2025-03-10T00:00:00,2025-03-14T00:00:00,medium,renewal terms,False,False
TKT0002560,ACC00280,2025-02-20T00:00:00,2025-02-23T00:00:00,low,permissions,False,False
TKT0002561,ACC00280,2025-01-13T00:00:00,2025-01-18T00:00:00,low,workflow automation,False,True
TKT0002562,ACC00280,2024-09-06T00:00:00,2024-09-13T00:00:00,medium,workflow automation,False,False
TKT0002563,ACC00280,2024-06-15T00:00:00,2024-06-16T00:00:00,high,user provisioning,False,False
TKT0002564,ACC00281,2024-02-06T00:00:00,2024-02-11T00:00:00,high,integration errors,False,False
TKT0002565,ACC00281,2025-12-12T00:00:00,2025-12-14T00:00:00,low,data synchronization,False,False
TKT0002566,ACC00281,2025-12-16T00:00:00,2025-12-24T00:00:00,medium,report exports,False,False
TKT0002567,ACC00281,2024-08-02T00:00:00,2024-08-15T00:00:00,high,permissions,False,False
TKT0002568,ACC00281,2024-03-14T00:00:00,2024-03-21T00:00:00,medium,permissions,False,False
TKT0002569,ACC00281,2024-01-15T00:00:00,2024-01-19T00:00:00,high,data synchronization,False,False
TKT0002570,ACC00281,2024-07-02T00:00:00,2024-07-07T00:00:00,medium,API reliability,False,False
TKT0002571,ACC00281,2024-06-01T00:00:00,2024-06-15T00:00:00,low,mobile access,False,False
TKT0002572,ACC00281,2025-06-03T00:00:00,2025-06-12T00:00:00,low,SSO,True,False
TKT0002573,ACC00281,2025-08-28T00:00:00,2025-09-09T00:00:00,medium,workflow automation,False,False
TKT0002574,ACC00281,2025-09-26T00:00:00,2025-10-03T00:00:00,low,dashboard performance,False,False
TKT0002575,ACC00281,2024-09-03T00:00:00,2024-09-10T00:00:00,high,dashboard performance,False,False
TKT0002576,ACC00282,2024-03-19T00:00:00,2024-03-30T00:00:00,low,SSO,False,True
TKT0002577,ACC00282,2024-09-06T00:00:00,2024-09-14T00:00:00,low,dashboard performance,False,False
TKT0002578,ACC00282,2024-03-15T00:00:00,2024-03-16T00:00:00,high,dashboard performance,True,True
TKT0002579,ACC00283,2025-02-08T00:00:00,2025-02-11T00:00:00,low,billing configuration,True,False
TKT0002580,ACC00283,2025-02-23T00:00:00,2025-03-04T00:00:00,medium,report exports,False,False
TKT0002581,ACC00283,2025-01-19T00:00:00,2025-02-02T00:00:00,high,permissions,True,False
TKT0002582,ACC00283,2025-09-18T00:00:00,2025-09-20T00:00:00,medium,mobile access,False,True
TKT0002583,ACC00283,2025-01-06T00:00:00,2025-01-15T00:00:00,low,billing configuration,False,False
TKT0002584,ACC00283,2024-09-20T00:00:00,2024-10-04T00:00:00,low,API reliability,False,False
TKT0002585,ACC00283,2024-12-03T00:00:00,2024-12-13T00:00:00,medium,mobile access,False,False
TKT0002586,ACC00283,2025-01-24T00:00:00,2025-01-27T00:00:00,medium,user provisioning,False,False
TKT0002587,ACC00283,2024-08-03T00:00:00,2024-08-13T00:00:00,medium,invoice reconciliation,False,False
TKT0002588,ACC00284,2024-09-16T00:00:00,2024-09-19T00:00:00,medium,user provisioning,False,False
TKT0002589,ACC00284,2025-06-02T00:00:00,2025-06-14T00:00:00,low,permissions,False,True
TKT0002590,ACC00284,2024-03-11T00:00:00,2024-03-16T00:00:00,low,invoice reconciliation,False,False
TKT0002591,ACC00284,2025-04-15T00:00:00,2025-04-18T00:00:00,low,usage reporting,False,False
TKT0002592,ACC00285,2024-02-11T00:00:00,2024-02-21T00:00:00,high,permissions,False,False
TKT0002593,ACC00285,2024-06-26T00:00:00,2024-06-27T00:00:00,critical,data synchronization,False,True
TKT0002594,ACC00285,2025-03-24T00:00:00,2025-03-26T00:00:00,low,workflow automation,False,False
TKT0002595,ACC00285,2024-10-16T00:00:00,2024-10-25T00:00:00,low,report exports,False,False
TKT0002596,ACC00285,2025-05-19T00:00:00,2025-05-27T00:00:00,low,permissions,False,False
TKT0002597,ACC00285,2024-05-25T00:00:00,2024-05-30T00:00:00,medium,SSO,False,False
TKT0002598,ACC00285,2025-03-06T00:00:00,2025-03-12T00:00:00,low,API reliability,False,False
TKT0002599,ACC00285,2024-06-07T00:00:00,2024-06-15T00:00:00,medium,report exports,False,False
TKT0002600,ACC00285,2025-10-23T00:00:00,2025-10-28T00:00:00,low,report exports,False,False
TKT0002601,ACC00285,2025-10-26T00:00:00,2025-11-07T00:00:00,low,invoice reconciliation,False,False
TKT0002602,ACC00285,2025-12-13T00:00:00,2025-12-18T00:00:00,medium,API reliability,True,True
TKT0002603,ACC00285,2024-07-28T00:00:00,2024-08-09T00:00:00,medium,renewal terms,False,False
TKT0002604,ACC00286,2024-04-13T00:00:00,2024-04-26T00:00:00,low,billing configuration,False,False
TKT0002605,ACC00286,2025-04-06T00:00:00,2025-04-17T00:00:00,medium,integration errors,False,False
TKT0002606,ACC00286,2024-12-11T00:00:00,2024-12-18T00:00:00,medium,data synchronization,False,False
TKT0002607,ACC00286,2024-08-10T00:00:00,2024-08-12T00:00:00,medium,permissions,False,False
TKT0002608,ACC00286,2024-07-09T00:00:00,2024-07-13T00:00:00,high,permissions,False,False
TKT0002609,ACC00286,2024-07-13T00:00:00,2024-07-17T00:00:00,low,billing configuration,False,False
TKT0002610,ACC00286,2024-02-26T00:00:00,2024-03-10T00:00:00,low,API reliability,False,True
TKT0002611,ACC00286,2024-07-18T00:00:00,2024-07-28T00:00:00,medium,user provisioning,False,False
TKT0002612,ACC00287,2024-11-20T00:00:00,2024-11-26T00:00:00,low,report exports,False,False
TKT0002613,ACC00287,2025-07-20T00:00:00,2025-08-02T00:00:00,high,integration errors,False,False
TKT0002614,ACC00287,2024-01-12T00:00:00,2024-01-13T00:00:00,medium,data synchronization,False,False
TKT0002615,ACC00287,2025-04-28T00:00:00,2025-05-07T00:00:00,low,SSO,False,False
TKT0002616,ACC00287,2025-07-03T00:00:00,2025-07-15T00:00:00,low,dashboard performance,False,False
TKT0002617,ACC00287,2024-03-20T00:00:00,2024-04-02T00:00:00,medium,workflow automation,False,False
TKT0002618,ACC00287,2024-11-18T00:00:00,2024-11-30T00:00:00,low,workflow automation,False,False
TKT0002619,ACC00287,2024-06-07T00:00:00,2024-06-08T00:00:00,low,report exports,True,False
TKT0002620,ACC00287,2024-02-07T00:00:00,2024-02-21T00:00:00,low,dashboard performance,False,False
TKT0002621,ACC00287,2024-12-25T00:00:00,2024-12-25T00:00:00,medium,usage reporting,False,False
TKT0002622,ACC00287,2024-03-02T00:00:00,2024-03-14T00:00:00,medium,report exports,False,False
TKT0002623,ACC00287,2024-07-21T00:00:00,2024-07-21T00:00:00,high,billing configuration,False,False
TKT0002624,ACC00287,2025-05-22T00:00:00,2025-06-05T00:00:00,low,permissions,False,False
TKT0002625,ACC00287,2025-11-20T00:00:00,2025-12-02T00:00:00,low,mobile access,False,True
TKT0002626,ACC00287,2025-09-19T00:00:00,2025-09-27T00:00:00,critical,invoice reconciliation,False,False
TKT0002627,ACC00288,2024-04-23T00:00:00,2024-04-28T00:00:00,low,permissions,False,False
TKT0002628,ACC00288,2024-07-19T00:00:00,2024-07-23T00:00:00,critical,invoice reconciliation,False,False
TKT0002629,ACC00288,2025-02-21T00:00:00,2025-02-25T00:00:00,medium,usage reporting,True,True
TKT0002630,ACC00288,2024-12-23T00:00:00,2024-12-24T00:00:00,medium,data synchronization,False,False
TKT0002631,ACC00288,2024-08-11T00:00:00,2024-08-21T00:00:00,medium,permissions,False,False
TKT0002632,ACC00288,2025-08-28T00:00:00,2025-09-05T00:00:00,low,billing configuration,False,True
TKT0002633,ACC00288,2024-07-14T00:00:00,2024-07-27T00:00:00,medium,usage reporting,False,False
TKT0002634,ACC00288,2025-10-18T00:00:00,2025-10-31T00:00:00,low,user provisioning,False,True
TKT0002635,ACC00288,2025-04-03T00:00:00,2025-04-04T00:00:00,medium,report exports,False,True
TKT0002636,ACC00288,2025-04-10T00:00:00,2025-04-12T00:00:00,low,billing configuration,False,True
TKT0002637,ACC00288,2025-02-20T00:00:00,2025-03-05T00:00:00,medium,API reliability,False,False
TKT0002638,ACC00288,2024-09-12T00:00:00,2024-09-13T00:00:00,low,API reliability,False,False
TKT0002639,ACC00288,2024-11-03T00:00:00,2024-11-15T00:00:00,low,billing configuration,False,False
TKT0002640,ACC00288,2025-09-09T00:00:00,2025-09-16T00:00:00,low,data synchronization,True,True
TKT0002641,ACC00288,2024-05-16T00:00:00,2024-05-19T00:00:00,critical,permissions,False,False
TKT0002642,ACC00289,2025-01-20T00:00:00,2025-01-23T00:00:00,medium,workflow automation,False,False
TKT0002643,ACC00289,2024-06-04T00:00:00,2024-06-17T00:00:00,medium,data synchronization,False,False
TKT0002644,ACC00289,2024-07-18T00:00:00,2024-07-20T00:00:00,low,workflow automation,False,True
TKT0002645,ACC00289,2025-06-04T00:00:00,2025-06-05T00:00:00,medium,mobile access,False,False
TKT0002646,ACC00289,2024-09-19T00:00:00,2024-10-03T00:00:00,critical,permissions,False,False
TKT0002647,ACC00290,2025-04-03T00:00:00,2025-04-05T00:00:00,low,data synchronization,False,False
TKT0002648,ACC00290,2025-01-22T00:00:00,2025-02-04T00:00:00,medium,invoice reconciliation,False,False
TKT0002649,ACC00290,2025-04-21T00:00:00,2025-04-22T00:00:00,low,SSO,False,False
TKT0002650,ACC00290,2025-01-13T00:00:00,2025-01-17T00:00:00,low,user provisioning,False,False
TKT0002651,ACC00290,2024-12-13T00:00:00,2024-12-15T00:00:00,low,permissions,False,False
TKT0002652,ACC00290,2024-11-08T00:00:00,2024-11-17T00:00:00,low,SSO,False,False
TKT0002653,ACC00290,2024-01-20T00:00:00,2024-01-29T00:00:00,medium,billing configuration,False,False
TKT0002654,ACC00290,2025-07-13T00:00:00,2025-07-27T00:00:00,medium,data synchronization,False,False
TKT0002655,ACC00290,2024-05-18T00:00:00,2024-06-01T00:00:00,medium,renewal terms,False,False
TKT0002656,ACC00290,2025-05-10T00:00:00,2025-05-23T00:00:00,high,usage reporting,False,False
TKT0002657,ACC00290,2024-01-04T00:00:00,2024-01-11T00:00:00,low,SSO,False,False
TKT0002658,ACC00291,2024-05-19T00:00:00,2024-05-30T00:00:00,medium,report exports,False,False
TKT0002659,ACC00291,2024-07-24T00:00:00,2024-08-02T00:00:00,medium,renewal terms,False,False
TKT0002660,ACC00291,2025-08-28T00:00:00,2025-09-07T00:00:00,high,renewal terms,False,False
TKT0002661,ACC00291,2024-04-04T00:00:00,2024-04-16T00:00:00,low,mobile access,False,False
TKT0002662,ACC00291,2024-03-28T00:00:00,2024-04-08T00:00:00,low,dashboard performance,False,False
TKT0002663,ACC00291,2024-03-26T00:00:00,2024-04-04T00:00:00,high,integration errors,False,True
TKT0002664,ACC00291,2024-02-14T00:00:00,2024-02-25T00:00:00,low,usage reporting,False,False
TKT0002665,ACC00291,2024-11-27T00:00:00,2024-11-27T00:00:00,medium,integration errors,False,False
TKT0002666,ACC00291,2024-03-14T00:00:00,2024-03-23T00:00:00,low,SSO,False,True
TKT0002667,ACC00291,2024-12-19T00:00:00,2024-12-20T00:00:00,low,integration errors,False,False
TKT0002668,ACC00291,2025-02-02T00:00:00,2025-02-03T00:00:00,medium,mobile access,True,False
TKT0002669,ACC00291,2025-07-12T00:00:00,2025-07-17T00:00:00,high,mobile access,False,True
TKT0002670,ACC00291,2025-10-03T00:00:00,2025-10-16T00:00:00,high,workflow automation,False,False
TKT0002671,ACC00291,2025-01-21T00:00:00,2025-01-24T00:00:00,medium,billing configuration,False,False
TKT0002672,ACC00291,2024-06-16T00:00:00,2024-06-28T00:00:00,medium,workflow automation,False,False
TKT0002673,ACC00291,2024-02-04T00:00:00,2024-02-16T00:00:00,high,usage reporting,False,False
TKT0002674,ACC00291,2025-08-28T00:00:00,2025-09-09T00:00:00,medium,workflow automation,False,False
TKT0002675,ACC00291,2024-03-08T00:00:00,2024-03-10T00:00:00,low,user provisioning,False,False
TKT0002676,ACC00292,2025-08-03T00:00:00,2025-08-13T00:00:00,high,data synchronization,False,False
TKT0002677,ACC00292,2024-09-13T00:00:00,2024-09-14T00:00:00,low,invoice reconciliation,False,False
TKT0002678,ACC00292,2025-05-06T00:00:00,2025-05-14T00:00:00,critical,API reliability,False,True
TKT0002679,ACC00292,2024-08-24T00:00:00,2024-08-26T00:00:00,low,workflow automation,True,False
TKT0002680,ACC00292,2025-02-05T00:00:00,2025-02-08T00:00:00,medium,mobile access,False,False
TKT0002681,ACC00292,2025-02-11T00:00:00,2025-02-22T00:00:00,high,report exports,False,True
TKT0002682,ACC00292,2024-06-13T00:00:00,2024-06-13T00:00:00,high,invoice reconciliation,False,True
TKT0002683,ACC00292,2025-03-25T00:00:00,2025-04-03T00:00:00,low,data synchronization,True,False
TKT0002684,ACC00292,2025-03-06T00:00:00,2025-03-09T00:00:00,medium,renewal terms,False,False
TKT0002685,ACC00292,2024-04-16T00:00:00,2024-04-26T00:00:00,medium,mobile access,True,True
TKT0002686,ACC00292,2024-07-03T00:00:00,2024-07-15T00:00:00,critical,usage reporting,False,False
TKT0002687,ACC00292,2025-06-17T00:00:00,2025-06-29T00:00:00,high,user provisioning,False,False
TKT0002688,ACC00293,2025-10-08T00:00:00,2025-10-11T00:00:00,medium,invoice reconciliation,False,False
TKT0002689,ACC00293,2024-04-22T00:00:00,2024-05-03T00:00:00,low,usage reporting,False,False
TKT0002690,ACC00293,2024-02-22T00:00:00,2024-03-06T00:00:00,critical,integration errors,True,False
TKT0002691,ACC00293,2025-05-09T00:00:00,2025-05-17T00:00:00,medium,SSO,False,False
TKT0002692,ACC00293,2024-10-13T00:00:00,2024-10-18T00:00:00,medium,SSO,False,False
TKT0002693,ACC00293,2024-12-13T00:00:00,2024-12-22T00:00:00,low,data synchronization,False,False
TKT0002694,ACC00293,2024-01-23T00:00:00,2024-01-26T00:00:00,low,report exports,False,False
TKT0002695,ACC00293,2024-08-06T00:00:00,2024-08-14T00:00:00,medium,workflow automation,False,False
TKT0002696,ACC00293,2025-10-10T00:00:00,2025-10-16T00:00:00,high,SSO,False,True
TKT0002697,ACC00293,2025-05-13T00:00:00,2025-05-18T00:00:00,medium,mobile access,False,False
TKT0002698,ACC00293,2024-06-11T00:00:00,2024-06-12T00:00:00,low,invoice reconciliation,False,False
TKT0002699,ACC00294,2025-08-06T00:00:00,2025-08-13T00:00:00,medium,permissions,False,False
TKT0002700,ACC00294,2024-08-04T00:00:00,2024-08-07T00:00:00,medium,API reliability,False,False
TKT0002701,ACC00294,2025-09-20T00:00:00,2025-10-01T00:00:00,medium,report exports,False,True
TKT0002702,ACC00294,2025-10-20T00:00:00,2025-10-26T00:00:00,medium,billing configuration,False,False
TKT0002703,ACC00294,2025-06-11T00:00:00,2025-06-14T00:00:00,low,dashboard performance,False,True
TKT0002704,ACC00294,2025-05-18T00:00:00,2025-05-24T00:00:00,low,permissions,False,False
TKT0002705,ACC00294,2025-08-08T00:00:00,2025-08-17T00:00:00,medium,SSO,False,True
TKT0002706,ACC00294,2024-05-14T00:00:00,2024-05-14T00:00:00,medium,invoice reconciliation,False,False
TKT0002707,ACC00294,2024-09-22T00:00:00,2024-10-05T00:00:00,low,permissions,False,False
TKT0002708,ACC00294,2024-04-26T00:00:00,2024-04-26T00:00:00,low,invoice reconciliation,False,False
TKT0002709,ACC00294,2025-03-22T00:00:00,2025-04-01T00:00:00,medium,report exports,False,False
TKT0002710,ACC00294,2025-10-17T00:00:00,2025-10-18T00:00:00,medium,billing configuration,False,False
TKT0002711,ACC00294,2024-11-07T00:00:00,2024-11-09T00:00:00,medium,invoice reconciliation,False,False
TKT0002712,ACC00295,2024-04-19T00:00:00,2024-04-19T00:00:00,medium,invoice reconciliation,False,False
TKT0002713,ACC00295,2024-04-27T00:00:00,2024-05-08T00:00:00,medium,report exports,False,False
TKT0002714,ACC00295,2024-04-14T00:00:00,2024-04-27T00:00:00,low,data synchronization,False,False
TKT0002715,ACC00295,2024-08-08T00:00:00,2024-08-18T00:00:00,medium,permissions,False,False
TKT0002716,ACC00295,2024-01-07T00:00:00,2024-01-17T00:00:00,medium,usage reporting,False,False
TKT0002717,ACC00295,2024-01-06T00:00:00,2024-01-16T00:00:00,high,API reliability,True,False
TKT0002718,ACC00295,2024-07-11T00:00:00,2024-07-18T00:00:00,low,workflow automation,False,False
TKT0002719,ACC00295,2024-06-10T00:00:00,2024-06-22T00:00:00,medium,SSO,True,False
TKT0002720,ACC00295,2024-11-11T00:00:00,2024-11-20T00:00:00,medium,data synchronization,True,True
TKT0002721,ACC00295,2024-03-02T00:00:00,2024-03-09T00:00:00,medium,renewal terms,False,False
TKT0002722,ACC00295,2025-03-23T00:00:00,2025-03-31T00:00:00,critical,permissions,False,False
TKT0002723,ACC00295,2024-07-05T00:00:00,2024-07-13T00:00:00,low,report exports,True,False
TKT0002724,ACC00296,2024-03-20T00:00:00,2024-03-22T00:00:00,low,billing configuration,False,False
TKT0002725,ACC00296,2024-07-18T00:00:00,2024-07-26T00:00:00,low,data synchronization,False,False
TKT0002726,ACC00297,2025-12-02T00:00:00,2025-12-10T00:00:00,medium,permissions,False,False
TKT0002727,ACC00297,2025-06-08T00:00:00,2025-06-18T00:00:00,low,permissions,True,False
TKT0002728,ACC00297,2024-07-05T00:00:00,2024-07-08T00:00:00,low,permissions,True,False
TKT0002729,ACC00297,2024-03-27T00:00:00,2024-04-08T00:00:00,low,workflow automation,False,False
TKT0002730,ACC00297,2025-04-18T00:00:00,2025-04-24T00:00:00,medium,SSO,False,False
TKT0002731,ACC00297,2025-04-17T00:00:00,2025-04-28T00:00:00,medium,renewal terms,False,False
TKT0002732,ACC00297,2025-07-13T00:00:00,2025-07-22T00:00:00,medium,dashboard performance,False,False
TKT0002733,ACC00297,2025-11-21T00:00:00,2025-12-02T00:00:00,low,permissions,True,False
TKT0002734,ACC00297,2024-07-21T00:00:00,2024-07-22T00:00:00,low,SSO,False,False
TKT0002735,ACC00297,2025-12-24T00:00:00,2026-01-05T00:00:00,low,invoice reconciliation,False,True
TKT0002736,ACC00297,2025-05-10T00:00:00,2025-05-21T00:00:00,low,integration errors,False,False
TKT0002737,ACC00297,2024-04-15T00:00:00,2024-04-23T00:00:00,medium,SSO,False,False
TKT0002738,ACC00297,2024-07-18T00:00:00,2024-07-20T00:00:00,medium,permissions,False,False
TKT0002739,ACC00297,2025-07-16T00:00:00,2025-07-28T00:00:00,high,renewal terms,False,False
TKT0002740,ACC00297,2025-09-22T00:00:00,2025-10-05T00:00:00,low,API reliability,False,False
TKT0002741,ACC00297,2025-04-01T00:00:00,2025-04-06T00:00:00,low,user provisioning,False,False
TKT0002742,ACC00298,2024-09-23T00:00:00,2024-10-06T00:00:00,medium,user provisioning,False,True
TKT0002743,ACC00298,2024-02-09T00:00:00,2024-02-19T00:00:00,low,integration errors,False,False
TKT0002744,ACC00298,2024-08-08T00:00:00,2024-08-13T00:00:00,high,integration errors,False,False
TKT0002745,ACC00299,2024-12-09T00:00:00,2024-12-11T00:00:00,low,data synchronization,False,False
TKT0002746,ACC00299,2024-06-18T00:00:00,2024-06-21T00:00:00,low,workflow automation,False,False
TKT0002747,ACC00299,2024-04-28T00:00:00,2024-05-09T00:00:00,low,mobile access,False,False
TKT0002748,ACC00299,2024-06-12T00:00:00,2024-06-21T00:00:00,low,report exports,False,False
TKT0002749,ACC00299,2024-08-08T00:00:00,2024-08-22T00:00:00,medium,mobile access,False,False
TKT0002750,ACC00299,2024-05-26T00:00:00,2024-06-05T00:00:00,low,user provisioning,False,False
TKT0002751,ACC00300,2024-03-24T00:00:00,2024-04-06T00:00:00,low,usage reporting,False,False
TKT0002752,ACC00300,2024-05-08T00:00:00,2024-05-22T00:00:00,medium,report exports,False,True
TKT0002753,ACC00300,2024-07-26T00:00:00,2024-08-03T00:00:00,high,report exports,False,False
TKT0002754,ACC00300,2024-02-20T00:00:00,2024-03-05T00:00:00,medium,report exports,False,False
TKT0002755,ACC00300,2024-09-17T00:00:00,2024-09-27T00:00:00,critical,dashboard performance,False,False
TKT0002756,ACC00300,2024-01-14T00:00:00,2024-01-26T00:00:00,low,SSO,False,True
TKT0002757,ACC00301,2024-05-18T00:00:00,2024-05-27T00:00:00,medium,mobile access,False,False
TKT0002758,ACC00301,2024-12-23T00:00:00,2024-12-25T00:00:00,low,dashboard performance,False,False
TKT0002759,ACC00301,2024-01-24T00:00:00,2024-01-31T00:00:00,low,user provisioning,False,False
TKT0002760,ACC00301,2024-11-03T00:00:00,2024-11-17T00:00:00,low,report exports,True,False
TKT0002761,ACC00301,2025-01-23T00:00:00,2025-01-28T00:00:00,high,report exports,False,False
TKT0002762,ACC00301,2024-03-26T00:00:00,2024-04-09T00:00:00,low,usage reporting,False,False
TKT0002763,ACC00301,2024-06-26T00:00:00,2024-07-10T00:00:00,high,SSO,True,False
TKT0002764,ACC00301,2024-11-10T00:00:00,2024-11-18T00:00:00,medium,user provisioning,False,False
TKT0002765,ACC00301,2024-11-26T00:00:00,2024-12-06T00:00:00,medium,billing configuration,False,False
TKT0002766,ACC00301,2025-01-13T00:00:00,2025-01-17T00:00:00,medium,integration errors,False,True
TKT0002767,ACC00301,2025-01-06T00:00:00,2025-01-10T00:00:00,low,workflow automation,True,False
TKT0002768,ACC00301,2024-12-19T00:00:00,2024-12-30T00:00:00,medium,mobile access,False,False
TKT0002769,ACC00301,2024-11-15T00:00:00,2024-11-15T00:00:00,medium,user provisioning,False,False
TKT0002770,ACC00301,2024-11-27T00:00:00,2024-12-07T00:00:00,medium,data synchronization,False,False
TKT0002771,ACC00301,2024-03-26T00:00:00,2024-03-29T00:00:00,medium,report exports,False,False
TKT0002772,ACC00302,2024-07-09T00:00:00,2024-07-18T00:00:00,medium,permissions,False,False
TKT0002773,ACC00302,2024-07-08T00:00:00,2024-07-15T00:00:00,low,report exports,False,True
TKT0002774,ACC00302,2024-07-28T00:00:00,2024-07-29T00:00:00,medium,report exports,False,False
TKT0002775,ACC00302,2024-07-21T00:00:00,2024-07-22T00:00:00,high,integration errors,True,False
TKT0002776,ACC00302,2024-01-04T00:00:00,2024-01-07T00:00:00,high,billing configuration,False,False
TKT0002777,ACC00302,2024-01-08T00:00:00,2024-01-14T00:00:00,medium,API reliability,True,False
TKT0002778,ACC00302,2024-04-20T00:00:00,2024-04-22T00:00:00,medium,SSO,False,True
TKT0002779,ACC00302,2024-03-23T00:00:00,2024-04-03T00:00:00,medium,usage reporting,False,False
TKT0002780,ACC00302,2024-04-17T00:00:00,2024-04-29T00:00:00,high,workflow automation,False,False
TKT0002781,ACC00303,2025-12-08T00:00:00,2025-12-13T00:00:00,medium,report exports,False,False
TKT0002782,ACC00303,2024-01-10T00:00:00,2024-01-19T00:00:00,medium,SSO,False,False
TKT0002783,ACC00303,2025-07-07T00:00:00,2025-07-16T00:00:00,low,integration errors,False,False
TKT0002784,ACC00303,2024-12-25T00:00:00,2024-12-27T00:00:00,medium,API reliability,False,False
TKT0002785,ACC00303,2025-01-27T00:00:00,2025-02-04T00:00:00,medium,renewal terms,False,False
TKT0002786,ACC00303,2024-06-12T00:00:00,2024-06-12T00:00:00,low,report exports,False,False
TKT0002787,ACC00303,2025-04-17T00:00:00,2025-04-18T00:00:00,high,billing configuration,False,False
TKT0002788,ACC00303,2024-09-22T00:00:00,2024-09-25T00:00:00,medium,API reliability,False,False
TKT0002789,ACC00303,2025-10-02T00:00:00,2025-10-10T00:00:00,low,SSO,False,False
TKT0002790,ACC00303,2024-05-16T00:00:00,2024-05-24T00:00:00,medium,API reliability,True,False
TKT0002791,ACC00304,2024-06-03T00:00:00,2024-06-08T00:00:00,low,user provisioning,False,False
TKT0002792,ACC00304,2024-05-08T00:00:00,2024-05-13T00:00:00,medium,invoice reconciliation,False,False
TKT0002793,ACC00304,2024-06-06T00:00:00,2024-06-10T00:00:00,medium,dashboard performance,False,False
TKT0002794,ACC00305,2024-12-01T00:00:00,2024-12-12T00:00:00,low,data synchronization,False,False
TKT0002795,ACC00305,2024-08-04T00:00:00,2024-08-06T00:00:00,low,data synchronization,False,False
TKT0002796,ACC00305,2024-04-04T00:00:00,2024-04-11T00:00:00,high,SSO,False,False
TKT0002797,ACC00305,2025-10-06T00:00:00,2025-10-08T00:00:00,medium,report exports,False,False
TKT0002798,ACC00305,2024-12-27T00:00:00,2025-01-07T00:00:00,low,integration errors,False,False
TKT0002799,ACC00305,2025-04-07T00:00:00,2025-04-10T00:00:00,medium,user provisioning,False,True
TKT0002800,ACC00305,2025-02-04T00:00:00,2025-02-12T00:00:00,low,renewal terms,False,False
TKT0002801,ACC00305,2024-11-06T00:00:00,2024-11-20T00:00:00,medium,invoice reconciliation,False,False
TKT0002802,ACC00305,2024-12-02T00:00:00,2024-12-14T00:00:00,medium,renewal terms,False,False
TKT0002803,ACC00306,2024-08-18T00:00:00,2024-08-24T00:00:00,high,usage reporting,False,False
TKT0002804,ACC00306,2025-10-17T00:00:00,2025-10-22T00:00:00,low,integration errors,False,False
TKT0002805,ACC00306,2024-01-14T00:00:00,2024-01-25T00:00:00,high,dashboard performance,False,False
TKT0002806,ACC00306,2024-04-18T00:00:00,2024-04-19T00:00:00,low,permissions,False,False
TKT0002807,ACC00306,2025-02-26T00:00:00,2025-02-26T00:00:00,medium,integration errors,False,False
TKT0002808,ACC00306,2025-10-17T00:00:00,2025-10-31T00:00:00,low,usage reporting,False,False
TKT0002809,ACC00306,2025-10-07T00:00:00,2025-10-10T00:00:00,low,dashboard performance,False,False
TKT0002810,ACC00306,2024-06-15T00:00:00,2024-06-24T00:00:00,high,report exports,False,False
TKT0002811,ACC00307,2025-03-17T00:00:00,2025-03-22T00:00:00,critical,invoice reconciliation,False,False
TKT0002812,ACC00307,2025-01-25T00:00:00,2025-02-02T00:00:00,low,mobile access,False,False
TKT0002813,ACC00307,2024-05-06T00:00:00,2024-05-16T00:00:00,low,user provisioning,False,False
TKT0002814,ACC00307,2025-04-15T00:00:00,2025-04-19T00:00:00,low,usage reporting,False,True
TKT0002815,ACC00307,2025-07-28T00:00:00,2025-08-04T00:00:00,medium,SSO,False,False
TKT0002816,ACC00308,2025-10-16T00:00:00,2025-10-29T00:00:00,low,renewal terms,False,False
TKT0002817,ACC00308,2024-03-07T00:00:00,2024-03-08T00:00:00,high,invoice reconciliation,True,False
TKT0002818,ACC00308,2025-01-25T00:00:00,2025-02-02T00:00:00,medium,mobile access,False,False
TKT0002819,ACC00308,2025-08-07T00:00:00,2025-08-18T00:00:00,critical,user provisioning,False,False
TKT0002820,ACC00308,2024-09-09T00:00:00,2024-09-10T00:00:00,medium,data synchronization,False,False
TKT0002821,ACC00308,2024-07-16T00:00:00,2024-07-18T00:00:00,medium,workflow automation,False,False
TKT0002822,ACC00308,2024-08-17T00:00:00,2024-08-30T00:00:00,high,data synchronization,False,False
TKT0002823,ACC00308,2025-03-14T00:00:00,2025-03-22T00:00:00,low,dashboard performance,False,False
TKT0002824,ACC00308,2025-01-03T00:00:00,2025-01-05T00:00:00,medium,workflow automation,False,False
TKT0002825,ACC00308,2025-09-07T00:00:00,2025-09-13T00:00:00,medium,report exports,False,False
TKT0002826,ACC00308,2025-01-28T00:00:00,2025-01-31T00:00:00,low,report exports,False,False
TKT0002827,ACC00308,2025-04-14T00:00:00,2025-04-15T00:00:00,low,billing configuration,False,False
TKT0002828,ACC00308,2025-09-15T00:00:00,2025-09-22T00:00:00,medium,SSO,True,True
TKT0002829,ACC00308,2024-05-16T00:00:00,2024-05-18T00:00:00,low,data synchronization,True,False
TKT0002830,ACC00308,2025-02-15T00:00:00,2025-02-24T00:00:00,medium,report exports,False,False
TKT0002831,ACC00308,2024-07-21T00:00:00,2024-07-23T00:00:00,low,usage reporting,False,False
TKT0002832,ACC00309,2024-04-20T00:00:00,2024-04-23T00:00:00,low,SSO,False,False
TKT0002833,ACC00309,2024-09-13T00:00:00,2024-09-13T00:00:00,low,SSO,False,False
TKT0002834,ACC00309,2025-10-16T00:00:00,2025-10-16T00:00:00,medium,SSO,False,False
TKT0002835,ACC00309,2025-08-12T00:00:00,2025-08-19T00:00:00,low,workflow automation,False,False
TKT0002836,ACC00309,2024-12-16T00:00:00,2024-12-16T00:00:00,medium,SSO,False,False
TKT0002837,ACC00309,2025-06-08T00:00:00,2025-06-17T00:00:00,medium,mobile access,False,False
TKT0002838,ACC00309,2025-11-06T00:00:00,2025-11-11T00:00:00,medium,billing configuration,False,False
TKT0002839,ACC00309,2024-05-25T00:00:00,2024-06-07T00:00:00,medium,mobile access,False,True
TKT0002840,ACC00309,2025-03-20T00:00:00,2025-03-25T00:00:00,medium,report exports,False,False
TKT0002841,ACC00309,2024-01-17T00:00:00,2024-01-27T00:00:00,low,integration errors,False,False
TKT0002842,ACC00309,2024-12-27T00:00:00,2025-01-04T00:00:00,high,renewal terms,False,False
TKT0002843,ACC00309,2025-11-09T00:00:00,2025-11-19T00:00:00,medium,API reliability,False,False
TKT0002844,ACC00309,2025-07-21T00:00:00,2025-08-01T00:00:00,high,API reliability,False,False
TKT0002845,ACC00309,2025-08-09T00:00:00,2025-08-14T00:00:00,low,invoice reconciliation,False,False
TKT0002846,ACC00309,2024-06-05T00:00:00,2024-06-17T00:00:00,low,dashboard performance,False,False
TKT0002847,ACC00309,2025-03-12T00:00:00,2025-03-23T00:00:00,medium,billing configuration,False,False
TKT0002848,ACC00309,2025-10-01T00:00:00,2025-10-15T00:00:00,low,SSO,True,False
TKT0002849,ACC00309,2024-09-24T00:00:00,2024-09-25T00:00:00,medium,billing configuration,False,False
TKT0002850,ACC00310,2025-12-24T00:00:00,2025-12-31T00:00:00,medium,SSO,False,True
TKT0002851,ACC00310,2024-08-05T00:00:00,2024-08-08T00:00:00,medium,data synchronization,False,False
TKT0002852,ACC00310,2024-06-15T00:00:00,2024-06-29T00:00:00,medium,user provisioning,True,False
TKT0002853,ACC00310,2024-07-07T00:00:00,2024-07-07T00:00:00,low,data synchronization,False,False
TKT0002854,ACC00310,2024-08-22T00:00:00,2024-08-25T00:00:00,low,mobile access,False,False
TKT0002855,ACC00310,2024-11-22T00:00:00,2024-12-01T00:00:00,low,SSO,False,False
TKT0002856,ACC00310,2024-03-01T00:00:00,2024-03-06T00:00:00,medium,integration errors,False,False
TKT0002857,ACC00310,2025-10-22T00:00:00,2025-11-05T00:00:00,medium,workflow automation,False,True
TKT0002858,ACC00311,2024-01-27T00:00:00,2024-02-09T00:00:00,medium,report exports,False,False
TKT0002859,ACC00311,2024-11-18T00:00:00,2024-11-21T00:00:00,low,renewal terms,True,False
TKT0002860,ACC00311,2024-10-26T00:00:00,2024-10-30T00:00:00,low,dashboard performance,False,False
TKT0002861,ACC00311,2024-03-07T00:00:00,2024-03-08T00:00:00,high,report exports,True,False
TKT0002862,ACC00311,2024-02-17T00:00:00,2024-02-25T00:00:00,high,integration errors,False,True
TKT0002863,ACC00311,2024-08-14T00:00:00,2024-08-21T00:00:00,low,report exports,False,False
TKT0002864,ACC00311,2024-03-14T00:00:00,2024-03-17T00:00:00,low,data synchronization,False,False
TKT0002865,ACC00312,2024-03-07T00:00:00,2024-03-20T00:00:00,low,data synchronization,False,True
TKT0002866,ACC00312,2024-10-28T00:00:00,2024-11-08T00:00:00,high,API reliability,True,False
TKT0002867,ACC00312,2024-07-05T00:00:00,2024-07-05T00:00:00,low,usage reporting,False,False
TKT0002868,ACC00312,2024-10-01T00:00:00,2024-10-05T00:00:00,low,integration errors,False,False
TKT0002869,ACC00312,2024-02-21T00:00:00,2024-02-22T00:00:00,low,integration errors,True,False
TKT0002870,ACC00312,2024-03-04T00:00:00,2024-03-06T00:00:00,medium,dashboard performance,False,False
TKT0002871,ACC00313,2024-08-07T00:00:00,2024-08-13T00:00:00,medium,integration errors,False,True
TKT0002872,ACC00313,2025-02-02T00:00:00,2025-02-08T00:00:00,high,billing configuration,False,False
TKT0002873,ACC00313,2025-02-05T00:00:00,2025-02-08T00:00:00,low,dashboard performance,False,False
TKT0002874,ACC00313,2024-08-27T00:00:00,2024-09-10T00:00:00,high,permissions,False,False
TKT0002875,ACC00313,2025-04-15T00:00:00,2025-04-21T00:00:00,high,billing configuration,True,False
TKT0002876,ACC00313,2024-12-15T00:00:00,2024-12-29T00:00:00,medium,invoice reconciliation,False,False
TKT0002877,ACC00313,2024-09-12T00:00:00,2024-09-13T00:00:00,low,SSO,False,False
TKT0002878,ACC00313,2024-11-15T00:00:00,2024-11-23T00:00:00,low,SSO,False,False
TKT0002879,ACC00313,2025-05-19T00:00:00,2025-05-20T00:00:00,medium,billing configuration,False,True
TKT0002880,ACC00313,2024-12-12T00:00:00,2024-12-20T00:00:00,medium,permissions,False,True
TKT0002881,ACC00313,2024-08-25T00:00:00,2024-09-07T00:00:00,medium,renewal terms,False,False
TKT0002882,ACC00313,2024-01-23T00:00:00,2024-02-04T00:00:00,low,permissions,False,False
TKT0002883,ACC00313,2024-06-17T00:00:00,2024-06-28T00:00:00,low,dashboard performance,False,False
TKT0002884,ACC00313,2024-09-28T00:00:00,2024-10-10T00:00:00,high,renewal terms,False,False
TKT0002885,ACC00313,2025-01-22T00:00:00,2025-02-01T00:00:00,high,user provisioning,False,False
TKT0002886,ACC00313,2024-10-06T00:00:00,2024-10-11T00:00:00,low,workflow automation,False,False
TKT0002887,ACC00314,2025-08-28T00:00:00,2025-09-01T00:00:00,low,integration errors,True,False
TKT0002888,ACC00314,2025-01-03T00:00:00,2025-01-16T00:00:00,medium,renewal terms,False,False
TKT0002889,ACC00314,2025-05-05T00:00:00,2025-05-07T00:00:00,low,dashboard performance,False,False
TKT0002890,ACC00314,2025-07-06T00:00:00,2025-07-16T00:00:00,medium,SSO,False,True
TKT0002891,ACC00314,2025-01-15T00:00:00,2025-01-27T00:00:00,medium,billing configuration,False,False
TKT0002892,ACC00314,2025-04-07T00:00:00,2025-04-16T00:00:00,low,permissions,False,True
TKT0002893,ACC00314,2024-08-19T00:00:00,2024-08-29T00:00:00,medium,usage reporting,False,False
TKT0002894,ACC00314,2024-11-04T00:00:00,2024-11-10T00:00:00,high,API reliability,True,False
TKT0002895,ACC00314,2025-07-10T00:00:00,2025-07-14T00:00:00,medium,integration errors,False,False
TKT0002896,ACC00314,2024-04-08T00:00:00,2024-04-21T00:00:00,medium,SSO,False,False
TKT0002897,ACC00314,2024-07-15T00:00:00,2024-07-29T00:00:00,medium,billing configuration,False,False
TKT0002898,ACC00315,2024-07-12T00:00:00,2024-07-20T00:00:00,high,API reliability,False,False
TKT0002899,ACC00315,2025-07-25T00:00:00,2025-07-25T00:00:00,low,billing configuration,False,False
TKT0002900,ACC00315,2024-09-04T00:00:00,2024-09-04T00:00:00,medium,workflow automation,False,False
TKT0002901,ACC00315,2024-03-24T00:00:00,2024-03-25T00:00:00,medium,permissions,False,False
TKT0002902,ACC00315,2024-05-13T00:00:00,2024-05-14T00:00:00,low,workflow automation,True,False
TKT0002903,ACC00315,2024-06-23T00:00:00,2024-07-04T00:00:00,low,API reliability,False,False
TKT0002904,ACC00315,2024-12-04T00:00:00,2024-12-10T00:00:00,medium,invoice reconciliation,False,False
TKT0002905,ACC00315,2024-10-22T00:00:00,2024-11-04T00:00:00,medium,workflow automation,False,False
TKT0002906,ACC00315,2025-01-25T00:00:00,2025-01-30T00:00:00,low,report exports,True,False
TKT0002907,ACC00315,2025-01-19T00:00:00,2025-01-23T00:00:00,medium,user provisioning,False,False
TKT0002908,ACC00315,2024-07-05T00:00:00,2024-07-08T00:00:00,medium,mobile access,False,False
TKT0002909,ACC00316,2025-03-14T00:00:00,2025-03-18T00:00:00,medium,data synchronization,False,False
TKT0002910,ACC00316,2024-09-04T00:00:00,2024-09-09T00:00:00,low,API reliability,False,False
TKT0002911,ACC00316,2025-04-22T00:00:00,2025-04-30T00:00:00,low,usage reporting,False,False
TKT0002912,ACC00316,2024-12-21T00:00:00,2025-01-04T00:00:00,low,invoice reconciliation,True,False
TKT0002913,ACC00316,2025-09-02T00:00:00,2025-09-14T00:00:00,low,billing configuration,False,False
TKT0002914,ACC00316,2024-02-03T00:00:00,2024-02-12T00:00:00,medium,renewal terms,False,True
TKT0002915,ACC00316,2025-06-22T00:00:00,2025-07-04T00:00:00,high,data synchronization,False,False
TKT0002916,ACC00316,2024-08-26T00:00:00,2024-09-07T00:00:00,medium,data synchronization,False,False
TKT0002917,ACC00316,2025-09-06T00:00:00,2025-09-13T00:00:00,low,workflow automation,False,False
TKT0002918,ACC00316,2024-01-01T00:00:00,2024-01-14T00:00:00,high,usage reporting,False,False
TKT0002919,ACC00316,2024-07-19T00:00:00,2024-07-19T00:00:00,low,invoice reconciliation,False,False
TKT0002920,ACC00316,2025-02-09T00:00:00,2025-02-15T00:00:00,medium,mobile access,False,False
TKT0002921,ACC00316,2024-05-16T00:00:00,2024-05-25T00:00:00,medium,usage reporting,False,False
TKT0002922,ACC00317,2024-01-26T00:00:00,2024-02-09T00:00:00,medium,dashboard performance,False,False
TKT0002923,ACC00318,2024-06-02T00:00:00,2024-06-06T00:00:00,medium,report exports,False,False
TKT0002924,ACC00318,2024-03-08T00:00:00,2024-03-13T00:00:00,low,workflow automation,False,False
TKT0002925,ACC00318,2024-09-18T00:00:00,2024-09-25T00:00:00,medium,API reliability,False,False
TKT0002926,ACC00318,2024-09-04T00:00:00,2024-09-04T00:00:00,high,usage reporting,True,False
TKT0002927,ACC00318,2024-01-14T00:00:00,2024-01-26T00:00:00,low,billing configuration,False,False
TKT0002928,ACC00318,2024-11-02T00:00:00,2024-11-13T00:00:00,medium,integration errors,False,False
TKT0002929,ACC00319,2024-07-02T00:00:00,2024-07-15T00:00:00,medium,workflow automation,False,False
TKT0002930,ACC00319,2025-01-10T00:00:00,2025-01-18T00:00:00,medium,integration errors,False,False
TKT0002931,ACC00319,2025-02-05T00:00:00,2025-02-10T00:00:00,medium,API reliability,False,False
TKT0002932,ACC00319,2025-05-24T00:00:00,2025-05-30T00:00:00,low,renewal terms,True,False
TKT0002933,ACC00319,2024-01-26T00:00:00,2024-02-04T00:00:00,low,usage reporting,False,False
TKT0002934,ACC00319,2024-05-05T00:00:00,2024-05-10T00:00:00,medium,data synchronization,False,False
TKT0002935,ACC00319,2025-02-22T00:00:00,2025-03-04T00:00:00,low,data synchronization,False,False
TKT0002936,ACC00319,2025-08-23T00:00:00,2025-08-30T00:00:00,medium,renewal terms,True,False
TKT0002937,ACC00320,2024-12-02T00:00:00,2024-12-06T00:00:00,low,mobile access,False,False
TKT0002938,ACC00320,2024-10-14T00:00:00,2024-10-19T00:00:00,medium,data synchronization,False,False
TKT0002939,ACC00320,2024-04-02T00:00:00,2024-04-03T00:00:00,low,usage reporting,False,False
TKT0002940,ACC00320,2024-11-24T00:00:00,2024-12-05T00:00:00,medium,billing configuration,False,True
TKT0002941,ACC00321,2024-03-08T00:00:00,2024-03-22T00:00:00,medium,usage reporting,False,True
TKT0002942,ACC00321,2025-10-10T00:00:00,2025-10-10T00:00:00,medium,user provisioning,False,False
TKT0002943,ACC00321,2024-10-25T00:00:00,2024-11-01T00:00:00,medium,dashboard performance,False,False
TKT0002944,ACC00321,2024-10-14T00:00:00,2024-10-26T00:00:00,medium,data synchronization,False,False
TKT0002945,ACC00321,2025-03-13T00:00:00,2025-03-27T00:00:00,medium,billing configuration,False,False
TKT0002946,ACC00321,2025-01-14T00:00:00,2025-01-17T00:00:00,medium,usage reporting,True,False
TKT0002947,ACC00321,2025-02-26T00:00:00,2025-03-04T00:00:00,medium,usage reporting,True,False
TKT0002948,ACC00322,2024-06-02T00:00:00,2024-06-11T00:00:00,low,report exports,True,False
TKT0002949,ACC00322,2024-02-16T00:00:00,2024-02-23T00:00:00,medium,mobile access,False,False
TKT0002950,ACC00322,2024-11-07T00:00:00,2024-11-18T00:00:00,medium,user provisioning,True,False
TKT0002951,ACC00323,2025-07-25T00:00:00,2025-08-05T00:00:00,medium,SSO,False,False
TKT0002952,ACC00323,2024-06-17T00:00:00,2024-06-21T00:00:00,medium,renewal terms,False,True
TKT0002953,ACC00323,2025-04-14T00:00:00,2025-04-21T00:00:00,low,billing configuration,False,True
TKT0002954,ACC00323,2024-04-02T00:00:00,2024-04-05T00:00:00,low,mobile access,False,False
TKT0002955,ACC00323,2024-01-16T00:00:00,2024-01-24T00:00:00,medium,dashboard performance,False,False
TKT0002956,ACC00323,2024-03-01T00:00:00,2024-03-03T00:00:00,medium,renewal terms,False,False
TKT0002957,ACC00324,2025-01-17T00:00:00,2025-01-20T00:00:00,low,billing configuration,False,False
TKT0002958,ACC00324,2025-04-28T00:00:00,2025-04-28T00:00:00,high,integration errors,False,False
TKT0002959,ACC00324,2025-10-21T00:00:00,2025-10-25T00:00:00,low,SSO,False,False
TKT0002960,ACC00324,2024-05-06T00:00:00,2024-05-13T00:00:00,low,billing configuration,False,False
TKT0002961,ACC00324,2025-12-15T00:00:00,2025-12-17T00:00:00,high,report exports,False,True
TKT0002962,ACC00324,2025-05-24T00:00:00,2025-06-07T00:00:00,low,integration errors,False,False
TKT0002963,ACC00324,2025-10-18T00:00:00,2025-10-25T00:00:00,medium,user provisioning,False,False
TKT0002964,ACC00324,2024-06-06T00:00:00,2024-06-17T00:00:00,medium,user provisioning,False,False
TKT0002965,ACC00324,2024-04-22T00:00:00,2024-04-25T00:00:00,high,renewal terms,True,False
TKT0002966,ACC00324,2025-10-15T00:00:00,2025-10-15T00:00:00,high,integration errors,False,True
TKT0002967,ACC00325,2024-07-16T00:00:00,2024-07-25T00:00:00,low,workflow automation,False,False
TKT0002968,ACC00325,2024-09-03T00:00:00,2024-09-06T00:00:00,low,SSO,False,False
TKT0002969,ACC00325,2024-03-09T00:00:00,2024-03-09T00:00:00,high,invoice reconciliation,False,False
TKT0002970,ACC00325,2024-03-23T00:00:00,2024-03-30T00:00:00,low,API reliability,False,False
TKT0002971,ACC00325,2025-01-12T00:00:00,2025-01-25T00:00:00,medium,invoice reconciliation,False,False
TKT0002972,ACC00325,2024-08-21T00:00:00,2024-09-03T00:00:00,low,integration errors,False,False
TKT0002973,ACC00326,2024-05-12T00:00:00,2024-05-12T00:00:00,medium,API reliability,True,False
TKT0002974,ACC00326,2024-04-28T00:00:00,2024-05-03T00:00:00,low,user provisioning,False,False
TKT0002975,ACC00326,2024-12-25T00:00:00,2025-01-02T00:00:00,high,API reliability,False,False
TKT0002976,ACC00327,2024-09-27T00:00:00,2024-10-10T00:00:00,low,report exports,False,False
TKT0002977,ACC00327,2024-01-16T00:00:00,2024-01-26T00:00:00,medium,API reliability,False,False
TKT0002978,ACC00327,2024-09-07T00:00:00,2024-09-10T00:00:00,medium,SSO,False,False
TKT0002979,ACC00327,2024-08-25T00:00:00,2024-09-01T00:00:00,low,usage reporting,False,False
TKT0002980,ACC00328,2024-05-25T00:00:00,2024-05-28T00:00:00,low,API reliability,False,False
TKT0002981,ACC00328,2024-08-12T00:00:00,2024-08-13T00:00:00,medium,mobile access,False,False
TKT0002982,ACC00328,2024-02-24T00:00:00,2024-03-02T00:00:00,medium,user provisioning,False,False
TKT0002983,ACC00328,2024-02-11T00:00:00,2024-02-21T00:00:00,high,billing configuration,False,True
TKT0002984,ACC00329,2024-02-19T00:00:00,2024-03-01T00:00:00,medium,billing configuration,False,False
TKT0002985,ACC00329,2024-09-01T00:00:00,2024-09-06T00:00:00,high,billing configuration,False,False
TKT0002986,ACC00330,2024-05-26T00:00:00,2024-06-05T00:00:00,medium,invoice reconciliation,False,False
TKT0002987,ACC00330,2024-07-26T00:00:00,2024-08-03T00:00:00,medium,mobile access,False,False
TKT0002988,ACC00330,2024-05-27T00:00:00,2024-05-29T00:00:00,medium,data synchronization,False,True
TKT0002989,ACC00330,2024-01-21T00:00:00,2024-01-31T00:00:00,medium,API reliability,True,False
TKT0002990,ACC00330,2024-01-06T00:00:00,2024-01-09T00:00:00,high,data synchronization,True,False
TKT0002991,ACC00331,2025-05-15T00:00:00,2025-05-26T00:00:00,low,workflow automation,False,False
TKT0002992,ACC00331,2025-03-06T00:00:00,2025-03-17T00:00:00,medium,API reliability,False,False
TKT0002993,ACC00331,2025-07-17T00:00:00,2025-07-26T00:00:00,low,user provisioning,False,False
TKT0002994,ACC00331,2024-03-14T00:00:00,2024-03-25T00:00:00,low,workflow automation,False,False
TKT0002995,ACC00331,2025-05-20T00:00:00,2025-06-03T00:00:00,critical,mobile access,False,False
TKT0002996,ACC00331,2025-10-22T00:00:00,2025-11-04T00:00:00,medium,workflow automation,False,False
TKT0002997,ACC00331,2025-09-03T00:00:00,2025-09-05T00:00:00,low,permissions,True,False
TKT0002998,ACC00331,2024-01-22T00:00:00,2024-01-29T00:00:00,low,mobile access,True,False
TKT0002999,ACC00331,2024-08-27T00:00:00,2024-09-08T00:00:00,medium,usage reporting,False,False
TKT0003000,ACC00331,2024-11-08T00:00:00,2024-11-20T00:00:00,high,user provisioning,False,False
TKT0003001,ACC00331,2025-02-19T00:00:00,2025-02-19T00:00:00,low,data synchronization,False,False
TKT0003002,ACC00332,2024-03-27T00:00:00,2024-04-04T00:00:00,medium,workflow automation,False,False
TKT0003003,ACC00332,2025-01-28T00:00:00,2025-02-06T00:00:00,medium,usage reporting,False,True
TKT0003004,ACC00332,2025-10-11T00:00:00,2025-10-11T00:00:00,low,SSO,False,False
TKT0003005,ACC00332,2024-10-25T00:00:00,2024-10-26T00:00:00,low,data synchronization,False,False
TKT0003006,ACC00332,2024-12-25T00:00:00,2025-01-07T00:00:00,low,mobile access,False,False
TKT0003007,ACC00332,2025-03-19T00:00:00,2025-03-26T00:00:00,medium,dashboard performance,False,False
TKT0003008,ACC00332,2024-10-11T00:00:00,2024-10-23T00:00:00,high,renewal terms,False,True
TKT0003009,ACC00332,2025-03-21T00:00:00,2025-04-04T00:00:00,medium,integration errors,False,False
TKT0003010,ACC00332,2024-10-28T00:00:00,2024-11-08T00:00:00,medium,mobile access,False,False
TKT0003011,ACC00332,2025-01-12T00:00:00,2025-01-23T00:00:00,low,API reliability,False,False
TKT0003012,ACC00332,2025-03-20T00:00:00,2025-03-25T00:00:00,low,API reliability,False,False
TKT0003013,ACC00332,2025-04-22T00:00:00,2025-05-06T00:00:00,medium,integration errors,False,False
TKT0003014,ACC00332,2024-11-24T00:00:00,2024-11-30T00:00:00,low,permissions,False,False
TKT0003015,ACC00332,2024-12-14T00:00:00,2024-12-24T00:00:00,medium,invoice reconciliation,False,False
TKT0003016,ACC00332,2025-06-05T00:00:00,2025-06-05T00:00:00,low,data synchronization,False,False
TKT0003017,ACC00332,2025-08-23T00:00:00,2025-08-30T00:00:00,low,invoice reconciliation,False,False
TKT0003018,ACC00333,2024-03-14T00:00:00,2024-03-14T00:00:00,medium,mobile access,False,False
TKT0003019,ACC00333,2025-08-02T00:00:00,2025-08-09T00:00:00,high,API reliability,False,False
TKT0003020,ACC00333,2024-11-18T00:00:00,2024-11-30T00:00:00,medium,billing configuration,False,False
TKT0003021,ACC00333,2025-02-03T00:00:00,2025-02-15T00:00:00,low,billing configuration,False,False
TKT0003022,ACC00333,2024-02-11T00:00:00,2024-02-25T00:00:00,medium,data synchronization,False,True
TKT0003023,ACC00333,2025-03-14T00:00:00,2025-03-22T00:00:00,low,usage reporting,False,False
TKT0003024,ACC00333,2025-10-19T00:00:00,2025-10-29T00:00:00,high,invoice reconciliation,False,False
TKT0003025,ACC00333,2025-04-06T00:00:00,2025-04-13T00:00:00,critical,renewal terms,False,False
TKT0003026,ACC00333,2025-03-09T00:00:00,2025-03-21T00:00:00,low,invoice reconciliation,False,True
TKT0003027,ACC00334,2024-02-13T00:00:00,2024-02-19T00:00:00,low,integration errors,False,False
TKT0003028,ACC00334,2024-05-28T00:00:00,2024-05-31T00:00:00,high,billing configuration,False,True
TKT0003029,ACC00335,2025-03-26T00:00:00,2025-03-31T00:00:00,high,API reliability,False,False
TKT0003030,ACC00336,2024-02-26T00:00:00,2024-02-29T00:00:00,medium,usage reporting,False,False
TKT0003031,ACC00336,2024-06-21T00:00:00,2024-07-02T00:00:00,low,user provisioning,False,False
TKT0003032,ACC00336,2024-06-06T00:00:00,2024-06-08T00:00:00,medium,mobile access,False,False
TKT0003033,ACC00336,2024-08-09T00:00:00,2024-08-17T00:00:00,medium,billing configuration,False,False
TKT0003034,ACC00336,2024-11-05T00:00:00,2024-11-15T00:00:00,medium,API reliability,False,False
TKT0003035,ACC00336,2024-04-04T00:00:00,2024-04-16T00:00:00,medium,permissions,False,False
TKT0003036,ACC00337,2025-01-09T00:00:00,2025-01-23T00:00:00,low,invoice reconciliation,False,False
TKT0003037,ACC00337,2025-08-22T00:00:00,2025-08-24T00:00:00,medium,permissions,False,False
TKT0003038,ACC00337,2024-12-03T00:00:00,2024-12-04T00:00:00,medium,invoice reconciliation,False,False
TKT0003039,ACC00337,2025-07-01T00:00:00,2025-07-03T00:00:00,medium,dashboard performance,False,False
TKT0003040,ACC00337,2024-09-08T00:00:00,2024-09-11T00:00:00,medium,mobile access,True,False
TKT0003041,ACC00337,2024-08-15T00:00:00,2024-08-22T00:00:00,low,permissions,True,False
TKT0003042,ACC00338,2024-07-20T00:00:00,2024-07-22T00:00:00,medium,renewal terms,False,False
TKT0003043,ACC00338,2024-02-06T00:00:00,2024-02-08T00:00:00,low,renewal terms,False,False
TKT0003044,ACC00338,2024-06-19T00:00:00,2024-07-02T00:00:00,medium,data synchronization,False,False
TKT0003045,ACC00338,2024-05-09T00:00:00,2024-05-13T00:00:00,high,API reliability,False,False
TKT0003046,ACC00339,2024-08-05T00:00:00,2024-08-13T00:00:00,medium,usage reporting,False,False
TKT0003047,ACC00339,2024-10-05T00:00:00,2024-10-17T00:00:00,medium,SSO,False,False
TKT0003048,ACC00339,2024-10-05T00:00:00,2024-10-14T00:00:00,low,billing configuration,False,False
TKT0003049,ACC00339,2024-10-01T00:00:00,2024-10-05T00:00:00,low,usage reporting,False,False
TKT0003050,ACC00339,2024-05-06T00:00:00,2024-05-19T00:00:00,medium,integration errors,False,True
TKT0003051,ACC00339,2024-04-18T00:00:00,2024-04-23T00:00:00,high,report exports,False,False
TKT0003052,ACC00339,2024-04-08T00:00:00,2024-04-22T00:00:00,low,permissions,True,False
TKT0003053,ACC00339,2024-05-28T00:00:00,2024-06-11T00:00:00,low,workflow automation,False,False
TKT0003054,ACC00340,2024-09-28T00:00:00,2024-10-04T00:00:00,medium,dashboard performance,False,False
TKT0003055,ACC00340,2025-03-23T00:00:00,2025-03-25T00:00:00,low,integration errors,False,False
TKT0003056,ACC00340,2024-04-17T00:00:00,2024-04-21T00:00:00,low,renewal terms,True,False
TKT0003057,ACC00340,2024-05-15T00:00:00,2024-05-24T00:00:00,low,billing configuration,False,False
TKT0003058,ACC00340,2025-05-04T00:00:00,2025-05-04T00:00:00,medium,usage reporting,True,False
TKT0003059,ACC00340,2024-09-02T00:00:00,2024-09-05T00:00:00,medium,API reliability,True,False
TKT0003060,ACC00340,2024-09-18T00:00:00,2024-09-30T00:00:00,medium,SSO,False,False
TKT0003061,ACC00340,2024-03-07T00:00:00,2024-03-16T00:00:00,low,invoice reconciliation,False,False
TKT0003062,ACC00340,2024-10-03T00:00:00,2024-10-13T00:00:00,low,usage reporting,False,False
TKT0003063,ACC00340,2024-04-07T00:00:00,2024-04-19T00:00:00,medium,permissions,False,False
TKT0003064,ACC00340,2024-09-06T00:00:00,2024-09-14T00:00:00,medium,permissions,False,False
TKT0003065,ACC00340,2024-02-27T00:00:00,2024-03-03T00:00:00,low,SSO,False,False
TKT0003066,ACC00341,2024-05-10T00:00:00,2024-05-14T00:00:00,low,integration errors,False,False
TKT0003067,ACC00341,2024-08-10T00:00:00,2024-08-12T00:00:00,medium,billing configuration,False,False
TKT0003068,ACC00341,2024-04-09T00:00:00,2024-04-16T00:00:00,low,invoice reconciliation,False,False
TKT0003069,ACC00341,2024-01-19T00:00:00,2024-02-01T00:00:00,high,workflow automation,False,False
TKT0003070,ACC00341,2024-04-15T00:00:00,2024-04-22T00:00:00,medium,usage reporting,False,False
TKT0003071,ACC00341,2024-02-01T00:00:00,2024-02-10T00:00:00,medium,dashboard performance,False,False
TKT0003072,ACC00341,2024-07-05T00:00:00,2024-07-11T00:00:00,medium,integration errors,False,False
TKT0003073,ACC00342,2024-06-19T00:00:00,2024-06-21T00:00:00,low,mobile access,False,False
TKT0003074,ACC00342,2024-11-26T00:00:00,2024-12-01T00:00:00,low,data synchronization,False,False
TKT0003075,ACC00342,2024-07-19T00:00:00,2024-08-01T00:00:00,low,integration errors,False,False
TKT0003076,ACC00342,2024-06-27T00:00:00,2024-07-09T00:00:00,low,usage reporting,False,False
TKT0003077,ACC00342,2025-05-25T00:00:00,2025-06-08T00:00:00,low,dashboard performance,False,False
TKT0003078,ACC00342,2024-01-05T00:00:00,2024-01-08T00:00:00,critical,integration errors,False,False
TKT0003079,ACC00342,2025-06-22T00:00:00,2025-07-06T00:00:00,medium,integration errors,False,False
TKT0003080,ACC00342,2025-02-28T00:00:00,2025-03-11T00:00:00,medium,permissions,False,False
TKT0003081,ACC00342,2024-07-18T00:00:00,2024-07-25T00:00:00,low,SSO,False,False
TKT0003082,ACC00342,2025-06-17T00:00:00,2025-06-27T00:00:00,high,usage reporting,False,False
TKT0003083,ACC00342,2025-05-01T00:00:00,2025-05-05T00:00:00,low,mobile access,False,False
TKT0003084,ACC00342,2024-04-12T00:00:00,2024-04-19T00:00:00,medium,SSO,False,False
TKT0003085,ACC00342,2025-04-16T00:00:00,2025-04-26T00:00:00,low,permissions,False,False
TKT0003086,ACC00342,2024-07-19T00:00:00,2024-07-31T00:00:00,medium,mobile access,False,False
TKT0003087,ACC00343,2024-10-23T00:00:00,2024-11-03T00:00:00,low,renewal terms,False,False
TKT0003088,ACC00343,2025-08-18T00:00:00,2025-08-27T00:00:00,high,invoice reconciliation,False,False
TKT0003089,ACC00343,2024-08-06T00:00:00,2024-08-07T00:00:00,low,dashboard performance,False,False
TKT0003090,ACC00343,2024-01-05T00:00:00,2024-01-09T00:00:00,medium,mobile access,False,False
TKT0003091,ACC00343,2024-12-05T00:00:00,2024-12-19T00:00:00,medium,invoice reconciliation,False,False
TKT0003092,ACC00343,2025-01-20T00:00:00,2025-01-22T00:00:00,low,mobile access,False,False
TKT0003093,ACC00343,2025-02-20T00:00:00,2025-03-05T00:00:00,low,invoice reconciliation,True,False
TKT0003094,ACC00343,2025-10-19T00:00:00,2025-10-26T00:00:00,medium,mobile access,False,False
TKT0003095,ACC00343,2024-05-23T00:00:00,2024-06-03T00:00:00,low,integration errors,False,False
TKT0003096,ACC00343,2024-03-07T00:00:00,2024-03-08T00:00:00,low,billing configuration,False,False
TKT0003097,ACC00343,2024-07-16T00:00:00,2024-07-30T00:00:00,medium,integration errors,False,False
TKT0003098,ACC00344,2024-03-21T00:00:00,2024-04-01T00:00:00,low,report exports,False,False
TKT0003099,ACC00344,2024-06-25T00:00:00,2024-07-01T00:00:00,low,API reliability,False,False
TKT0003100,ACC00344,2024-08-07T00:00:00,2024-08-12T00:00:00,low,workflow automation,False,False
TKT0003101,ACC00344,2024-07-02T00:00:00,2024-07-13T00:00:00,low,invoice reconciliation,False,True
TKT0003102,ACC00344,2024-05-13T00:00:00,2024-05-21T00:00:00,high,permissions,True,True
TKT0003103,ACC00344,2024-08-16T00:00:00,2024-08-16T00:00:00,low,workflow automation,False,False
TKT0003104,ACC00345,2024-04-07T00:00:00,2024-04-11T00:00:00,low,billing configuration,False,False
TKT0003105,ACC00345,2024-07-23T00:00:00,2024-07-24T00:00:00,high,SSO,False,True
TKT0003106,ACC00345,2024-08-18T00:00:00,2024-08-23T00:00:00,low,data synchronization,True,True
TKT0003107,ACC00346,2025-01-18T00:00:00,2025-01-26T00:00:00,medium,invoice reconciliation,False,False
TKT0003108,ACC00346,2024-06-27T00:00:00,2024-07-10T00:00:00,high,data synchronization,False,True
TKT0003109,ACC00346,2025-04-14T00:00:00,2025-04-17T00:00:00,low,integration errors,False,False
TKT0003110,ACC00346,2024-05-25T00:00:00,2024-06-07T00:00:00,medium,integration errors,False,False
TKT0003111,ACC00346,2025-04-01T00:00:00,2025-04-10T00:00:00,critical,usage reporting,False,False
TKT0003112,ACC00346,2025-11-23T00:00:00,2025-12-06T00:00:00,low,dashboard performance,False,False
TKT0003113,ACC00346,2024-09-28T00:00:00,2024-10-07T00:00:00,low,API reliability,False,False
TKT0003114,ACC00346,2025-04-14T00:00:00,2025-04-25T00:00:00,high,invoice reconciliation,True,True
TKT0003115,ACC00346,2025-09-20T00:00:00,2025-10-01T00:00:00,low,data synchronization,False,True
TKT0003116,ACC00346,2024-04-19T00:00:00,2024-04-28T00:00:00,high,SSO,False,False
TKT0003117,ACC00346,2024-01-05T00:00:00,2024-01-10T00:00:00,medium,workflow automation,False,False
TKT0003118,ACC00346,2024-08-02T00:00:00,2024-08-11T00:00:00,medium,dashboard performance,False,False
TKT0003119,ACC00346,2025-12-13T00:00:00,2025-12-16T00:00:00,low,API reliability,False,False
TKT0003120,ACC00346,2024-08-20T00:00:00,2024-08-20T00:00:00,medium,report exports,False,False
TKT0003121,ACC00346,2025-12-03T00:00:00,2025-12-13T00:00:00,high,integration errors,False,False
TKT0003122,ACC00346,2025-01-12T00:00:00,2025-01-13T00:00:00,low,usage reporting,False,False
TKT0003123,ACC00346,2025-02-27T00:00:00,2025-03-13T00:00:00,medium,renewal terms,False,False
TKT0003124,ACC00347,2025-02-03T00:00:00,2025-02-11T00:00:00,high,integration errors,True,False
TKT0003125,ACC00347,2025-05-21T00:00:00,2025-06-01T00:00:00,high,usage reporting,False,False
TKT0003126,ACC00347,2024-08-06T00:00:00,2024-08-15T00:00:00,low,renewal terms,False,False
TKT0003127,ACC00347,2024-01-16T00:00:00,2024-01-18T00:00:00,high,SSO,False,False
TKT0003128,ACC00347,2024-06-23T00:00:00,2024-07-04T00:00:00,medium,usage reporting,False,False
TKT0003129,ACC00347,2024-10-10T00:00:00,2024-10-13T00:00:00,low,data synchronization,False,False
TKT0003130,ACC00347,2024-02-09T00:00:00,2024-02-17T00:00:00,medium,data synchronization,False,False
TKT0003131,ACC00347,2025-04-08T00:00:00,2025-04-11T00:00:00,medium,mobile access,False,False
TKT0003132,ACC00347,2025-10-13T00:00:00,2025-10-14T00:00:00,low,billing configuration,True,False
TKT0003133,ACC00347,2024-07-20T00:00:00,2024-07-23T00:00:00,medium,user provisioning,False,False
TKT0003134,ACC00347,2025-10-15T00:00:00,2025-10-20T00:00:00,medium,workflow automation,False,False
TKT0003135,ACC00347,2024-03-15T00:00:00,2024-03-15T00:00:00,low,billing configuration,False,False
TKT0003136,ACC00347,2025-02-10T00:00:00,2025-02-13T00:00:00,low,data synchronization,False,False
TKT0003137,ACC00347,2024-02-21T00:00:00,2024-02-24T00:00:00,medium,renewal terms,False,False
TKT0003138,ACC00347,2024-10-25T00:00:00,2024-11-01T00:00:00,high,user provisioning,False,False
TKT0003139,ACC00347,2024-11-07T00:00:00,2024-11-20T00:00:00,high,user provisioning,False,False
TKT0003140,ACC00348,2024-03-04T00:00:00,2024-03-05T00:00:00,medium,SSO,False,False
TKT0003141,ACC00348,2024-01-16T00:00:00,2024-01-16T00:00:00,medium,workflow automation,False,False
TKT0003142,ACC00348,2024-09-26T00:00:00,2024-10-09T00:00:00,medium,dashboard performance,False,False
TKT0003143,ACC00348,2024-05-05T00:00:00,2024-05-05T00:00:00,medium,workflow automation,False,False
TKT0003144,ACC00348,2024-09-28T00:00:00,2024-10-09T00:00:00,medium,SSO,False,True
TKT0003145,ACC00348,2024-06-09T00:00:00,2024-06-13T00:00:00,high,mobile access,False,False
TKT0003146,ACC00348,2024-09-27T00:00:00,2024-10-11T00:00:00,high,invoice reconciliation,False,False
TKT0003147,ACC00348,2024-02-01T00:00:00,2024-02-10T00:00:00,low,SSO,False,False
TKT0003148,ACC00348,2024-03-07T00:00:00,2024-03-12T00:00:00,medium,dashboard performance,False,False
TKT0003149,ACC00349,2024-08-12T00:00:00,2024-08-14T00:00:00,medium,mobile access,False,False
TKT0003150,ACC00349,2024-05-04T00:00:00,2024-05-14T00:00:00,medium,renewal terms,False,False
TKT0003151,ACC00349,2024-04-08T00:00:00,2024-04-15T00:00:00,low,data synchronization,False,False
TKT0003152,ACC00350,2024-11-17T00:00:00,2024-11-28T00:00:00,medium,billing configuration,False,False
TKT0003153,ACC00350,2024-05-14T00:00:00,2024-05-15T00:00:00,medium,workflow automation,False,True
TKT0003154,ACC00350,2024-12-01T00:00:00,2024-12-15T00:00:00,high,data synchronization,True,False
TKT0003155,ACC00350,2024-03-20T00:00:00,2024-03-24T00:00:00,low,mobile access,False,False
TKT0003156,ACC00350,2024-11-23T00:00:00,2024-11-27T00:00:00,medium,billing configuration,False,False
TKT0003157,ACC00350,2024-03-15T00:00:00,2024-03-23T00:00:00,low,usage reporting,False,False
TKT0003158,ACC00350,2024-12-02T00:00:00,2024-12-15T00:00:00,low,data synchronization,False,True
TKT0003159,ACC00351,2024-02-28T00:00:00,2024-03-01T00:00:00,medium,billing configuration,False,False
TKT0003160,ACC00351,2024-03-06T00:00:00,2024-03-18T00:00:00,medium,renewal terms,False,False
TKT0003161,ACC00351,2024-09-15T00:00:00,2024-09-18T00:00:00,low,data synchronization,True,True
TKT0003162,ACC00351,2024-09-20T00:00:00,2024-09-27T00:00:00,medium,invoice reconciliation,False,True
TKT0003163,ACC00351,2024-04-18T00:00:00,2024-04-25T00:00:00,low,invoice reconciliation,False,False
TKT0003164,ACC00352,2024-09-16T00:00:00,2024-09-30T00:00:00,medium,workflow automation,False,False
TKT0003165,ACC00352,2024-11-16T00:00:00,2024-11-28T00:00:00,low,SSO,False,False
TKT0003166,ACC00352,2024-02-22T00:00:00,2024-02-29T00:00:00,medium,billing configuration,True,False
TKT0003167,ACC00352,2025-09-21T00:00:00,2025-09-22T00:00:00,medium,mobile access,False,False
TKT0003168,ACC00352,2025-01-09T00:00:00,2025-01-23T00:00:00,high,integration errors,True,True
TKT0003169,ACC00352,2025-04-04T00:00:00,2025-04-04T00:00:00,low,usage reporting,False,False
TKT0003170,ACC00352,2024-02-11T00:00:00,2024-02-12T00:00:00,medium,permissions,False,False
TKT0003171,ACC00352,2024-02-28T00:00:00,2024-03-11T00:00:00,low,renewal terms,False,False
TKT0003172,ACC00352,2025-06-09T00:00:00,2025-06-16T00:00:00,critical,API reliability,False,False
TKT0003173,ACC00352,2025-08-16T00:00:00,2025-08-20T00:00:00,medium,SSO,False,False
TKT0003174,ACC00352,2025-12-01T00:00:00,2025-12-08T00:00:00,medium,report exports,False,False
TKT0003175,ACC00352,2024-11-14T00:00:00,2024-11-15T00:00:00,low,renewal terms,True,False
TKT0003176,ACC00352,2024-12-03T00:00:00,2024-12-15T00:00:00,medium,workflow automation,False,False
TKT0003177,ACC00352,2025-02-28T00:00:00,2025-03-05T00:00:00,low,permissions,True,False
TKT0003178,ACC00352,2024-09-26T00:00:00,2024-10-09T00:00:00,low,dashboard performance,False,False
TKT0003179,ACC00353,2024-09-14T00:00:00,2024-09-17T00:00:00,low,mobile access,False,False
TKT0003180,ACC00353,2024-06-18T00:00:00,2024-06-24T00:00:00,medium,mobile access,False,False
TKT0003181,ACC00353,2024-09-24T00:00:00,2024-09-25T00:00:00,high,integration errors,False,True
TKT0003182,ACC00354,2024-05-02T00:00:00,2024-05-09T00:00:00,medium,dashboard performance,False,False
TKT0003183,ACC00354,2024-09-13T00:00:00,2024-09-24T00:00:00,critical,dashboard performance,False,False
TKT0003184,ACC00354,2024-01-20T00:00:00,2024-01-29T00:00:00,low,invoice reconciliation,False,True
TKT0003185,ACC00354,2024-02-10T00:00:00,2024-02-16T00:00:00,medium,integration errors,False,False
TKT0003186,ACC00355,2024-07-19T00:00:00,2024-07-22T00:00:00,high,renewal terms,False,False
TKT0003187,ACC00355,2024-02-23T00:00:00,2024-03-08T00:00:00,high,data synchronization,False,False
TKT0003188,ACC00355,2024-12-28T00:00:00,2025-01-06T00:00:00,high,SSO,False,False
TKT0003189,ACC00355,2025-01-12T00:00:00,2025-01-16T00:00:00,medium,usage reporting,False,False
TKT0003190,ACC00355,2025-02-08T00:00:00,2025-02-08T00:00:00,high,billing configuration,False,True
TKT0003191,ACC00355,2024-10-07T00:00:00,2024-10-16T00:00:00,medium,dashboard performance,False,True
TKT0003192,ACC00355,2024-01-17T00:00:00,2024-01-28T00:00:00,medium,mobile access,False,False
TKT0003193,ACC00355,2024-06-10T00:00:00,2024-06-19T00:00:00,low,user provisioning,False,False
TKT0003194,ACC00355,2024-01-27T00:00:00,2024-02-06T00:00:00,medium,invoice reconciliation,True,False
TKT0003195,ACC00355,2024-02-12T00:00:00,2024-02-13T00:00:00,critical,report exports,False,False
TKT0003196,ACC00356,2024-04-02T00:00:00,2024-04-05T00:00:00,low,API reliability,False,False
TKT0003197,ACC00356,2024-05-13T00:00:00,2024-05-23T00:00:00,medium,dashboard performance,False,False
TKT0003198,ACC00357,2025-01-13T00:00:00,2025-01-26T00:00:00,high,workflow automation,False,False
TKT0003199,ACC00357,2024-01-08T00:00:00,2024-01-12T00:00:00,medium,report exports,False,False
TKT0003200,ACC00357,2024-10-15T00:00:00,2024-10-15T00:00:00,high,SSO,False,False
TKT0003201,ACC00357,2025-02-28T00:00:00,2025-03-08T00:00:00,high,API reliability,True,True
TKT0003202,ACC00357,2025-07-09T00:00:00,2025-07-17T00:00:00,high,user provisioning,False,False
TKT0003203,ACC00357,2024-02-02T00:00:00,2024-02-15T00:00:00,low,SSO,False,False
TKT0003204,ACC00358,2024-03-13T00:00:00,2024-03-19T00:00:00,high,workflow automation,False,False
TKT0003205,ACC00358,2024-07-14T00:00:00,2024-07-17T00:00:00,low,usage reporting,False,True
TKT0003206,ACC00358,2024-06-13T00:00:00,2024-06-20T00:00:00,medium,report exports,False,False
TKT0003207,ACC00358,2024-07-09T00:00:00,2024-07-15T00:00:00,medium,permissions,False,True
TKT0003208,ACC00359,2025-03-26T00:00:00,2025-03-26T00:00:00,low,mobile access,False,False
TKT0003209,ACC00359,2025-10-04T00:00:00,2025-10-14T00:00:00,low,workflow automation,False,False
TKT0003210,ACC00359,2024-09-07T00:00:00,2024-09-12T00:00:00,low,renewal terms,False,False
TKT0003211,ACC00359,2025-11-28T00:00:00,2025-11-28T00:00:00,high,API reliability,False,False
TKT0003212,ACC00359,2025-03-25T00:00:00,2025-03-28T00:00:00,high,mobile access,False,False
TKT0003213,ACC00359,2025-08-15T00:00:00,2025-08-17T00:00:00,low,report exports,False,False
TKT0003214,ACC00359,2024-07-13T00:00:00,2024-07-23T00:00:00,medium,report exports,False,False
TKT0003215,ACC00359,2025-02-07T00:00:00,2025-02-10T00:00:00,low,workflow automation,False,False
TKT0003216,ACC00359,2025-07-12T00:00:00,2025-07-18T00:00:00,low,billing configuration,False,False
TKT0003217,ACC00360,2025-08-10T00:00:00,2025-08-19T00:00:00,low,data synchronization,False,False
TKT0003218,ACC00360,2025-01-15T00:00:00,2025-01-21T00:00:00,low,SSO,False,False
TKT0003219,ACC00360,2025-05-15T00:00:00,2025-05-20T00:00:00,low,billing configuration,False,False
TKT0003220,ACC00360,2025-09-15T00:00:00,2025-09-29T00:00:00,medium,renewal terms,False,False
TKT0003221,ACC00360,2025-10-16T00:00:00,2025-10-22T00:00:00,medium,billing configuration,False,False
TKT0003222,ACC00360,2025-07-24T00:00:00,2025-08-02T00:00:00,low,permissions,False,False
TKT0003223,ACC00360,2025-09-07T00:00:00,2025-09-18T00:00:00,medium,mobile access,False,True
TKT0003224,ACC00360,2024-04-21T00:00:00,2024-05-05T00:00:00,critical,mobile access,False,False
TKT0003225,ACC00360,2024-10-22T00:00:00,2024-11-01T00:00:00,high,billing configuration,False,False
TKT0003226,ACC00360,2025-09-18T00:00:00,2025-09-22T00:00:00,medium,API reliability,False,False
TKT0003227,ACC00360,2024-05-22T00:00:00,2024-06-01T00:00:00,medium,user provisioning,True,False
TKT0003228,ACC00360,2025-11-24T00:00:00,2025-11-28T00:00:00,critical,renewal terms,False,False
TKT0003229,ACC00360,2024-02-01T00:00:00,2024-02-06T00:00:00,high,dashboard performance,False,False
TKT0003230,ACC00360,2024-07-13T00:00:00,2024-07-18T00:00:00,critical,invoice reconciliation,False,False
TKT0003231,ACC00360,2024-11-08T00:00:00,2024-11-18T00:00:00,low,SSO,False,False
TKT0003232,ACC00361,2024-04-17T00:00:00,2024-04-20T00:00:00,medium,permissions,True,False
TKT0003233,ACC00361,2025-01-02T00:00:00,2025-01-11T00:00:00,low,billing configuration,False,False
TKT0003234,ACC00361,2024-07-28T00:00:00,2024-08-03T00:00:00,medium,SSO,False,False
TKT0003235,ACC00361,2025-08-14T00:00:00,2025-08-16T00:00:00,low,SSO,False,False
TKT0003236,ACC00361,2025-10-09T00:00:00,2025-10-17T00:00:00,high,data synchronization,False,False
TKT0003237,ACC00361,2025-01-13T00:00:00,2025-01-24T00:00:00,low,API reliability,False,False
TKT0003238,ACC00361,2024-10-02T00:00:00,2024-10-06T00:00:00,low,dashboard performance,False,False
TKT0003239,ACC00361,2024-03-10T00:00:00,2024-03-10T00:00:00,medium,billing configuration,False,False
TKT0003240,ACC00361,2025-10-08T00:00:00,2025-10-21T00:00:00,medium,mobile access,False,False
TKT0003241,ACC00361,2025-03-05T00:00:00,2025-03-13T00:00:00,low,API reliability,True,False
TKT0003242,ACC00361,2025-07-08T00:00:00,2025-07-21T00:00:00,low,renewal terms,True,False
TKT0003243,ACC00361,2024-03-09T00:00:00,2024-03-12T00:00:00,medium,usage reporting,False,False
TKT0003244,ACC00361,2025-10-18T00:00:00,2025-10-28T00:00:00,low,mobile access,False,False
TKT0003245,ACC00361,2024-02-12T00:00:00,2024-02-21T00:00:00,low,usage reporting,False,False
TKT0003246,ACC00362,2024-03-28T00:00:00,2024-04-08T00:00:00,low,SSO,False,False
TKT0003247,ACC00362,2024-04-26T00:00:00,2024-05-06T00:00:00,low,workflow automation,False,False
TKT0003248,ACC00362,2024-03-14T00:00:00,2024-03-18T00:00:00,low,report exports,False,False
TKT0003249,ACC00362,2024-07-08T00:00:00,2024-07-11T00:00:00,medium,integration errors,False,True
TKT0003250,ACC00363,2024-10-20T00:00:00,2024-10-28T00:00:00,medium,renewal terms,False,False
TKT0003251,ACC00363,2024-08-10T00:00:00,2024-08-12T00:00:00,high,permissions,False,False
TKT0003252,ACC00363,2024-09-17T00:00:00,2024-09-25T00:00:00,low,integration errors,False,True
TKT0003253,ACC00363,2024-03-14T00:00:00,2024-03-14T00:00:00,low,invoice reconciliation,True,False
TKT0003254,ACC00363,2024-07-24T00:00:00,2024-07-25T00:00:00,medium,mobile access,False,False
TKT0003255,ACC00363,2024-05-12T00:00:00,2024-05-16T00:00:00,low,permissions,False,False
TKT0003256,ACC00363,2024-01-02T00:00:00,2024-01-04T00:00:00,low,integration errors,False,False
TKT0003257,ACC00363,2024-02-06T00:00:00,2024-02-14T00:00:00,medium,report exports,False,False
TKT0003258,ACC00363,2024-06-23T00:00:00,2024-07-04T00:00:00,medium,mobile access,False,False
TKT0003259,ACC00363,2024-06-15T00:00:00,2024-06-29T00:00:00,low,dashboard performance,False,False
TKT0003260,ACC00364,2025-01-22T00:00:00,2025-01-22T00:00:00,low,user provisioning,False,True
TKT0003261,ACC00364,2024-03-14T00:00:00,2024-03-16T00:00:00,low,SSO,True,False
TKT0003262,ACC00364,2025-02-27T00:00:00,2025-03-06T00:00:00,medium,API reliability,False,False
TKT0003263,ACC00364,2024-02-09T00:00:00,2024-02-22T00:00:00,medium,billing configuration,True,False
TKT0003264,ACC00364,2024-08-17T00:00:00,2024-08-20T00:00:00,low,mobile access,False,False
TKT0003265,ACC00364,2024-07-10T00:00:00,2024-07-18T00:00:00,low,billing configuration,False,True
TKT0003266,ACC00364,2024-10-07T00:00:00,2024-10-21T00:00:00,low,workflow automation,False,False
TKT0003267,ACC00364,2024-04-16T00:00:00,2024-04-30T00:00:00,low,report exports,False,False
TKT0003268,ACC00364,2024-09-26T00:00:00,2024-10-07T00:00:00,medium,dashboard performance,False,False
TKT0003269,ACC00364,2025-08-05T00:00:00,2025-08-16T00:00:00,low,permissions,True,False
TKT0003270,ACC00364,2025-04-09T00:00:00,2025-04-10T00:00:00,high,SSO,False,False
TKT0003271,ACC00364,2025-02-09T00:00:00,2025-02-12T00:00:00,low,integration errors,False,False
TKT0003272,ACC00365,2025-03-06T00:00:00,2025-03-20T00:00:00,medium,integration errors,False,False
TKT0003273,ACC00365,2024-08-12T00:00:00,2024-08-25T00:00:00,medium,integration errors,False,False
TKT0003274,ACC00365,2025-03-07T00:00:00,2025-03-08T00:00:00,medium,dashboard performance,False,False
TKT0003275,ACC00365,2025-10-26T00:00:00,2025-11-02T00:00:00,low,invoice reconciliation,False,False
TKT0003276,ACC00365,2025-11-20T00:00:00,2025-11-22T00:00:00,high,invoice reconciliation,False,False
TKT0003277,ACC00365,2025-01-21T00:00:00,2025-01-31T00:00:00,low,report exports,False,False
TKT0003278,ACC00365,2024-07-17T00:00:00,2024-07-18T00:00:00,medium,dashboard performance,False,False
TKT0003279,ACC00365,2024-02-18T00:00:00,2024-02-29T00:00:00,high,API reliability,False,False
TKT0003280,ACC00365,2025-05-28T00:00:00,2025-06-11T00:00:00,low,dashboard performance,False,False
TKT0003281,ACC00365,2024-11-08T00:00:00,2024-11-12T00:00:00,low,invoice reconciliation,False,False
TKT0003282,ACC00365,2025-07-11T00:00:00,2025-07-18T00:00:00,medium,data synchronization,False,False
TKT0003283,ACC00365,2024-10-12T00:00:00,2024-10-20T00:00:00,low,billing configuration,False,False
TKT0003284,ACC00365,2024-01-18T00:00:00,2024-01-26T00:00:00,high,workflow automation,False,False
TKT0003285,ACC00365,2025-09-28T00:00:00,2025-10-02T00:00:00,low,API reliability,False,False
TKT0003286,ACC00365,2025-08-02T00:00:00,2025-08-04T00:00:00,low,dashboard performance,False,False
TKT0003287,ACC00365,2024-08-23T00:00:00,2024-08-23T00:00:00,medium,workflow automation,False,False
TKT0003288,ACC00366,2024-10-12T00:00:00,2024-10-24T00:00:00,low,mobile access,False,False
TKT0003289,ACC00366,2024-03-26T00:00:00,2024-03-28T00:00:00,low,mobile access,False,False
TKT0003290,ACC00366,2024-08-13T00:00:00,2024-08-15T00:00:00,critical,integration errors,False,False
TKT0003291,ACC00366,2025-01-15T00:00:00,2025-01-28T00:00:00,medium,dashboard performance,False,False
TKT0003292,ACC00366,2025-08-05T00:00:00,2025-08-16T00:00:00,high,user provisioning,False,True
TKT0003293,ACC00366,2024-06-20T00:00:00,2024-06-21T00:00:00,medium,invoice reconciliation,False,False
TKT0003294,ACC00366,2024-05-26T00:00:00,2024-05-27T00:00:00,low,user provisioning,False,False
TKT0003295,ACC00366,2025-09-04T00:00:00,2025-09-05T00:00:00,medium,dashboard performance,False,True
TKT0003296,ACC00366,2025-05-10T00:00:00,2025-05-23T00:00:00,medium,invoice reconciliation,False,False
TKT0003297,ACC00366,2024-07-21T00:00:00,2024-07-22T00:00:00,critical,data synchronization,True,False
TKT0003298,ACC00366,2024-02-14T00:00:00,2024-02-22T00:00:00,low,dashboard performance,False,True
TKT0003299,ACC00366,2024-03-10T00:00:00,2024-03-14T00:00:00,low,renewal terms,True,False
TKT0003300,ACC00366,2025-10-25T00:00:00,2025-11-01T00:00:00,medium,permissions,False,False
TKT0003301,ACC00366,2025-05-06T00:00:00,2025-05-06T00:00:00,low,API reliability,True,False
TKT0003302,ACC00366,2024-01-22T00:00:00,2024-01-26T00:00:00,low,dashboard performance,False,False
TKT0003303,ACC00366,2024-02-14T00:00:00,2024-02-28T00:00:00,low,workflow automation,False,False
TKT0003304,ACC00367,2024-10-07T00:00:00,2024-10-10T00:00:00,medium,SSO,False,False
TKT0003305,ACC00367,2025-08-20T00:00:00,2025-08-23T00:00:00,medium,integration errors,False,False
TKT0003306,ACC00367,2025-11-01T00:00:00,2025-11-13T00:00:00,medium,usage reporting,False,False
TKT0003307,ACC00367,2024-01-25T00:00:00,2024-01-30T00:00:00,low,report exports,False,False
TKT0003308,ACC00367,2024-09-16T00:00:00,2024-09-21T00:00:00,medium,dashboard performance,False,False
TKT0003309,ACC00367,2024-08-20T00:00:00,2024-09-02T00:00:00,medium,data synchronization,False,False
TKT0003310,ACC00367,2024-04-05T00:00:00,2024-04-19T00:00:00,medium,user provisioning,False,False
TKT0003311,ACC00367,2024-05-18T00:00:00,2024-05-28T00:00:00,low,data synchronization,False,False
TKT0003312,ACC00367,2024-06-21T00:00:00,2024-06-24T00:00:00,medium,API reliability,False,False
TKT0003313,ACC00367,2025-12-07T00:00:00,2025-12-11T00:00:00,low,data synchronization,False,False
TKT0003314,ACC00367,2025-12-02T00:00:00,2025-12-07T00:00:00,low,API reliability,False,False
TKT0003315,ACC00367,2024-03-01T00:00:00,2024-03-13T00:00:00,low,invoice reconciliation,False,False
TKT0003316,ACC00367,2024-06-27T00:00:00,2024-06-29T00:00:00,medium,SSO,False,False
TKT0003317,ACC00367,2024-11-25T00:00:00,2024-11-28T00:00:00,medium,dashboard performance,False,False
TKT0003318,ACC00368,2025-10-26T00:00:00,2025-10-30T00:00:00,low,workflow automation,False,False
TKT0003319,ACC00368,2024-09-05T00:00:00,2024-09-17T00:00:00,medium,dashboard performance,False,False
TKT0003320,ACC00368,2025-03-15T00:00:00,2025-03-29T00:00:00,medium,renewal terms,False,False
TKT0003321,ACC00368,2024-09-03T00:00:00,2024-09-12T00:00:00,low,integration errors,False,False
TKT0003322,ACC00368,2024-05-12T00:00:00,2024-05-25T00:00:00,low,data synchronization,False,False
TKT0003323,ACC00368,2024-01-10T00:00:00,2024-01-10T00:00:00,low,report exports,False,False
TKT0003324,ACC00368,2025-07-08T00:00:00,2025-07-22T00:00:00,medium,SSO,True,False
TKT0003325,ACC00368,2024-05-26T00:00:00,2024-06-05T00:00:00,medium,usage reporting,False,False
TKT0003326,ACC00368,2024-11-26T00:00:00,2024-12-05T00:00:00,low,usage reporting,False,False
TKT0003327,ACC00368,2025-10-27T00:00:00,2025-11-10T00:00:00,low,SSO,False,False
TKT0003328,ACC00368,2025-11-26T00:00:00,2025-12-01T00:00:00,low,usage reporting,False,False
TKT0003329,ACC00368,2024-01-02T00:00:00,2024-01-04T00:00:00,low,SSO,False,False
TKT0003330,ACC00368,2024-03-16T00:00:00,2024-03-27T00:00:00,low,SSO,True,False
TKT0003331,ACC00368,2024-06-12T00:00:00,2024-06-23T00:00:00,medium,user provisioning,False,False
TKT0003332,ACC00368,2025-05-06T00:00:00,2025-05-09T00:00:00,medium,permissions,False,False
TKT0003333,ACC00368,2025-03-28T00:00:00,2025-03-31T00:00:00,medium,integration errors,False,False
TKT0003334,ACC00369,2024-11-19T00:00:00,2024-12-03T00:00:00,low,permissions,False,False
TKT0003335,ACC00369,2024-02-24T00:00:00,2024-03-08T00:00:00,low,mobile access,False,False
TKT0003336,ACC00369,2024-09-09T00:00:00,2024-09-20T00:00:00,low,SSO,False,False
TKT0003337,ACC00369,2024-10-27T00:00:00,2024-11-05T00:00:00,high,data synchronization,False,False
TKT0003338,ACC00369,2024-11-11T00:00:00,2024-11-18T00:00:00,low,billing configuration,False,False
TKT0003339,ACC00370,2025-05-20T00:00:00,2025-05-30T00:00:00,high,permissions,False,False
TKT0003340,ACC00370,2025-07-06T00:00:00,2025-07-19T00:00:00,high,invoice reconciliation,False,False
TKT0003341,ACC00370,2024-05-16T00:00:00,2024-05-17T00:00:00,medium,billing configuration,False,False
TKT0003342,ACC00370,2024-05-27T00:00:00,2024-05-30T00:00:00,high,dashboard performance,False,False
TKT0003343,ACC00370,2025-11-19T00:00:00,2025-11-22T00:00:00,medium,usage reporting,False,False
TKT0003344,ACC00370,2025-02-12T00:00:00,2025-02-17T00:00:00,low,SSO,False,False
TKT0003345,ACC00370,2025-05-27T00:00:00,2025-05-29T00:00:00,low,mobile access,False,False
TKT0003346,ACC00370,2025-03-17T00:00:00,2025-03-22T00:00:00,low,dashboard performance,False,False
TKT0003347,ACC00370,2025-11-05T00:00:00,2025-11-09T00:00:00,medium,user provisioning,False,False
TKT0003348,ACC00370,2025-11-16T00:00:00,2025-11-27T00:00:00,high,integration errors,False,True
TKT0003349,ACC00370,2025-04-05T00:00:00,2025-04-19T00:00:00,high,permissions,False,False
TKT0003350,ACC00370,2024-04-03T00:00:00,2024-04-05T00:00:00,low,billing configuration,False,False
TKT0003351,ACC00370,2025-05-21T00:00:00,2025-06-01T00:00:00,low,invoice reconciliation,False,False
TKT0003352,ACC00370,2024-02-04T00:00:00,2024-02-11T00:00:00,medium,mobile access,False,True
TKT0003353,ACC00370,2024-05-22T00:00:00,2024-05-27T00:00:00,low,user provisioning,False,False
TKT0003354,ACC00370,2024-04-27T00:00:00,2024-05-01T00:00:00,low,report exports,False,False
TKT0003355,ACC00370,2024-09-15T00:00:00,2024-09-23T00:00:00,medium,data synchronization,False,False
TKT0003356,ACC00371,2024-02-25T00:00:00,2024-03-10T00:00:00,low,integration errors,False,False
TKT0003357,ACC00371,2024-03-08T00:00:00,2024-03-17T00:00:00,low,API reliability,False,False
TKT0003358,ACC00371,2024-06-26T00:00:00,2024-06-30T00:00:00,high,invoice reconciliation,False,False
TKT0003359,ACC00371,2025-03-11T00:00:00,2025-03-22T00:00:00,medium,integration errors,False,False
TKT0003360,ACC00371,2024-09-18T00:00:00,2024-09-23T00:00:00,low,permissions,False,False
TKT0003361,ACC00371,2024-12-24T00:00:00,2025-01-01T00:00:00,medium,permissions,False,False
TKT0003362,ACC00371,2025-03-05T00:00:00,2025-03-14T00:00:00,low,report exports,False,False
TKT0003363,ACC00371,2024-07-18T00:00:00,2024-07-26T00:00:00,critical,mobile access,False,False
TKT0003364,ACC00371,2024-06-10T00:00:00,2024-06-24T00:00:00,low,user provisioning,False,False
TKT0003365,ACC00371,2024-12-03T00:00:00,2024-12-16T00:00:00,low,renewal terms,False,False
TKT0003366,ACC00371,2024-02-24T00:00:00,2024-03-04T00:00:00,high,permissions,False,False
TKT0003367,ACC00371,2024-10-02T00:00:00,2024-10-04T00:00:00,medium,dashboard performance,False,False
TKT0003368,ACC00371,2024-04-27T00:00:00,2024-04-30T00:00:00,high,dashboard performance,False,False
TKT0003369,ACC00372,2024-01-19T00:00:00,2024-01-20T00:00:00,low,usage reporting,False,False
TKT0003370,ACC00372,2024-09-05T00:00:00,2024-09-11T00:00:00,low,workflow automation,False,False
TKT0003371,ACC00372,2025-08-11T00:00:00,2025-08-17T00:00:00,high,billing configuration,False,True
TKT0003372,ACC00372,2024-06-24T00:00:00,2024-07-06T00:00:00,low,invoice reconciliation,False,False
TKT0003373,ACC00372,2025-03-07T00:00:00,2025-03-08T00:00:00,low,integration errors,True,False
TKT0003374,ACC00372,2025-01-14T00:00:00,2025-01-17T00:00:00,low,mobile access,False,False
TKT0003375,ACC00372,2024-05-17T00:00:00,2024-05-21T00:00:00,medium,permissions,False,False
TKT0003376,ACC00372,2024-02-22T00:00:00,2024-02-22T00:00:00,medium,permissions,False,False
TKT0003377,ACC00372,2025-07-14T00:00:00,2025-07-26T00:00:00,medium,SSO,False,False
TKT0003378,ACC00372,2024-11-16T00:00:00,2024-11-27T00:00:00,medium,renewal terms,False,False
TKT0003379,ACC00373,2024-08-02T00:00:00,2024-08-13T00:00:00,low,user provisioning,False,True
TKT0003380,ACC00373,2025-07-05T00:00:00,2025-07-12T00:00:00,critical,workflow automation,False,True
TKT0003381,ACC00373,2024-05-14T00:00:00,2024-05-27T00:00:00,low,dashboard performance,False,False
TKT0003382,ACC00373,2025-07-25T00:00:00,2025-07-29T00:00:00,low,user provisioning,False,False
TKT0003383,ACC00373,2024-11-08T00:00:00,2024-11-09T00:00:00,medium,report exports,False,False
TKT0003384,ACC00373,2024-06-10T00:00:00,2024-06-15T00:00:00,low,usage reporting,False,False
TKT0003385,ACC00373,2024-12-15T00:00:00,2024-12-24T00:00:00,low,dashboard performance,False,False
TKT0003386,ACC00373,2025-05-05T00:00:00,2025-05-18T00:00:00,medium,usage reporting,True,False
TKT0003387,ACC00373,2024-11-07T00:00:00,2024-11-18T00:00:00,medium,API reliability,False,False
TKT0003388,ACC00373,2024-04-27T00:00:00,2024-04-28T00:00:00,low,report exports,False,False
TKT0003389,ACC00373,2024-06-12T00:00:00,2024-06-18T00:00:00,medium,data synchronization,False,False
TKT0003390,ACC00373,2025-05-02T00:00:00,2025-05-05T00:00:00,low,integration errors,True,False
TKT0003391,ACC00373,2024-03-04T00:00:00,2024-03-15T00:00:00,low,permissions,False,False
TKT0003392,ACC00374,2024-02-03T00:00:00,2024-02-17T00:00:00,medium,permissions,False,False
TKT0003393,ACC00374,2024-10-27T00:00:00,2024-11-09T00:00:00,medium,dashboard performance,False,False
TKT0003394,ACC00374,2024-06-11T00:00:00,2024-06-11T00:00:00,medium,API reliability,False,False
TKT0003395,ACC00374,2024-05-19T00:00:00,2024-05-28T00:00:00,low,integration errors,False,True
TKT0003396,ACC00374,2024-08-06T00:00:00,2024-08-16T00:00:00,medium,billing configuration,False,False
TKT0003397,ACC00374,2024-01-04T00:00:00,2024-01-13T00:00:00,medium,dashboard performance,False,False
TKT0003398,ACC00374,2024-09-13T00:00:00,2024-09-25T00:00:00,medium,invoice reconciliation,False,False
TKT0003399,ACC00374,2025-02-09T00:00:00,2025-02-17T00:00:00,high,mobile access,False,False
TKT0003400,ACC00374,2024-08-06T00:00:00,2024-08-17T00:00:00,low,permissions,False,False
TKT0003401,ACC00374,2024-11-23T00:00:00,2024-11-25T00:00:00,medium,user provisioning,False,False
TKT0003402,ACC00374,2024-02-25T00:00:00,2024-03-09T00:00:00,medium,data synchronization,False,False
TKT0003403,ACC00374,2025-04-11T00:00:00,2025-04-12T00:00:00,low,API reliability,False,True
TKT0003404,ACC00374,2024-06-18T00:00:00,2024-06-20T00:00:00,high,renewal terms,False,False
TKT0003405,ACC00375,2024-04-09T00:00:00,2024-04-17T00:00:00,low,integration errors,False,False
TKT0003406,ACC00375,2024-03-17T00:00:00,2024-03-27T00:00:00,medium,mobile access,False,False
TKT0003407,ACC00376,2025-04-04T00:00:00,2025-04-17T00:00:00,low,report exports,False,False
TKT0003408,ACC00376,2024-07-24T00:00:00,2024-07-29T00:00:00,medium,invoice reconciliation,False,False
TKT0003409,ACC00376,2024-11-04T00:00:00,2024-11-07T00:00:00,low,API reliability,False,False
TKT0003410,ACC00376,2024-12-24T00:00:00,2025-01-06T00:00:00,low,data synchronization,True,True
TKT0003411,ACC00376,2024-02-14T00:00:00,2024-02-27T00:00:00,medium,SSO,False,False
TKT0003412,ACC00376,2025-02-24T00:00:00,2025-03-05T00:00:00,high,billing configuration,True,False
TKT0003413,ACC00376,2024-05-04T00:00:00,2024-05-04T00:00:00,low,permissions,False,True
TKT0003414,ACC00376,2024-05-23T00:00:00,2024-05-23T00:00:00,low,billing configuration,False,False
TKT0003415,ACC00376,2024-08-04T00:00:00,2024-08-10T00:00:00,high,integration errors,False,False
TKT0003416,ACC00377,2024-08-11T00:00:00,2024-08-18T00:00:00,medium,invoice reconciliation,False,False
TKT0003417,ACC00377,2025-01-28T00:00:00,2025-02-08T00:00:00,low,API reliability,False,False
TKT0003418,ACC00377,2025-01-14T00:00:00,2025-01-22T00:00:00,medium,SSO,False,False
TKT0003419,ACC00377,2024-07-01T00:00:00,2024-07-06T00:00:00,high,report exports,False,False
TKT0003420,ACC00377,2025-12-24T00:00:00,2026-01-05T00:00:00,medium,data synchronization,False,False
TKT0003421,ACC00377,2025-02-11T00:00:00,2025-02-25T00:00:00,low,SSO,False,False
TKT0003422,ACC00377,2025-12-27T00:00:00,2025-12-28T00:00:00,low,data synchronization,False,False
TKT0003423,ACC00377,2024-03-03T00:00:00,2024-03-03T00:00:00,low,workflow automation,False,False
TKT0003424,ACC00377,2024-10-24T00:00:00,2024-10-31T00:00:00,medium,renewal terms,False,False
TKT0003425,ACC00377,2024-10-12T00:00:00,2024-10-14T00:00:00,medium,permissions,False,False
TKT0003426,ACC00377,2025-05-25T00:00:00,2025-06-03T00:00:00,low,report exports,False,False
TKT0003427,ACC00377,2024-05-25T00:00:00,2024-06-02T00:00:00,low,permissions,False,False
TKT0003428,ACC00377,2024-12-18T00:00:00,2024-12-25T00:00:00,low,report exports,False,False
TKT0003429,ACC00377,2025-11-08T00:00:00,2025-11-20T00:00:00,medium,billing configuration,False,False
TKT0003430,ACC00377,2025-08-23T00:00:00,2025-08-30T00:00:00,medium,dashboard performance,False,False
TKT0003431,ACC00377,2024-01-28T00:00:00,2024-02-05T00:00:00,medium,data synchronization,False,False
TKT0003432,ACC00377,2024-04-18T00:00:00,2024-05-02T00:00:00,low,data synchronization,False,False
TKT0003433,ACC00378,2024-12-02T00:00:00,2024-12-14T00:00:00,medium,permissions,False,False
TKT0003434,ACC00378,2024-10-28T00:00:00,2024-11-06T00:00:00,low,billing configuration,False,False
TKT0003435,ACC00378,2024-12-27T00:00:00,2025-01-10T00:00:00,medium,API reliability,False,False
TKT0003436,ACC00378,2024-01-01T00:00:00,2024-01-04T00:00:00,high,user provisioning,False,False
TKT0003437,ACC00378,2024-01-17T00:00:00,2024-01-20T00:00:00,high,usage reporting,False,False
TKT0003438,ACC00378,2024-03-26T00:00:00,2024-04-05T00:00:00,low,user provisioning,False,False
TKT0003439,ACC00379,2024-08-10T00:00:00,2024-08-17T00:00:00,medium,invoice reconciliation,False,False
TKT0003440,ACC00379,2024-10-28T00:00:00,2024-11-02T00:00:00,high,renewal terms,False,False
TKT0003441,ACC00379,2024-06-19T00:00:00,2024-06-20T00:00:00,low,usage reporting,False,False
TKT0003442,ACC00379,2025-09-09T00:00:00,2025-09-20T00:00:00,low,dashboard performance,False,False
TKT0003443,ACC00379,2024-12-19T00:00:00,2024-12-22T00:00:00,low,data synchronization,False,False
TKT0003444,ACC00379,2024-03-12T00:00:00,2024-03-14T00:00:00,low,user provisioning,False,False
TKT0003445,ACC00379,2024-07-17T00:00:00,2024-07-19T00:00:00,high,usage reporting,False,False
TKT0003446,ACC00379,2025-10-25T00:00:00,2025-11-08T00:00:00,low,usage reporting,False,True
TKT0003447,ACC00379,2025-06-22T00:00:00,2025-07-06T00:00:00,low,invoice reconciliation,False,False
TKT0003448,ACC00379,2025-12-02T00:00:00,2025-12-03T00:00:00,low,SSO,False,False
TKT0003449,ACC00379,2024-06-02T00:00:00,2024-06-10T00:00:00,low,renewal terms,False,False
TKT0003450,ACC00380,2024-08-14T00:00:00,2024-08-28T00:00:00,low,user provisioning,False,False
TKT0003451,ACC00380,2024-08-24T00:00:00,2024-08-27T00:00:00,medium,mobile access,False,False
TKT0003452,ACC00380,2024-06-13T00:00:00,2024-06-22T00:00:00,low,user provisioning,False,False
TKT0003453,ACC00380,2024-09-17T00:00:00,2024-09-24T00:00:00,medium,data synchronization,False,False
TKT0003454,ACC00380,2024-08-04T00:00:00,2024-08-07T00:00:00,low,invoice reconciliation,False,False
TKT0003455,ACC00380,2024-10-19T00:00:00,2024-10-19T00:00:00,low,user provisioning,False,False
TKT0003456,ACC00380,2024-06-25T00:00:00,2024-07-08T00:00:00,medium,report exports,True,False
TKT0003457,ACC00381,2024-12-05T00:00:00,2024-12-07T00:00:00,medium,renewal terms,False,False
TKT0003458,ACC00381,2024-06-11T00:00:00,2024-06-25T00:00:00,medium,permissions,False,False
TKT0003459,ACC00381,2024-04-22T00:00:00,2024-04-28T00:00:00,low,integration errors,False,False
TKT0003460,ACC00381,2024-10-10T00:00:00,2024-10-21T00:00:00,high,invoice reconciliation,False,False
TKT0003461,ACC00381,2024-12-08T00:00:00,2024-12-19T00:00:00,low,workflow automation,False,False
TKT0003462,ACC00381,2024-09-02T00:00:00,2024-09-10T00:00:00,medium,usage reporting,False,True
TKT0003463,ACC00381,2024-11-25T00:00:00,2024-11-30T00:00:00,high,user provisioning,False,False
TKT0003464,ACC00382,2025-04-04T00:00:00,2025-04-04T00:00:00,medium,permissions,False,False
TKT0003465,ACC00382,2024-04-24T00:00:00,2024-05-02T00:00:00,low,invoice reconciliation,False,False
TKT0003466,ACC00382,2024-02-14T00:00:00,2024-02-28T00:00:00,medium,user provisioning,False,False
TKT0003467,ACC00382,2025-07-11T00:00:00,2025-07-20T00:00:00,medium,renewal terms,False,False
TKT0003468,ACC00382,2024-03-25T00:00:00,2024-04-06T00:00:00,low,user provisioning,False,False
TKT0003469,ACC00382,2025-09-17T00:00:00,2025-09-30T00:00:00,low,API reliability,False,True
TKT0003470,ACC00382,2024-11-28T00:00:00,2024-12-03T00:00:00,high,data synchronization,False,True
TKT0003471,ACC00382,2025-09-20T00:00:00,2025-09-21T00:00:00,low,invoice reconciliation,False,False
TKT0003472,ACC00382,2025-02-03T00:00:00,2025-02-06T00:00:00,high,integration errors,False,False
TKT0003473,ACC00382,2024-05-27T00:00:00,2024-06-09T00:00:00,high,renewal terms,False,False
TKT0003474,ACC00382,2025-01-26T00:00:00,2025-02-06T00:00:00,low,dashboard performance,False,False
TKT0003475,ACC00383,2024-02-12T00:00:00,2024-02-19T00:00:00,low,API reliability,False,False
TKT0003476,ACC00383,2024-03-19T00:00:00,2024-03-19T00:00:00,high,billing configuration,False,False
TKT0003477,ACC00383,2024-05-02T00:00:00,2024-05-11T00:00:00,low,mobile access,False,False
TKT0003478,ACC00383,2024-05-20T00:00:00,2024-05-20T00:00:00,low,usage reporting,False,False
TKT0003479,ACC00383,2024-07-11T00:00:00,2024-07-20T00:00:00,low,renewal terms,False,False
TKT0003480,ACC00383,2024-03-16T00:00:00,2024-03-27T00:00:00,medium,SSO,True,False
TKT0003481,ACC00383,2024-03-18T00:00:00,2024-04-01T00:00:00,critical,renewal terms,False,False
TKT0003482,ACC00383,2024-06-26T00:00:00,2024-06-29T00:00:00,medium,dashboard performance,False,False
TKT0003483,ACC00383,2024-05-14T00:00:00,2024-05-18T00:00:00,low,usage reporting,False,False
TKT0003484,ACC00383,2024-04-14T00:00:00,2024-04-25T00:00:00,medium,API reliability,True,False
TKT0003485,ACC00384,2024-02-09T00:00:00,2024-02-19T00:00:00,medium,integration errors,False,False
TKT0003486,ACC00384,2025-09-02T00:00:00,2025-09-14T00:00:00,low,report exports,False,False
TKT0003487,ACC00384,2024-02-05T00:00:00,2024-02-19T00:00:00,high,report exports,False,False
TKT0003488,ACC00384,2024-05-10T00:00:00,2024-05-18T00:00:00,low,SSO,False,False
TKT0003489,ACC00384,2025-04-06T00:00:00,2025-04-07T00:00:00,low,mobile access,False,False
TKT0003490,ACC00384,2024-08-20T00:00:00,2024-08-21T00:00:00,high,SSO,False,False
TKT0003491,ACC00384,2024-09-18T00:00:00,2024-09-19T00:00:00,medium,data synchronization,True,False
TKT0003492,ACC00384,2024-04-12T00:00:00,2024-04-26T00:00:00,critical,report exports,False,False
TKT0003493,ACC00385,2024-03-04T00:00:00,2024-03-11T00:00:00,low,integration errors,False,False
TKT0003494,ACC00385,2024-06-14T00:00:00,2024-06-21T00:00:00,high,invoice reconciliation,False,False
TKT0003495,ACC00385,2024-01-06T00:00:00,2024-01-13T00:00:00,low,billing configuration,False,False
TKT0003496,ACC00385,2024-09-26T00:00:00,2024-10-01T00:00:00,medium,API reliability,False,False
TKT0003497,ACC00385,2024-08-12T00:00:00,2024-08-17T00:00:00,medium,SSO,False,False
TKT0003498,ACC00385,2024-07-01T00:00:00,2024-07-04T00:00:00,low,usage reporting,False,False
TKT0003499,ACC00386,2024-10-13T00:00:00,2024-10-23T00:00:00,medium,workflow automation,False,False
TKT0003500,ACC00386,2025-08-06T00:00:00,2025-08-20T00:00:00,low,invoice reconciliation,False,False
TKT0003501,ACC00386,2024-03-23T00:00:00,2024-03-24T00:00:00,low,report exports,False,False
TKT0003502,ACC00386,2025-10-25T00:00:00,2025-10-28T00:00:00,medium,usage reporting,False,False
TKT0003503,ACC00386,2025-07-28T00:00:00,2025-07-29T00:00:00,low,invoice reconciliation,False,False
TKT0003504,ACC00386,2024-06-18T00:00:00,2024-06-19T00:00:00,medium,workflow automation,False,False
TKT0003505,ACC00386,2025-02-20T00:00:00,2025-03-01T00:00:00,medium,SSO,False,False
TKT0003506,ACC00386,2024-02-21T00:00:00,2024-03-06T00:00:00,low,dashboard performance,False,False
TKT0003507,ACC00386,2024-03-05T00:00:00,2024-03-11T00:00:00,medium,usage reporting,False,False
TKT0003508,ACC00386,2025-03-10T00:00:00,2025-03-19T00:00:00,medium,permissions,False,False
TKT0003509,ACC00386,2025-06-04T00:00:00,2025-06-18T00:00:00,low,mobile access,False,False
TKT0003510,ACC00386,2025-10-27T00:00:00,2025-11-10T00:00:00,high,billing configuration,False,False
TKT0003511,ACC00386,2024-07-14T00:00:00,2024-07-14T00:00:00,high,data synchronization,False,False
TKT0003512,ACC00386,2024-04-20T00:00:00,2024-05-01T00:00:00,high,billing configuration,False,False
TKT0003513,ACC00386,2025-09-07T00:00:00,2025-09-10T00:00:00,medium,report exports,True,False
TKT0003514,ACC00386,2024-03-24T00:00:00,2024-03-28T00:00:00,medium,workflow automation,False,False
TKT0003515,ACC00386,2024-08-22T00:00:00,2024-09-03T00:00:00,medium,SSO,False,False
TKT0003516,ACC00387,2024-06-25T00:00:00,2024-07-02T00:00:00,medium,permissions,False,False
TKT0003517,ACC00387,2024-01-20T00:00:00,2024-01-30T00:00:00,low,API reliability,False,False
TKT0003518,ACC00387,2024-05-21T00:00:00,2024-05-22T00:00:00,high,dashboard performance,False,False
TKT0003519,ACC00387,2024-12-04T00:00:00,2024-12-08T00:00:00,medium,usage reporting,True,False
TKT0003520,ACC00387,2024-08-25T00:00:00,2024-08-28T00:00:00,low,mobile access,False,False
TKT0003521,ACC00387,2024-11-15T00:00:00,2024-11-21T00:00:00,high,SSO,False,False
TKT0003522,ACC00387,2025-10-18T00:00:00,2025-10-23T00:00:00,medium,permissions,False,False
TKT0003523,ACC00387,2025-05-05T00:00:00,2025-05-14T00:00:00,high,SSO,False,False
TKT0003524,ACC00387,2024-11-12T00:00:00,2024-11-18T00:00:00,low,workflow automation,True,False
TKT0003525,ACC00387,2025-01-19T00:00:00,2025-01-30T00:00:00,low,usage reporting,False,False
TKT0003526,ACC00387,2024-02-10T00:00:00,2024-02-23T00:00:00,high,mobile access,False,False
TKT0003527,ACC00387,2024-11-20T00:00:00,2024-11-29T00:00:00,low,permissions,False,False
TKT0003528,ACC00387,2025-01-22T00:00:00,2025-02-01T00:00:00,low,data synchronization,False,False
TKT0003529,ACC00387,2024-01-14T00:00:00,2024-01-27T00:00:00,medium,billing configuration,False,False
TKT0003530,ACC00387,2025-08-06T00:00:00,2025-08-18T00:00:00,medium,SSO,True,False
TKT0003531,ACC00388,2024-05-11T00:00:00,2024-05-23T00:00:00,high,workflow automation,False,False
TKT0003532,ACC00388,2024-06-08T00:00:00,2024-06-21T00:00:00,low,data synchronization,False,False
TKT0003533,ACC00389,2024-07-14T00:00:00,2024-07-21T00:00:00,high,dashboard performance,False,False
TKT0003534,ACC00389,2024-06-25T00:00:00,2024-06-25T00:00:00,low,user provisioning,False,False
TKT0003535,ACC00389,2024-09-12T00:00:00,2024-09-22T00:00:00,medium,dashboard performance,False,False
TKT0003536,ACC00389,2024-10-06T00:00:00,2024-10-09T00:00:00,low,usage reporting,False,True
TKT0003537,ACC00389,2024-04-17T00:00:00,2024-04-20T00:00:00,high,renewal terms,False,False
TKT0003538,ACC00389,2024-02-22T00:00:00,2024-02-28T00:00:00,medium,mobile access,False,False
TKT0003539,ACC00389,2024-04-09T00:00:00,2024-04-21T00:00:00,medium,renewal terms,True,False
TKT0003540,ACC00390,2024-01-26T00:00:00,2024-02-08T00:00:00,high,SSO,False,False
TKT0003541,ACC00390,2024-01-12T00:00:00,2024-01-14T00:00:00,low,data synchronization,False,False
TKT0003542,ACC00390,2025-10-27T00:00:00,2025-11-05T00:00:00,low,invoice reconciliation,False,False
TKT0003543,ACC00390,2024-12-25T00:00:00,2025-01-06T00:00:00,low,invoice reconciliation,True,False
TKT0003544,ACC00390,2025-10-18T00:00:00,2025-10-25T00:00:00,low,invoice reconciliation,False,False
TKT0003545,ACC00390,2024-11-03T00:00:00,2024-11-15T00:00:00,medium,permissions,False,False
TKT0003546,ACC00390,2025-12-14T00:00:00,2025-12-15T00:00:00,low,renewal terms,False,True
TKT0003547,ACC00390,2025-09-27T00:00:00,2025-09-27T00:00:00,medium,integration errors,False,False
TKT0003548,ACC00390,2024-07-05T00:00:00,2024-07-05T00:00:00,low,usage reporting,False,False
TKT0003549,ACC00390,2024-10-02T00:00:00,2024-10-10T00:00:00,high,integration errors,False,False
TKT0003550,ACC00390,2025-04-15T00:00:00,2025-04-25T00:00:00,low,workflow automation,False,False
TKT0003551,ACC00390,2024-01-20T00:00:00,2024-01-23T00:00:00,low,usage reporting,False,False
TKT0003552,ACC00390,2024-03-18T00:00:00,2024-03-20T00:00:00,medium,billing configuration,False,False
TKT0003553,ACC00390,2025-08-12T00:00:00,2025-08-25T00:00:00,medium,user provisioning,False,False
TKT0003554,ACC00390,2025-07-15T00:00:00,2025-07-18T00:00:00,low,permissions,False,False
TKT0003555,ACC00390,2025-11-12T00:00:00,2025-11-14T00:00:00,low,permissions,False,True
TKT0003556,ACC00391,2024-11-10T00:00:00,2024-11-11T00:00:00,medium,user provisioning,False,False
TKT0003557,ACC00391,2024-11-14T00:00:00,2024-11-27T00:00:00,medium,invoice reconciliation,False,False
TKT0003558,ACC00391,2024-12-26T00:00:00,2024-12-29T00:00:00,medium,user provisioning,False,False
TKT0003559,ACC00391,2025-02-22T00:00:00,2025-02-23T00:00:00,low,data synchronization,True,True
TKT0003560,ACC00391,2024-05-28T00:00:00,2024-05-29T00:00:00,low,invoice reconciliation,False,True
TKT0003561,ACC00391,2025-01-22T00:00:00,2025-01-23T00:00:00,medium,integration errors,True,False
TKT0003562,ACC00391,2024-01-17T00:00:00,2024-01-30T00:00:00,low,billing configuration,False,False
TKT0003563,ACC00391,2025-04-08T00:00:00,2025-04-08T00:00:00,medium,API reliability,False,False
TKT0003564,ACC00391,2025-03-08T00:00:00,2025-03-10T00:00:00,medium,SSO,False,False
TKT0003565,ACC00391,2024-07-01T00:00:00,2024-07-06T00:00:00,low,SSO,False,False
TKT0003566,ACC00392,2024-09-24T00:00:00,2024-10-03T00:00:00,low,mobile access,True,False
TKT0003567,ACC00392,2024-11-24T00:00:00,2024-11-27T00:00:00,medium,dashboard performance,False,False
TKT0003568,ACC00392,2024-09-20T00:00:00,2024-09-21T00:00:00,medium,dashboard performance,False,True
TKT0003569,ACC00392,2024-01-09T00:00:00,2024-01-19T00:00:00,critical,renewal terms,False,False
TKT0003570,ACC00392,2024-05-13T00:00:00,2024-05-21T00:00:00,medium,report exports,False,False
TKT0003571,ACC00392,2024-09-21T00:00:00,2024-09-23T00:00:00,low,usage reporting,False,False
TKT0003572,ACC00392,2024-07-19T00:00:00,2024-07-26T00:00:00,medium,invoice reconciliation,True,False
TKT0003573,ACC00392,2024-09-16T00:00:00,2024-09-22T00:00:00,medium,report exports,False,False
TKT0003574,ACC00392,2024-06-16T00:00:00,2024-06-28T00:00:00,medium,integration errors,False,False
TKT0003575,ACC00393,2025-10-03T00:00:00,2025-10-11T00:00:00,low,permissions,False,False
TKT0003576,ACC00393,2025-04-03T00:00:00,2025-04-14T00:00:00,low,billing configuration,False,False
TKT0003577,ACC00393,2025-01-14T00:00:00,2025-01-20T00:00:00,critical,permissions,False,False
TKT0003578,ACC00393,2025-10-03T00:00:00,2025-10-11T00:00:00,low,invoice reconciliation,False,True
TKT0003579,ACC00393,2024-06-12T00:00:00,2024-06-17T00:00:00,high,user provisioning,False,False
TKT0003580,ACC00393,2024-07-18T00:00:00,2024-07-23T00:00:00,medium,dashboard performance,False,False
TKT0003581,ACC00393,2024-02-21T00:00:00,2024-02-22T00:00:00,high,dashboard performance,False,False
TKT0003582,ACC00393,2025-10-12T00:00:00,2025-10-23T00:00:00,medium,permissions,False,False
TKT0003583,ACC00393,2024-05-26T00:00:00,2024-05-29T00:00:00,medium,permissions,True,False
TKT0003584,ACC00393,2024-12-11T00:00:00,2024-12-21T00:00:00,high,integration errors,False,False
TKT0003585,ACC00393,2025-10-11T00:00:00,2025-10-22T00:00:00,medium,renewal terms,False,False
TKT0003586,ACC00393,2024-10-09T00:00:00,2024-10-09T00:00:00,medium,workflow automation,False,False
TKT0003587,ACC00393,2024-01-13T00:00:00,2024-01-23T00:00:00,low,API reliability,False,False
TKT0003588,ACC00393,2024-05-06T00:00:00,2024-05-11T00:00:00,low,dashboard performance,False,False
TKT0003589,ACC00394,2025-09-18T00:00:00,2025-09-22T00:00:00,low,SSO,False,False
TKT0003590,ACC00394,2025-02-06T00:00:00,2025-02-15T00:00:00,high,renewal terms,False,False
TKT0003591,ACC00394,2025-07-23T00:00:00,2025-08-04T00:00:00,low,API reliability,False,False
TKT0003592,ACC00394,2024-01-08T00:00:00,2024-01-11T00:00:00,medium,SSO,False,False
TKT0003593,ACC00394,2025-11-08T00:00:00,2025-11-20T00:00:00,low,SSO,False,False
TKT0003594,ACC00394,2025-11-16T00:00:00,2025-11-29T00:00:00,medium,usage reporting,False,False
TKT0003595,ACC00394,2024-04-19T00:00:00,2024-04-20T00:00:00,high,API reliability,False,True
TKT0003596,ACC00395,2024-12-09T00:00:00,2024-12-23T00:00:00,medium,mobile access,True,False
TKT0003597,ACC00395,2025-10-07T00:00:00,2025-10-11T00:00:00,critical,mobile access,False,True
TKT0003598,ACC00395,2025-10-12T00:00:00,2025-10-24T00:00:00,low,API reliability,False,False
TKT0003599,ACC00395,2025-10-23T00:00:00,2025-10-26T00:00:00,low,invoice reconciliation,False,False
TKT0003600,ACC00395,2024-12-21T00:00:00,2025-01-02T00:00:00,low,billing configuration,False,False
TKT0003601,ACC00395,2025-06-10T00:00:00,2025-06-20T00:00:00,low,API reliability,False,False
TKT0003602,ACC00395,2025-07-11T00:00:00,2025-07-20T00:00:00,medium,billing configuration,False,False
TKT0003603,ACC00395,2025-10-15T00:00:00,2025-10-26T00:00:00,high,mobile access,True,False
TKT0003604,ACC00395,2025-11-04T00:00:00,2025-11-10T00:00:00,low,billing configuration,False,True
TKT0003605,ACC00395,2025-02-11T00:00:00,2025-02-18T00:00:00,low,report exports,False,False
TKT0003606,ACC00395,2024-08-25T00:00:00,2024-09-01T00:00:00,low,user provisioning,False,False
TKT0003607,ACC00395,2024-03-04T00:00:00,2024-03-04T00:00:00,critical,usage reporting,False,False
TKT0003608,ACC00395,2024-04-10T00:00:00,2024-04-20T00:00:00,high,workflow automation,False,False
TKT0003609,ACC00395,2025-11-25T00:00:00,2025-12-04T00:00:00,medium,integration errors,False,False
TKT0003610,ACC00395,2025-08-25T00:00:00,2025-08-27T00:00:00,medium,permissions,False,False
TKT0003611,ACC00395,2025-03-25T00:00:00,2025-03-26T00:00:00,medium,user provisioning,False,False
TKT0003612,ACC00395,2024-10-15T00:00:00,2024-10-23T00:00:00,low,invoice reconciliation,False,False
TKT0003613,ACC00396,2025-02-23T00:00:00,2025-03-03T00:00:00,medium,SSO,False,False
TKT0003614,ACC00396,2024-09-02T00:00:00,2024-09-06T00:00:00,low,API reliability,False,False
TKT0003615,ACC00396,2024-02-08T00:00:00,2024-02-13T00:00:00,high,usage reporting,False,False
TKT0003616,ACC00396,2024-06-03T00:00:00,2024-06-08T00:00:00,medium,report exports,False,False
TKT0003617,ACC00396,2024-12-05T00:00:00,2024-12-06T00:00:00,medium,mobile access,False,False
TKT0003618,ACC00396,2024-09-09T00:00:00,2024-09-09T00:00:00,low,mobile access,True,False
TKT0003619,ACC00396,2024-09-15T00:00:00,2024-09-23T00:00:00,critical,data synchronization,False,False
TKT0003620,ACC00396,2025-12-20T00:00:00,2025-12-23T00:00:00,high,mobile access,False,False
TKT0003621,ACC00396,2025-02-15T00:00:00,2025-02-21T00:00:00,low,data synchronization,False,False
TKT0003622,ACC00396,2024-08-13T00:00:00,2024-08-21T00:00:00,high,permissions,False,False
TKT0003623,ACC00396,2024-12-07T00:00:00,2024-12-13T00:00:00,low,workflow automation,False,False
TKT0003624,ACC00396,2025-07-25T00:00:00,2025-07-26T00:00:00,medium,user provisioning,False,True
TKT0003625,ACC00396,2024-01-08T00:00:00,2024-01-20T00:00:00,medium,permissions,False,False
TKT0003626,ACC00396,2024-05-08T00:00:00,2024-05-12T00:00:00,high,invoice reconciliation,False,False
TKT0003627,ACC00396,2024-05-19T00:00:00,2024-05-21T00:00:00,low,SSO,False,False
TKT0003628,ACC00396,2024-10-02T00:00:00,2024-10-06T00:00:00,low,mobile access,False,False
TKT0003629,ACC00396,2025-02-14T00:00:00,2025-02-17T00:00:00,low,invoice reconciliation,False,False
TKT0003630,ACC00397,2025-02-03T00:00:00,2025-02-03T00:00:00,low,user provisioning,False,False
TKT0003631,ACC00397,2025-04-03T00:00:00,2025-04-06T00:00:00,low,user provisioning,False,True
TKT0003632,ACC00397,2025-07-12T00:00:00,2025-07-26T00:00:00,low,SSO,False,False
TKT0003633,ACC00397,2025-01-15T00:00:00,2025-01-27T00:00:00,low,API reliability,False,False
TKT0003634,ACC00397,2025-03-09T00:00:00,2025-03-19T00:00:00,high,billing configuration,False,False
TKT0003635,ACC00397,2025-08-10T00:00:00,2025-08-15T00:00:00,medium,SSO,False,False
TKT0003636,ACC00397,2024-06-19T00:00:00,2024-07-02T00:00:00,low,report exports,False,False
TKT0003637,ACC00397,2025-05-03T00:00:00,2025-05-12T00:00:00,high,user provisioning,False,False
TKT0003638,ACC00397,2024-05-08T00:00:00,2024-05-16T00:00:00,medium,SSO,False,False
TKT0003639,ACC00397,2024-03-26T00:00:00,2024-03-29T00:00:00,low,dashboard performance,False,False
TKT0003640,ACC00397,2025-07-07T00:00:00,2025-07-17T00:00:00,low,user provisioning,False,False
TKT0003641,ACC00397,2024-01-11T00:00:00,2024-01-24T00:00:00,low,renewal terms,False,False
TKT0003642,ACC00397,2024-06-25T00:00:00,2024-06-26T00:00:00,medium,SSO,False,False
TKT0003643,ACC00397,2024-08-03T00:00:00,2024-08-07T00:00:00,low,permissions,False,False
TKT0003644,ACC00397,2024-08-02T00:00:00,2024-08-07T00:00:00,low,usage reporting,False,False
TKT0003645,ACC00397,2024-09-04T00:00:00,2024-09-11T00:00:00,critical,API reliability,False,False
TKT0003646,ACC00397,2025-01-23T00:00:00,2025-01-26T00:00:00,low,SSO,False,False
TKT0003647,ACC00398,2025-04-21T00:00:00,2025-05-01T00:00:00,medium,billing configuration,False,False
TKT0003648,ACC00398,2025-05-05T00:00:00,2025-05-13T00:00:00,low,usage reporting,False,False
TKT0003649,ACC00398,2024-09-18T00:00:00,2024-09-18T00:00:00,critical,renewal terms,False,False
TKT0003650,ACC00398,2024-10-11T00:00:00,2024-10-17T00:00:00,low,billing configuration,False,False
TKT0003651,ACC00398,2025-02-04T00:00:00,2025-02-15T00:00:00,medium,dashboard performance,False,False
TKT0003652,ACC00398,2025-03-02T00:00:00,2025-03-03T00:00:00,low,invoice reconciliation,False,False
TKT0003653,ACC00398,2024-06-07T00:00:00,2024-06-15T00:00:00,low,report exports,False,False
TKT0003654,ACC00398,2024-08-21T00:00:00,2024-09-02T00:00:00,low,dashboard performance,False,False
TKT0003655,ACC00398,2025-01-12T00:00:00,2025-01-17T00:00:00,low,SSO,False,False
TKT0003656,ACC00398,2025-05-25T00:00:00,2025-06-08T00:00:00,low,invoice reconciliation,False,False
TKT0003657,ACC00398,2025-02-10T00:00:00,2025-02-21T00:00:00,low,workflow automation,False,False
TKT0003658,ACC00398,2024-07-24T00:00:00,2024-08-07T00:00:00,low,dashboard performance,False,False
TKT0003659,ACC00399,2024-02-06T00:00:00,2024-02-12T00:00:00,low,user provisioning,False,False
TKT0003660,ACC00399,2024-10-10T00:00:00,2024-10-23T00:00:00,medium,usage reporting,False,False
TKT0003661,ACC00399,2024-12-09T00:00:00,2024-12-21T00:00:00,low,usage reporting,False,False
TKT0003662,ACC00399,2024-10-23T00:00:00,2024-10-31T00:00:00,low,API reliability,True,False
TKT0003663,ACC00400,2024-04-22T00:00:00,2024-05-04T00:00:00,low,usage reporting,False,False
TKT0003664,ACC00400,2024-01-20T00:00:00,2024-02-02T00:00:00,low,report exports,False,False
TKT0003665,ACC00400,2024-04-15T00:00:00,2024-04-23T00:00:00,medium,integration errors,False,False
TKT0003666,ACC00400,2024-01-02T00:00:00,2024-01-07T00:00:00,low,user provisioning,False,False
TKT0003667,ACC00400,2024-09-17T00:00:00,2024-09-21T00:00:00,low,integration errors,False,False
TKT0003668,ACC00401,2024-03-07T00:00:00,2024-03-16T00:00:00,critical,API reliability,False,False
TKT0003669,ACC00401,2024-09-10T00:00:00,2024-09-20T00:00:00,medium,invoice reconciliation,False,False
TKT0003670,ACC00401,2024-05-17T00:00:00,2024-05-17T00:00:00,medium,mobile access,False,False
TKT0003671,ACC00401,2024-04-03T00:00:00,2024-04-07T00:00:00,medium,workflow automation,True,False
TKT0003672,ACC00401,2024-03-17T00:00:00,2024-03-23T00:00:00,critical,renewal terms,False,False
TKT0003673,ACC00401,2024-10-15T00:00:00,2024-10-29T00:00:00,low,renewal terms,True,False
TKT0003674,ACC00402,2025-06-08T00:00:00,2025-06-08T00:00:00,low,billing configuration,False,False
TKT0003675,ACC00402,2024-05-23T00:00:00,2024-06-03T00:00:00,low,SSO,False,False
TKT0003676,ACC00402,2024-03-25T00:00:00,2024-04-06T00:00:00,medium,dashboard performance,False,False
TKT0003677,ACC00402,2025-03-14T00:00:00,2025-03-27T00:00:00,medium,workflow automation,False,False
TKT0003678,ACC00402,2024-08-18T00:00:00,2024-08-21T00:00:00,high,API reliability,False,False
TKT0003679,ACC00402,2024-12-24T00:00:00,2025-01-05T00:00:00,low,mobile access,False,False
TKT0003680,ACC00402,2025-01-21T00:00:00,2025-01-30T00:00:00,high,renewal terms,False,False
TKT0003681,ACC00402,2025-12-28T00:00:00,2025-12-31T00:00:00,low,user provisioning,False,False
TKT0003682,ACC00402,2025-12-24T00:00:00,2026-01-07T00:00:00,medium,mobile access,False,False
TKT0003683,ACC00402,2025-09-22T00:00:00,2025-10-02T00:00:00,medium,API reliability,False,False
TKT0003684,ACC00402,2024-08-03T00:00:00,2024-08-17T00:00:00,low,invoice reconciliation,False,False
TKT0003685,ACC00402,2024-01-20T00:00:00,2024-01-29T00:00:00,medium,API reliability,False,False
TKT0003686,ACC00402,2024-04-11T00:00:00,2024-04-19T00:00:00,high,user provisioning,False,False
TKT0003687,ACC00402,2024-07-02T00:00:00,2024-07-12T00:00:00,high,user provisioning,False,False
TKT0003688,ACC00402,2025-02-07T00:00:00,2025-02-19T00:00:00,low,renewal terms,False,True
TKT0003689,ACC00403,2024-04-12T00:00:00,2024-04-13T00:00:00,high,report exports,False,False
TKT0003690,ACC00404,2025-06-07T00:00:00,2025-06-16T00:00:00,medium,dashboard performance,False,False
TKT0003691,ACC00404,2025-12-10T00:00:00,2025-12-23T00:00:00,medium,dashboard performance,False,False
TKT0003692,ACC00404,2024-09-19T00:00:00,2024-09-20T00:00:00,high,workflow automation,False,False
TKT0003693,ACC00404,2024-01-10T00:00:00,2024-01-23T00:00:00,low,renewal terms,False,False
TKT0003694,ACC00404,2024-07-10T00:00:00,2024-07-16T00:00:00,low,API reliability,False,False
TKT0003695,ACC00404,2025-03-22T00:00:00,2025-04-02T00:00:00,low,permissions,False,False
TKT0003696,ACC00405,2024-01-03T00:00:00,2024-01-03T00:00:00,medium,billing configuration,False,False
TKT0003697,ACC00405,2024-02-08T00:00:00,2024-02-20T00:00:00,low,usage reporting,False,False
TKT0003698,ACC00405,2024-06-25T00:00:00,2024-06-26T00:00:00,high,SSO,False,True
TKT0003699,ACC00405,2024-05-24T00:00:00,2024-06-07T00:00:00,medium,report exports,False,False
TKT0003700,ACC00405,2024-07-03T00:00:00,2024-07-03T00:00:00,medium,usage reporting,False,False
TKT0003701,ACC00406,2024-12-11T00:00:00,2024-12-11T00:00:00,low,renewal terms,False,False
TKT0003702,ACC00406,2024-06-25T00:00:00,2024-06-27T00:00:00,medium,invoice reconciliation,False,False
TKT0003703,ACC00406,2025-02-27T00:00:00,2025-02-28T00:00:00,low,integration errors,False,False
TKT0003704,ACC00406,2025-03-08T00:00:00,2025-03-12T00:00:00,medium,SSO,False,False
TKT0003705,ACC00406,2024-08-01T00:00:00,2024-08-15T00:00:00,low,dashboard performance,False,False
TKT0003706,ACC00406,2024-04-20T00:00:00,2024-05-03T00:00:00,low,workflow automation,False,False
TKT0003707,ACC00406,2024-08-25T00:00:00,2024-09-03T00:00:00,medium,data synchronization,False,False
TKT0003708,ACC00407,2024-07-25T00:00:00,2024-07-31T00:00:00,medium,data synchronization,False,False
TKT0003709,ACC00407,2024-08-21T00:00:00,2024-08-23T00:00:00,medium,SSO,False,False
TKT0003710,ACC00407,2024-04-13T00:00:00,2024-04-20T00:00:00,low,usage reporting,False,False
TKT0003711,ACC00407,2024-05-28T00:00:00,2024-06-09T00:00:00,low,dashboard performance,False,False
TKT0003712,ACC00408,2024-09-08T00:00:00,2024-09-14T00:00:00,low,mobile access,False,False
TKT0003713,ACC00408,2025-01-23T00:00:00,2025-02-02T00:00:00,medium,workflow automation,False,False
TKT0003714,ACC00408,2024-06-22T00:00:00,2024-07-06T00:00:00,medium,API reliability,False,False
TKT0003715,ACC00408,2025-02-06T00:00:00,2025-02-16T00:00:00,medium,dashboard performance,False,True
TKT0003716,ACC00408,2025-05-08T00:00:00,2025-05-20T00:00:00,high,report exports,False,False
TKT0003717,ACC00408,2025-06-18T00:00:00,2025-06-30T00:00:00,high,SSO,False,True
TKT0003718,ACC00408,2025-06-17T00:00:00,2025-06-17T00:00:00,medium,usage reporting,True,True
TKT0003719,ACC00408,2024-11-11T00:00:00,2024-11-22T00:00:00,low,API reliability,False,False
TKT0003720,ACC00409,2024-11-08T00:00:00,2024-11-17T00:00:00,medium,workflow automation,False,False
TKT0003721,ACC00409,2025-03-14T00:00:00,2025-03-16T00:00:00,medium,permissions,False,False
TKT0003722,ACC00409,2024-05-13T00:00:00,2024-05-25T00:00:00,low,renewal terms,False,False
TKT0003723,ACC00409,2025-03-08T00:00:00,2025-03-10T00:00:00,medium,dashboard performance,False,False
TKT0003724,ACC00409,2024-04-24T00:00:00,2024-05-05T00:00:00,medium,invoice reconciliation,False,True
TKT0003725,ACC00409,2025-05-13T00:00:00,2025-05-26T00:00:00,low,invoice reconciliation,False,False
TKT0003726,ACC00410,2024-06-07T00:00:00,2024-06-14T00:00:00,low,permissions,True,False
TKT0003727,ACC00410,2024-04-05T00:00:00,2024-04-11T00:00:00,low,integration errors,False,True
TKT0003728,ACC00410,2024-02-12T00:00:00,2024-02-16T00:00:00,medium,SSO,False,False
TKT0003729,ACC00410,2024-04-26T00:00:00,2024-04-28T00:00:00,high,billing configuration,False,False
TKT0003730,ACC00410,2025-02-11T00:00:00,2025-02-15T00:00:00,high,usage reporting,True,False
TKT0003731,ACC00410,2024-02-23T00:00:00,2024-03-06T00:00:00,high,workflow automation,False,False
TKT0003732,ACC00410,2025-01-05T00:00:00,2025-01-11T00:00:00,medium,SSO,False,False
TKT0003733,ACC00410,2024-07-07T00:00:00,2024-07-21T00:00:00,medium,permissions,False,False
TKT0003734,ACC00410,2024-08-13T00:00:00,2024-08-19T00:00:00,low,workflow automation,False,False
TKT0003735,ACC00410,2024-01-18T00:00:00,2024-01-28T00:00:00,low,report exports,False,False
TKT0003736,ACC00410,2025-05-14T00:00:00,2025-05-21T00:00:00,medium,data synchronization,False,False
TKT0003737,ACC00410,2024-05-13T00:00:00,2024-05-21T00:00:00,high,SSO,False,True
TKT0003738,ACC00410,2024-05-06T00:00:00,2024-05-17T00:00:00,high,billing configuration,True,False
TKT0003739,ACC00410,2024-09-11T00:00:00,2024-09-25T00:00:00,low,workflow automation,False,False
TKT0003740,ACC00410,2024-06-06T00:00:00,2024-06-07T00:00:00,medium,usage reporting,False,False
TKT0003741,ACC00411,2024-11-11T00:00:00,2024-11-12T00:00:00,medium,usage reporting,False,False
TKT0003742,ACC00411,2024-10-08T00:00:00,2024-10-08T00:00:00,low,user provisioning,False,False
TKT0003743,ACC00411,2024-08-28T00:00:00,2024-09-06T00:00:00,low,renewal terms,False,False
TKT0003744,ACC00411,2024-01-22T00:00:00,2024-01-24T00:00:00,low,dashboard performance,False,False
TKT0003745,ACC00411,2024-06-04T00:00:00,2024-06-04T00:00:00,low,permissions,False,False
TKT0003746,ACC00411,2024-02-01T00:00:00,2024-02-13T00:00:00,low,workflow automation,False,False
TKT0003747,ACC00411,2024-07-05T00:00:00,2024-07-15T00:00:00,medium,SSO,False,True
TKT0003748,ACC00411,2024-08-01T00:00:00,2024-08-09T00:00:00,low,invoice reconciliation,False,True
TKT0003749,ACC00411,2024-01-12T00:00:00,2024-01-16T00:00:00,low,mobile access,False,False
TKT0003750,ACC00411,2024-01-26T00:00:00,2024-01-30T00:00:00,medium,mobile access,False,False
TKT0003751,ACC00412,2025-01-09T00:00:00,2025-01-21T00:00:00,medium,mobile access,False,False
TKT0003752,ACC00412,2025-01-25T00:00:00,2025-01-25T00:00:00,medium,workflow automation,False,True
TKT0003753,ACC00412,2024-05-27T00:00:00,2024-06-06T00:00:00,low,workflow automation,True,False
TKT0003754,ACC00412,2025-11-27T00:00:00,2025-11-30T00:00:00,low,SSO,False,False
TKT0003755,ACC00412,2025-04-10T00:00:00,2025-04-20T00:00:00,medium,report exports,False,False
TKT0003756,ACC00412,2024-07-10T00:00:00,2024-07-16T00:00:00,low,renewal terms,True,False
TKT0003757,ACC00412,2024-05-07T00:00:00,2024-05-18T00:00:00,medium,permissions,False,False
TKT0003758,ACC00412,2024-04-22T00:00:00,2024-04-23T00:00:00,low,mobile access,False,False
TKT0003759,ACC00412,2025-02-11T00:00:00,2025-02-13T00:00:00,medium,data synchronization,False,False
TKT0003760,ACC00412,2025-11-18T00:00:00,2025-11-20T00:00:00,low,dashboard performance,True,False
TKT0003761,ACC00412,2025-03-25T00:00:00,2025-03-31T00:00:00,medium,mobile access,False,False
TKT0003762,ACC00412,2024-08-06T00:00:00,2024-08-18T00:00:00,medium,usage reporting,False,False
TKT0003763,ACC00412,2024-07-17T00:00:00,2024-07-22T00:00:00,high,data synchronization,False,False
TKT0003764,ACC00412,2024-11-26T00:00:00,2024-12-06T00:00:00,medium,user provisioning,False,False
TKT0003765,ACC00412,2024-09-28T00:00:00,2024-10-03T00:00:00,medium,user provisioning,False,False
TKT0003766,ACC00413,2024-09-13T00:00:00,2024-09-25T00:00:00,medium,permissions,False,False
TKT0003767,ACC00413,2025-09-08T00:00:00,2025-09-14T00:00:00,high,billing configuration,False,False
TKT0003768,ACC00413,2024-07-12T00:00:00,2024-07-22T00:00:00,low,report exports,False,False
TKT0003769,ACC00413,2025-11-09T00:00:00,2025-11-17T00:00:00,medium,data synchronization,False,False
TKT0003770,ACC00413,2025-03-16T00:00:00,2025-03-23T00:00:00,low,API reliability,False,False
TKT0003771,ACC00413,2025-02-06T00:00:00,2025-02-13T00:00:00,high,permissions,False,False
TKT0003772,ACC00414,2024-09-05T00:00:00,2024-09-10T00:00:00,low,permissions,False,True
TKT0003773,ACC00414,2024-01-02T00:00:00,2024-01-13T00:00:00,medium,integration errors,False,False
TKT0003774,ACC00414,2024-12-14T00:00:00,2024-12-24T00:00:00,medium,usage reporting,False,False
TKT0003775,ACC00414,2024-08-14T00:00:00,2024-08-21T00:00:00,medium,user provisioning,True,False
TKT0003776,ACC00414,2024-10-22T00:00:00,2024-10-28T00:00:00,medium,report exports,False,True
TKT0003777,ACC00414,2024-04-06T00:00:00,2024-04-18T00:00:00,medium,workflow automation,False,False
TKT0003778,ACC00414,2024-06-24T00:00:00,2024-06-30T00:00:00,high,permissions,False,False
TKT0003779,ACC00414,2025-01-05T00:00:00,2025-01-14T00:00:00,medium,user provisioning,False,False
TKT0003780,ACC00414,2025-03-07T00:00:00,2025-03-20T00:00:00,medium,renewal terms,False,False
TKT0003781,ACC00414,2024-04-18T00:00:00,2024-04-18T00:00:00,low,usage reporting,False,False
TKT0003782,ACC00414,2025-02-16T00:00:00,2025-02-17T00:00:00,medium,API reliability,False,False
TKT0003783,ACC00415,2025-12-21T00:00:00,2025-12-22T00:00:00,low,mobile access,False,True
TKT0003784,ACC00415,2024-05-18T00:00:00,2024-05-31T00:00:00,medium,SSO,False,True
TKT0003785,ACC00415,2025-11-21T00:00:00,2025-12-02T00:00:00,low,renewal terms,False,True
TKT0003786,ACC00415,2024-11-16T00:00:00,2024-11-27T00:00:00,medium,dashboard performance,False,False
TKT0003787,ACC00415,2024-04-13T00:00:00,2024-04-17T00:00:00,high,data synchronization,False,False
TKT0003788,ACC00415,2025-02-06T00:00:00,2025-02-09T00:00:00,high,dashboard performance,False,False
TKT0003789,ACC00415,2024-04-16T00:00:00,2024-04-20T00:00:00,medium,SSO,False,False
TKT0003790,ACC00415,2025-10-24T00:00:00,2025-11-04T00:00:00,low,user provisioning,False,False
TKT0003791,ACC00415,2025-10-26T00:00:00,2025-10-26T00:00:00,low,invoice reconciliation,False,False
TKT0003792,ACC00415,2025-05-09T00:00:00,2025-05-19T00:00:00,medium,usage reporting,False,False
TKT0003793,ACC00415,2025-01-15T00:00:00,2025-01-21T00:00:00,high,integration errors,False,False
TKT0003794,ACC00415,2024-07-07T00:00:00,2024-07-16T00:00:00,medium,dashboard performance,False,False
TKT0003795,ACC00415,2025-12-01T00:00:00,2025-12-03T00:00:00,medium,usage reporting,False,True
TKT0003796,ACC00415,2025-04-05T00:00:00,2025-04-14T00:00:00,low,mobile access,True,False
TKT0003797,ACC00415,2024-09-01T00:00:00,2024-09-06T00:00:00,low,API reliability,False,False
TKT0003798,ACC00415,2025-02-10T00:00:00,2025-02-13T00:00:00,low,dashboard performance,False,False
TKT0003799,ACC00416,2024-12-06T00:00:00,2024-12-12T00:00:00,low,mobile access,False,False
TKT0003800,ACC00416,2024-04-13T00:00:00,2024-04-26T00:00:00,medium,report exports,False,False
TKT0003801,ACC00416,2024-05-12T00:00:00,2024-05-22T00:00:00,low,integration errors,False,False
TKT0003802,ACC00416,2025-07-16T00:00:00,2025-07-17T00:00:00,low,mobile access,False,True
TKT0003803,ACC00416,2025-02-13T00:00:00,2025-02-25T00:00:00,low,user provisioning,False,False
TKT0003804,ACC00416,2024-02-10T00:00:00,2024-02-10T00:00:00,low,user provisioning,False,False
TKT0003805,ACC00416,2024-09-05T00:00:00,2024-09-19T00:00:00,low,mobile access,False,True
TKT0003806,ACC00416,2024-11-15T00:00:00,2024-11-15T00:00:00,low,permissions,False,False
TKT0003807,ACC00416,2024-02-18T00:00:00,2024-02-24T00:00:00,low,permissions,False,False
TKT0003808,ACC00417,2024-11-28T00:00:00,2024-12-04T00:00:00,medium,data synchronization,False,True
TKT0003809,ACC00417,2025-01-02T00:00:00,2025-01-12T00:00:00,medium,workflow automation,False,False
TKT0003810,ACC00417,2024-06-08T00:00:00,2024-06-14T00:00:00,low,workflow automation,False,False
TKT0003811,ACC00417,2024-02-01T00:00:00,2024-02-11T00:00:00,medium,API reliability,False,False
TKT0003812,ACC00417,2025-08-17T00:00:00,2025-08-27T00:00:00,low,SSO,False,False
TKT0003813,ACC00417,2024-01-25T00:00:00,2024-02-04T00:00:00,low,data synchronization,False,True
TKT0003814,ACC00417,2025-02-25T00:00:00,2025-03-05T00:00:00,medium,SSO,False,False
TKT0003815,ACC00417,2024-07-14T00:00:00,2024-07-22T00:00:00,low,SSO,False,False
TKT0003816,ACC00417,2024-09-21T00:00:00,2024-10-03T00:00:00,low,integration errors,False,False
TKT0003817,ACC00418,2024-03-24T00:00:00,2024-03-31T00:00:00,medium,API reliability,False,False
TKT0003818,ACC00418,2024-05-10T00:00:00,2024-05-24T00:00:00,low,dashboard performance,False,False
TKT0003819,ACC00418,2024-03-05T00:00:00,2024-03-18T00:00:00,low,SSO,False,False
TKT0003820,ACC00418,2025-02-05T00:00:00,2025-02-09T00:00:00,medium,permissions,True,False
TKT0003821,ACC00418,2025-10-02T00:00:00,2025-10-16T00:00:00,low,integration errors,False,False
TKT0003822,ACC00418,2025-06-06T00:00:00,2025-06-08T00:00:00,medium,invoice reconciliation,False,False
TKT0003823,ACC00418,2025-03-27T00:00:00,2025-04-01T00:00:00,low,API reliability,False,False
TKT0003824,ACC00418,2025-03-20T00:00:00,2025-03-27T00:00:00,medium,dashboard performance,False,False
TKT0003825,ACC00418,2025-01-21T00:00:00,2025-01-22T00:00:00,medium,workflow automation,False,False
TKT0003826,ACC00419,2024-04-14T00:00:00,2024-04-23T00:00:00,medium,dashboard performance,False,False
TKT0003827,ACC00419,2024-07-18T00:00:00,2024-07-25T00:00:00,medium,invoice reconciliation,False,False
TKT0003828,ACC00419,2025-04-01T00:00:00,2025-04-02T00:00:00,low,invoice reconciliation,False,False
TKT0003829,ACC00419,2024-10-12T00:00:00,2024-10-26T00:00:00,critical,workflow automation,False,False
TKT0003830,ACC00419,2024-03-09T00:00:00,2024-03-18T00:00:00,low,dashboard performance,False,False
TKT0003831,ACC00419,2024-06-13T00:00:00,2024-06-26T00:00:00,low,data synchronization,False,False
TKT0003832,ACC00419,2024-03-20T00:00:00,2024-03-24T00:00:00,medium,integration errors,False,False
TKT0003833,ACC00420,2024-06-05T00:00:00,2024-06-09T00:00:00,medium,workflow automation,False,False
TKT0003834,ACC00420,2024-01-22T00:00:00,2024-01-30T00:00:00,medium,billing configuration,False,False
TKT0003835,ACC00420,2024-02-14T00:00:00,2024-02-28T00:00:00,high,permissions,False,False
TKT0003836,ACC00420,2024-06-22T00:00:00,2024-07-05T00:00:00,medium,billing configuration,False,False
TKT0003837,ACC00421,2024-04-03T00:00:00,2024-04-04T00:00:00,medium,integration errors,False,True
TKT0003838,ACC00421,2025-06-13T00:00:00,2025-06-21T00:00:00,medium,workflow automation,False,False
TKT0003839,ACC00421,2025-10-28T00:00:00,2025-10-30T00:00:00,high,invoice reconciliation,False,False
TKT0003840,ACC00421,2025-07-02T00:00:00,2025-07-03T00:00:00,high,usage reporting,False,True
TKT0003841,ACC00421,2025-08-04T00:00:00,2025-08-15T00:00:00,high,mobile access,False,False
TKT0003842,ACC00421,2024-07-05T00:00:00,2024-07-08T00:00:00,medium,permissions,True,False
TKT0003843,ACC00421,2025-04-09T00:00:00,2025-04-13T00:00:00,medium,workflow automation,False,False
TKT0003844,ACC00421,2024-08-17T00:00:00,2024-08-28T00:00:00,medium,billing configuration,False,False
TKT0003845,ACC00421,2024-08-18T00:00:00,2024-08-26T00:00:00,medium,permissions,False,False
TKT0003846,ACC00421,2024-07-05T00:00:00,2024-07-19T00:00:00,low,workflow automation,False,False
TKT0003847,ACC00421,2025-05-09T00:00:00,2025-05-23T00:00:00,low,billing configuration,False,False
TKT0003848,ACC00421,2025-07-10T00:00:00,2025-07-19T00:00:00,high,SSO,False,True
TKT0003849,ACC00421,2025-10-08T00:00:00,2025-10-18T00:00:00,medium,integration errors,False,False
TKT0003850,ACC00421,2025-05-12T00:00:00,2025-05-12T00:00:00,medium,usage reporting,False,False
TKT0003851,ACC00421,2024-01-28T00:00:00,2024-01-28T00:00:00,medium,usage reporting,False,True
TKT0003852,ACC00421,2024-06-04T00:00:00,2024-06-12T00:00:00,low,data synchronization,False,False
TKT0003853,ACC00421,2024-02-16T00:00:00,2024-02-19T00:00:00,medium,SSO,False,False
TKT0003854,ACC00421,2024-09-14T00:00:00,2024-09-17T00:00:00,medium,mobile access,False,False
TKT0003855,ACC00422,2025-05-09T00:00:00,2025-05-23T00:00:00,medium,data synchronization,False,False
TKT0003856,ACC00422,2024-07-01T00:00:00,2024-07-13T00:00:00,medium,invoice reconciliation,False,False
TKT0003857,ACC00422,2024-01-06T00:00:00,2024-01-10T00:00:00,low,billing configuration,False,False
TKT0003858,ACC00422,2024-01-21T00:00:00,2024-02-01T00:00:00,low,dashboard performance,False,False
TKT0003859,ACC00422,2025-12-02T00:00:00,2025-12-15T00:00:00,low,integration errors,False,False
TKT0003860,ACC00422,2025-07-17T00:00:00,2025-07-18T00:00:00,low,user provisioning,False,False
TKT0003861,ACC00422,2024-09-25T00:00:00,2024-09-25T00:00:00,medium,dashboard performance,False,False
TKT0003862,ACC00422,2024-12-08T00:00:00,2024-12-21T00:00:00,low,user provisioning,False,False
TKT0003863,ACC00422,2024-12-21T00:00:00,2025-01-02T00:00:00,medium,invoice reconciliation,False,False
TKT0003864,ACC00422,2025-08-27T00:00:00,2025-08-30T00:00:00,low,SSO,False,False
TKT0003865,ACC00422,2024-08-19T00:00:00,2024-08-27T00:00:00,medium,usage reporting,False,False
TKT0003866,ACC00422,2024-12-05T00:00:00,2024-12-08T00:00:00,medium,SSO,False,True
TKT0003867,ACC00422,2025-10-17T00:00:00,2025-10-23T00:00:00,low,invoice reconciliation,False,False
TKT0003868,ACC00423,2024-01-09T00:00:00,2024-01-12T00:00:00,medium,permissions,False,False
TKT0003869,ACC00423,2025-12-05T00:00:00,2025-12-07T00:00:00,low,API reliability,False,True
TKT0003870,ACC00423,2025-12-24T00:00:00,2025-12-28T00:00:00,low,renewal terms,False,True
TKT0003871,ACC00423,2024-06-04T00:00:00,2024-06-17T00:00:00,high,permissions,False,False
TKT0003872,ACC00423,2025-08-15T00:00:00,2025-08-16T00:00:00,medium,usage reporting,False,False
TKT0003873,ACC00423,2024-11-24T00:00:00,2024-11-24T00:00:00,high,SSO,False,False
TKT0003874,ACC00423,2024-09-10T00:00:00,2024-09-13T00:00:00,medium,usage reporting,False,False
TKT0003875,ACC00423,2025-06-04T00:00:00,2025-06-11T00:00:00,low,permissions,False,False
TKT0003876,ACC00423,2025-01-28T00:00:00,2025-01-28T00:00:00,medium,dashboard performance,False,False
TKT0003877,ACC00423,2024-04-12T00:00:00,2024-04-22T00:00:00,medium,permissions,False,True
TKT0003878,ACC00423,2025-01-27T00:00:00,2025-02-05T00:00:00,medium,billing configuration,False,True
TKT0003879,ACC00423,2025-02-24T00:00:00,2025-02-26T00:00:00,medium,API reliability,False,False
TKT0003880,ACC00423,2025-01-24T00:00:00,2025-02-05T00:00:00,medium,invoice reconciliation,False,False
TKT0003881,ACC00423,2025-02-07T00:00:00,2025-02-16T00:00:00,high,data synchronization,False,False
TKT0003882,ACC00424,2024-12-28T00:00:00,2025-01-01T00:00:00,low,workflow automation,False,False
TKT0003883,ACC00424,2024-07-20T00:00:00,2024-07-23T00:00:00,low,SSO,False,False
TKT0003884,ACC00424,2025-08-25T00:00:00,2025-09-05T00:00:00,low,report exports,False,False
TKT0003885,ACC00424,2024-04-14T00:00:00,2024-04-19T00:00:00,low,user provisioning,False,False
TKT0003886,ACC00424,2025-02-13T00:00:00,2025-02-23T00:00:00,high,data synchronization,False,True
TKT0003887,ACC00424,2024-01-11T00:00:00,2024-01-22T00:00:00,high,invoice reconciliation,False,False
TKT0003888,ACC00424,2025-02-11T00:00:00,2025-02-14T00:00:00,high,user provisioning,False,False
TKT0003889,ACC00424,2024-09-12T00:00:00,2024-09-18T00:00:00,medium,usage reporting,False,False
TKT0003890,ACC00424,2024-03-13T00:00:00,2024-03-19T00:00:00,high,dashboard performance,False,False
TKT0003891,ACC00424,2025-10-01T00:00:00,2025-10-03T00:00:00,low,mobile access,True,True
TKT0003892,ACC00424,2025-05-12T00:00:00,2025-05-25T00:00:00,low,permissions,False,False
TKT0003893,ACC00424,2025-11-18T00:00:00,2025-11-25T00:00:00,low,permissions,False,False
TKT0003894,ACC00424,2025-01-06T00:00:00,2025-01-17T00:00:00,medium,integration errors,False,True
TKT0003895,ACC00424,2025-07-16T00:00:00,2025-07-24T00:00:00,low,user provisioning,False,False
TKT0003896,ACC00424,2024-06-10T00:00:00,2024-06-14T00:00:00,critical,billing configuration,False,False
TKT0003897,ACC00424,2024-01-03T00:00:00,2024-01-08T00:00:00,medium,integration errors,False,False
TKT0003898,ACC00424,2025-04-12T00:00:00,2025-04-22T00:00:00,low,permissions,False,False
TKT0003899,ACC00424,2025-02-06T00:00:00,2025-02-09T00:00:00,low,API reliability,True,False
TKT0003900,ACC00425,2024-02-28T00:00:00,2024-03-08T00:00:00,low,workflow automation,False,False
TKT0003901,ACC00425,2024-10-18T00:00:00,2024-10-31T00:00:00,medium,workflow automation,False,True
TKT0003902,ACC00425,2024-05-21T00:00:00,2024-05-29T00:00:00,low,data synchronization,False,False
TKT0003903,ACC00426,2024-02-13T00:00:00,2024-02-14T00:00:00,high,invoice reconciliation,False,False
TKT0003904,ACC00426,2024-07-10T00:00:00,2024-07-10T00:00:00,low,integration errors,False,False
TKT0003905,ACC00426,2025-12-16T00:00:00,2025-12-20T00:00:00,medium,mobile access,False,False
TKT0003906,ACC00426,2025-08-05T00:00:00,2025-08-13T00:00:00,low,API reliability,False,False
TKT0003907,ACC00426,2024-12-04T00:00:00,2024-12-12T00:00:00,low,workflow automation,False,False
TKT0003908,ACC00426,2025-10-27T00:00:00,2025-11-04T00:00:00,low,usage reporting,False,True
TKT0003909,ACC00426,2024-03-01T00:00:00,2024-03-15T00:00:00,low,report exports,False,False
TKT0003910,ACC00426,2024-04-20T00:00:00,2024-04-22T00:00:00,high,usage reporting,False,False
TKT0003911,ACC00426,2025-07-28T00:00:00,2025-08-02T00:00:00,critical,workflow automation,False,False
TKT0003912,ACC00427,2024-08-21T00:00:00,2024-08-22T00:00:00,low,permissions,False,False
TKT0003913,ACC00427,2024-12-11T00:00:00,2024-12-12T00:00:00,low,data synchronization,False,False
TKT0003914,ACC00427,2024-04-08T00:00:00,2024-04-20T00:00:00,medium,mobile access,False,False
TKT0003915,ACC00427,2024-06-02T00:00:00,2024-06-09T00:00:00,low,data synchronization,True,False
TKT0003916,ACC00427,2024-07-07T00:00:00,2024-07-07T00:00:00,medium,workflow automation,False,False
TKT0003917,ACC00427,2024-05-20T00:00:00,2024-06-02T00:00:00,medium,renewal terms,False,False
TKT0003918,ACC00428,2025-06-28T00:00:00,2025-07-09T00:00:00,medium,user provisioning,True,False
TKT0003919,ACC00428,2025-02-05T00:00:00,2025-02-07T00:00:00,low,API reliability,False,False
TKT0003920,ACC00428,2024-11-23T00:00:00,2024-11-27T00:00:00,medium,API reliability,False,False
TKT0003921,ACC00428,2024-07-01T00:00:00,2024-07-14T00:00:00,low,workflow automation,False,False
TKT0003922,ACC00428,2024-07-13T00:00:00,2024-07-18T00:00:00,low,renewal terms,False,False
TKT0003923,ACC00428,2024-12-28T00:00:00,2025-01-08T00:00:00,medium,billing configuration,False,False
TKT0003924,ACC00428,2025-05-22T00:00:00,2025-06-04T00:00:00,critical,billing configuration,False,True
TKT0003925,ACC00428,2024-06-15T00:00:00,2024-06-21T00:00:00,low,user provisioning,False,False
TKT0003926,ACC00428,2025-04-11T00:00:00,2025-04-23T00:00:00,medium,mobile access,False,False
TKT0003927,ACC00428,2024-08-16T00:00:00,2024-08-25T00:00:00,low,SSO,False,False
TKT0003928,ACC00428,2024-06-13T00:00:00,2024-06-24T00:00:00,medium,mobile access,True,False
TKT0003929,ACC00429,2024-02-28T00:00:00,2024-03-09T00:00:00,low,data synchronization,True,False
TKT0003930,ACC00429,2024-07-02T00:00:00,2024-07-02T00:00:00,medium,usage reporting,False,False
TKT0003931,ACC00430,2024-11-19T00:00:00,2024-11-26T00:00:00,critical,renewal terms,False,False
TKT0003932,ACC00430,2025-04-27T00:00:00,2025-05-07T00:00:00,low,API reliability,False,False
TKT0003933,ACC00430,2025-03-24T00:00:00,2025-03-26T00:00:00,high,workflow automation,True,False
TKT0003934,ACC00430,2024-12-05T00:00:00,2024-12-05T00:00:00,low,billing configuration,False,False
TKT0003935,ACC00430,2025-02-15T00:00:00,2025-02-25T00:00:00,medium,API reliability,False,False
TKT0003936,ACC00430,2024-04-12T00:00:00,2024-04-12T00:00:00,high,integration errors,False,False
TKT0003937,ACC00430,2024-10-02T00:00:00,2024-10-15T00:00:00,low,workflow automation,False,False
TKT0003938,ACC00430,2025-06-06T00:00:00,2025-06-09T00:00:00,low,SSO,False,False
TKT0003939,ACC00430,2024-09-18T00:00:00,2024-09-25T00:00:00,medium,permissions,False,False
TKT0003940,ACC00430,2024-09-19T00:00:00,2024-09-28T00:00:00,high,API reliability,False,False
TKT0003941,ACC00430,2025-08-11T00:00:00,2025-08-21T00:00:00,low,integration errors,False,True
TKT0003942,ACC00430,2024-02-11T00:00:00,2024-02-23T00:00:00,low,workflow automation,False,False
TKT0003943,ACC00430,2024-03-04T00:00:00,2024-03-04T00:00:00,medium,API reliability,False,False
TKT0003944,ACC00430,2025-06-14T00:00:00,2025-06-28T00:00:00,medium,dashboard performance,False,True
TKT0003945,ACC00430,2024-01-04T00:00:00,2024-01-04T00:00:00,medium,permissions,False,False
TKT0003946,ACC00431,2025-03-07T00:00:00,2025-03-15T00:00:00,high,renewal terms,False,False
TKT0003947,ACC00431,2024-12-06T00:00:00,2024-12-12T00:00:00,medium,SSO,False,False
TKT0003948,ACC00431,2024-10-18T00:00:00,2024-10-26T00:00:00,medium,SSO,False,False
TKT0003949,ACC00431,2024-12-23T00:00:00,2024-12-29T00:00:00,high,SSO,False,False
TKT0003950,ACC00432,2024-04-24T00:00:00,2024-04-25T00:00:00,low,data synchronization,False,True
TKT0003951,ACC00432,2024-12-18T00:00:00,2024-12-24T00:00:00,low,user provisioning,False,False
TKT0003952,ACC00432,2024-08-04T00:00:00,2024-08-07T00:00:00,medium,report exports,False,False
TKT0003953,ACC00432,2025-10-01T00:00:00,2025-10-06T00:00:00,medium,usage reporting,False,True
TKT0003954,ACC00432,2024-03-15T00:00:00,2024-03-23T00:00:00,low,workflow automation,False,False
TKT0003955,ACC00432,2024-12-20T00:00:00,2024-12-24T00:00:00,medium,usage reporting,False,False
TKT0003956,ACC00432,2024-12-27T00:00:00,2024-12-31T00:00:00,medium,dashboard performance,False,False
TKT0003957,ACC00432,2025-07-08T00:00:00,2025-07-15T00:00:00,medium,billing configuration,False,False
TKT0003958,ACC00432,2024-07-21T00:00:00,2024-07-26T00:00:00,low,report exports,False,False
TKT0003959,ACC00432,2025-05-11T00:00:00,2025-05-12T00:00:00,low,billing configuration,True,False
TKT0003960,ACC00432,2025-09-17T00:00:00,2025-09-26T00:00:00,medium,mobile access,False,False
TKT0003961,ACC00432,2024-06-15T00:00:00,2024-06-22T00:00:00,medium,invoice reconciliation,False,False
TKT0003962,ACC00433,2024-10-23T00:00:00,2024-11-02T00:00:00,low,dashboard performance,False,False
TKT0003963,ACC00433,2024-04-21T00:00:00,2024-04-23T00:00:00,medium,SSO,False,False
TKT0003964,ACC00433,2024-01-14T00:00:00,2024-01-25T00:00:00,low,renewal terms,False,False
TKT0003965,ACC00433,2024-04-01T00:00:00,2024-04-02T00:00:00,medium,renewal terms,False,False
TKT0003966,ACC00433,2024-02-01T00:00:00,2024-02-02T00:00:00,high,billing configuration,False,False
TKT0003967,ACC00433,2024-01-12T00:00:00,2024-01-19T00:00:00,medium,SSO,False,False
TKT0003968,ACC00433,2024-04-19T00:00:00,2024-04-19T00:00:00,low,permissions,False,False
TKT0003969,ACC00433,2024-07-01T00:00:00,2024-07-03T00:00:00,low,mobile access,False,False
TKT0003970,ACC00433,2024-01-17T00:00:00,2024-01-29T00:00:00,low,mobile access,False,False
TKT0003971,ACC00434,2024-07-25T00:00:00,2024-07-25T00:00:00,high,usage reporting,False,False
TKT0003972,ACC00434,2024-06-11T00:00:00,2024-06-15T00:00:00,medium,usage reporting,False,False
TKT0003973,ACC00434,2024-02-21T00:00:00,2024-02-26T00:00:00,low,renewal terms,False,False
TKT0003974,ACC00434,2025-07-13T00:00:00,2025-07-13T00:00:00,high,dashboard performance,False,True
TKT0003975,ACC00434,2025-03-21T00:00:00,2025-04-01T00:00:00,low,API reliability,False,True
TKT0003976,ACC00434,2024-06-15T00:00:00,2024-06-25T00:00:00,medium,integration errors,False,False
TKT0003977,ACC00434,2024-10-27T00:00:00,2024-11-09T00:00:00,low,user provisioning,True,False
TKT0003978,ACC00434,2024-01-28T00:00:00,2024-01-30T00:00:00,medium,report exports,False,False
TKT0003979,ACC00434,2024-05-23T00:00:00,2024-05-24T00:00:00,medium,dashboard performance,False,False
TKT0003980,ACC00434,2024-10-03T00:00:00,2024-10-05T00:00:00,low,API reliability,True,False
TKT0003981,ACC00434,2025-02-22T00:00:00,2025-02-25T00:00:00,medium,renewal terms,False,False
TKT0003982,ACC00434,2024-11-20T00:00:00,2024-11-23T00:00:00,high,API reliability,False,False
TKT0003983,ACC00434,2024-12-04T00:00:00,2024-12-05T00:00:00,low,integration errors,False,False
TKT0003984,ACC00434,2024-03-10T00:00:00,2024-03-20T00:00:00,low,user provisioning,False,False
TKT0003985,ACC00434,2024-07-13T00:00:00,2024-07-25T00:00:00,low,user provisioning,False,False
TKT0003986,ACC00435,2025-03-11T00:00:00,2025-03-20T00:00:00,medium,usage reporting,False,False
TKT0003987,ACC00435,2025-01-26T00:00:00,2025-02-05T00:00:00,high,integration errors,False,True
TKT0003988,ACC00435,2024-02-14T00:00:00,2024-02-23T00:00:00,medium,billing configuration,True,False
TKT0003989,ACC00435,2024-01-24T00:00:00,2024-01-27T00:00:00,high,billing configuration,False,False
TKT0003990,ACC00435,2024-01-16T00:00:00,2024-01-28T00:00:00,medium,API reliability,False,False
TKT0003991,ACC00435,2025-04-08T00:00:00,2025-04-22T00:00:00,high,billing configuration,False,False
TKT0003992,ACC00435,2024-12-27T00:00:00,2025-01-02T00:00:00,medium,workflow automation,False,False
TKT0003993,ACC00435,2024-12-18T00:00:00,2024-12-24T00:00:00,medium,data synchronization,False,False
TKT0003994,ACC00435,2024-02-04T00:00:00,2024-02-10T00:00:00,high,data synchronization,False,False
TKT0003995,ACC00435,2024-08-16T00:00:00,2024-08-21T00:00:00,high,usage reporting,False,False
TKT0003996,ACC00436,2024-02-07T00:00:00,2024-02-21T00:00:00,low,data synchronization,False,True
TKT0003997,ACC00436,2024-06-27T00:00:00,2024-07-07T00:00:00,medium,user provisioning,False,False
TKT0003998,ACC00436,2024-01-11T00:00:00,2024-01-14T00:00:00,medium,usage reporting,False,False
TKT0003999,ACC00437,2024-04-08T00:00:00,2024-04-22T00:00:00,low,dashboard performance,False,False
TKT0004000,ACC00437,2024-02-13T00:00:00,2024-02-15T00:00:00,medium,dashboard performance,False,False
TKT0004001,ACC00437,2024-01-13T00:00:00,2024-01-26T00:00:00,low,renewal terms,False,False
TKT0004002,ACC00437,2024-03-07T00:00:00,2024-03-21T00:00:00,low,invoice reconciliation,False,False
TKT0004003,ACC00438,2024-01-07T00:00:00,2024-01-21T00:00:00,low,SSO,False,False
TKT0004004,ACC00438,2024-06-02T00:00:00,2024-06-10T00:00:00,low,data synchronization,False,True
TKT0004005,ACC00438,2025-02-01T00:00:00,2025-02-03T00:00:00,medium,invoice reconciliation,False,False
TKT0004006,ACC00438,2024-11-19T00:00:00,2024-12-03T00:00:00,high,invoice reconciliation,True,False
TKT0004007,ACC00438,2025-08-09T00:00:00,2025-08-18T00:00:00,high,user provisioning,False,False
TKT0004008,ACC00438,2025-12-08T00:00:00,2025-12-15T00:00:00,low,integration errors,True,False
TKT0004009,ACC00438,2025-08-06T00:00:00,2025-08-14T00:00:00,low,billing configuration,False,False
TKT0004010,ACC00438,2024-03-25T00:00:00,2024-03-31T00:00:00,low,workflow automation,True,False
TKT0004011,ACC00438,2024-06-03T00:00:00,2024-06-03T00:00:00,medium,dashboard performance,False,False
TKT0004012,ACC00438,2024-01-09T00:00:00,2024-01-19T00:00:00,low,integration errors,False,False
TKT0004013,ACC00438,2024-09-14T00:00:00,2024-09-16T00:00:00,medium,SSO,False,False
TKT0004014,ACC00438,2025-08-12T00:00:00,2025-08-16T00:00:00,medium,mobile access,True,False
TKT0004015,ACC00438,2024-04-05T00:00:00,2024-04-18T00:00:00,low,report exports,False,True
TKT0004016,ACC00438,2024-01-23T00:00:00,2024-02-04T00:00:00,low,usage reporting,False,False
TKT0004017,ACC00438,2025-06-12T00:00:00,2025-06-12T00:00:00,medium,report exports,False,False
TKT0004018,ACC00439,2024-11-08T00:00:00,2024-11-16T00:00:00,medium,report exports,False,False
TKT0004019,ACC00439,2024-06-01T00:00:00,2024-06-04T00:00:00,low,mobile access,False,False
TKT0004020,ACC00439,2025-04-13T00:00:00,2025-04-22T00:00:00,medium,mobile access,False,False
TKT0004021,ACC00439,2024-04-07T00:00:00,2024-04-13T00:00:00,medium,dashboard performance,False,False
TKT0004022,ACC00439,2025-04-04T00:00:00,2025-04-04T00:00:00,medium,invoice reconciliation,False,True
TKT0004023,ACC00439,2024-10-01T00:00:00,2024-10-06T00:00:00,low,permissions,True,False
TKT0004024,ACC00439,2025-06-04T00:00:00,2025-06-14T00:00:00,low,data synchronization,False,True
TKT0004025,ACC00439,2024-10-02T00:00:00,2024-10-10T00:00:00,low,integration errors,False,False
TKT0004026,ACC00439,2025-07-07T00:00:00,2025-07-21T00:00:00,low,integration errors,False,True
TKT0004027,ACC00439,2025-06-10T00:00:00,2025-06-15T00:00:00,low,SSO,False,False
TKT0004028,ACC00439,2024-02-12T00:00:00,2024-02-15T00:00:00,medium,user provisioning,False,False
TKT0004029,ACC00440,2024-04-17T00:00:00,2024-04-27T00:00:00,low,usage reporting,False,False
TKT0004030,ACC00440,2025-06-27T00:00:00,2025-07-01T00:00:00,medium,data synchronization,False,False
TKT0004031,ACC00440,2024-07-20T00:00:00,2024-07-31T00:00:00,medium,user provisioning,True,False
TKT0004032,ACC00440,2024-11-01T00:00:00,2024-11-11T00:00:00,medium,usage reporting,False,False
TKT0004033,ACC00441,2025-02-22T00:00:00,2025-03-02T00:00:00,low,billing configuration,False,False
TKT0004034,ACC00441,2024-11-23T00:00:00,2024-12-02T00:00:00,medium,report exports,False,False
TKT0004035,ACC00441,2025-05-04T00:00:00,2025-05-16T00:00:00,medium,report exports,False,False
TKT0004036,ACC00441,2025-02-24T00:00:00,2025-03-10T00:00:00,medium,billing configuration,False,False
TKT0004037,ACC00442,2025-11-22T00:00:00,2025-11-28T00:00:00,medium,renewal terms,False,True
TKT0004038,ACC00442,2025-11-02T00:00:00,2025-11-11T00:00:00,medium,integration errors,False,False
TKT0004039,ACC00442,2024-06-13T00:00:00,2024-06-24T00:00:00,low,dashboard performance,False,False
TKT0004040,ACC00442,2024-04-07T00:00:00,2024-04-12T00:00:00,high,dashboard performance,False,True
TKT0004041,ACC00442,2024-06-22T00:00:00,2024-06-23T00:00:00,medium,invoice reconciliation,False,False
TKT0004042,ACC00442,2025-04-09T00:00:00,2025-04-23T00:00:00,low,integration errors,False,False
TKT0004043,ACC00443,2024-04-10T00:00:00,2024-04-11T00:00:00,low,report exports,True,False
TKT0004044,ACC00443,2024-12-25T00:00:00,2025-01-01T00:00:00,medium,user provisioning,False,False
TKT0004045,ACC00443,2024-05-16T00:00:00,2024-05-30T00:00:00,low,user provisioning,False,False
TKT0004046,ACC00443,2024-04-11T00:00:00,2024-04-19T00:00:00,medium,report exports,False,False
TKT0004047,ACC00443,2024-06-02T00:00:00,2024-06-08T00:00:00,low,renewal terms,False,True
TKT0004048,ACC00444,2025-06-21T00:00:00,2025-06-30T00:00:00,low,permissions,False,False
TKT0004049,ACC00444,2025-04-11T00:00:00,2025-04-19T00:00:00,medium,mobile access,False,False
TKT0004050,ACC00444,2024-12-28T00:00:00,2024-12-29T00:00:00,medium,workflow automation,False,False
TKT0004051,ACC00444,2024-07-13T00:00:00,2024-07-20T00:00:00,high,invoice reconciliation,True,False
TKT0004052,ACC00444,2025-05-01T00:00:00,2025-05-10T00:00:00,medium,usage reporting,False,False
TKT0004053,ACC00444,2025-11-16T00:00:00,2025-11-23T00:00:00,high,permissions,False,False
TKT0004054,ACC00444,2024-07-06T00:00:00,2024-07-08T00:00:00,high,invoice reconciliation,False,False
TKT0004055,ACC00444,2024-04-07T00:00:00,2024-04-19T00:00:00,low,SSO,True,False
TKT0004056,ACC00444,2025-10-17T00:00:00,2025-10-17T00:00:00,high,dashboard performance,True,True
TKT0004057,ACC00444,2025-10-13T00:00:00,2025-10-16T00:00:00,medium,usage reporting,False,False
TKT0004058,ACC00444,2025-04-06T00:00:00,2025-04-16T00:00:00,low,workflow automation,False,False
TKT0004059,ACC00444,2025-11-20T00:00:00,2025-11-22T00:00:00,low,mobile access,False,False
TKT0004060,ACC00444,2025-09-12T00:00:00,2025-09-22T00:00:00,medium,permissions,False,True
TKT0004061,ACC00444,2024-12-25T00:00:00,2025-01-05T00:00:00,low,SSO,True,False
TKT0004062,ACC00444,2025-03-13T00:00:00,2025-03-19T00:00:00,medium,user provisioning,False,False
TKT0004063,ACC00445,2024-07-05T00:00:00,2024-07-10T00:00:00,medium,usage reporting,False,False
TKT0004064,ACC00445,2024-10-21T00:00:00,2024-11-04T00:00:00,medium,data synchronization,False,False
TKT0004065,ACC00445,2024-11-12T00:00:00,2024-11-15T00:00:00,high,API reliability,False,False
TKT0004066,ACC00445,2024-05-24T00:00:00,2024-06-03T00:00:00,low,billing configuration,False,False
TKT0004067,ACC00445,2024-05-26T00:00:00,2024-06-05T00:00:00,low,API reliability,False,False
TKT0004068,ACC00445,2025-06-17T00:00:00,2025-06-18T00:00:00,high,mobile access,False,True
TKT0004069,ACC00445,2024-05-20T00:00:00,2024-05-28T00:00:00,medium,data synchronization,False,False
TKT0004070,ACC00446,2024-03-25T00:00:00,2024-04-05T00:00:00,high,integration errors,False,False
TKT0004071,ACC00446,2025-06-15T00:00:00,2025-06-18T00:00:00,low,report exports,False,False
TKT0004072,ACC00446,2025-06-05T00:00:00,2025-06-09T00:00:00,medium,dashboard performance,False,False
TKT0004073,ACC00446,2024-11-01T00:00:00,2024-11-11T00:00:00,low,integration errors,False,False
TKT0004074,ACC00446,2025-02-13T00:00:00,2025-02-25T00:00:00,low,mobile access,False,False
TKT0004075,ACC00446,2024-03-11T00:00:00,2024-03-14T00:00:00,low,usage reporting,False,False
TKT0004076,ACC00446,2024-09-03T00:00:00,2024-09-03T00:00:00,low,billing configuration,False,False
TKT0004077,ACC00446,2024-07-02T00:00:00,2024-07-09T00:00:00,low,dashboard performance,False,False
TKT0004078,ACC00446,2025-05-02T00:00:00,2025-05-09T00:00:00,low,permissions,False,False
TKT0004079,ACC00446,2024-03-15T00:00:00,2024-03-28T00:00:00,low,data synchronization,True,False
TKT0004080,ACC00447,2025-02-06T00:00:00,2025-02-12T00:00:00,high,integration errors,False,False
TKT0004081,ACC00447,2024-06-14T00:00:00,2024-06-28T00:00:00,medium,workflow automation,False,False
TKT0004082,ACC00447,2025-05-08T00:00:00,2025-05-12T00:00:00,medium,billing configuration,False,False
TKT0004083,ACC00447,2025-12-21T00:00:00,2025-12-28T00:00:00,low,integration errors,False,False
TKT0004084,ACC00447,2025-09-12T00:00:00,2025-09-26T00:00:00,high,report exports,False,False
TKT0004085,ACC00447,2024-06-10T00:00:00,2024-06-21T00:00:00,medium,mobile access,False,False
TKT0004086,ACC00447,2024-07-10T00:00:00,2024-07-10T00:00:00,high,workflow automation,False,False
TKT0004087,ACC00447,2024-02-01T00:00:00,2024-02-14T00:00:00,medium,user provisioning,False,False
TKT0004088,ACC00447,2024-11-09T00:00:00,2024-11-09T00:00:00,medium,integration errors,False,False
TKT0004089,ACC00447,2024-08-23T00:00:00,2024-09-06T00:00:00,medium,usage reporting,False,False
TKT0004090,ACC00447,2024-10-10T00:00:00,2024-10-20T00:00:00,medium,report exports,False,True
TKT0004091,ACC00447,2024-03-02T00:00:00,2024-03-14T00:00:00,low,permissions,False,False
TKT0004092,ACC00447,2025-08-21T00:00:00,2025-08-25T00:00:00,low,API reliability,False,False
TKT0004093,ACC00447,2025-05-26T00:00:00,2025-06-06T00:00:00,low,permissions,False,False
TKT0004094,ACC00447,2024-07-10T00:00:00,2024-07-14T00:00:00,low,user provisioning,False,False
TKT0004095,ACC00447,2024-07-06T00:00:00,2024-07-20T00:00:00,medium,mobile access,False,False
TKT0004096,ACC00447,2024-11-09T00:00:00,2024-11-23T00:00:00,low,mobile access,False,False
TKT0004097,ACC00447,2025-11-28T00:00:00,2025-12-08T00:00:00,low,invoice reconciliation,False,False
TKT0004098,ACC00448,2024-01-15T00:00:00,2024-01-23T00:00:00,low,SSO,False,False
TKT0004099,ACC00448,2024-08-22T00:00:00,2024-09-01T00:00:00,low,dashboard performance,False,False
TKT0004100,ACC00448,2025-07-16T00:00:00,2025-07-27T00:00:00,high,user provisioning,True,True
TKT0004101,ACC00448,2025-07-12T00:00:00,2025-07-13T00:00:00,low,SSO,False,False
TKT0004102,ACC00448,2025-04-20T00:00:00,2025-05-01T00:00:00,medium,data synchronization,False,False
TKT0004103,ACC00448,2025-06-25T00:00:00,2025-07-07T00:00:00,low,billing configuration,False,False
TKT0004104,ACC00448,2024-06-22T00:00:00,2024-07-06T00:00:00,low,report exports,False,False
TKT0004105,ACC00448,2025-11-21T00:00:00,2025-11-26T00:00:00,low,SSO,False,False
TKT0004106,ACC00448,2025-02-10T00:00:00,2025-02-18T00:00:00,low,mobile access,False,False
TKT0004107,ACC00448,2024-11-28T00:00:00,2024-12-10T00:00:00,medium,dashboard performance,False,False
TKT0004108,ACC00448,2024-07-02T00:00:00,2024-07-02T00:00:00,medium,data synchronization,False,False
TKT0004109,ACC00448,2025-11-15T00:00:00,2025-11-20T00:00:00,medium,SSO,False,False
TKT0004110,ACC00448,2024-09-07T00:00:00,2024-09-13T00:00:00,medium,billing configuration,False,False
TKT0004111,ACC00448,2025-05-26T00:00:00,2025-06-01T00:00:00,medium,invoice reconciliation,False,False
TKT0004112,ACC00448,2025-09-21T00:00:00,2025-09-29T00:00:00,medium,report exports,False,False
TKT0004113,ACC00448,2025-04-06T00:00:00,2025-04-15T00:00:00,low,SSO,False,False
TKT0004114,ACC00449,2025-01-09T00:00:00,2025-01-19T00:00:00,low,renewal terms,False,False
TKT0004115,ACC00449,2025-05-11T00:00:00,2025-05-19T00:00:00,medium,permissions,True,False
TKT0004116,ACC00449,2025-04-05T00:00:00,2025-04-11T00:00:00,low,SSO,True,False
TKT0004117,ACC00449,2024-06-28T00:00:00,2024-07-03T00:00:00,high,user provisioning,False,False
TKT0004118,ACC00449,2025-07-14T00:00:00,2025-07-22T00:00:00,low,integration errors,False,False
TKT0004119,ACC00449,2024-06-15T00:00:00,2024-06-15T00:00:00,medium,renewal terms,False,False
TKT0004120,ACC00449,2024-12-11T00:00:00,2024-12-19T00:00:00,medium,user provisioning,False,False
TKT0004121,ACC00449,2025-08-05T00:00:00,2025-08-17T00:00:00,medium,user provisioning,False,True
TKT0004122,ACC00449,2024-12-12T00:00:00,2024-12-22T00:00:00,low,user provisioning,False,False
TKT0004123,ACC00449,2025-08-08T00:00:00,2025-08-11T00:00:00,medium,API reliability,False,False
TKT0004124,ACC00449,2025-02-02T00:00:00,2025-02-06T00:00:00,low,usage reporting,False,False
TKT0004125,ACC00449,2024-09-10T00:00:00,2024-09-16T00:00:00,low,data synchronization,False,False
TKT0004126,ACC00449,2025-08-01T00:00:00,2025-08-08T00:00:00,medium,workflow automation,False,False
TKT0004127,ACC00449,2024-07-12T00:00:00,2024-07-14T00:00:00,low,billing configuration,False,False
TKT0004128,ACC00449,2025-04-11T00:00:00,2025-04-17T00:00:00,low,mobile access,False,False
TKT0004129,ACC00449,2025-02-18T00:00:00,2025-03-01T00:00:00,low,dashboard performance,False,False
TKT0004130,ACC00449,2024-01-11T00:00:00,2024-01-21T00:00:00,high,permissions,False,False
TKT0004131,ACC00449,2024-06-11T00:00:00,2024-06-13T00:00:00,low,workflow automation,False,False
TKT0004132,ACC00450,2024-08-01T00:00:00,2024-08-04T00:00:00,low,mobile access,False,False
TKT0004133,ACC00450,2024-10-19T00:00:00,2024-10-28T00:00:00,high,usage reporting,False,False
TKT0004134,ACC00450,2025-03-11T00:00:00,2025-03-18T00:00:00,medium,SSO,False,False
TKT0004135,ACC00450,2025-02-07T00:00:00,2025-02-07T00:00:00,low,dashboard performance,False,False
TKT0004136,ACC00451,2024-01-28T00:00:00,2024-02-04T00:00:00,low,user provisioning,False,False
TKT0004137,ACC00451,2024-04-26T00:00:00,2024-04-27T00:00:00,medium,invoice reconciliation,False,False
TKT0004138,ACC00451,2024-12-21T00:00:00,2024-12-25T00:00:00,medium,integration errors,True,False
TKT0004139,ACC00451,2024-04-27T00:00:00,2024-05-02T00:00:00,low,billing configuration,False,False
TKT0004140,ACC00451,2024-04-25T00:00:00,2024-05-06T00:00:00,low,SSO,False,False
TKT0004141,ACC00451,2025-07-15T00:00:00,2025-07-15T00:00:00,low,API reliability,False,False
TKT0004142,ACC00452,2024-02-27T00:00:00,2024-03-05T00:00:00,medium,dashboard performance,False,False
TKT0004143,ACC00452,2024-10-13T00:00:00,2024-10-22T00:00:00,low,workflow automation,False,False
TKT0004144,ACC00453,2024-02-20T00:00:00,2024-03-01T00:00:00,low,billing configuration,False,False
TKT0004145,ACC00453,2024-05-22T00:00:00,2024-06-02T00:00:00,medium,API reliability,False,False
TKT0004146,ACC00453,2024-03-14T00:00:00,2024-03-22T00:00:00,high,usage reporting,True,True
TKT0004147,ACC00453,2024-04-11T00:00:00,2024-04-20T00:00:00,medium,workflow automation,False,True
TKT0004148,ACC00453,2024-02-19T00:00:00,2024-02-28T00:00:00,medium,report exports,False,True
TKT0004149,ACC00453,2024-03-14T00:00:00,2024-03-21T00:00:00,low,permissions,False,False
TKT0004150,ACC00454,2025-08-22T00:00:00,2025-09-01T00:00:00,medium,API reliability,False,False
TKT0004151,ACC00454,2024-03-11T00:00:00,2024-03-21T00:00:00,low,integration errors,False,False
TKT0004152,ACC00454,2024-11-28T00:00:00,2024-11-30T00:00:00,medium,user provisioning,False,False
TKT0004153,ACC00454,2025-09-08T00:00:00,2025-09-10T00:00:00,low,workflow automation,False,False
TKT0004154,ACC00454,2025-12-14T00:00:00,2025-12-25T00:00:00,medium,renewal terms,False,False
TKT0004155,ACC00454,2024-11-05T00:00:00,2024-11-15T00:00:00,low,data synchronization,False,False
TKT0004156,ACC00454,2025-05-17T00:00:00,2025-05-29T00:00:00,low,invoice reconciliation,False,False
TKT0004157,ACC00454,2025-12-12T00:00:00,2025-12-21T00:00:00,medium,mobile access,False,False
TKT0004158,ACC00454,2024-03-20T00:00:00,2024-03-20T00:00:00,medium,dashboard performance,False,False
TKT0004159,ACC00454,2025-03-22T00:00:00,2025-03-23T00:00:00,medium,integration errors,False,False
TKT0004160,ACC00454,2025-06-02T00:00:00,2025-06-03T00:00:00,low,usage reporting,False,False
TKT0004161,ACC00454,2024-06-21T00:00:00,2024-06-25T00:00:00,low,mobile access,False,False
TKT0004162,ACC00455,2025-05-27T00:00:00,2025-06-03T00:00:00,medium,permissions,True,False
TKT0004163,ACC00455,2024-12-22T00:00:00,2025-01-04T00:00:00,low,billing configuration,False,False
TKT0004164,ACC00455,2024-05-27T00:00:00,2024-06-01T00:00:00,medium,renewal terms,False,False
TKT0004165,ACC00455,2025-03-03T00:00:00,2025-03-06T00:00:00,low,permissions,False,False
TKT0004166,ACC00455,2024-07-22T00:00:00,2024-07-22T00:00:00,low,billing configuration,False,False
TKT0004167,ACC00455,2025-08-23T00:00:00,2025-08-26T00:00:00,medium,report exports,False,False
TKT0004168,ACC00455,2025-04-26T00:00:00,2025-05-04T00:00:00,low,report exports,False,False
TKT0004169,ACC00456,2024-04-18T00:00:00,2024-04-19T00:00:00,medium,API reliability,False,True
TKT0004170,ACC00456,2024-05-23T00:00:00,2024-06-02T00:00:00,medium,mobile access,False,True
TKT0004171,ACC00456,2024-05-14T00:00:00,2024-05-25T00:00:00,low,invoice reconciliation,False,False
TKT0004172,ACC00456,2024-02-25T00:00:00,2024-03-02T00:00:00,low,renewal terms,True,False
TKT0004173,ACC00456,2024-09-04T00:00:00,2024-09-04T00:00:00,medium,mobile access,False,False
TKT0004174,ACC00457,2025-05-05T00:00:00,2025-05-19T00:00:00,critical,workflow automation,False,False
TKT0004175,ACC00457,2024-12-18T00:00:00,2024-12-28T00:00:00,high,usage reporting,False,False
TKT0004176,ACC00457,2024-03-06T00:00:00,2024-03-09T00:00:00,high,renewal terms,False,False
TKT0004177,ACC00457,2024-08-14T00:00:00,2024-08-20T00:00:00,medium,report exports,False,False
TKT0004178,ACC00457,2025-01-06T00:00:00,2025-01-18T00:00:00,high,workflow automation,False,False
TKT0004179,ACC00457,2025-02-14T00:00:00,2025-02-28T00:00:00,medium,usage reporting,False,False
TKT0004180,ACC00457,2024-06-06T00:00:00,2024-06-07T00:00:00,medium,API reliability,False,False
TKT0004181,ACC00458,2024-08-22T00:00:00,2024-09-03T00:00:00,medium,API reliability,False,False
TKT0004182,ACC00458,2024-03-03T00:00:00,2024-03-06T00:00:00,medium,API reliability,False,False
TKT0004183,ACC00458,2024-04-01T00:00:00,2024-04-13T00:00:00,low,dashboard performance,True,False
TKT0004184,ACC00459,2024-03-13T00:00:00,2024-03-21T00:00:00,low,usage reporting,False,False
TKT0004185,ACC00459,2024-05-27T00:00:00,2024-05-29T00:00:00,medium,SSO,False,True
TKT0004186,ACC00459,2024-11-11T00:00:00,2024-11-13T00:00:00,medium,usage reporting,False,False
TKT0004187,ACC00460,2025-04-15T00:00:00,2025-04-27T00:00:00,high,usage reporting,False,False
TKT0004188,ACC00460,2024-11-08T00:00:00,2024-11-10T00:00:00,medium,workflow automation,False,True
TKT0004189,ACC00460,2024-08-27T00:00:00,2024-08-31T00:00:00,medium,dashboard performance,False,False
TKT0004190,ACC00460,2024-08-23T00:00:00,2024-08-24T00:00:00,medium,integration errors,False,False
TKT0004191,ACC00460,2024-02-17T00:00:00,2024-03-02T00:00:00,low,workflow automation,False,False
TKT0004192,ACC00460,2025-03-07T00:00:00,2025-03-09T00:00:00,low,permissions,False,True
TKT0004193,ACC00460,2024-11-17T00:00:00,2024-11-19T00:00:00,medium,usage reporting,False,False
TKT0004194,ACC00460,2025-01-05T00:00:00,2025-01-18T00:00:00,low,dashboard performance,True,False
TKT0004195,ACC00460,2025-07-09T00:00:00,2025-07-11T00:00:00,high,permissions,False,False
TKT0004196,ACC00461,2025-11-01T00:00:00,2025-11-15T00:00:00,medium,integration errors,False,True
TKT0004197,ACC00461,2024-02-03T00:00:00,2024-02-05T00:00:00,low,billing configuration,False,False
TKT0004198,ACC00461,2024-11-24T00:00:00,2024-12-03T00:00:00,low,invoice reconciliation,False,False
TKT0004199,ACC00461,2024-09-22T00:00:00,2024-09-27T00:00:00,low,invoice reconciliation,False,False
TKT0004200,ACC00461,2025-12-17T00:00:00,2025-12-22T00:00:00,low,report exports,False,False
TKT0004201,ACC00461,2025-07-28T00:00:00,2025-07-28T00:00:00,low,data synchronization,False,True
TKT0004202,ACC00461,2025-09-24T00:00:00,2025-09-30T00:00:00,low,permissions,True,True
TKT0004203,ACC00461,2024-03-24T00:00:00,2024-04-03T00:00:00,low,user provisioning,False,False
TKT0004204,ACC00461,2024-11-01T00:00:00,2024-11-14T00:00:00,medium,renewal terms,False,True
TKT0004205,ACC00461,2024-05-03T00:00:00,2024-05-09T00:00:00,medium,data synchronization,False,False
TKT0004206,ACC00461,2024-01-28T00:00:00,2024-02-06T00:00:00,low,billing configuration,False,False
TKT0004207,ACC00461,2024-10-01T00:00:00,2024-10-10T00:00:00,low,API reliability,False,False
TKT0004208,ACC00461,2024-08-09T00:00:00,2024-08-22T00:00:00,high,usage reporting,False,False
TKT0004209,ACC00461,2025-12-06T00:00:00,2025-12-11T00:00:00,medium,dashboard performance,False,False
TKT0004210,ACC00461,2024-10-20T00:00:00,2024-10-27T00:00:00,low,permissions,False,False
TKT0004211,ACC00461,2024-11-28T00:00:00,2024-12-03T00:00:00,medium,invoice reconciliation,False,False
TKT0004212,ACC00462,2024-05-03T00:00:00,2024-05-03T00:00:00,medium,report exports,False,False
TKT0004213,ACC00463,2024-06-05T00:00:00,2024-06-09T00:00:00,medium,renewal terms,False,False
TKT0004214,ACC00463,2024-02-20T00:00:00,2024-02-27T00:00:00,low,dashboard performance,True,False
TKT0004215,ACC00463,2025-04-14T00:00:00,2025-04-23T00:00:00,low,billing configuration,True,False
TKT0004216,ACC00463,2024-12-25T00:00:00,2025-01-05T00:00:00,high,user provisioning,False,False
TKT0004217,ACC00463,2024-11-01T00:00:00,2024-11-15T00:00:00,low,renewal terms,False,False
TKT0004218,ACC00463,2025-02-08T00:00:00,2025-02-08T00:00:00,high,SSO,False,False
TKT0004219,ACC00463,2024-10-19T00:00:00,2024-10-22T00:00:00,low,SSO,True,False
TKT0004220,ACC00464,2024-11-04T00:00:00,2024-11-04T00:00:00,medium,workflow automation,False,False
TKT0004221,ACC00464,2024-03-11T00:00:00,2024-03-21T00:00:00,low,invoice reconciliation,True,False
TKT0004222,ACC00464,2024-02-10T00:00:00,2024-02-11T00:00:00,low,mobile access,False,False
TKT0004223,ACC00464,2025-03-05T00:00:00,2025-03-13T00:00:00,medium,renewal terms,False,False
TKT0004224,ACC00464,2025-03-15T00:00:00,2025-03-16T00:00:00,low,mobile access,False,True
TKT0004225,ACC00464,2024-03-24T00:00:00,2024-04-04T00:00:00,medium,user provisioning,False,False
TKT0004226,ACC00464,2024-03-17T00:00:00,2024-03-18T00:00:00,medium,user provisioning,False,False
TKT0004227,ACC00464,2024-03-12T00:00:00,2024-03-18T00:00:00,high,API reliability,False,False
TKT0004228,ACC00464,2025-01-09T00:00:00,2025-01-16T00:00:00,low,dashboard performance,False,False
TKT0004229,ACC00464,2025-04-03T00:00:00,2025-04-05T00:00:00,critical,permissions,False,False
TKT0004230,ACC00464,2024-09-17T00:00:00,2024-09-23T00:00:00,medium,dashboard performance,False,False
TKT0004231,ACC00465,2025-01-17T00:00:00,2025-01-30T00:00:00,high,user provisioning,False,False
TKT0004232,ACC00465,2025-05-23T00:00:00,2025-06-02T00:00:00,low,dashboard performance,False,False
TKT0004233,ACC00465,2025-07-11T00:00:00,2025-07-24T00:00:00,medium,usage reporting,False,False
TKT0004234,ACC00465,2024-09-16T00:00:00,2024-09-25T00:00:00,medium,API reliability,False,False
TKT0004235,ACC00465,2025-05-17T00:00:00,2025-05-26T00:00:00,low,billing configuration,False,False
TKT0004236,ACC00465,2025-12-20T00:00:00,2026-01-02T00:00:00,low,usage reporting,False,False
TKT0004237,ACC00466,2025-02-24T00:00:00,2025-03-04T00:00:00,medium,SSO,False,True
TKT0004238,ACC00466,2024-08-13T00:00:00,2024-08-25T00:00:00,medium,permissions,True,False
TKT0004239,ACC00466,2025-03-24T00:00:00,2025-04-02T00:00:00,medium,dashboard performance,False,False
TKT0004240,ACC00466,2025-01-22T00:00:00,2025-02-01T00:00:00,medium,user provisioning,False,False
TKT0004241,ACC00466,2024-07-12T00:00:00,2024-07-18T00:00:00,high,API reliability,False,False
TKT0004242,ACC00466,2024-01-26T00:00:00,2024-02-09T00:00:00,low,API reliability,False,False
TKT0004243,ACC00466,2024-07-23T00:00:00,2024-07-25T00:00:00,medium,workflow automation,False,False
TKT0004244,ACC00466,2024-10-05T00:00:00,2024-10-16T00:00:00,low,mobile access,True,False
TKT0004245,ACC00466,2024-03-18T00:00:00,2024-03-28T00:00:00,medium,usage reporting,False,False
TKT0004246,ACC00466,2025-07-06T00:00:00,2025-07-13T00:00:00,high,workflow automation,True,True
TKT0004247,ACC00466,2024-12-03T00:00:00,2024-12-03T00:00:00,medium,billing configuration,False,False
TKT0004248,ACC00467,2024-01-19T00:00:00,2024-01-25T00:00:00,medium,report exports,False,True
TKT0004249,ACC00467,2024-07-09T00:00:00,2024-07-16T00:00:00,low,billing configuration,False,False
TKT0004250,ACC00467,2024-03-25T00:00:00,2024-04-01T00:00:00,low,API reliability,False,False
TKT0004251,ACC00468,2025-10-23T00:00:00,2025-10-30T00:00:00,medium,user provisioning,False,False
TKT0004252,ACC00468,2024-12-25T00:00:00,2024-12-29T00:00:00,low,permissions,False,False
TKT0004253,ACC00468,2024-04-11T00:00:00,2024-04-18T00:00:00,medium,data synchronization,False,False
TKT0004254,ACC00468,2025-09-05T00:00:00,2025-09-15T00:00:00,low,invoice reconciliation,False,True
TKT0004255,ACC00468,2025-11-02T00:00:00,2025-11-16T00:00:00,low,dashboard performance,False,False
TKT0004256,ACC00468,2024-02-02T00:00:00,2024-02-04T00:00:00,medium,billing configuration,False,False
TKT0004257,ACC00468,2025-03-05T00:00:00,2025-03-15T00:00:00,medium,permissions,True,False
TKT0004258,ACC00469,2024-02-10T00:00:00,2024-02-24T00:00:00,medium,workflow automation,False,False
TKT0004259,ACC00469,2024-08-13T00:00:00,2024-08-22T00:00:00,low,workflow automation,False,False
TKT0004260,ACC00469,2024-05-04T00:00:00,2024-05-15T00:00:00,low,dashboard performance,False,False
TKT0004261,ACC00469,2025-06-18T00:00:00,2025-06-28T00:00:00,low,renewal terms,False,True
TKT0004262,ACC00469,2024-09-14T00:00:00,2024-09-23T00:00:00,low,renewal terms,False,False
TKT0004263,ACC00469,2025-08-27T00:00:00,2025-09-07T00:00:00,medium,invoice reconciliation,False,False
TKT0004264,ACC00469,2024-08-27T00:00:00,2024-08-30T00:00:00,medium,integration errors,False,False
TKT0004265,ACC00469,2025-05-12T00:00:00,2025-05-16T00:00:00,medium,SSO,True,False
TKT0004266,ACC00469,2024-02-14T00:00:00,2024-02-17T00:00:00,high,user provisioning,False,False
TKT0004267,ACC00469,2024-04-21T00:00:00,2024-05-01T00:00:00,low,workflow automation,False,False
TKT0004268,ACC00470,2025-08-01T00:00:00,2025-08-05T00:00:00,medium,API reliability,True,False
TKT0004269,ACC00470,2025-05-18T00:00:00,2025-05-30T00:00:00,low,report exports,False,False
TKT0004270,ACC00470,2025-05-11T00:00:00,2025-05-19T00:00:00,medium,integration errors,False,False
TKT0004271,ACC00470,2024-10-03T00:00:00,2024-10-14T00:00:00,medium,integration errors,False,False
TKT0004272,ACC00470,2025-06-08T00:00:00,2025-06-21T00:00:00,medium,report exports,False,False
TKT0004273,ACC00470,2024-07-15T00:00:00,2024-07-18T00:00:00,low,report exports,False,False
TKT0004274,ACC00471,2024-06-14T00:00:00,2024-06-17T00:00:00,critical,billing configuration,False,False
TKT0004275,ACC00471,2024-04-03T00:00:00,2024-04-15T00:00:00,high,integration errors,False,False
TKT0004276,ACC00471,2024-01-22T00:00:00,2024-01-23T00:00:00,low,workflow automation,False,False
TKT0004277,ACC00471,2025-08-21T00:00:00,2025-09-03T00:00:00,medium,invoice reconciliation,False,False
TKT0004278,ACC00471,2025-01-19T00:00:00,2025-01-20T00:00:00,low,user provisioning,True,False
TKT0004279,ACC00471,2025-09-12T00:00:00,2025-09-23T00:00:00,medium,invoice reconciliation,False,True
TKT0004280,ACC00471,2025-03-17T00:00:00,2025-03-31T00:00:00,medium,API reliability,True,False
TKT0004281,ACC00471,2025-09-19T00:00:00,2025-09-30T00:00:00,critical,renewal terms,False,False
TKT0004282,ACC00471,2024-08-02T00:00:00,2024-08-05T00:00:00,high,report exports,False,False
TKT0004283,ACC00471,2025-05-21T00:00:00,2025-06-03T00:00:00,high,renewal terms,False,False
TKT0004284,ACC00471,2025-03-14T00:00:00,2025-03-28T00:00:00,medium,integration errors,False,False
TKT0004285,ACC00472,2025-08-24T00:00:00,2025-08-26T00:00:00,low,permissions,False,False
TKT0004286,ACC00472,2025-09-15T00:00:00,2025-09-16T00:00:00,medium,workflow automation,False,False
TKT0004287,ACC00472,2025-11-26T00:00:00,2025-12-08T00:00:00,medium,renewal terms,False,False
TKT0004288,ACC00472,2025-11-25T00:00:00,2025-12-06T00:00:00,low,invoice reconciliation,False,False
TKT0004289,ACC00472,2025-01-04T00:00:00,2025-01-04T00:00:00,medium,invoice reconciliation,False,False
TKT0004290,ACC00472,2024-09-14T00:00:00,2024-09-17T00:00:00,low,data synchronization,False,True
TKT0004291,ACC00472,2025-10-16T00:00:00,2025-10-28T00:00:00,medium,data synchronization,False,False
TKT0004292,ACC00472,2024-03-15T00:00:00,2024-03-29T00:00:00,medium,invoice reconciliation,False,False
TKT0004293,ACC00472,2025-02-03T00:00:00,2025-02-10T00:00:00,low,mobile access,True,False
TKT0004294,ACC00473,2024-09-07T00:00:00,2024-09-21T00:00:00,medium,SSO,False,False
TKT0004295,ACC00473,2024-12-25T00:00:00,2025-01-01T00:00:00,high,integration errors,False,False
TKT0004296,ACC00473,2024-06-12T00:00:00,2024-06-22T00:00:00,low,SSO,False,False
TKT0004297,ACC00473,2024-02-01T00:00:00,2024-02-02T00:00:00,low,workflow automation,False,False
TKT0004298,ACC00473,2024-01-10T00:00:00,2024-01-13T00:00:00,low,SSO,False,False
TKT0004299,ACC00473,2024-08-22T00:00:00,2024-09-04T00:00:00,medium,mobile access,False,False
TKT0004300,ACC00473,2024-01-05T00:00:00,2024-01-16T00:00:00,medium,billing configuration,False,True
TKT0004301,ACC00474,2025-03-01T00:00:00,2025-03-03T00:00:00,low,API reliability,True,False
TKT0004302,ACC00474,2025-01-28T00:00:00,2025-02-07T00:00:00,low,data synchronization,False,False
TKT0004303,ACC00474,2025-06-16T00:00:00,2025-06-20T00:00:00,low,data synchronization,False,True
TKT0004304,ACC00474,2025-04-01T00:00:00,2025-04-14T00:00:00,critical,billing configuration,False,False
TKT0004305,ACC00474,2025-07-07T00:00:00,2025-07-08T00:00:00,low,user provisioning,False,False
TKT0004306,ACC00474,2024-05-14T00:00:00,2024-05-14T00:00:00,low,invoice reconciliation,True,False
TKT0004307,ACC00474,2025-09-09T00:00:00,2025-09-23T00:00:00,high,permissions,False,False
TKT0004308,ACC00474,2025-11-28T00:00:00,2025-12-09T00:00:00,medium,integration errors,False,False
TKT0004309,ACC00474,2025-05-09T00:00:00,2025-05-18T00:00:00,low,workflow automation,False,False
TKT0004310,ACC00474,2025-09-09T00:00:00,2025-09-23T00:00:00,low,permissions,False,False
TKT0004311,ACC00474,2024-12-08T00:00:00,2024-12-11T00:00:00,medium,billing configuration,False,False
TKT0004312,ACC00475,2025-07-14T00:00:00,2025-07-25T00:00:00,low,usage reporting,False,False
TKT0004313,ACC00475,2024-08-18T00:00:00,2024-08-25T00:00:00,high,billing configuration,False,False
TKT0004314,ACC00475,2024-09-24T00:00:00,2024-09-29T00:00:00,low,dashboard performance,False,False
TKT0004315,ACC00475,2024-12-16T00:00:00,2024-12-17T00:00:00,medium,mobile access,False,False
TKT0004316,ACC00475,2025-01-06T00:00:00,2025-01-17T00:00:00,high,mobile access,False,False
TKT0004317,ACC00475,2024-03-21T00:00:00,2024-03-28T00:00:00,medium,billing configuration,False,False
TKT0004318,ACC00475,2025-03-05T00:00:00,2025-03-08T00:00:00,critical,data synchronization,False,False
TKT0004319,ACC00475,2024-10-21T00:00:00,2024-10-25T00:00:00,low,dashboard performance,False,False
TKT0004320,ACC00475,2024-07-16T00:00:00,2024-07-17T00:00:00,high,billing configuration,False,False
TKT0004321,ACC00476,2024-02-14T00:00:00,2024-02-28T00:00:00,medium,invoice reconciliation,False,False
TKT0004322,ACC00476,2024-12-04T00:00:00,2024-12-10T00:00:00,low,workflow automation,False,False
TKT0004323,ACC00476,2024-05-25T00:00:00,2024-06-04T00:00:00,high,report exports,False,False
TKT0004324,ACC00476,2025-10-28T00:00:00,2025-11-10T00:00:00,medium,data synchronization,False,False
TKT0004325,ACC00476,2025-11-18T00:00:00,2025-11-21T00:00:00,medium,mobile access,False,False
TKT0004326,ACC00476,2024-12-05T00:00:00,2024-12-07T00:00:00,low,SSO,False,True
TKT0004327,ACC00476,2025-02-22T00:00:00,2025-02-22T00:00:00,medium,dashboard performance,False,False
TKT0004328,ACC00476,2024-03-26T00:00:00,2024-03-28T00:00:00,low,API reliability,False,False
TKT0004329,ACC00476,2024-05-06T00:00:00,2024-05-09T00:00:00,low,dashboard performance,True,False
TKT0004330,ACC00476,2024-07-19T00:00:00,2024-07-30T00:00:00,high,permissions,False,False
TKT0004331,ACC00476,2025-09-17T00:00:00,2025-09-22T00:00:00,medium,workflow automation,False,False
TKT0004332,ACC00476,2025-06-20T00:00:00,2025-06-23T00:00:00,medium,report exports,False,False
TKT0004333,ACC00476,2025-11-20T00:00:00,2025-11-27T00:00:00,medium,mobile access,False,False
TKT0004334,ACC00477,2024-08-23T00:00:00,2024-08-30T00:00:00,low,billing configuration,False,True
TKT0004335,ACC00477,2024-09-19T00:00:00,2024-09-29T00:00:00,medium,usage reporting,False,False
TKT0004336,ACC00477,2024-02-28T00:00:00,2024-03-11T00:00:00,medium,billing configuration,False,False
TKT0004337,ACC00477,2025-01-17T00:00:00,2025-01-29T00:00:00,medium,billing configuration,False,False
TKT0004338,ACC00477,2025-01-25T00:00:00,2025-01-27T00:00:00,medium,billing configuration,False,False
TKT0004339,ACC00477,2024-06-11T00:00:00,2024-06-12T00:00:00,medium,SSO,False,False
TKT0004340,ACC00477,2024-10-13T00:00:00,2024-10-18T00:00:00,high,report exports,True,False
TKT0004341,ACC00477,2024-04-24T00:00:00,2024-04-26T00:00:00,low,usage reporting,False,False
TKT0004342,ACC00477,2024-10-17T00:00:00,2024-10-24T00:00:00,high,workflow automation,False,False
TKT0004343,ACC00477,2024-10-14T00:00:00,2024-10-15T00:00:00,high,dashboard performance,False,False
TKT0004344,ACC00478,2024-08-28T00:00:00,2024-08-28T00:00:00,low,user provisioning,False,False
TKT0004345,ACC00478,2024-09-27T00:00:00,2024-09-29T00:00:00,high,mobile access,False,False
TKT0004346,ACC00478,2025-02-11T00:00:00,2025-02-25T00:00:00,low,usage reporting,False,False
TKT0004347,ACC00478,2025-01-10T00:00:00,2025-01-10T00:00:00,low,permissions,False,False
TKT0004348,ACC00478,2025-01-11T00:00:00,2025-01-18T00:00:00,low,usage reporting,True,False
TKT0004349,ACC00478,2024-08-04T00:00:00,2024-08-13T00:00:00,medium,usage reporting,False,False
TKT0004350,ACC00478,2025-07-08T00:00:00,2025-07-08T00:00:00,high,billing configuration,False,False
TKT0004351,ACC00478,2024-01-28T00:00:00,2024-02-06T00:00:00,low,renewal terms,False,False
TKT0004352,ACC00478,2024-08-26T00:00:00,2024-08-29T00:00:00,low,mobile access,False,False
TKT0004353,ACC00478,2024-02-26T00:00:00,2024-02-26T00:00:00,low,mobile access,False,False
TKT0004354,ACC00478,2024-06-19T00:00:00,2024-06-25T00:00:00,low,data synchronization,False,False
TKT0004355,ACC00478,2025-03-24T00:00:00,2025-03-27T00:00:00,medium,permissions,False,False
TKT0004356,ACC00478,2024-12-02T00:00:00,2024-12-04T00:00:00,medium,data synchronization,False,False
TKT0004357,ACC00478,2025-03-07T00:00:00,2025-03-18T00:00:00,low,billing configuration,False,False
TKT0004358,ACC00478,2025-07-24T00:00:00,2025-08-01T00:00:00,high,renewal terms,True,True
TKT0004359,ACC00479,2024-11-19T00:00:00,2024-11-29T00:00:00,medium,integration errors,True,False
TKT0004360,ACC00479,2024-03-05T00:00:00,2024-03-11T00:00:00,medium,workflow automation,True,False
TKT0004361,ACC00479,2025-12-12T00:00:00,2025-12-21T00:00:00,high,integration errors,False,False
TKT0004362,ACC00479,2024-07-27T00:00:00,2024-08-09T00:00:00,low,usage reporting,False,True
TKT0004363,ACC00479,2025-08-18T00:00:00,2025-08-25T00:00:00,high,permissions,False,False
TKT0004364,ACC00479,2024-08-04T00:00:00,2024-08-09T00:00:00,low,data synchronization,False,False
TKT0004365,ACC00479,2025-05-13T00:00:00,2025-05-17T00:00:00,medium,dashboard performance,False,False
TKT0004366,ACC00479,2025-01-01T00:00:00,2025-01-15T00:00:00,high,dashboard performance,False,False
TKT0004367,ACC00479,2024-10-04T00:00:00,2024-10-04T00:00:00,low,user provisioning,False,False
TKT0004368,ACC00479,2025-05-15T00:00:00,2025-05-21T00:00:00,medium,mobile access,False,False
TKT0004369,ACC00479,2025-12-25T00:00:00,2026-01-05T00:00:00,low,integration errors,False,False
TKT0004370,ACC00479,2024-04-23T00:00:00,2024-05-05T00:00:00,low,report exports,False,False
TKT0004371,ACC00480,2025-05-10T00:00:00,2025-05-24T00:00:00,medium,data synchronization,False,False
TKT0004372,ACC00480,2025-07-01T00:00:00,2025-07-06T00:00:00,high,dashboard performance,False,False
TKT0004373,ACC00480,2025-02-27T00:00:00,2025-03-11T00:00:00,low,renewal terms,False,True
TKT0004374,ACC00480,2024-05-12T00:00:00,2024-05-13T00:00:00,low,workflow automation,False,False
TKT0004375,ACC00480,2024-01-01T00:00:00,2024-01-14T00:00:00,medium,SSO,False,False
TKT0004376,ACC00480,2025-10-20T00:00:00,2025-10-24T00:00:00,low,integration errors,False,True
TKT0004377,ACC00480,2024-08-08T00:00:00,2024-08-16T00:00:00,medium,integration errors,False,False
TKT0004378,ACC00480,2024-09-03T00:00:00,2024-09-13T00:00:00,medium,API reliability,False,False
TKT0004379,ACC00480,2024-11-10T00:00:00,2024-11-16T00:00:00,medium,dashboard performance,True,False
TKT0004380,ACC00481,2024-05-28T00:00:00,2024-06-04T00:00:00,medium,integration errors,False,False
TKT0004381,ACC00481,2024-02-01T00:00:00,2024-02-11T00:00:00,medium,report exports,False,False
TKT0004382,ACC00481,2024-08-22T00:00:00,2024-09-03T00:00:00,medium,renewal terms,False,False
TKT0004383,ACC00481,2024-04-17T00:00:00,2024-04-28T00:00:00,low,usage reporting,False,False
TKT0004384,ACC00481,2024-09-13T00:00:00,2024-09-25T00:00:00,low,renewal terms,False,True
TKT0004385,ACC00481,2024-03-20T00:00:00,2024-04-01T00:00:00,high,usage reporting,False,False
TKT0004386,ACC00481,2024-10-03T00:00:00,2024-10-13T00:00:00,low,integration errors,False,False
TKT0004387,ACC00482,2025-08-23T00:00:00,2025-08-26T00:00:00,low,integration errors,False,False
TKT0004388,ACC00482,2025-10-19T00:00:00,2025-10-23T00:00:00,critical,mobile access,False,False
TKT0004389,ACC00482,2024-12-17T00:00:00,2024-12-27T00:00:00,medium,dashboard performance,False,False
TKT0004390,ACC00482,2024-01-09T00:00:00,2024-01-12T00:00:00,medium,workflow automation,True,False
TKT0004391,ACC00482,2025-07-13T00:00:00,2025-07-23T00:00:00,medium,mobile access,True,False
TKT0004392,ACC00482,2024-04-18T00:00:00,2024-04-25T00:00:00,medium,API reliability,False,False
TKT0004393,ACC00483,2024-06-11T00:00:00,2024-06-24T00:00:00,low,invoice reconciliation,True,False
TKT0004394,ACC00483,2024-07-27T00:00:00,2024-07-30T00:00:00,low,integration errors,False,False
TKT0004395,ACC00483,2024-02-09T00:00:00,2024-02-22T00:00:00,low,user provisioning,False,True
TKT0004396,ACC00483,2024-05-12T00:00:00,2024-05-19T00:00:00,low,dashboard performance,False,False
TKT0004397,ACC00484,2024-12-25T00:00:00,2024-12-29T00:00:00,low,mobile access,False,False
TKT0004398,ACC00484,2024-12-16T00:00:00,2024-12-25T00:00:00,medium,integration errors,True,False
TKT0004399,ACC00484,2024-06-23T00:00:00,2024-07-05T00:00:00,medium,billing configuration,False,False
TKT0004400,ACC00484,2025-08-02T00:00:00,2025-08-06T00:00:00,medium,workflow automation,False,False
TKT0004401,ACC00484,2024-03-27T00:00:00,2024-04-09T00:00:00,low,SSO,True,False
TKT0004402,ACC00484,2025-04-26T00:00:00,2025-05-02T00:00:00,medium,SSO,False,False
TKT0004403,ACC00484,2025-06-24T00:00:00,2025-07-05T00:00:00,medium,renewal terms,False,True
TKT0004404,ACC00484,2025-09-17T00:00:00,2025-09-27T00:00:00,medium,integration errors,False,False
TKT0004405,ACC00484,2025-05-12T00:00:00,2025-05-18T00:00:00,high,dashboard performance,False,False
TKT0004406,ACC00484,2024-08-10T00:00:00,2024-08-19T00:00:00,low,billing configuration,False,False
TKT0004407,ACC00484,2025-04-09T00:00:00,2025-04-15T00:00:00,high,mobile access,False,False
TKT0004408,ACC00484,2025-12-03T00:00:00,2025-12-16T00:00:00,low,data synchronization,False,False
TKT0004409,ACC00484,2024-12-10T00:00:00,2024-12-20T00:00:00,low,workflow automation,True,False
TKT0004410,ACC00485,2024-04-11T00:00:00,2024-04-23T00:00:00,medium,integration errors,False,False
TKT0004411,ACC00486,2024-01-28T00:00:00,2024-02-06T00:00:00,low,integration errors,False,False
TKT0004412,ACC00486,2024-05-11T00:00:00,2024-05-13T00:00:00,low,SSO,False,False
TKT0004413,ACC00486,2024-02-19T00:00:00,2024-03-03T00:00:00,medium,invoice reconciliation,False,False
TKT0004414,ACC00486,2024-04-27T00:00:00,2024-04-30T00:00:00,high,billing configuration,False,False
TKT0004415,ACC00486,2025-06-26T00:00:00,2025-07-06T00:00:00,medium,SSO,False,False
TKT0004416,ACC00486,2024-02-20T00:00:00,2024-02-25T00:00:00,medium,usage reporting,True,False
TKT0004417,ACC00486,2025-04-14T00:00:00,2025-04-28T00:00:00,low,integration errors,False,False
TKT0004418,ACC00486,2024-10-14T00:00:00,2024-10-16T00:00:00,high,permissions,False,False
TKT0004419,ACC00486,2024-03-23T00:00:00,2024-04-02T00:00:00,critical,usage reporting,False,False
TKT0004420,ACC00486,2025-05-23T00:00:00,2025-05-24T00:00:00,low,API reliability,False,False
TKT0004421,ACC00487,2024-01-12T00:00:00,2024-01-13T00:00:00,low,invoice reconciliation,False,False
TKT0004422,ACC00487,2024-10-26T00:00:00,2024-10-31T00:00:00,medium,data synchronization,False,False
TKT0004423,ACC00487,2025-07-11T00:00:00,2025-07-16T00:00:00,high,user provisioning,False,False
TKT0004424,ACC00487,2024-03-16T00:00:00,2024-03-28T00:00:00,low,user provisioning,False,False
TKT0004425,ACC00487,2024-03-20T00:00:00,2024-03-28T00:00:00,low,API reliability,False,False
TKT0004426,ACC00487,2024-09-03T00:00:00,2024-09-09T00:00:00,high,user provisioning,True,False
TKT0004427,ACC00488,2024-06-19T00:00:00,2024-06-29T00:00:00,low,mobile access,False,False
TKT0004428,ACC00489,2024-07-05T00:00:00,2024-07-15T00:00:00,medium,permissions,False,False
TKT0004429,ACC00489,2025-08-26T00:00:00,2025-09-03T00:00:00,high,data synchronization,False,True
TKT0004430,ACC00489,2025-04-06T00:00:00,2025-04-20T00:00:00,low,report exports,False,False
TKT0004431,ACC00489,2025-03-10T00:00:00,2025-03-10T00:00:00,medium,renewal terms,True,False
TKT0004432,ACC00489,2024-04-18T00:00:00,2024-04-26T00:00:00,medium,dashboard performance,False,False
TKT0004433,ACC00489,2024-07-10T00:00:00,2024-07-10T00:00:00,medium,SSO,False,False
TKT0004434,ACC00489,2024-10-16T00:00:00,2024-10-29T00:00:00,medium,invoice reconciliation,False,False
TKT0004435,ACC00489,2025-06-06T00:00:00,2025-06-17T00:00:00,medium,permissions,True,False
TKT0004436,ACC00489,2024-11-07T00:00:00,2024-11-08T00:00:00,high,usage reporting,False,False
TKT0004437,ACC00489,2024-04-14T00:00:00,2024-04-14T00:00:00,low,permissions,False,False
TKT0004438,ACC00489,2024-02-10T00:00:00,2024-02-20T00:00:00,medium,user provisioning,False,False
TKT0004439,ACC00489,2024-01-18T00:00:00,2024-02-01T00:00:00,high,SSO,False,False
TKT0004440,ACC00489,2025-01-22T00:00:00,2025-02-04T00:00:00,medium,mobile access,False,False
TKT0004441,ACC00489,2025-03-27T00:00:00,2025-03-29T00:00:00,low,SSO,False,False
TKT0004442,ACC00490,2024-11-01T00:00:00,2024-11-05T00:00:00,high,invoice reconciliation,False,False
TKT0004443,ACC00490,2024-03-16T00:00:00,2024-03-23T00:00:00,medium,data synchronization,False,False
TKT0004444,ACC00490,2025-01-07T00:00:00,2025-01-19T00:00:00,medium,renewal terms,False,False
TKT0004445,ACC00490,2024-12-02T00:00:00,2024-12-15T00:00:00,medium,dashboard performance,False,True
TKT0004446,ACC00490,2024-10-01T00:00:00,2024-10-07T00:00:00,low,dashboard performance,False,False
TKT0004447,ACC00490,2024-04-22T00:00:00,2024-04-22T00:00:00,medium,invoice reconciliation,False,False
TKT0004448,ACC00490,2025-09-28T00:00:00,2025-10-12T00:00:00,low,renewal terms,False,False
TKT0004449,ACC00490,2025-08-14T00:00:00,2025-08-28T00:00:00,low,dashboard performance,False,False
TKT0004450,ACC00490,2025-06-12T00:00:00,2025-06-26T00:00:00,low,mobile access,False,False
TKT0004451,ACC00490,2024-01-02T00:00:00,2024-01-08T00:00:00,medium,SSO,False,False
TKT0004452,ACC00490,2024-06-26T00:00:00,2024-06-28T00:00:00,high,API reliability,False,False
TKT0004453,ACC00490,2025-07-27T00:00:00,2025-08-03T00:00:00,high,usage reporting,False,False
TKT0004454,ACC00490,2024-04-17T00:00:00,2024-04-26T00:00:00,low,report exports,False,False
TKT0004455,ACC00490,2025-06-23T00:00:00,2025-06-29T00:00:00,medium,invoice reconciliation,False,False
TKT0004456,ACC00490,2024-11-12T00:00:00,2024-11-24T00:00:00,high,integration errors,False,False
TKT0004457,ACC00491,2024-02-13T00:00:00,2024-02-14T00:00:00,low,workflow automation,False,False
TKT0004458,ACC00491,2025-06-14T00:00:00,2025-06-19T00:00:00,low,billing configuration,True,False
TKT0004459,ACC00491,2024-01-15T00:00:00,2024-01-19T00:00:00,medium,usage reporting,False,False
TKT0004460,ACC00491,2024-03-09T00:00:00,2024-03-16T00:00:00,critical,workflow automation,False,False
TKT0004461,ACC00491,2025-08-12T00:00:00,2025-08-18T00:00:00,medium,mobile access,True,False
TKT0004462,ACC00491,2024-04-14T00:00:00,2024-04-18T00:00:00,high,mobile access,False,False
TKT0004463,ACC00492,2025-02-05T00:00:00,2025-02-08T00:00:00,low,integration errors,False,False
TKT0004464,ACC00492,2024-04-11T00:00:00,2024-04-12T00:00:00,medium,SSO,False,False
TKT0004465,ACC00492,2024-10-07T00:00:00,2024-10-17T00:00:00,medium,user provisioning,False,False
TKT0004466,ACC00492,2024-05-04T00:00:00,2024-05-13T00:00:00,low,SSO,False,False
TKT0004467,ACC00492,2024-03-27T00:00:00,2024-04-10T00:00:00,low,billing configuration,False,False
TKT0004468,ACC00492,2025-06-12T00:00:00,2025-06-12T00:00:00,low,integration errors,False,False
TKT0004469,ACC00492,2024-02-27T00:00:00,2024-03-07T00:00:00,high,API reliability,False,False
TKT0004470,ACC00492,2024-01-08T00:00:00,2024-01-16T00:00:00,medium,user provisioning,False,False
TKT0004471,ACC00492,2024-08-23T00:00:00,2024-09-04T00:00:00,medium,data synchronization,False,False
TKT0004472,ACC00492,2024-09-03T00:00:00,2024-09-13T00:00:00,medium,API reliability,True,False
TKT0004473,ACC00493,2024-05-21T00:00:00,2024-05-31T00:00:00,low,renewal terms,True,True
TKT0004474,ACC00493,2024-01-11T00:00:00,2024-01-22T00:00:00,medium,usage reporting,False,False
TKT0004475,ACC00493,2024-06-04T00:00:00,2024-06-04T00:00:00,medium,user provisioning,False,False
TKT0004476,ACC00493,2024-02-15T00:00:00,2024-02-17T00:00:00,medium,dashboard performance,False,False
TKT0004477,ACC00493,2024-02-27T00:00:00,2024-03-02T00:00:00,low,user provisioning,False,False
TKT0004478,ACC00493,2024-05-10T00:00:00,2024-05-21T00:00:00,high,dashboard performance,True,False
TKT0004479,ACC00493,2024-01-10T00:00:00,2024-01-14T00:00:00,low,workflow automation,False,False
TKT0004480,ACC00494,2024-02-18T00:00:00,2024-02-27T00:00:00,medium,API reliability,False,False
TKT0004481,ACC00494,2024-08-11T00:00:00,2024-08-21T00:00:00,low,API reliability,False,False
TKT0004482,ACC00494,2024-01-05T00:00:00,2024-01-16T00:00:00,low,SSO,False,False
TKT0004483,ACC00494,2024-04-24T00:00:00,2024-04-24T00:00:00,high,billing configuration,False,False
TKT0004484,ACC00494,2024-05-22T00:00:00,2024-06-05T00:00:00,medium,integration errors,False,True
TKT0004485,ACC00494,2024-03-23T00:00:00,2024-03-24T00:00:00,low,renewal terms,False,False
TKT0004486,ACC00494,2024-09-20T00:00:00,2024-09-30T00:00:00,medium,renewal terms,False,True
TKT0004487,ACC00495,2024-04-26T00:00:00,2024-04-29T00:00:00,low,billing configuration,False,False
TKT0004488,ACC00495,2024-09-21T00:00:00,2024-09-27T00:00:00,medium,billing configuration,False,False
TKT0004489,ACC00495,2024-07-25T00:00:00,2024-08-04T00:00:00,medium,API reliability,False,False
TKT0004490,ACC00495,2024-04-02T00:00:00,2024-04-08T00:00:00,medium,user provisioning,False,False
TKT0004491,ACC00495,2024-04-15T00:00:00,2024-04-23T00:00:00,medium,data synchronization,True,False
TKT0004492,ACC00495,2024-10-17T00:00:00,2024-10-18T00:00:00,critical,SSO,False,True
TKT0004493,ACC00496,2024-02-01T00:00:00,2024-02-13T00:00:00,high,dashboard performance,False,False
TKT0004494,ACC00497,2025-06-23T00:00:00,2025-07-04T00:00:00,low,integration errors,True,True
TKT0004495,ACC00497,2024-02-24T00:00:00,2024-03-09T00:00:00,medium,API reliability,False,False
TKT0004496,ACC00497,2025-05-15T00:00:00,2025-05-15T00:00:00,low,mobile access,False,False
TKT0004497,ACC00497,2024-08-18T00:00:00,2024-08-30T00:00:00,low,API reliability,False,False
TKT0004498,ACC00497,2025-08-23T00:00:00,2025-09-05T00:00:00,high,usage reporting,True,False
TKT0004499,ACC00497,2025-01-23T00:00:00,2025-01-28T00:00:00,low,data synchronization,False,False
TKT0004500,ACC00497,2025-04-27T00:00:00,2025-04-30T00:00:00,low,API reliability,False,False
TKT0004501,ACC00497,2024-10-05T00:00:00,2024-10-08T00:00:00,medium,mobile access,False,False
TKT0004502,ACC00498,2025-02-08T00:00:00,2025-02-14T00:00:00,critical,SSO,False,False
TKT0004503,ACC00498,2024-04-21T00:00:00,2024-04-30T00:00:00,medium,renewal terms,False,False
TKT0004504,ACC00498,2024-03-02T00:00:00,2024-03-10T00:00:00,low,integration errors,False,False
TKT0004505,ACC00498,2025-03-27T00:00:00,2025-04-06T00:00:00,high,API reliability,False,False
TKT0004506,ACC00498,2024-06-23T00:00:00,2024-07-06T00:00:00,medium,SSO,False,False
TKT0004507,ACC00498,2024-08-01T00:00:00,2024-08-13T00:00:00,medium,SSO,False,False
TKT0004508,ACC00498,2024-02-28T00:00:00,2024-03-12T00:00:00,medium,usage reporting,False,False
TKT0004509,ACC00498,2025-01-07T00:00:00,2025-01-08T00:00:00,critical,integration errors,False,False
TKT0004510,ACC00498,2024-09-09T00:00:00,2024-09-11T00:00:00,high,usage reporting,False,False
TKT0004511,ACC00498,2024-11-23T00:00:00,2024-11-24T00:00:00,medium,mobile access,False,False
TKT0004512,ACC00498,2024-11-16T00:00:00,2024-11-28T00:00:00,low,data synchronization,False,False
TKT0004513,ACC00498,2025-01-02T00:00:00,2025-01-10T00:00:00,low,billing configuration,False,False
TKT0004514,ACC00498,2024-08-03T00:00:00,2024-08-16T00:00:00,medium,permissions,False,False
TKT0004515,ACC00499,2024-07-21T00:00:00,2024-07-24T00:00:00,high,integration errors,False,False
TKT0004516,ACC00499,2025-10-03T00:00:00,2025-10-13T00:00:00,low,invoice reconciliation,False,True
TKT0004517,ACC00499,2024-01-08T00:00:00,2024-01-12T00:00:00,high,invoice reconciliation,True,False
TKT0004518,ACC00499,2024-05-09T00:00:00,2024-05-20T00:00:00,low,permissions,False,False
TKT0004519,ACC00499,2025-05-21T00:00:00,2025-06-04T00:00:00,high,permissions,False,False
TKT0004520,ACC00499,2024-08-20T00:00:00,2024-08-20T00:00:00,high,report exports,False,False
TKT0004521,ACC00499,2024-04-07T00:00:00,2024-04-13T00:00:00,low,renewal terms,False,False
TKT0004522,ACC00499,2024-12-27T00:00:00,2024-12-31T00:00:00,medium,workflow automation,False,False
TKT0004523,ACC00499,2025-05-22T00:00:00,2025-05-29T00:00:00,medium,data synchronization,False,False
TKT0004524,ACC00499,2025-05-24T00:00:00,2025-06-07T00:00:00,high,invoice reconciliation,False,False
TKT0004525,ACC00499,2025-12-22T00:00:00,2026-01-05T00:00:00,high,invoice reconciliation,True,False
TKT0004526,ACC00499,2024-04-13T00:00:00,2024-04-25T00:00:00,low,SSO,False,False
TKT0004527,ACC00499,2025-08-09T00:00:00,2025-08-23T00:00:00,low,renewal terms,False,True
TKT0004528,ACC00499,2025-03-19T00:00:00,2025-03-25T00:00:00,medium,integration errors,False,False
TKT0004529,ACC00500,2025-09-08T00:00:00,2025-09-19T00:00:00,medium,permissions,False,False
TKT0004530,ACC00500,2024-08-10T00:00:00,2024-08-16T00:00:00,low,integration errors,False,False
TKT0004531,ACC00500,2024-06-25T00:00:00,2024-07-02T00:00:00,high,dashboard performance,False,False
TKT0004532,ACC00500,2024-11-21T00:00:00,2024-12-03T00:00:00,high,API reliability,True,False
TKT0004533,ACC00500,2025-07-17T00:00:00,2025-07-21T00:00:00,low,API reliability,False,False
TKT0004534,ACC00500,2024-08-26T00:00:00,2024-09-04T00:00:00,medium,integration errors,False,False
TKT0004535,ACC00500,2024-07-12T00:00:00,2024-07-14T00:00:00,medium,renewal terms,False,False
TKT0004536,ACC00500,2025-05-20T00:00:00,2025-06-01T00:00:00,low,data synchronization,False,False
TKT0004537,ACC00500,2025-06-13T00:00:00,2025-06-27T00:00:00,medium,SSO,False,False
TKT0004538,ACC00500,2024-12-25T00:00:00,2024-12-31T00:00:00,low,user provisioning,False,False
TKT0004539,ACC00500,2025-11-17T00:00:00,2025-11-29T00:00:00,medium,usage reporting,False,False
TKT0004540,ACC00500,2025-05-13T00:00:00,2025-05-22T00:00:00,medium,permissions,False,False
TKT0004541,ACC00501,2024-06-02T00:00:00,2024-06-08T00:00:00,medium,user provisioning,False,False
TKT0004542,ACC00501,2024-01-20T00:00:00,2024-01-25T00:00:00,medium,integration errors,False,False
TKT0004543,ACC00501,2024-01-02T00:00:00,2024-01-04T00:00:00,medium,workflow automation,False,False
TKT0004544,ACC00501,2024-07-24T00:00:00,2024-08-03T00:00:00,low,permissions,False,False
TKT0004545,ACC00502,2024-05-18T00:00:00,2024-05-24T00:00:00,medium,permissions,True,False
TKT0004546,ACC00502,2024-07-19T00:00:00,2024-07-28T00:00:00,low,dashboard performance,False,False
TKT0004547,ACC00502,2024-06-03T00:00:00,2024-06-05T00:00:00,high,API reliability,False,False
TKT0004548,ACC00502,2024-04-19T00:00:00,2024-05-02T00:00:00,low,report exports,False,False
TKT0004549,ACC00502,2024-08-19T00:00:00,2024-08-30T00:00:00,medium,SSO,False,False
TKT0004550,ACC00502,2024-09-14T00:00:00,2024-09-21T00:00:00,high,billing configuration,False,True
TKT0004551,ACC00502,2024-05-23T00:00:00,2024-05-30T00:00:00,medium,permissions,False,False
TKT0004552,ACC00502,2025-01-24T00:00:00,2025-01-29T00:00:00,low,API reliability,False,False
TKT0004553,ACC00502,2024-07-08T00:00:00,2024-07-18T00:00:00,low,integration errors,False,False
TKT0004554,ACC00502,2024-09-21T00:00:00,2024-10-04T00:00:00,medium,mobile access,False,False
TKT0004555,ACC00502,2024-02-24T00:00:00,2024-03-07T00:00:00,medium,workflow automation,True,False
TKT0004556,ACC00502,2024-09-16T00:00:00,2024-09-26T00:00:00,low,integration errors,False,False
TKT0004557,ACC00502,2024-08-20T00:00:00,2024-08-28T00:00:00,low,integration errors,False,False
TKT0004558,ACC00503,2024-03-12T00:00:00,2024-03-19T00:00:00,medium,billing configuration,False,False
TKT0004559,ACC00503,2024-05-18T00:00:00,2024-05-18T00:00:00,medium,data synchronization,False,False
TKT0004560,ACC00503,2024-03-16T00:00:00,2024-03-17T00:00:00,low,renewal terms,True,False
TKT0004561,ACC00503,2025-05-04T00:00:00,2025-05-12T00:00:00,low,dashboard performance,False,False
TKT0004562,ACC00503,2025-12-05T00:00:00,2025-12-14T00:00:00,low,mobile access,False,False
TKT0004563,ACC00503,2024-12-24T00:00:00,2024-12-26T00:00:00,high,permissions,False,False
TKT0004564,ACC00503,2025-11-06T00:00:00,2025-11-08T00:00:00,medium,integration errors,False,True
TKT0004565,ACC00503,2024-02-26T00:00:00,2024-03-01T00:00:00,low,user provisioning,True,False
TKT0004566,ACC00503,2025-08-11T00:00:00,2025-08-23T00:00:00,low,mobile access,False,False
TKT0004567,ACC00503,2024-02-09T00:00:00,2024-02-12T00:00:00,low,data synchronization,True,False
TKT0004568,ACC00503,2025-05-18T00:00:00,2025-05-23T00:00:00,medium,workflow automation,False,False
TKT0004569,ACC00503,2024-10-15T00:00:00,2024-10-24T00:00:00,low,SSO,False,False
TKT0004570,ACC00503,2024-07-10T00:00:00,2024-07-12T00:00:00,low,invoice reconciliation,False,False
TKT0004571,ACC00503,2024-04-21T00:00:00,2024-04-28T00:00:00,low,report exports,False,False
TKT0004572,ACC00503,2024-12-08T00:00:00,2024-12-09T00:00:00,low,invoice reconciliation,False,False
TKT0004573,ACC00503,2025-09-03T00:00:00,2025-09-13T00:00:00,low,user provisioning,False,False
TKT0004574,ACC00503,2024-02-25T00:00:00,2024-02-26T00:00:00,low,dashboard performance,False,False
TKT0004575,ACC00504,2025-01-28T00:00:00,2025-02-06T00:00:00,low,billing configuration,False,False
TKT0004576,ACC00504,2025-09-21T00:00:00,2025-09-28T00:00:00,medium,dashboard performance,False,False
TKT0004577,ACC00504,2024-09-21T00:00:00,2024-09-27T00:00:00,high,user provisioning,False,False
TKT0004578,ACC00504,2024-09-10T00:00:00,2024-09-18T00:00:00,low,billing configuration,False,False
TKT0004579,ACC00504,2024-07-08T00:00:00,2024-07-12T00:00:00,medium,API reliability,False,False
TKT0004580,ACC00504,2024-08-13T00:00:00,2024-08-17T00:00:00,high,usage reporting,False,False
TKT0004581,ACC00504,2025-09-21T00:00:00,2025-09-21T00:00:00,medium,invoice reconciliation,False,False
TKT0004582,ACC00504,2024-07-12T00:00:00,2024-07-16T00:00:00,low,billing configuration,False,False
TKT0004583,ACC00505,2024-08-25T00:00:00,2024-09-07T00:00:00,low,integration errors,False,True
TKT0004584,ACC00505,2024-08-09T00:00:00,2024-08-10T00:00:00,low,billing configuration,False,False
TKT0004585,ACC00505,2024-09-27T00:00:00,2024-10-06T00:00:00,critical,data synchronization,False,False
TKT0004586,ACC00505,2024-06-23T00:00:00,2024-07-03T00:00:00,low,data synchronization,False,False
TKT0004587,ACC00506,2024-10-27T00:00:00,2024-11-08T00:00:00,low,workflow automation,False,False
TKT0004588,ACC00506,2024-04-16T00:00:00,2024-04-30T00:00:00,medium,mobile access,False,False
TKT0004589,ACC00506,2024-03-10T00:00:00,2024-03-16T00:00:00,medium,SSO,False,False
TKT0004590,ACC00506,2025-01-16T00:00:00,2025-01-20T00:00:00,critical,API reliability,False,False
TKT0004591,ACC00506,2024-08-01T00:00:00,2024-08-01T00:00:00,medium,dashboard performance,False,True
TKT0004592,ACC00506,2024-01-27T00:00:00,2024-02-01T00:00:00,low,API reliability,False,True
TKT0004593,ACC00506,2024-02-10T00:00:00,2024-02-13T00:00:00,low,renewal terms,False,True
TKT0004594,ACC00506,2024-03-07T00:00:00,2024-03-07T00:00:00,low,renewal terms,False,False
TKT0004595,ACC00506,2024-12-16T00:00:00,2024-12-30T00:00:00,low,SSO,False,False
TKT0004596,ACC00507,2025-08-27T00:00:00,2025-09-02T00:00:00,low,API reliability,True,False
TKT0004597,ACC00507,2024-07-10T00:00:00,2024-07-16T00:00:00,low,data synchronization,False,False
TKT0004598,ACC00507,2025-02-16T00:00:00,2025-02-16T00:00:00,medium,report exports,False,False
TKT0004599,ACC00507,2024-01-19T00:00:00,2024-01-30T00:00:00,low,mobile access,False,False
TKT0004600,ACC00507,2024-09-12T00:00:00,2024-09-17T00:00:00,low,report exports,False,False
TKT0004601,ACC00507,2024-11-01T00:00:00,2024-11-10T00:00:00,medium,user provisioning,False,False
TKT0004602,ACC00507,2025-06-12T00:00:00,2025-06-16T00:00:00,medium,renewal terms,False,False
TKT0004603,ACC00507,2024-08-24T00:00:00,2024-09-04T00:00:00,medium,usage reporting,False,True
TKT0004604,ACC00507,2024-07-23T00:00:00,2024-08-02T00:00:00,medium,dashboard performance,False,False
TKT0004605,ACC00507,2025-02-23T00:00:00,2025-02-26T00:00:00,high,data synchronization,False,False
TKT0004606,ACC00507,2024-09-12T00:00:00,2024-09-22T00:00:00,medium,renewal terms,False,False
TKT0004607,ACC00507,2025-12-14T00:00:00,2025-12-16T00:00:00,medium,billing configuration,False,False
TKT0004608,ACC00507,2025-03-17T00:00:00,2025-03-31T00:00:00,low,SSO,False,False
TKT0004609,ACC00508,2024-06-07T00:00:00,2024-06-14T00:00:00,low,SSO,False,False
TKT0004610,ACC00508,2024-04-03T00:00:00,2024-04-11T00:00:00,medium,workflow automation,False,False
TKT0004611,ACC00508,2025-10-19T00:00:00,2025-10-19T00:00:00,medium,permissions,False,False
TKT0004612,ACC00508,2024-01-23T00:00:00,2024-02-06T00:00:00,low,renewal terms,False,False
TKT0004613,ACC00508,2024-10-16T00:00:00,2024-10-22T00:00:00,low,invoice reconciliation,True,False
TKT0004614,ACC00508,2025-08-19T00:00:00,2025-08-21T00:00:00,medium,user provisioning,False,True
TKT0004615,ACC00508,2024-04-01T00:00:00,2024-04-02T00:00:00,low,integration errors,False,False
TKT0004616,ACC00508,2024-12-28T00:00:00,2024-12-29T00:00:00,medium,API reliability,True,False
TKT0004617,ACC00508,2025-11-04T00:00:00,2025-11-08T00:00:00,high,SSO,False,False
TKT0004618,ACC00508,2024-06-27T00:00:00,2024-07-09T00:00:00,low,workflow automation,False,False
TKT0004619,ACC00508,2025-11-18T00:00:00,2025-11-30T00:00:00,low,workflow automation,True,False
TKT0004620,ACC00508,2025-12-01T00:00:00,2025-12-08T00:00:00,high,report exports,False,False
TKT0004621,ACC00508,2024-08-01T00:00:00,2024-08-01T00:00:00,medium,user provisioning,False,False
TKT0004622,ACC00509,2024-01-14T00:00:00,2024-01-27T00:00:00,medium,renewal terms,False,False
TKT0004623,ACC00509,2025-07-10T00:00:00,2025-07-12T00:00:00,low,dashboard performance,False,False
TKT0004624,ACC00509,2025-07-26T00:00:00,2025-07-27T00:00:00,low,user provisioning,False,False
TKT0004625,ACC00509,2024-09-13T00:00:00,2024-09-25T00:00:00,low,dashboard performance,False,False
TKT0004626,ACC00509,2024-01-10T00:00:00,2024-01-18T00:00:00,medium,API reliability,False,False
TKT0004627,ACC00509,2025-12-06T00:00:00,2025-12-06T00:00:00,low,user provisioning,True,False
TKT0004628,ACC00510,2024-08-11T00:00:00,2024-08-17T00:00:00,medium,user provisioning,False,False
TKT0004629,ACC00510,2024-01-27T00:00:00,2024-01-27T00:00:00,high,usage reporting,True,False
TKT0004630,ACC00510,2024-08-11T00:00:00,2024-08-16T00:00:00,medium,data synchronization,False,False
TKT0004631,ACC00510,2024-09-02T00:00:00,2024-09-13T00:00:00,high,SSO,False,False
TKT0004632,ACC00510,2024-08-07T00:00:00,2024-08-21T00:00:00,low,workflow automation,False,True
TKT0004633,ACC00511,2024-01-23T00:00:00,2024-01-23T00:00:00,high,billing configuration,False,False
TKT0004634,ACC00511,2024-10-11T00:00:00,2024-10-19T00:00:00,low,dashboard performance,False,True
TKT0004635,ACC00511,2024-04-18T00:00:00,2024-05-02T00:00:00,low,integration errors,False,False
TKT0004636,ACC00511,2024-08-19T00:00:00,2024-09-02T00:00:00,high,invoice reconciliation,False,False
TKT0004637,ACC00513,2024-06-10T00:00:00,2024-06-24T00:00:00,high,renewal terms,False,False
TKT0004638,ACC00513,2024-12-26T00:00:00,2024-12-31T00:00:00,high,workflow automation,False,False
TKT0004639,ACC00513,2025-11-10T00:00:00,2025-11-13T00:00:00,low,user provisioning,True,False
TKT0004640,ACC00513,2024-10-21T00:00:00,2024-10-29T00:00:00,low,report exports,False,False
TKT0004641,ACC00513,2024-07-23T00:00:00,2024-07-25T00:00:00,medium,invoice reconciliation,False,False
TKT0004642,ACC00513,2024-09-24T00:00:00,2024-10-05T00:00:00,medium,mobile access,False,False
TKT0004643,ACC00514,2024-12-28T00:00:00,2024-12-31T00:00:00,low,user provisioning,False,False
TKT0004644,ACC00514,2025-04-14T00:00:00,2025-04-20T00:00:00,low,billing configuration,False,False
TKT0004645,ACC00514,2025-07-02T00:00:00,2025-07-15T00:00:00,low,usage reporting,False,False
TKT0004646,ACC00514,2025-04-06T00:00:00,2025-04-08T00:00:00,low,SSO,False,False
TKT0004647,ACC00514,2024-05-10T00:00:00,2024-05-20T00:00:00,medium,data synchronization,False,False
TKT0004648,ACC00514,2024-07-05T00:00:00,2024-07-10T00:00:00,low,report exports,False,False
TKT0004649,ACC00515,2024-07-19T00:00:00,2024-07-25T00:00:00,low,SSO,False,False
TKT0004650,ACC00515,2025-03-19T00:00:00,2025-03-24T00:00:00,high,dashboard performance,False,False
TKT0004651,ACC00515,2024-01-13T00:00:00,2024-01-25T00:00:00,medium,user provisioning,True,False
TKT0004652,ACC00515,2024-10-19T00:00:00,2024-10-23T00:00:00,medium,renewal terms,False,False
TKT0004653,ACC00515,2024-05-25T00:00:00,2024-06-07T00:00:00,low,usage reporting,False,False
TKT0004654,ACC00515,2024-02-12T00:00:00,2024-02-25T00:00:00,high,dashboard performance,True,False
TKT0004655,ACC00515,2024-11-17T00:00:00,2024-12-01T00:00:00,medium,workflow automation,False,False
TKT0004656,ACC00515,2024-08-10T00:00:00,2024-08-16T00:00:00,medium,data synchronization,False,True
TKT0004657,ACC00515,2024-10-14T00:00:00,2024-10-19T00:00:00,medium,billing configuration,False,False
TKT0004658,ACC00515,2024-08-18T00:00:00,2024-08-25T00:00:00,low,mobile access,False,False
TKT0004659,ACC00515,2024-04-27T00:00:00,2024-05-11T00:00:00,medium,renewal terms,False,False
TKT0004660,ACC00515,2025-02-21T00:00:00,2025-03-05T00:00:00,medium,user provisioning,False,False
TKT0004661,ACC00515,2024-06-17T00:00:00,2024-06-27T00:00:00,medium,dashboard performance,False,False
TKT0004662,ACC00516,2024-06-25T00:00:00,2024-06-27T00:00:00,high,API reliability,False,False
TKT0004663,ACC00516,2024-12-05T00:00:00,2024-12-14T00:00:00,medium,integration errors,True,False
TKT0004664,ACC00517,2024-01-14T00:00:00,2024-01-24T00:00:00,low,dashboard performance,False,False
TKT0004665,ACC00517,2024-03-05T00:00:00,2024-03-05T00:00:00,low,workflow automation,False,False
TKT0004666,ACC00517,2024-04-09T00:00:00,2024-04-12T00:00:00,low,data synchronization,True,False
TKT0004667,ACC00517,2024-02-25T00:00:00,2024-02-25T00:00:00,medium,invoice reconciliation,False,False
TKT0004668,ACC00517,2024-07-12T00:00:00,2024-07-26T00:00:00,low,integration errors,False,False
TKT0004669,ACC00517,2024-07-10T00:00:00,2024-07-13T00:00:00,medium,user provisioning,False,True
TKT0004670,ACC00518,2025-01-28T00:00:00,2025-01-28T00:00:00,medium,renewal terms,False,False
TKT0004671,ACC00518,2025-04-06T00:00:00,2025-04-19T00:00:00,medium,integration errors,True,False
TKT0004672,ACC00518,2024-03-02T00:00:00,2024-03-02T00:00:00,low,usage reporting,False,False
TKT0004673,ACC00518,2025-07-06T00:00:00,2025-07-09T00:00:00,critical,integration errors,False,False
TKT0004674,ACC00518,2025-06-03T00:00:00,2025-06-08T00:00:00,low,workflow automation,False,False
TKT0004675,ACC00518,2024-06-06T00:00:00,2024-06-13T00:00:00,low,invoice reconciliation,False,False
TKT0004676,ACC00518,2024-12-03T00:00:00,2024-12-13T00:00:00,low,report exports,False,False
TKT0004677,ACC00518,2024-11-06T00:00:00,2024-11-14T00:00:00,low,API reliability,False,False
TKT0004678,ACC00519,2025-08-28T00:00:00,2025-08-30T00:00:00,low,invoice reconciliation,False,False
TKT0004679,ACC00519,2024-02-15T00:00:00,2024-02-25T00:00:00,medium,permissions,False,False
TKT0004680,ACC00519,2024-11-04T00:00:00,2024-11-15T00:00:00,medium,usage reporting,False,False
TKT0004681,ACC00519,2025-04-05T00:00:00,2025-04-07T00:00:00,high,mobile access,False,False
TKT0004682,ACC00519,2025-12-21T00:00:00,2025-12-31T00:00:00,high,usage reporting,False,False
TKT0004683,ACC00519,2025-07-09T00:00:00,2025-07-17T00:00:00,medium,dashboard performance,True,False
TKT0004684,ACC00519,2025-02-19T00:00:00,2025-02-27T00:00:00,medium,workflow automation,False,False
TKT0004685,ACC00519,2025-09-27T00:00:00,2025-10-11T00:00:00,low,integration errors,True,False
TKT0004686,ACC00519,2025-05-20T00:00:00,2025-05-25T00:00:00,low,API reliability,True,False
TKT0004687,ACC00519,2025-10-20T00:00:00,2025-10-27T00:00:00,low,permissions,True,False
TKT0004688,ACC00519,2025-04-11T00:00:00,2025-04-12T00:00:00,high,data synchronization,True,False
TKT0004689,ACC00519,2024-03-10T00:00:00,2024-03-23T00:00:00,low,API reliability,True,False
TKT0004690,ACC00519,2024-08-07T00:00:00,2024-08-17T00:00:00,medium,billing configuration,False,False
TKT0004691,ACC00519,2025-02-14T00:00:00,2025-02-18T00:00:00,medium,mobile access,False,True
TKT0004692,ACC00519,2025-02-06T00:00:00,2025-02-10T00:00:00,medium,data synchronization,False,False
TKT0004693,ACC00519,2025-06-12T00:00:00,2025-06-19T00:00:00,low,usage reporting,False,True
TKT0004694,ACC00520,2024-08-03T00:00:00,2024-08-17T00:00:00,medium,integration errors,False,False
TKT0004695,ACC00520,2024-08-05T00:00:00,2024-08-07T00:00:00,medium,billing configuration,False,True
TKT0004696,ACC00520,2024-01-14T00:00:00,2024-01-22T00:00:00,high,mobile access,True,True
TKT0004697,ACC00520,2024-06-15T00:00:00,2024-06-26T00:00:00,low,invoice reconciliation,False,True
TKT0004698,ACC00520,2024-02-03T00:00:00,2024-02-17T00:00:00,low,invoice reconciliation,False,False
TKT0004699,ACC00520,2024-07-19T00:00:00,2024-07-30T00:00:00,medium,integration errors,False,False
TKT0004700,ACC00520,2024-02-22T00:00:00,2024-03-06T00:00:00,medium,renewal terms,False,False
TKT0004701,ACC00520,2024-01-21T00:00:00,2024-01-22T00:00:00,low,invoice reconciliation,False,False
TKT0004702,ACC00520,2024-01-20T00:00:00,2024-01-26T00:00:00,low,mobile access,False,False
TKT0004703,ACC00520,2024-04-15T00:00:00,2024-04-26T00:00:00,low,mobile access,False,False
TKT0004704,ACC00520,2024-01-03T00:00:00,2024-01-17T00:00:00,medium,workflow automation,False,False
TKT0004705,ACC00520,2024-11-23T00:00:00,2024-11-30T00:00:00,high,SSO,False,False
TKT0004706,ACC00521,2024-01-15T00:00:00,2024-01-24T00:00:00,low,billing configuration,False,False
TKT0004707,ACC00521,2024-03-17T00:00:00,2024-03-28T00:00:00,low,API reliability,False,False
TKT0004708,ACC00521,2024-07-05T00:00:00,2024-07-11T00:00:00,high,usage reporting,False,True
TKT0004709,ACC00521,2024-07-19T00:00:00,2024-08-02T00:00:00,low,usage reporting,False,True
TKT0004710,ACC00521,2024-02-06T00:00:00,2024-02-15T00:00:00,high,report exports,True,False
TKT0004711,ACC00522,2024-11-01T00:00:00,2024-11-13T00:00:00,medium,API reliability,True,False
TKT0004712,ACC00522,2024-04-19T00:00:00,2024-04-20T00:00:00,medium,mobile access,False,False
TKT0004713,ACC00522,2024-11-12T00:00:00,2024-11-17T00:00:00,low,data synchronization,False,True
TKT0004714,ACC00522,2024-03-27T00:00:00,2024-03-28T00:00:00,medium,integration errors,True,False
TKT0004715,ACC00522,2024-04-04T00:00:00,2024-04-15T00:00:00,low,SSO,False,False
TKT0004716,ACC00523,2025-03-28T00:00:00,2025-03-30T00:00:00,low,billing configuration,False,False
TKT0004717,ACC00523,2025-02-24T00:00:00,2025-03-02T00:00:00,low,dashboard performance,False,False
TKT0004718,ACC00523,2025-07-14T00:00:00,2025-07-28T00:00:00,low,renewal terms,False,False
TKT0004719,ACC00523,2024-06-14T00:00:00,2024-06-26T00:00:00,low,mobile access,False,True
TKT0004720,ACC00523,2025-06-05T00:00:00,2025-06-15T00:00:00,low,user provisioning,False,False
TKT0004721,ACC00523,2024-06-11T00:00:00,2024-06-21T00:00:00,low,usage reporting,False,False
TKT0004722,ACC00523,2024-09-28T00:00:00,2024-10-09T00:00:00,low,report exports,False,False
TKT0004723,ACC00524,2025-07-08T00:00:00,2025-07-20T00:00:00,low,dashboard performance,False,False
TKT0004724,ACC00524,2025-11-08T00:00:00,2025-11-22T00:00:00,low,renewal terms,False,False
TKT0004725,ACC00524,2024-12-05T00:00:00,2024-12-13T00:00:00,low,integration errors,True,False
TKT0004726,ACC00524,2024-12-20T00:00:00,2024-12-30T00:00:00,medium,usage reporting,False,False
TKT0004727,ACC00524,2024-09-15T00:00:00,2024-09-22T00:00:00,medium,invoice reconciliation,False,False
TKT0004728,ACC00524,2025-12-04T00:00:00,2025-12-05T00:00:00,medium,report exports,False,False
TKT0004729,ACC00525,2024-12-05T00:00:00,2024-12-09T00:00:00,high,renewal terms,False,False
TKT0004730,ACC00525,2024-11-09T00:00:00,2024-11-17T00:00:00,low,invoice reconciliation,False,False
TKT0004731,ACC00525,2024-05-21T00:00:00,2024-05-30T00:00:00,low,usage reporting,False,False
TKT0004732,ACC00525,2024-10-10T00:00:00,2024-10-11T00:00:00,low,invoice reconciliation,False,False
TKT0004733,ACC00525,2024-04-16T00:00:00,2024-04-29T00:00:00,medium,renewal terms,False,False
TKT0004734,ACC00525,2025-12-22T00:00:00,2025-12-29T00:00:00,medium,renewal terms,False,False
TKT0004735,ACC00525,2025-12-27T00:00:00,2026-01-01T00:00:00,medium,report exports,False,False
TKT0004736,ACC00525,2024-03-09T00:00:00,2024-03-14T00:00:00,medium,integration errors,False,False
TKT0004737,ACC00525,2025-06-22T00:00:00,2025-07-02T00:00:00,high,dashboard performance,False,False
TKT0004738,ACC00525,2025-10-14T00:00:00,2025-10-19T00:00:00,medium,SSO,False,False
TKT0004739,ACC00525,2025-04-21T00:00:00,2025-04-21T00:00:00,medium,permissions,True,False
TKT0004740,ACC00525,2024-03-15T00:00:00,2024-03-16T00:00:00,low,invoice reconciliation,True,False
TKT0004741,ACC00525,2024-04-27T00:00:00,2024-05-03T00:00:00,medium,API reliability,False,False
TKT0004742,ACC00526,2024-06-17T00:00:00,2024-06-19T00:00:00,low,data synchronization,False,False
TKT0004743,ACC00526,2024-01-05T00:00:00,2024-01-08T00:00:00,low,user provisioning,False,False
TKT0004744,ACC00526,2025-06-17T00:00:00,2025-06-28T00:00:00,medium,permissions,False,False
TKT0004745,ACC00526,2024-06-27T00:00:00,2024-07-07T00:00:00,low,SSO,False,False
TKT0004746,ACC00526,2024-08-18T00:00:00,2024-08-25T00:00:00,low,mobile access,False,False
TKT0004747,ACC00526,2025-06-02T00:00:00,2025-06-09T00:00:00,low,permissions,False,False
TKT0004748,ACC00526,2024-02-20T00:00:00,2024-02-22T00:00:00,critical,user provisioning,False,False
TKT0004749,ACC00526,2024-05-02T00:00:00,2024-05-16T00:00:00,medium,integration errors,False,False
TKT0004750,ACC00527,2025-06-26T00:00:00,2025-06-30T00:00:00,low,API reliability,False,False
TKT0004751,ACC00527,2024-05-04T00:00:00,2024-05-13T00:00:00,low,report exports,False,True
TKT0004752,ACC00527,2024-11-10T00:00:00,2024-11-18T00:00:00,medium,billing configuration,False,False
TKT0004753,ACC00527,2024-11-04T00:00:00,2024-11-09T00:00:00,medium,billing configuration,False,True
TKT0004754,ACC00527,2024-05-22T00:00:00,2024-05-24T00:00:00,medium,permissions,False,False
TKT0004755,ACC00527,2024-06-15T00:00:00,2024-06-25T00:00:00,low,mobile access,True,False
TKT0004756,ACC00527,2024-03-27T00:00:00,2024-04-05T00:00:00,low,SSO,False,True
TKT0004757,ACC00527,2024-12-23T00:00:00,2024-12-29T00:00:00,low,user provisioning,False,False
TKT0004758,ACC00527,2025-11-07T00:00:00,2025-11-17T00:00:00,low,permissions,False,False
TKT0004759,ACC00527,2024-10-09T00:00:00,2024-10-11T00:00:00,low,permissions,False,False
TKT0004760,ACC00527,2024-12-28T00:00:00,2024-12-31T00:00:00,medium,workflow automation,False,False
TKT0004761,ACC00527,2025-03-11T00:00:00,2025-03-11T00:00:00,low,mobile access,False,False
TKT0004762,ACC00527,2025-09-10T00:00:00,2025-09-24T00:00:00,low,data synchronization,False,False
TKT0004763,ACC00527,2024-10-24T00:00:00,2024-11-05T00:00:00,high,invoice reconciliation,False,True
TKT0004764,ACC00527,2025-07-14T00:00:00,2025-07-15T00:00:00,high,renewal terms,False,False
TKT0004765,ACC00528,2024-08-28T00:00:00,2024-09-04T00:00:00,low,mobile access,True,False
TKT0004766,ACC00528,2024-08-03T00:00:00,2024-08-03T00:00:00,high,workflow automation,False,False
TKT0004767,ACC00528,2024-04-11T00:00:00,2024-04-24T00:00:00,low,user provisioning,False,False
TKT0004768,ACC00528,2024-08-19T00:00:00,2024-08-26T00:00:00,medium,renewal terms,False,False
TKT0004769,ACC00528,2025-06-07T00:00:00,2025-06-10T00:00:00,medium,data synchronization,False,True
TKT0004770,ACC00529,2025-02-18T00:00:00,2025-02-22T00:00:00,medium,invoice reconciliation,False,False
TKT0004771,ACC00529,2024-12-01T00:00:00,2024-12-08T00:00:00,medium,user provisioning,False,False
TKT0004772,ACC00529,2024-02-04T00:00:00,2024-02-09T00:00:00,low,data synchronization,False,False
TKT0004773,ACC00529,2024-10-03T00:00:00,2024-10-03T00:00:00,medium,usage reporting,False,False
TKT0004774,ACC00529,2024-08-08T00:00:00,2024-08-20T00:00:00,high,SSO,False,False
TKT0004775,ACC00529,2024-02-05T00:00:00,2024-02-05T00:00:00,low,integration errors,False,False
TKT0004776,ACC00530,2024-09-19T00:00:00,2024-09-23T00:00:00,low,usage reporting,False,False
TKT0004777,ACC00530,2024-11-03T00:00:00,2024-11-10T00:00:00,medium,workflow automation,False,False
TKT0004778,ACC00530,2024-08-09T00:00:00,2024-08-16T00:00:00,high,mobile access,False,False
TKT0004779,ACC00530,2024-09-10T00:00:00,2024-09-16T00:00:00,low,dashboard performance,False,False
TKT0004780,ACC00530,2024-09-05T00:00:00,2024-09-08T00:00:00,critical,data synchronization,False,False
TKT0004781,ACC00530,2025-12-15T00:00:00,2025-12-27T00:00:00,low,usage reporting,False,False
TKT0004782,ACC00530,2025-01-10T00:00:00,2025-01-23T00:00:00,low,user provisioning,False,False
TKT0004783,ACC00530,2025-08-18T00:00:00,2025-08-24T00:00:00,low,dashboard performance,False,False
TKT0004784,ACC00530,2024-03-28T00:00:00,2024-04-01T00:00:00,medium,billing configuration,False,True
TKT0004785,ACC00530,2025-12-12T00:00:00,2025-12-13T00:00:00,medium,report exports,False,False
TKT0004786,ACC00530,2024-01-13T00:00:00,2024-01-20T00:00:00,medium,dashboard performance,False,True
TKT0004787,ACC00530,2025-07-26T00:00:00,2025-08-07T00:00:00,high,API reliability,True,False
TKT0004788,ACC00531,2024-09-15T00:00:00,2024-09-26T00:00:00,medium,renewal terms,False,False
TKT0004789,ACC00531,2024-12-02T00:00:00,2024-12-12T00:00:00,low,dashboard performance,False,False
TKT0004790,ACC00531,2025-09-15T00:00:00,2025-09-27T00:00:00,medium,API reliability,False,False
TKT0004791,ACC00531,2024-01-05T00:00:00,2024-01-17T00:00:00,medium,API reliability,False,False
TKT0004792,ACC00531,2025-01-06T00:00:00,2025-01-11T00:00:00,low,data synchronization,False,True
TKT0004793,ACC00531,2025-10-07T00:00:00,2025-10-13T00:00:00,medium,API reliability,False,False
TKT0004794,ACC00531,2024-03-25T00:00:00,2024-04-02T00:00:00,low,SSO,False,False
TKT0004795,ACC00531,2025-07-28T00:00:00,2025-07-30T00:00:00,low,report exports,False,False
TKT0004796,ACC00532,2024-02-23T00:00:00,2024-02-29T00:00:00,high,API reliability,False,False
TKT0004797,ACC00532,2024-01-18T00:00:00,2024-01-25T00:00:00,low,dashboard performance,True,False
TKT0004798,ACC00532,2025-10-26T00:00:00,2025-10-27T00:00:00,medium,mobile access,False,False
TKT0004799,ACC00532,2025-03-03T00:00:00,2025-03-16T00:00:00,low,renewal terms,False,False
TKT0004800,ACC00532,2025-03-09T00:00:00,2025-03-13T00:00:00,low,workflow automation,True,False
TKT0004801,ACC00532,2025-11-07T00:00:00,2025-11-20T00:00:00,low,data synchronization,False,False
TKT0004802,ACC00532,2025-12-04T00:00:00,2025-12-06T00:00:00,low,billing configuration,False,False
TKT0004803,ACC00532,2024-12-15T00:00:00,2024-12-26T00:00:00,medium,renewal terms,True,False
TKT0004804,ACC00532,2024-10-01T00:00:00,2024-10-14T00:00:00,high,billing configuration,False,False
TKT0004805,ACC00532,2025-08-01T00:00:00,2025-08-11T00:00:00,medium,data synchronization,False,False
TKT0004806,ACC00532,2024-08-27T00:00:00,2024-09-05T00:00:00,low,renewal terms,False,False
TKT0004807,ACC00532,2025-02-24T00:00:00,2025-03-04T00:00:00,high,permissions,False,True
TKT0004808,ACC00532,2024-04-04T00:00:00,2024-04-09T00:00:00,low,integration errors,False,False
TKT0004809,ACC00533,2024-05-18T00:00:00,2024-05-23T00:00:00,medium,report exports,False,False
TKT0004810,ACC00533,2025-06-02T00:00:00,2025-06-10T00:00:00,low,mobile access,False,False
TKT0004811,ACC00533,2024-10-02T00:00:00,2024-10-09T00:00:00,low,mobile access,False,False
TKT0004812,ACC00533,2024-10-16T00:00:00,2024-10-24T00:00:00,medium,user provisioning,False,False
TKT0004813,ACC00533,2025-08-26T00:00:00,2025-09-08T00:00:00,low,API reliability,False,False
TKT0004814,ACC00533,2025-08-06T00:00:00,2025-08-12T00:00:00,low,report exports,False,False
TKT0004815,ACC00533,2024-03-03T00:00:00,2024-03-09T00:00:00,medium,renewal terms,False,False
TKT0004816,ACC00533,2025-03-01T00:00:00,2025-03-11T00:00:00,low,permissions,False,False
TKT0004817,ACC00533,2025-02-06T00:00:00,2025-02-14T00:00:00,low,integration errors,True,False
TKT0004818,ACC00533,2024-11-25T00:00:00,2024-11-29T00:00:00,critical,renewal terms,False,False
TKT0004819,ACC00533,2025-03-17T00:00:00,2025-03-20T00:00:00,high,renewal terms,False,False
TKT0004820,ACC00533,2024-04-14T00:00:00,2024-04-27T00:00:00,medium,report exports,False,True
TKT0004821,ACC00534,2024-11-28T00:00:00,2024-12-01T00:00:00,low,report exports,False,True
TKT0004822,ACC00534,2024-05-05T00:00:00,2024-05-09T00:00:00,high,usage reporting,False,False
TKT0004823,ACC00534,2024-02-08T00:00:00,2024-02-18T00:00:00,low,API reliability,False,False
TKT0004824,ACC00534,2024-06-16T00:00:00,2024-06-30T00:00:00,medium,data synchronization,False,False
TKT0004825,ACC00534,2024-02-24T00:00:00,2024-03-06T00:00:00,low,data synchronization,False,True
TKT0004826,ACC00534,2024-03-26T00:00:00,2024-04-06T00:00:00,low,SSO,False,False
TKT0004827,ACC00534,2024-09-05T00:00:00,2024-09-13T00:00:00,high,report exports,False,True
TKT0004828,ACC00534,2024-09-08T00:00:00,2024-09-20T00:00:00,medium,SSO,False,False
TKT0004829,ACC00534,2024-06-08T00:00:00,2024-06-21T00:00:00,low,API reliability,False,True
TKT0004830,ACC00534,2024-08-22T00:00:00,2024-09-02T00:00:00,high,integration errors,False,True
TKT0004831,ACC00535,2024-01-08T00:00:00,2024-01-12T00:00:00,low,integration errors,False,False
TKT0004832,ACC00535,2025-05-13T00:00:00,2025-05-14T00:00:00,medium,dashboard performance,False,False
TKT0004833,ACC00535,2025-10-17T00:00:00,2025-10-18T00:00:00,low,API reliability,False,False
TKT0004834,ACC00535,2025-09-21T00:00:00,2025-09-28T00:00:00,low,integration errors,False,False
TKT0004835,ACC00535,2025-06-07T00:00:00,2025-06-16T00:00:00,medium,data synchronization,False,False
TKT0004836,ACC00535,2025-03-25T00:00:00,2025-04-01T00:00:00,low,report exports,False,False
TKT0004837,ACC00535,2024-10-17T00:00:00,2024-10-26T00:00:00,high,permissions,False,False
TKT0004838,ACC00535,2025-02-27T00:00:00,2025-03-01T00:00:00,low,mobile access,False,False
TKT0004839,ACC00535,2024-05-02T00:00:00,2024-05-05T00:00:00,medium,integration errors,True,True
TKT0004840,ACC00535,2024-03-09T00:00:00,2024-03-09T00:00:00,low,report exports,False,False
TKT0004841,ACC00535,2025-12-23T00:00:00,2025-12-26T00:00:00,low,usage reporting,False,False
TKT0004842,ACC00535,2025-09-11T00:00:00,2025-09-18T00:00:00,low,data synchronization,False,False
TKT0004843,ACC00535,2024-02-12T00:00:00,2024-02-18T00:00:00,medium,billing configuration,False,True
TKT0004844,ACC00535,2024-01-20T00:00:00,2024-02-02T00:00:00,medium,invoice reconciliation,False,False
TKT0004845,ACC00535,2025-04-09T00:00:00,2025-04-16T00:00:00,high,dashboard performance,False,False
TKT0004846,ACC00536,2025-11-21T00:00:00,2025-12-02T00:00:00,low,invoice reconciliation,False,False
TKT0004847,ACC00536,2024-04-02T00:00:00,2024-04-15T00:00:00,medium,usage reporting,False,False
TKT0004848,ACC00536,2025-11-25T00:00:00,2025-11-26T00:00:00,medium,permissions,False,False
TKT0004849,ACC00536,2025-05-08T00:00:00,2025-05-17T00:00:00,medium,integration errors,False,False
TKT0004850,ACC00536,2024-11-09T00:00:00,2024-11-10T00:00:00,medium,permissions,False,False
TKT0004851,ACC00536,2024-09-12T00:00:00,2024-09-21T00:00:00,medium,SSO,False,False
TKT0004852,ACC00536,2025-09-02T00:00:00,2025-09-15T00:00:00,medium,user provisioning,False,False
TKT0004853,ACC00536,2025-08-24T00:00:00,2025-09-05T00:00:00,medium,report exports,False,False
TKT0004854,ACC00536,2025-06-23T00:00:00,2025-07-02T00:00:00,medium,dashboard performance,False,False
TKT0004855,ACC00536,2024-10-15T00:00:00,2024-10-18T00:00:00,low,renewal terms,False,False
TKT0004856,ACC00536,2024-10-03T00:00:00,2024-10-14T00:00:00,high,user provisioning,True,True
TKT0004857,ACC00536,2024-12-26T00:00:00,2025-01-05T00:00:00,low,workflow automation,False,False
TKT0004858,ACC00536,2024-09-14T00:00:00,2024-09-21T00:00:00,low,billing configuration,False,False
TKT0004859,ACC00536,2024-12-11T00:00:00,2024-12-20T00:00:00,medium,invoice reconciliation,False,False
TKT0004860,ACC00537,2025-12-10T00:00:00,2025-12-12T00:00:00,medium,dashboard performance,False,False
TKT0004861,ACC00537,2024-06-18T00:00:00,2024-06-19T00:00:00,medium,report exports,False,False
TKT0004862,ACC00537,2025-11-02T00:00:00,2025-11-14T00:00:00,low,report exports,False,False
TKT0004863,ACC00537,2025-02-03T00:00:00,2025-02-11T00:00:00,medium,API reliability,False,False
TKT0004864,ACC00537,2025-09-05T00:00:00,2025-09-13T00:00:00,low,mobile access,False,False
TKT0004865,ACC00537,2024-10-28T00:00:00,2024-11-01T00:00:00,low,integration errors,False,False
TKT0004866,ACC00537,2025-01-22T00:00:00,2025-01-23T00:00:00,medium,mobile access,False,True
TKT0004867,ACC00538,2024-10-17T00:00:00,2024-10-18T00:00:00,medium,renewal terms,False,False
TKT0004868,ACC00538,2024-01-24T00:00:00,2024-01-26T00:00:00,high,integration errors,False,False
TKT0004869,ACC00538,2024-01-02T00:00:00,2024-01-06T00:00:00,low,usage reporting,False,False
TKT0004870,ACC00538,2024-12-05T00:00:00,2024-12-09T00:00:00,high,user provisioning,False,False
TKT0004871,ACC00538,2024-04-11T00:00:00,2024-04-16T00:00:00,low,billing configuration,False,True
TKT0004872,ACC00538,2024-12-04T00:00:00,2024-12-13T00:00:00,low,data synchronization,False,False
TKT0004873,ACC00538,2024-05-18T00:00:00,2024-05-21T00:00:00,low,mobile access,True,True
TKT0004874,ACC00538,2024-09-14T00:00:00,2024-09-26T00:00:00,medium,permissions,False,False
TKT0004875,ACC00538,2024-01-11T00:00:00,2024-01-18T00:00:00,medium,invoice reconciliation,False,False
TKT0004876,ACC00539,2024-05-05T00:00:00,2024-05-16T00:00:00,medium,SSO,False,True
TKT0004877,ACC00539,2024-03-21T00:00:00,2024-03-25T00:00:00,high,dashboard performance,False,False
TKT0004878,ACC00539,2024-06-28T00:00:00,2024-07-03T00:00:00,medium,dashboard performance,True,False
TKT0004879,ACC00540,2025-01-18T00:00:00,2025-01-30T00:00:00,medium,dashboard performance,False,False
TKT0004880,ACC00540,2025-04-26T00:00:00,2025-05-10T00:00:00,medium,renewal terms,False,False
TKT0004881,ACC00540,2025-03-28T00:00:00,2025-04-03T00:00:00,high,usage reporting,False,False
TKT0004882,ACC00540,2025-05-18T00:00:00,2025-05-18T00:00:00,high,billing configuration,False,True
TKT0004883,ACC00540,2024-10-14T00:00:00,2024-10-14T00:00:00,medium,mobile access,False,False
TKT0004884,ACC00540,2024-11-23T00:00:00,2024-12-03T00:00:00,low,SSO,False,False
TKT0004885,ACC00540,2025-02-09T00:00:00,2025-02-12T00:00:00,medium,usage reporting,False,False
TKT0004886,ACC00541,2024-07-04T00:00:00,2024-07-17T00:00:00,low,report exports,False,False
TKT0004887,ACC00541,2025-02-23T00:00:00,2025-03-06T00:00:00,medium,workflow automation,False,False
TKT0004888,ACC00541,2024-04-20T00:00:00,2024-04-20T00:00:00,medium,integration errors,True,False
TKT0004889,ACC00541,2024-01-11T00:00:00,2024-01-19T00:00:00,high,usage reporting,False,False
TKT0004890,ACC00541,2025-06-24T00:00:00,2025-07-02T00:00:00,medium,data synchronization,True,False
TKT0004891,ACC00541,2024-05-28T00:00:00,2024-06-07T00:00:00,high,usage reporting,False,False
TKT0004892,ACC00541,2024-02-11T00:00:00,2024-02-12T00:00:00,medium,dashboard performance,False,False
TKT0004893,ACC00541,2024-03-21T00:00:00,2024-03-21T00:00:00,medium,integration errors,True,False
TKT0004894,ACC00541,2024-09-22T00:00:00,2024-10-03T00:00:00,high,permissions,False,True
TKT0004895,ACC00541,2024-09-17T00:00:00,2024-09-26T00:00:00,medium,API reliability,False,False
TKT0004896,ACC00541,2025-08-17T00:00:00,2025-08-24T00:00:00,low,invoice reconciliation,False,False
TKT0004897,ACC00541,2025-08-23T00:00:00,2025-08-31T00:00:00,medium,mobile access,False,False
TKT0004898,ACC00541,2025-10-28T00:00:00,2025-11-06T00:00:00,medium,user provisioning,False,False
TKT0004899,ACC00542,2024-02-02T00:00:00,2024-02-10T00:00:00,high,integration errors,True,False
TKT0004900,ACC00542,2025-06-18T00:00:00,2025-06-29T00:00:00,high,workflow automation,False,True
TKT0004901,ACC00542,2025-01-13T00:00:00,2025-01-19T00:00:00,high,integration errors,False,False
TKT0004902,ACC00542,2025-07-10T00:00:00,2025-07-21T00:00:00,high,invoice reconciliation,False,False
TKT0004903,ACC00542,2024-12-07T00:00:00,2024-12-15T00:00:00,medium,data synchronization,False,False
TKT0004904,ACC00542,2025-04-07T00:00:00,2025-04-19T00:00:00,low,mobile access,False,False
TKT0004905,ACC00542,2025-02-05T00:00:00,2025-02-11T00:00:00,medium,report exports,True,False
TKT0004906,ACC00542,2025-01-01T00:00:00,2025-01-09T00:00:00,low,integration errors,True,False
TKT0004907,ACC00542,2025-08-03T00:00:00,2025-08-12T00:00:00,low,user provisioning,False,False
TKT0004908,ACC00542,2024-08-26T00:00:00,2024-08-27T00:00:00,low,integration errors,False,False
TKT0004909,ACC00542,2025-10-04T00:00:00,2025-10-09T00:00:00,medium,permissions,False,False
TKT0004910,ACC00542,2025-01-26T00:00:00,2025-02-03T00:00:00,low,usage reporting,False,False
TKT0004911,ACC00542,2024-06-16T00:00:00,2024-06-23T00:00:00,low,dashboard performance,False,False
TKT0004912,ACC00542,2025-12-23T00:00:00,2026-01-02T00:00:00,low,billing configuration,False,False
TKT0004913,ACC00542,2024-10-27T00:00:00,2024-11-04T00:00:00,medium,data synchronization,False,False
TKT0004914,ACC00542,2025-11-07T00:00:00,2025-11-07T00:00:00,high,permissions,False,False
TKT0004915,ACC00542,2024-12-09T00:00:00,2024-12-15T00:00:00,medium,mobile access,False,False
TKT0004916,ACC00543,2024-03-15T00:00:00,2024-03-16T00:00:00,medium,renewal terms,False,False
TKT0004917,ACC00543,2024-03-01T00:00:00,2024-03-15T00:00:00,medium,invoice reconciliation,False,True
TKT0004918,ACC00543,2024-01-09T00:00:00,2024-01-16T00:00:00,low,dashboard performance,False,False
TKT0004919,ACC00543,2024-06-11T00:00:00,2024-06-12T00:00:00,low,mobile access,False,True
TKT0004920,ACC00544,2024-09-08T00:00:00,2024-09-15T00:00:00,low,billing configuration,False,False
TKT0004921,ACC00544,2024-05-23T00:00:00,2024-06-01T00:00:00,low,invoice reconciliation,False,False
TKT0004922,ACC00544,2024-02-21T00:00:00,2024-02-25T00:00:00,high,permissions,False,False
TKT0004923,ACC00545,2024-04-05T00:00:00,2024-04-19T00:00:00,low,dashboard performance,True,False
TKT0004924,ACC00545,2024-04-23T00:00:00,2024-04-30T00:00:00,low,renewal terms,False,False
TKT0004925,ACC00545,2024-08-28T00:00:00,2024-09-09T00:00:00,low,dashboard performance,False,True
TKT0004926,ACC00545,2024-05-16T00:00:00,2024-05-26T00:00:00,low,integration errors,False,True
TKT0004927,ACC00546,2025-03-09T00:00:00,2025-03-21T00:00:00,low,report exports,False,False
TKT0004928,ACC00546,2025-03-10T00:00:00,2025-03-11T00:00:00,low,dashboard performance,False,False
TKT0004929,ACC00546,2025-10-04T00:00:00,2025-10-13T00:00:00,high,invoice reconciliation,False,False
TKT0004930,ACC00546,2025-03-01T00:00:00,2025-03-02T00:00:00,medium,permissions,True,False
TKT0004931,ACC00546,2025-04-16T00:00:00,2025-04-28T00:00:00,low,permissions,False,False
TKT0004932,ACC00546,2025-02-22T00:00:00,2025-02-28T00:00:00,medium,API reliability,False,False
TKT0004933,ACC00546,2025-01-07T00:00:00,2025-01-09T00:00:00,medium,usage reporting,True,True
TKT0004934,ACC00546,2024-08-19T00:00:00,2024-08-23T00:00:00,high,workflow automation,False,False
TKT0004935,ACC00546,2025-10-27T00:00:00,2025-11-02T00:00:00,medium,invoice reconciliation,False,False
TKT0004936,ACC00546,2025-08-28T00:00:00,2025-09-04T00:00:00,low,data synchronization,False,True
TKT0004937,ACC00546,2025-02-22T00:00:00,2025-03-07T00:00:00,low,billing configuration,False,False
TKT0004938,ACC00546,2025-05-26T00:00:00,2025-06-02T00:00:00,high,report exports,False,False
TKT0004939,ACC00546,2024-12-18T00:00:00,2024-12-18T00:00:00,low,SSO,False,False
TKT0004940,ACC00546,2025-05-10T00:00:00,2025-05-21T00:00:00,low,workflow automation,False,False
TKT0004941,ACC00546,2025-03-06T00:00:00,2025-03-17T00:00:00,medium,user provisioning,False,False
TKT0004942,ACC00546,2025-06-18T00:00:00,2025-06-24T00:00:00,medium,dashboard performance,True,False
TKT0004943,ACC00546,2024-02-22T00:00:00,2024-02-25T00:00:00,medium,user provisioning,False,False
TKT0004944,ACC00547,2025-08-12T00:00:00,2025-08-20T00:00:00,low,SSO,False,False
TKT0004945,ACC00547,2025-07-09T00:00:00,2025-07-09T00:00:00,medium,usage reporting,False,False
TKT0004946,ACC00547,2024-08-23T00:00:00,2024-08-31T00:00:00,high,usage reporting,False,True
TKT0004947,ACC00547,2025-05-21T00:00:00,2025-06-03T00:00:00,medium,renewal terms,False,False
TKT0004948,ACC00548,2024-05-01T00:00:00,2024-05-04T00:00:00,medium,workflow automation,False,False
TKT0004949,ACC00548,2024-02-12T00:00:00,2024-02-12T00:00:00,low,integration errors,False,False
TKT0004950,ACC00548,2024-05-07T00:00:00,2024-05-21T00:00:00,medium,data synchronization,False,False
TKT0004951,ACC00548,2024-08-22T00:00:00,2024-08-29T00:00:00,high,usage reporting,False,False
TKT0004952,ACC00548,2024-10-03T00:00:00,2024-10-07T00:00:00,medium,mobile access,False,True
TKT0004953,ACC00548,2024-10-01T00:00:00,2024-10-01T00:00:00,medium,dashboard performance,False,False
TKT0004954,ACC00549,2024-06-25T00:00:00,2024-07-01T00:00:00,medium,renewal terms,False,False
TKT0004955,ACC00549,2024-03-15T00:00:00,2024-03-22T00:00:00,medium,renewal terms,False,False
TKT0004956,ACC00549,2024-08-09T00:00:00,2024-08-22T00:00:00,medium,renewal terms,True,True
TKT0004957,ACC00549,2024-05-05T00:00:00,2024-05-12T00:00:00,medium,usage reporting,False,True
TKT0004958,ACC00550,2025-02-18T00:00:00,2025-03-04T00:00:00,medium,mobile access,False,True
TKT0004959,ACC00550,2024-10-19T00:00:00,2024-10-30T00:00:00,low,renewal terms,False,False
TKT0004960,ACC00550,2025-10-15T00:00:00,2025-10-29T00:00:00,medium,user provisioning,False,False
TKT0004961,ACC00550,2024-06-18T00:00:00,2024-07-01T00:00:00,low,dashboard performance,False,False
TKT0004962,ACC00550,2024-03-01T00:00:00,2024-03-09T00:00:00,low,report exports,False,False
TKT0004963,ACC00550,2025-02-17T00:00:00,2025-02-23T00:00:00,medium,API reliability,False,False
TKT0004964,ACC00550,2024-10-25T00:00:00,2024-11-03T00:00:00,medium,invoice reconciliation,False,False
TKT0004965,ACC00550,2025-01-26T00:00:00,2025-02-05T00:00:00,high,user provisioning,False,False
TKT0004966,ACC00550,2024-11-07T00:00:00,2024-11-09T00:00:00,medium,permissions,False,False
TKT0004967,ACC00550,2024-09-11T00:00:00,2024-09-23T00:00:00,low,SSO,False,False
TKT0004968,ACC00550,2024-11-04T00:00:00,2024-11-18T00:00:00,medium,renewal terms,True,False
TKT0004969,ACC00550,2024-02-14T00:00:00,2024-02-21T00:00:00,low,SSO,False,False
TKT0004970,ACC00550,2024-06-23T00:00:00,2024-07-06T00:00:00,high,API reliability,False,False
TKT0004971,ACC00550,2024-07-06T00:00:00,2024-07-12T00:00:00,high,workflow automation,False,False
TKT0004972,ACC00551,2024-04-25T00:00:00,2024-05-01T00:00:00,medium,dashboard performance,False,False
TKT0004973,ACC00551,2024-04-24T00:00:00,2024-05-06T00:00:00,low,workflow automation,False,False
TKT0004974,ACC00551,2024-10-07T00:00:00,2024-10-20T00:00:00,low,usage reporting,False,True
TKT0004975,ACC00551,2024-03-23T00:00:00,2024-03-27T00:00:00,low,SSO,False,False
TKT0004976,ACC00551,2024-10-05T00:00:00,2024-10-18T00:00:00,low,SSO,False,False
TKT0004977,ACC00551,2024-05-16T00:00:00,2024-05-23T00:00:00,medium,integration errors,False,False
TKT0004978,ACC00551,2025-01-16T00:00:00,2025-01-23T00:00:00,medium,billing configuration,False,False
TKT0004979,ACC00552,2024-07-24T00:00:00,2024-08-05T00:00:00,medium,user provisioning,True,False
TKT0004980,ACC00552,2025-07-17T00:00:00,2025-07-31T00:00:00,medium,permissions,False,False
TKT0004981,ACC00552,2025-03-06T00:00:00,2025-03-06T00:00:00,low,dashboard performance,False,True
TKT0004982,ACC00552,2025-02-11T00:00:00,2025-02-18T00:00:00,low,renewal terms,False,False
TKT0004983,ACC00552,2024-03-15T00:00:00,2024-03-17T00:00:00,high,report exports,False,False
TKT0004984,ACC00552,2024-09-10T00:00:00,2024-09-13T00:00:00,low,user provisioning,False,False
TKT0004985,ACC00552,2024-07-25T00:00:00,2024-08-02T00:00:00,low,usage reporting,False,False
TKT0004986,ACC00552,2024-10-27T00:00:00,2024-10-31T00:00:00,low,invoice reconciliation,False,False
TKT0004987,ACC00553,2024-08-23T00:00:00,2024-08-30T00:00:00,high,API reliability,True,False
TKT0004988,ACC00553,2024-07-07T00:00:00,2024-07-21T00:00:00,low,SSO,False,False
TKT0004989,ACC00554,2024-04-20T00:00:00,2024-05-01T00:00:00,low,permissions,False,False
TKT0004990,ACC00554,2024-09-06T00:00:00,2024-09-11T00:00:00,medium,mobile access,False,False
TKT0004991,ACC00554,2024-07-12T00:00:00,2024-07-22T00:00:00,medium,data synchronization,False,False
TKT0004992,ACC00554,2025-04-14T00:00:00,2025-04-25T00:00:00,low,dashboard performance,False,False
TKT0004993,ACC00554,2024-06-13T00:00:00,2024-06-19T00:00:00,low,workflow automation,False,False
TKT0004994,ACC00554,2024-11-22T00:00:00,2024-11-30T00:00:00,low,integration errors,False,False
TKT0004995,ACC00554,2024-05-19T00:00:00,2024-05-29T00:00:00,low,integration errors,False,False
TKT0004996,ACC00555,2025-10-19T00:00:00,2025-10-21T00:00:00,low,report exports,True,True
TKT0004997,ACC00555,2024-04-06T00:00:00,2024-04-07T00:00:00,medium,renewal terms,False,False
TKT0004998,ACC00555,2024-05-23T00:00:00,2024-05-29T00:00:00,medium,API reliability,False,False
TKT0004999,ACC00555,2025-03-28T00:00:00,2025-04-06T00:00:00,medium,integration errors,False,False
TKT0005000,ACC00555,2024-07-18T00:00:00,2024-07-18T00:00:00,medium,workflow automation,False,False
TKT0005001,ACC00555,2024-05-11T00:00:00,2024-05-20T00:00:00,medium,invoice reconciliation,True,False
TKT0005002,ACC00555,2024-04-13T00:00:00,2024-04-19T00:00:00,critical,integration errors,False,False
TKT0005003,ACC00555,2025-09-27T00:00:00,2025-10-06T00:00:00,medium,renewal terms,False,False
TKT0005004,ACC00555,2024-07-02T00:00:00,2024-07-08T00:00:00,low,integration errors,False,False
TKT0005005,ACC00555,2025-08-21T00:00:00,2025-09-04T00:00:00,medium,mobile access,False,False
TKT0005006,ACC00555,2025-10-21T00:00:00,2025-10-26T00:00:00,low,SSO,False,False
TKT0005007,ACC00555,2024-08-23T00:00:00,2024-09-02T00:00:00,medium,renewal terms,False,False
TKT0005008,ACC00555,2024-05-19T00:00:00,2024-05-22T00:00:00,low,report exports,False,False
TKT0005009,ACC00555,2025-03-19T00:00:00,2025-03-24T00:00:00,low,data synchronization,False,False
TKT0005010,ACC00555,2025-11-02T00:00:00,2025-11-11T00:00:00,low,SSO,False,False
TKT0005011,ACC00555,2025-01-09T00:00:00,2025-01-12T00:00:00,high,data synchronization,False,False
TKT0005012,ACC00556,2024-04-09T00:00:00,2024-04-22T00:00:00,medium,SSO,False,False
TKT0005013,ACC00556,2024-02-06T00:00:00,2024-02-20T00:00:00,high,billing configuration,False,False
TKT0005014,ACC00556,2024-09-28T00:00:00,2024-09-30T00:00:00,low,user provisioning,False,False
TKT0005015,ACC00556,2024-02-02T00:00:00,2024-02-12T00:00:00,medium,mobile access,False,False
TKT0005016,ACC00556,2024-09-28T00:00:00,2024-10-01T00:00:00,low,mobile access,False,True
TKT0005017,ACC00556,2024-03-16T00:00:00,2024-03-23T00:00:00,low,workflow automation,False,False
TKT0005018,ACC00557,2024-05-25T00:00:00,2024-06-04T00:00:00,medium,usage reporting,True,False
TKT0005019,ACC00557,2024-09-25T00:00:00,2024-10-02T00:00:00,medium,renewal terms,False,True
TKT0005020,ACC00557,2024-07-19T00:00:00,2024-07-25T00:00:00,high,permissions,False,False
TKT0005021,ACC00558,2024-12-05T00:00:00,2024-12-08T00:00:00,low,API reliability,True,False
TKT0005022,ACC00558,2025-06-09T00:00:00,2025-06-12T00:00:00,medium,renewal terms,False,False
TKT0005023,ACC00558,2024-07-05T00:00:00,2024-07-17T00:00:00,medium,workflow automation,False,False
TKT0005024,ACC00558,2024-10-03T00:00:00,2024-10-10T00:00:00,low,renewal terms,False,False
TKT0005025,ACC00558,2025-05-15T00:00:00,2025-05-23T00:00:00,medium,renewal terms,False,False
TKT0005026,ACC00558,2024-12-28T00:00:00,2025-01-07T00:00:00,medium,workflow automation,False,False
TKT0005027,ACC00558,2024-07-05T00:00:00,2024-07-16T00:00:00,medium,integration errors,False,False
TKT0005028,ACC00558,2024-06-04T00:00:00,2024-06-14T00:00:00,low,data synchronization,False,False
TKT0005029,ACC00558,2024-10-18T00:00:00,2024-10-25T00:00:00,medium,usage reporting,False,True
TKT0005030,ACC00558,2024-12-13T00:00:00,2024-12-22T00:00:00,low,data synchronization,False,False
TKT0005031,ACC00558,2024-03-17T00:00:00,2024-03-26T00:00:00,medium,mobile access,False,False
TKT0005032,ACC00559,2024-03-22T00:00:00,2024-04-02T00:00:00,medium,invoice reconciliation,False,False
TKT0005033,ACC00559,2024-06-26T00:00:00,2024-07-04T00:00:00,low,API reliability,False,False
TKT0005034,ACC00559,2024-01-14T00:00:00,2024-01-25T00:00:00,medium,renewal terms,False,False
TKT0005035,ACC00559,2024-02-12T00:00:00,2024-02-16T00:00:00,high,user provisioning,False,False
TKT0005036,ACC00560,2024-09-17T00:00:00,2024-09-30T00:00:00,high,renewal terms,False,False
TKT0005037,ACC00560,2024-02-07T00:00:00,2024-02-14T00:00:00,high,user provisioning,False,False
TKT0005038,ACC00560,2024-05-21T00:00:00,2024-05-27T00:00:00,low,usage reporting,False,True
TKT0005039,ACC00560,2024-06-26T00:00:00,2024-07-01T00:00:00,medium,API reliability,False,False
TKT0005040,ACC00560,2024-05-01T00:00:00,2024-05-06T00:00:00,low,user provisioning,False,False
TKT0005041,ACC00560,2024-02-24T00:00:00,2024-02-24T00:00:00,high,user provisioning,False,False
TKT0005042,ACC00560,2024-05-20T00:00:00,2024-05-23T00:00:00,medium,dashboard performance,False,False
TKT0005043,ACC00560,2024-03-22T00:00:00,2024-04-02T00:00:00,low,data synchronization,False,False
TKT0005044,ACC00560,2024-04-17T00:00:00,2024-05-01T00:00:00,medium,billing configuration,True,False
TKT0005045,ACC00560,2024-09-01T00:00:00,2024-09-06T00:00:00,medium,permissions,False,False
TKT0005046,ACC00560,2024-08-14T00:00:00,2024-08-14T00:00:00,high,dashboard performance,False,False
TKT0005047,ACC00561,2024-04-19T00:00:00,2024-04-21T00:00:00,low,report exports,True,False
TKT0005048,ACC00561,2024-09-15T00:00:00,2024-09-26T00:00:00,medium,API reliability,False,False
TKT0005049,ACC00562,2024-03-15T00:00:00,2024-03-22T00:00:00,low,API reliability,False,False
TKT0005050,ACC00562,2024-10-01T00:00:00,2024-10-07T00:00:00,low,invoice reconciliation,False,False
TKT0005051,ACC00562,2024-06-03T00:00:00,2024-06-04T00:00:00,medium,integration errors,False,False
TKT0005052,ACC00562,2024-04-28T00:00:00,2024-05-05T00:00:00,low,renewal terms,False,False
TKT0005053,ACC00562,2024-04-16T00:00:00,2024-04-17T00:00:00,low,integration errors,True,False
TKT0005054,ACC00563,2024-09-22T00:00:00,2024-09-30T00:00:00,medium,permissions,False,False
TKT0005055,ACC00563,2024-06-18T00:00:00,2024-06-28T00:00:00,low,API reliability,False,False
TKT0005056,ACC00563,2024-10-26T00:00:00,2024-11-03T00:00:00,medium,data synchronization,False,False
TKT0005057,ACC00563,2024-01-04T00:00:00,2024-01-14T00:00:00,low,invoice reconciliation,False,False
TKT0005058,ACC00563,2024-08-25T00:00:00,2024-08-28T00:00:00,medium,mobile access,False,True
TKT0005059,ACC00563,2024-04-27T00:00:00,2024-05-11T00:00:00,low,mobile access,False,False
TKT0005060,ACC00563,2024-08-17T00:00:00,2024-08-20T00:00:00,medium,user provisioning,False,False
TKT0005061,ACC00564,2024-07-04T00:00:00,2024-07-15T00:00:00,high,integration errors,False,False
TKT0005062,ACC00564,2024-11-17T00:00:00,2024-11-21T00:00:00,medium,workflow automation,False,False
TKT0005063,ACC00564,2024-06-11T00:00:00,2024-06-15T00:00:00,medium,permissions,False,True
TKT0005064,ACC00564,2024-06-05T00:00:00,2024-06-15T00:00:00,medium,mobile access,False,False
TKT0005065,ACC00564,2024-12-02T00:00:00,2024-12-04T00:00:00,medium,mobile access,False,False
TKT0005066,ACC00564,2024-02-20T00:00:00,2024-02-24T00:00:00,low,permissions,False,False
TKT0005067,ACC00564,2024-03-02T00:00:00,2024-03-02T00:00:00,high,data synchronization,False,False
TKT0005068,ACC00564,2024-05-01T00:00:00,2024-05-06T00:00:00,low,data synchronization,False,False
TKT0005069,ACC00565,2024-01-11T00:00:00,2024-01-16T00:00:00,low,API reliability,False,False
TKT0005070,ACC00565,2024-09-04T00:00:00,2024-09-18T00:00:00,high,integration errors,False,False
TKT0005071,ACC00565,2024-11-21T00:00:00,2024-11-27T00:00:00,low,integration errors,False,False
TKT0005072,ACC00565,2024-08-15T00:00:00,2024-08-18T00:00:00,low,SSO,False,False
TKT0005073,ACC00566,2024-04-21T00:00:00,2024-04-27T00:00:00,low,billing configuration,False,False
TKT0005074,ACC00566,2024-04-09T00:00:00,2024-04-17T00:00:00,low,dashboard performance,False,False
TKT0005075,ACC00566,2024-04-14T00:00:00,2024-04-20T00:00:00,medium,usage reporting,False,False
TKT0005076,ACC00566,2024-06-07T00:00:00,2024-06-18T00:00:00,low,permissions,False,True
TKT0005077,ACC00566,2024-04-09T00:00:00,2024-04-11T00:00:00,low,user provisioning,False,False
TKT0005078,ACC00567,2024-03-06T00:00:00,2024-03-14T00:00:00,medium,SSO,False,False
TKT0005079,ACC00567,2024-09-01T00:00:00,2024-09-04T00:00:00,low,report exports,False,False
TKT0005080,ACC00567,2024-02-16T00:00:00,2024-02-22T00:00:00,high,mobile access,False,False
TKT0005081,ACC00568,2024-06-24T00:00:00,2024-06-29T00:00:00,medium,user provisioning,False,False
TKT0005082,ACC00568,2025-05-19T00:00:00,2025-05-22T00:00:00,low,renewal terms,False,False
TKT0005083,ACC00568,2024-07-26T00:00:00,2024-08-08T00:00:00,medium,report exports,False,False
TKT0005084,ACC00568,2024-09-09T00:00:00,2024-09-23T00:00:00,low,invoice reconciliation,False,False
TKT0005085,ACC00568,2025-10-02T00:00:00,2025-10-13T00:00:00,medium,permissions,False,False
TKT0005086,ACC00568,2025-09-13T00:00:00,2025-09-22T00:00:00,medium,usage reporting,False,False
TKT0005087,ACC00568,2024-03-19T00:00:00,2024-03-22T00:00:00,high,API reliability,False,False
TKT0005088,ACC00568,2025-01-01T00:00:00,2025-01-02T00:00:00,medium,permissions,False,False
TKT0005089,ACC00568,2024-02-07T00:00:00,2024-02-20T00:00:00,low,permissions,False,True
TKT0005090,ACC00568,2024-09-10T00:00:00,2024-09-20T00:00:00,medium,dashboard performance,False,False
TKT0005091,ACC00568,2025-09-13T00:00:00,2025-09-17T00:00:00,low,user provisioning,False,False
TKT0005092,ACC00568,2025-09-07T00:00:00,2025-09-08T00:00:00,low,workflow automation,True,True
TKT0005093,ACC00568,2025-10-02T00:00:00,2025-10-08T00:00:00,high,user provisioning,False,False
TKT0005094,ACC00568,2024-01-26T00:00:00,2024-01-29T00:00:00,medium,invoice reconciliation,False,False
TKT0005095,ACC00568,2024-11-10T00:00:00,2024-11-12T00:00:00,low,report exports,False,False
TKT0005096,ACC00568,2025-07-25T00:00:00,2025-08-06T00:00:00,low,integration errors,False,False
TKT0005097,ACC00568,2025-10-07T00:00:00,2025-10-10T00:00:00,critical,integration errors,False,False
TKT0005098,ACC00569,2025-05-24T00:00:00,2025-05-28T00:00:00,medium,billing configuration,False,False
TKT0005099,ACC00569,2024-02-17T00:00:00,2024-02-29T00:00:00,low,invoice reconciliation,False,False
TKT0005100,ACC00569,2024-01-25T00:00:00,2024-02-03T00:00:00,medium,usage reporting,False,False
TKT0005101,ACC00569,2024-10-16T00:00:00,2024-10-19T00:00:00,low,usage reporting,False,False
TKT0005102,ACC00569,2024-02-03T00:00:00,2024-02-06T00:00:00,low,dashboard performance,False,False
TKT0005103,ACC00569,2024-03-19T00:00:00,2024-03-21T00:00:00,low,workflow automation,False,False
TKT0005104,ACC00569,2024-07-08T00:00:00,2024-07-10T00:00:00,low,data synchronization,True,False
TKT0005105,ACC00569,2024-04-10T00:00:00,2024-04-20T00:00:00,low,API reliability,False,False
TKT0005106,ACC00569,2024-10-04T00:00:00,2024-10-08T00:00:00,medium,renewal terms,False,True
TKT0005107,ACC00569,2024-10-16T00:00:00,2024-10-28T00:00:00,low,invoice reconciliation,True,False
TKT0005108,ACC00569,2025-06-12T00:00:00,2025-06-17T00:00:00,medium,report exports,False,False
TKT0005109,ACC00569,2025-05-20T00:00:00,2025-05-21T00:00:00,high,report exports,False,False
TKT0005110,ACC00569,2025-04-19T00:00:00,2025-05-02T00:00:00,medium,user provisioning,False,False
TKT0005111,ACC00569,2025-11-28T00:00:00,2025-11-30T00:00:00,medium,workflow automation,False,False
TKT0005112,ACC00569,2024-12-24T00:00:00,2024-12-25T00:00:00,low,mobile access,False,False
TKT0005113,ACC00569,2024-11-13T00:00:00,2024-11-13T00:00:00,low,permissions,False,False
TKT0005114,ACC00569,2025-12-03T00:00:00,2025-12-04T00:00:00,high,API reliability,False,False
TKT0005115,ACC00571,2025-07-18T00:00:00,2025-07-28T00:00:00,medium,invoice reconciliation,False,False
TKT0005116,ACC00571,2025-09-11T00:00:00,2025-09-17T00:00:00,medium,permissions,False,False
TKT0005117,ACC00571,2025-01-27T00:00:00,2025-02-07T00:00:00,medium,dashboard performance,False,False
TKT0005118,ACC00571,2025-01-04T00:00:00,2025-01-08T00:00:00,medium,integration errors,False,False
TKT0005119,ACC00571,2024-07-13T00:00:00,2024-07-25T00:00:00,low,SSO,False,False
TKT0005120,ACC00571,2025-01-13T00:00:00,2025-01-19T00:00:00,low,dashboard performance,False,False
TKT0005121,ACC00571,2025-02-07T00:00:00,2025-02-10T00:00:00,medium,workflow automation,False,False
TKT0005122,ACC00571,2025-05-18T00:00:00,2025-05-21T00:00:00,critical,dashboard performance,False,False
TKT0005123,ACC00571,2025-09-25T00:00:00,2025-09-29T00:00:00,high,permissions,False,False
TKT0005124,ACC00571,2025-10-13T00:00:00,2025-10-24T00:00:00,medium,renewal terms,False,False
TKT0005125,ACC00571,2025-06-18T00:00:00,2025-06-23T00:00:00,medium,user provisioning,False,False
TKT0005126,ACC00571,2025-02-11T00:00:00,2025-02-20T00:00:00,low,integration errors,False,False
TKT0005127,ACC00571,2025-10-07T00:00:00,2025-10-10T00:00:00,low,dashboard performance,True,False
TKT0005128,ACC00572,2024-06-01T00:00:00,2024-06-03T00:00:00,low,report exports,False,False
TKT0005129,ACC00572,2024-02-25T00:00:00,2024-03-10T00:00:00,medium,dashboard performance,False,False
TKT0005130,ACC00572,2025-09-13T00:00:00,2025-09-22T00:00:00,low,renewal terms,True,False
TKT0005131,ACC00572,2025-09-27T00:00:00,2025-10-01T00:00:00,medium,user provisioning,False,False
TKT0005132,ACC00572,2025-10-13T00:00:00,2025-10-26T00:00:00,medium,user provisioning,False,False
TKT0005133,ACC00572,2025-10-05T00:00:00,2025-10-14T00:00:00,low,dashboard performance,False,False
TKT0005134,ACC00572,2024-08-07T00:00:00,2024-08-21T00:00:00,low,renewal terms,False,False
TKT0005135,ACC00572,2024-12-05T00:00:00,2024-12-12T00:00:00,medium,renewal terms,False,False
TKT0005136,ACC00572,2025-08-15T00:00:00,2025-08-23T00:00:00,high,invoice reconciliation,False,False
TKT0005137,ACC00572,2024-11-12T00:00:00,2024-11-18T00:00:00,high,billing configuration,False,False
TKT0005138,ACC00572,2025-08-22T00:00:00,2025-08-23T00:00:00,medium,integration errors,False,False
TKT0005139,ACC00572,2024-07-22T00:00:00,2024-07-24T00:00:00,low,permissions,True,True
TKT0005140,ACC00573,2025-03-18T00:00:00,2025-03-23T00:00:00,medium,usage reporting,False,False
TKT0005141,ACC00573,2025-04-14T00:00:00,2025-04-20T00:00:00,medium,renewal terms,False,False
TKT0005142,ACC00573,2024-06-18T00:00:00,2024-06-27T00:00:00,low,invoice reconciliation,False,False
TKT0005143,ACC00573,2024-03-15T00:00:00,2024-03-29T00:00:00,low,usage reporting,False,False
TKT0005144,ACC00573,2024-04-24T00:00:00,2024-05-03T00:00:00,low,integration errors,False,False
TKT0005145,ACC00573,2024-01-25T00:00:00,2024-02-08T00:00:00,low,renewal terms,False,False
TKT0005146,ACC00573,2024-08-27T00:00:00,2024-09-08T00:00:00,medium,SSO,False,False
TKT0005147,ACC00573,2024-05-12T00:00:00,2024-05-13T00:00:00,medium,workflow automation,False,False
TKT0005148,ACC00573,2025-08-21T00:00:00,2025-08-25T00:00:00,low,usage reporting,False,False
TKT0005149,ACC00573,2025-11-17T00:00:00,2025-11-30T00:00:00,medium,workflow automation,True,False
TKT0005150,ACC00573,2025-12-10T00:00:00,2025-12-16T00:00:00,low,SSO,False,True
TKT0005151,ACC00574,2024-06-26T00:00:00,2024-07-05T00:00:00,low,renewal terms,False,False
TKT0005152,ACC00574,2024-04-13T00:00:00,2024-04-22T00:00:00,low,report exports,False,False
TKT0005153,ACC00574,2025-07-21T00:00:00,2025-07-26T00:00:00,medium,API reliability,False,False
TKT0005154,ACC00574,2024-09-08T00:00:00,2024-09-08T00:00:00,medium,dashboard performance,False,False
TKT0005155,ACC00574,2025-04-18T00:00:00,2025-04-21T00:00:00,medium,permissions,False,True
TKT0005156,ACC00574,2024-02-11T00:00:00,2024-02-15T00:00:00,low,dashboard performance,False,False
TKT0005157,ACC00574,2025-03-06T00:00:00,2025-03-19T00:00:00,high,report exports,True,False
TKT0005158,ACC00574,2024-05-13T00:00:00,2024-05-19T00:00:00,medium,invoice reconciliation,False,False
TKT0005159,ACC00575,2024-09-12T00:00:00,2024-09-19T00:00:00,high,billing configuration,False,False
TKT0005160,ACC00575,2025-10-20T00:00:00,2025-11-03T00:00:00,low,report exports,False,False
TKT0005161,ACC00575,2025-05-04T00:00:00,2025-05-08T00:00:00,high,renewal terms,False,False
TKT0005162,ACC00575,2024-02-05T00:00:00,2024-02-19T00:00:00,medium,mobile access,False,False
TKT0005163,ACC00575,2025-08-10T00:00:00,2025-08-10T00:00:00,low,permissions,False,True
TKT0005164,ACC00575,2024-10-24T00:00:00,2024-11-06T00:00:00,low,integration errors,False,False
TKT0005165,ACC00575,2024-08-13T00:00:00,2024-08-16T00:00:00,high,invoice reconciliation,False,False
TKT0005166,ACC00575,2024-06-23T00:00:00,2024-07-01T00:00:00,medium,usage reporting,False,False
TKT0005167,ACC00575,2025-10-20T00:00:00,2025-10-27T00:00:00,low,usage reporting,False,False
TKT0005168,ACC00575,2024-08-14T00:00:00,2024-08-14T00:00:00,low,data synchronization,False,False
TKT0005169,ACC00575,2025-06-23T00:00:00,2025-06-30T00:00:00,medium,usage reporting,False,False
TKT0005170,ACC00575,2024-05-10T00:00:00,2024-05-22T00:00:00,medium,integration errors,False,False
TKT0005171,ACC00575,2024-07-01T00:00:00,2024-07-09T00:00:00,high,usage reporting,False,False
TKT0005172,ACC00576,2024-04-01T00:00:00,2024-04-03T00:00:00,critical,workflow automation,False,False
TKT0005173,ACC00576,2025-08-12T00:00:00,2025-08-14T00:00:00,medium,user provisioning,False,True
TKT0005174,ACC00576,2025-06-16T00:00:00,2025-06-24T00:00:00,high,report exports,False,False
TKT0005175,ACC00576,2024-10-26T00:00:00,2024-11-02T00:00:00,low,integration errors,False,False
TKT0005176,ACC00576,2025-09-19T00:00:00,2025-10-02T00:00:00,medium,integration errors,False,False
TKT0005177,ACC00576,2025-08-02T00:00:00,2025-08-07T00:00:00,low,billing configuration,False,False
TKT0005178,ACC00576,2024-08-14T00:00:00,2024-08-20T00:00:00,medium,user provisioning,True,False
TKT0005179,ACC00577,2024-11-06T00:00:00,2024-11-18T00:00:00,medium,API reliability,False,True
TKT0005180,ACC00577,2024-10-21T00:00:00,2024-11-04T00:00:00,low,invoice reconciliation,False,False
TKT0005181,ACC00577,2024-11-11T00:00:00,2024-11-19T00:00:00,medium,report exports,False,False
TKT0005182,ACC00577,2024-03-01T00:00:00,2024-03-11T00:00:00,medium,report exports,False,False
TKT0005183,ACC00577,2024-04-11T00:00:00,2024-04-22T00:00:00,low,API reliability,False,True
TKT0005184,ACC00577,2024-05-23T00:00:00,2024-06-02T00:00:00,low,renewal terms,True,False
TKT0005185,ACC00577,2024-02-15T00:00:00,2024-02-29T00:00:00,medium,integration errors,False,False
TKT0005186,ACC00577,2024-02-17T00:00:00,2024-02-18T00:00:00,low,renewal terms,False,False
TKT0005187,ACC00578,2025-08-02T00:00:00,2025-08-07T00:00:00,medium,workflow automation,False,False
TKT0005188,ACC00578,2025-06-21T00:00:00,2025-06-24T00:00:00,high,SSO,False,False
TKT0005189,ACC00578,2024-08-06T00:00:00,2024-08-08T00:00:00,high,mobile access,False,False
TKT0005190,ACC00578,2025-10-06T00:00:00,2025-10-18T00:00:00,medium,user provisioning,False,False
TKT0005191,ACC00578,2025-02-07T00:00:00,2025-02-13T00:00:00,medium,integration errors,False,False
TKT0005192,ACC00578,2024-10-26T00:00:00,2024-10-31T00:00:00,medium,integration errors,False,False
TKT0005193,ACC00578,2024-07-20T00:00:00,2024-07-25T00:00:00,low,billing configuration,False,False
TKT0005194,ACC00578,2024-06-11T00:00:00,2024-06-13T00:00:00,low,report exports,False,False
TKT0005195,ACC00578,2024-10-25T00:00:00,2024-11-03T00:00:00,low,renewal terms,False,False
TKT0005196,ACC00578,2024-05-12T00:00:00,2024-05-18T00:00:00,low,permissions,False,False
TKT0005197,ACC00578,2024-02-11T00:00:00,2024-02-18T00:00:00,low,permissions,False,False
TKT0005198,ACC00578,2024-03-01T00:00:00,2024-03-01T00:00:00,low,renewal terms,False,False
TKT0005199,ACC00578,2024-05-11T00:00:00,2024-05-17T00:00:00,medium,dashboard performance,False,False
TKT0005200,ACC00578,2024-01-17T00:00:00,2024-01-18T00:00:00,high,permissions,False,False
TKT0005201,ACC00578,2025-03-24T00:00:00,2025-04-06T00:00:00,low,invoice reconciliation,False,False
TKT0005202,ACC00578,2024-07-08T00:00:00,2024-07-21T00:00:00,medium,integration errors,False,False
TKT0005203,ACC00579,2024-07-03T00:00:00,2024-07-11T00:00:00,medium,renewal terms,False,False
TKT0005204,ACC00579,2024-07-10T00:00:00,2024-07-23T00:00:00,medium,report exports,False,False
TKT0005205,ACC00579,2025-11-03T00:00:00,2025-11-08T00:00:00,low,data synchronization,False,False
TKT0005206,ACC00579,2024-06-14T00:00:00,2024-06-27T00:00:00,high,invoice reconciliation,False,False
TKT0005207,ACC00579,2024-12-16T00:00:00,2024-12-22T00:00:00,low,integration errors,False,False
TKT0005208,ACC00579,2024-02-12T00:00:00,2024-02-16T00:00:00,low,billing configuration,False,False
TKT0005209,ACC00580,2024-11-25T00:00:00,2024-11-25T00:00:00,medium,mobile access,False,False
TKT0005210,ACC00580,2025-03-18T00:00:00,2025-03-23T00:00:00,medium,renewal terms,False,False
TKT0005211,ACC00580,2024-08-12T00:00:00,2024-08-17T00:00:00,medium,mobile access,True,False
TKT0005212,ACC00580,2024-07-05T00:00:00,2024-07-10T00:00:00,medium,report exports,False,False
TKT0005213,ACC00580,2024-04-18T00:00:00,2024-04-21T00:00:00,low,workflow automation,False,False
TKT0005214,ACC00580,2024-07-26T00:00:00,2024-08-03T00:00:00,low,billing configuration,False,False
TKT0005215,ACC00581,2024-08-06T00:00:00,2024-08-08T00:00:00,low,renewal terms,False,True
TKT0005216,ACC00581,2024-03-09T00:00:00,2024-03-20T00:00:00,low,integration errors,False,False
TKT0005217,ACC00582,2024-10-08T00:00:00,2024-10-09T00:00:00,low,API reliability,True,False
TKT0005218,ACC00582,2025-07-10T00:00:00,2025-07-21T00:00:00,low,usage reporting,False,False
TKT0005219,ACC00582,2024-06-08T00:00:00,2024-06-08T00:00:00,medium,mobile access,False,False
TKT0005220,ACC00582,2025-10-08T00:00:00,2025-10-21T00:00:00,medium,API reliability,False,False
TKT0005221,ACC00582,2025-03-08T00:00:00,2025-03-18T00:00:00,high,data synchronization,False,False
TKT0005222,ACC00582,2025-07-18T00:00:00,2025-08-01T00:00:00,low,SSO,False,False
TKT0005223,ACC00582,2024-04-27T00:00:00,2024-05-01T00:00:00,low,SSO,False,False
TKT0005224,ACC00582,2024-05-22T00:00:00,2024-05-22T00:00:00,medium,data synchronization,False,True
TKT0005225,ACC00582,2025-06-27T00:00:00,2025-07-04T00:00:00,medium,report exports,False,False
TKT0005226,ACC00582,2025-05-01T00:00:00,2025-05-08T00:00:00,low,SSO,False,False
TKT0005227,ACC00582,2024-12-28T00:00:00,2025-01-03T00:00:00,low,mobile access,False,False
TKT0005228,ACC00582,2025-12-21T00:00:00,2025-12-30T00:00:00,medium,dashboard performance,False,True
TKT0005229,ACC00582,2025-09-18T00:00:00,2025-09-27T00:00:00,medium,report exports,False,False
TKT0005230,ACC00583,2024-07-05T00:00:00,2024-07-11T00:00:00,low,mobile access,False,False
TKT0005231,ACC00583,2024-07-22T00:00:00,2024-07-31T00:00:00,medium,invoice reconciliation,False,False
TKT0005232,ACC00583,2024-02-07T00:00:00,2024-02-16T00:00:00,medium,dashboard performance,False,False
TKT0005233,ACC00583,2024-05-09T00:00:00,2024-05-14T00:00:00,medium,usage reporting,False,False
TKT0005234,ACC00584,2024-12-11T00:00:00,2024-12-23T00:00:00,high,API reliability,False,False
TKT0005235,ACC00584,2025-11-19T00:00:00,2025-11-21T00:00:00,medium,SSO,False,False
TKT0005236,ACC00584,2025-11-20T00:00:00,2025-11-23T00:00:00,medium,usage reporting,False,False
TKT0005237,ACC00584,2024-06-07T00:00:00,2024-06-15T00:00:00,critical,integration errors,False,False
TKT0005238,ACC00584,2025-06-16T00:00:00,2025-06-28T00:00:00,low,permissions,False,False
TKT0005239,ACC00584,2024-03-12T00:00:00,2024-03-19T00:00:00,low,user provisioning,False,False
TKT0005240,ACC00584,2025-07-07T00:00:00,2025-07-15T00:00:00,medium,user provisioning,False,False
TKT0005241,ACC00584,2024-11-04T00:00:00,2024-11-08T00:00:00,medium,mobile access,False,False
TKT0005242,ACC00584,2025-12-16T00:00:00,2025-12-22T00:00:00,low,dashboard performance,False,False
TKT0005243,ACC00584,2024-04-01T00:00:00,2024-04-07T00:00:00,medium,renewal terms,False,False
TKT0005244,ACC00584,2024-11-14T00:00:00,2024-11-23T00:00:00,low,invoice reconciliation,False,False
TKT0005245,ACC00584,2024-12-07T00:00:00,2024-12-19T00:00:00,low,report exports,False,False
TKT0005246,ACC00584,2024-03-24T00:00:00,2024-04-05T00:00:00,low,data synchronization,True,False
TKT0005247,ACC00584,2025-08-20T00:00:00,2025-08-23T00:00:00,low,user provisioning,True,False
TKT0005248,ACC00585,2024-12-14T00:00:00,2024-12-28T00:00:00,high,user provisioning,False,False
TKT0005249,ACC00585,2024-05-27T00:00:00,2024-05-27T00:00:00,medium,invoice reconciliation,False,False
TKT0005250,ACC00585,2025-06-09T00:00:00,2025-06-11T00:00:00,medium,permissions,False,True
TKT0005251,ACC00585,2024-08-02T00:00:00,2024-08-16T00:00:00,medium,data synchronization,False,False
TKT0005252,ACC00585,2024-08-05T00:00:00,2024-08-14T00:00:00,low,API reliability,False,False
TKT0005253,ACC00585,2024-01-18T00:00:00,2024-01-26T00:00:00,low,user provisioning,False,False
TKT0005254,ACC00585,2025-02-21T00:00:00,2025-03-05T00:00:00,critical,renewal terms,False,False
TKT0005255,ACC00585,2024-07-24T00:00:00,2024-07-30T00:00:00,medium,report exports,False,False
TKT0005256,ACC00585,2025-07-09T00:00:00,2025-07-12T00:00:00,medium,billing configuration,False,False
TKT0005257,ACC00585,2025-07-09T00:00:00,2025-07-12T00:00:00,high,billing configuration,False,False
TKT0005258,ACC00585,2024-08-21T00:00:00,2024-09-02T00:00:00,low,permissions,False,False
TKT0005259,ACC00585,2024-08-26T00:00:00,2024-08-31T00:00:00,low,report exports,False,False
TKT0005260,ACC00585,2025-05-19T00:00:00,2025-05-20T00:00:00,low,mobile access,False,True
TKT0005261,ACC00585,2025-08-23T00:00:00,2025-08-26T00:00:00,medium,workflow automation,False,True
TKT0005262,ACC00585,2025-05-21T00:00:00,2025-06-01T00:00:00,critical,workflow automation,False,False
TKT0005263,ACC00586,2024-02-12T00:00:00,2024-02-21T00:00:00,low,permissions,False,False
TKT0005264,ACC00586,2024-06-23T00:00:00,2024-07-01T00:00:00,low,workflow automation,False,False
TKT0005265,ACC00586,2024-08-10T00:00:00,2024-08-16T00:00:00,low,report exports,False,True
TKT0005266,ACC00586,2024-04-19T00:00:00,2024-05-01T00:00:00,low,permissions,False,False
TKT0005267,ACC00586,2024-03-28T00:00:00,2024-04-03T00:00:00,medium,workflow automation,False,False
TKT0005268,ACC00586,2024-04-07T00:00:00,2024-04-09T00:00:00,low,permissions,True,False
TKT0005269,ACC00586,2024-03-08T00:00:00,2024-03-18T00:00:00,medium,report exports,False,False
TKT0005270,ACC00586,2024-05-03T00:00:00,2024-05-12T00:00:00,medium,permissions,False,True
TKT0005271,ACC00586,2024-10-14T00:00:00,2024-10-23T00:00:00,low,integration errors,True,False
TKT0005272,ACC00587,2024-05-24T00:00:00,2024-05-25T00:00:00,high,report exports,False,False
TKT0005273,ACC00587,2024-10-22T00:00:00,2024-10-26T00:00:00,low,billing configuration,False,True
TKT0005274,ACC00587,2024-12-17T00:00:00,2024-12-25T00:00:00,high,usage reporting,False,False
TKT0005275,ACC00587,2024-06-08T00:00:00,2024-06-21T00:00:00,low,workflow automation,False,False
TKT0005276,ACC00587,2025-01-08T00:00:00,2025-01-09T00:00:00,medium,renewal terms,False,False
TKT0005277,ACC00587,2024-03-04T00:00:00,2024-03-15T00:00:00,low,dashboard performance,False,False
TKT0005278,ACC00587,2024-10-10T00:00:00,2024-10-16T00:00:00,low,data synchronization,False,True
TKT0005279,ACC00587,2024-10-08T00:00:00,2024-10-13T00:00:00,low,renewal terms,False,False
TKT0005280,ACC00587,2025-03-15T00:00:00,2025-03-24T00:00:00,high,integration errors,False,True
TKT0005281,ACC00587,2024-02-15T00:00:00,2024-02-27T00:00:00,high,dashboard performance,False,False
TKT0005282,ACC00587,2024-11-04T00:00:00,2024-11-04T00:00:00,medium,SSO,False,False
TKT0005283,ACC00588,2025-04-25T00:00:00,2025-05-06T00:00:00,high,invoice reconciliation,True,False
TKT0005284,ACC00588,2025-04-17T00:00:00,2025-04-25T00:00:00,medium,integration errors,False,False
TKT0005285,ACC00588,2025-06-09T00:00:00,2025-06-18T00:00:00,high,permissions,False,False
TKT0005286,ACC00588,2024-09-16T00:00:00,2024-09-29T00:00:00,high,report exports,True,False
TKT0005287,ACC00588,2025-02-04T00:00:00,2025-02-07T00:00:00,medium,permissions,False,True
TKT0005288,ACC00588,2024-10-16T00:00:00,2024-10-28T00:00:00,low,API reliability,False,False
TKT0005289,ACC00588,2024-02-13T00:00:00,2024-02-23T00:00:00,medium,report exports,False,False
TKT0005290,ACC00589,2024-06-10T00:00:00,2024-06-17T00:00:00,medium,API reliability,True,False
TKT0005291,ACC00589,2024-05-11T00:00:00,2024-05-18T00:00:00,medium,report exports,False,False
TKT0005292,ACC00589,2024-12-16T00:00:00,2024-12-24T00:00:00,high,billing configuration,False,True
TKT0005293,ACC00589,2024-11-27T00:00:00,2024-12-02T00:00:00,high,SSO,True,False
TKT0005294,ACC00589,2024-06-04T00:00:00,2024-06-10T00:00:00,low,billing configuration,False,False
TKT0005295,ACC00589,2024-09-25T00:00:00,2024-10-05T00:00:00,high,workflow automation,False,True
TKT0005296,ACC00590,2024-03-27T00:00:00,2024-04-01T00:00:00,low,API reliability,False,False
TKT0005297,ACC00590,2024-08-28T00:00:00,2024-09-10T00:00:00,low,SSO,False,True
TKT0005298,ACC00590,2025-03-06T00:00:00,2025-03-20T00:00:00,low,report exports,False,False
TKT0005299,ACC00590,2024-11-14T00:00:00,2024-11-19T00:00:00,low,billing configuration,False,False
TKT0005300,ACC00590,2025-06-14T00:00:00,2025-06-24T00:00:00,medium,report exports,False,False
TKT0005301,ACC00590,2025-01-03T00:00:00,2025-01-04T00:00:00,high,SSO,True,False
TKT0005302,ACC00590,2024-06-12T00:00:00,2024-06-16T00:00:00,high,integration errors,False,False
TKT0005303,ACC00590,2024-11-04T00:00:00,2024-11-05T00:00:00,medium,data synchronization,False,False
TKT0005304,ACC00590,2024-10-09T00:00:00,2024-10-14T00:00:00,medium,permissions,False,False
TKT0005305,ACC00590,2024-08-19T00:00:00,2024-08-24T00:00:00,high,invoice reconciliation,False,True
TKT0005306,ACC00590,2024-08-19T00:00:00,2024-09-02T00:00:00,low,user provisioning,False,False
TKT0005307,ACC00590,2024-12-26T00:00:00,2025-01-01T00:00:00,low,usage reporting,False,False
TKT0005308,ACC00590,2024-10-08T00:00:00,2024-10-11T00:00:00,low,workflow automation,False,False
TKT0005309,ACC00591,2024-06-14T00:00:00,2024-06-27T00:00:00,medium,invoice reconciliation,False,False
TKT0005310,ACC00591,2024-05-24T00:00:00,2024-05-26T00:00:00,medium,dashboard performance,False,False
TKT0005311,ACC00591,2024-03-24T00:00:00,2024-03-29T00:00:00,high,SSO,True,False
TKT0005312,ACC00591,2024-01-24T00:00:00,2024-02-05T00:00:00,high,renewal terms,False,False
TKT0005313,ACC00591,2024-03-11T00:00:00,2024-03-17T00:00:00,low,integration errors,False,False
TKT0005314,ACC00591,2024-12-08T00:00:00,2024-12-16T00:00:00,low,dashboard performance,False,False
TKT0005315,ACC00591,2024-08-09T00:00:00,2024-08-14T00:00:00,medium,dashboard performance,False,False
TKT0005316,ACC00591,2024-03-08T00:00:00,2024-03-17T00:00:00,medium,invoice reconciliation,False,False
TKT0005317,ACC00592,2024-04-19T00:00:00,2024-05-03T00:00:00,low,API reliability,False,True
TKT0005318,ACC00592,2024-02-21T00:00:00,2024-02-21T00:00:00,high,SSO,False,False
TKT0005319,ACC00592,2024-09-13T00:00:00,2024-09-23T00:00:00,medium,workflow automation,True,False
TKT0005320,ACC00592,2024-07-15T00:00:00,2024-07-22T00:00:00,medium,dashboard performance,False,False
TKT0005321,ACC00593,2024-01-12T00:00:00,2024-01-26T00:00:00,medium,invoice reconciliation,False,False
TKT0005322,ACC00593,2024-09-23T00:00:00,2024-10-02T00:00:00,low,invoice reconciliation,False,False
TKT0005323,ACC00593,2024-03-21T00:00:00,2024-03-30T00:00:00,low,renewal terms,False,False
TKT0005324,ACC00594,2024-04-20T00:00:00,2024-04-26T00:00:00,low,API reliability,False,True
TKT0005325,ACC00594,2024-03-14T00:00:00,2024-03-26T00:00:00,medium,API reliability,False,False
TKT0005326,ACC00594,2024-01-13T00:00:00,2024-01-27T00:00:00,medium,API reliability,False,False
TKT0005327,ACC00594,2024-03-18T00:00:00,2024-03-27T00:00:00,high,dashboard performance,False,True
TKT0005328,ACC00594,2024-06-23T00:00:00,2024-06-26T00:00:00,low,API reliability,False,False
TKT0005329,ACC00595,2025-05-12T00:00:00,2025-05-15T00:00:00,medium,usage reporting,False,False
TKT0005330,ACC00595,2024-03-08T00:00:00,2024-03-10T00:00:00,low,permissions,False,False
TKT0005331,ACC00595,2024-10-15T00:00:00,2024-10-15T00:00:00,medium,usage reporting,False,False
TKT0005332,ACC00595,2025-01-14T00:00:00,2025-01-20T00:00:00,low,billing configuration,False,False
TKT0005333,ACC00595,2025-10-10T00:00:00,2025-10-11T00:00:00,medium,API reliability,True,False
TKT0005334,ACC00595,2024-08-10T00:00:00,2024-08-15T00:00:00,low,report exports,False,False
TKT0005335,ACC00595,2025-07-07T00:00:00,2025-07-09T00:00:00,low,user provisioning,False,False
TKT0005336,ACC00595,2025-01-13T00:00:00,2025-01-17T00:00:00,critical,integration errors,False,False
TKT0005337,ACC00596,2024-08-27T00:00:00,2024-09-06T00:00:00,low,integration errors,True,False
TKT0005338,ACC00596,2024-07-09T00:00:00,2024-07-20T00:00:00,low,renewal terms,False,False
TKT0005339,ACC00597,2025-04-04T00:00:00,2025-04-11T00:00:00,low,invoice reconciliation,False,False
TKT0005340,ACC00597,2025-10-27T00:00:00,2025-11-09T00:00:00,low,SSO,False,False
TKT0005341,ACC00597,2025-09-15T00:00:00,2025-09-20T00:00:00,medium,integration errors,False,False
TKT0005342,ACC00597,2025-04-19T00:00:00,2025-04-27T00:00:00,low,usage reporting,False,True
TKT0005343,ACC00597,2025-04-01T00:00:00,2025-04-01T00:00:00,low,invoice reconciliation,False,False
TKT0005344,ACC00597,2025-11-12T00:00:00,2025-11-25T00:00:00,medium,integration errors,True,False
TKT0005345,ACC00597,2025-06-09T00:00:00,2025-06-22T00:00:00,low,data synchronization,True,False
TKT0005346,ACC00597,2025-07-03T00:00:00,2025-07-13T00:00:00,low,workflow automation,False,False
TKT0005347,ACC00597,2025-09-21T00:00:00,2025-10-02T00:00:00,medium,data synchronization,False,False
TKT0005348,ACC00598,2024-01-09T00:00:00,2024-01-14T00:00:00,medium,billing configuration,False,False
TKT0005349,ACC00598,2024-06-26T00:00:00,2024-07-01T00:00:00,high,mobile access,False,False
TKT0005350,ACC00598,2025-02-02T00:00:00,2025-02-03T00:00:00,medium,invoice reconciliation,True,False
TKT0005351,ACC00598,2025-07-16T00:00:00,2025-07-22T00:00:00,medium,SSO,False,False
TKT0005352,ACC00598,2024-01-17T00:00:00,2024-01-23T00:00:00,medium,workflow automation,False,False
TKT0005353,ACC00598,2024-04-06T00:00:00,2024-04-14T00:00:00,medium,SSO,False,False
TKT0005354,ACC00598,2025-08-20T00:00:00,2025-08-30T00:00:00,low,billing configuration,False,False
TKT0005355,ACC00598,2024-04-28T00:00:00,2024-05-11T00:00:00,medium,dashboard performance,False,False
TKT0005356,ACC00598,2024-07-22T00:00:00,2024-08-05T00:00:00,high,API reliability,False,False
TKT0005357,ACC00598,2024-03-24T00:00:00,2024-03-29T00:00:00,medium,dashboard performance,False,False
TKT0005358,ACC00598,2025-09-28T00:00:00,2025-10-12T00:00:00,medium,workflow automation,True,True
TKT0005359,ACC00598,2025-12-17T00:00:00,2025-12-20T00:00:00,medium,SSO,False,False
TKT0005360,ACC00598,2025-07-18T00:00:00,2025-08-01T00:00:00,medium,workflow automation,True,False
TKT0005361,ACC00598,2025-02-12T00:00:00,2025-02-16T00:00:00,medium,dashboard performance,False,False
TKT0005362,ACC00598,2025-05-05T00:00:00,2025-05-13T00:00:00,low,billing configuration,False,False
TKT0005363,ACC00598,2024-09-12T00:00:00,2024-09-17T00:00:00,low,integration errors,False,False
TKT0005364,ACC00599,2024-04-10T00:00:00,2024-04-18T00:00:00,high,API reliability,False,False
TKT0005365,ACC00599,2025-12-18T00:00:00,2025-12-23T00:00:00,low,SSO,False,False
TKT0005366,ACC00599,2024-05-18T00:00:00,2024-05-21T00:00:00,medium,user provisioning,False,False
TKT0005367,ACC00599,2024-10-26T00:00:00,2024-11-04T00:00:00,high,user provisioning,False,False
TKT0005368,ACC00599,2025-04-26T00:00:00,2025-05-02T00:00:00,medium,mobile access,False,False
TKT0005369,ACC00599,2025-05-18T00:00:00,2025-05-18T00:00:00,medium,report exports,False,False
TKT0005370,ACC00600,2024-04-20T00:00:00,2024-05-03T00:00:00,low,usage reporting,False,False
TKT0005371,ACC00600,2024-12-09T00:00:00,2024-12-13T00:00:00,medium,SSO,False,False
TKT0005372,ACC00600,2024-02-24T00:00:00,2024-03-06T00:00:00,low,usage reporting,False,False
TKT0005373,ACC00600,2024-02-23T00:00:00,2024-03-02T00:00:00,medium,data synchronization,False,False
TKT0005374,ACC00600,2024-07-28T00:00:00,2024-07-29T00:00:00,critical,usage reporting,False,False
TKT0005375,ACC00600,2024-11-17T00:00:00,2024-11-24T00:00:00,critical,dashboard performance,False,False
TKT0005376,ACC00601,2024-11-15T00:00:00,2024-11-23T00:00:00,medium,billing configuration,True,False
TKT0005377,ACC00601,2024-01-14T00:00:00,2024-01-14T00:00:00,medium,report exports,False,False
TKT0005378,ACC00601,2024-10-28T00:00:00,2024-10-31T00:00:00,medium,report exports,False,True
TKT0005379,ACC00602,2024-08-20T00:00:00,2024-08-22T00:00:00,low,renewal terms,False,True
TKT0005380,ACC00602,2024-05-09T00:00:00,2024-05-16T00:00:00,low,renewal terms,False,False
TKT0005381,ACC00602,2024-03-02T00:00:00,2024-03-04T00:00:00,medium,dashboard performance,True,True
TKT0005382,ACC00602,2024-01-22T00:00:00,2024-01-30T00:00:00,low,permissions,False,True
TKT0005383,ACC00603,2024-07-28T00:00:00,2024-07-31T00:00:00,medium,SSO,False,False
TKT0005384,ACC00603,2024-08-17T00:00:00,2024-08-20T00:00:00,low,integration errors,True,False
TKT0005385,ACC00603,2024-02-07T00:00:00,2024-02-12T00:00:00,medium,mobile access,False,False
TKT0005386,ACC00603,2024-02-25T00:00:00,2024-03-02T00:00:00,medium,renewal terms,False,False
TKT0005387,ACC00603,2024-03-15T00:00:00,2024-03-19T00:00:00,low,workflow automation,False,False
TKT0005388,ACC00604,2025-06-01T00:00:00,2025-06-05T00:00:00,low,SSO,False,False
TKT0005389,ACC00604,2025-10-23T00:00:00,2025-10-25T00:00:00,high,billing configuration,False,False
TKT0005390,ACC00604,2024-10-11T00:00:00,2024-10-17T00:00:00,low,SSO,False,False
TKT0005391,ACC00604,2024-05-11T00:00:00,2024-05-21T00:00:00,medium,data synchronization,False,False
TKT0005392,ACC00604,2025-04-04T00:00:00,2025-04-15T00:00:00,medium,billing configuration,False,False
TKT0005393,ACC00604,2024-07-08T00:00:00,2024-07-09T00:00:00,low,dashboard performance,False,False
TKT0005394,ACC00604,2024-05-20T00:00:00,2024-05-26T00:00:00,low,permissions,True,True
TKT0005395,ACC00604,2025-07-24T00:00:00,2025-07-27T00:00:00,high,dashboard performance,False,False
TKT0005396,ACC00605,2024-09-28T00:00:00,2024-09-28T00:00:00,medium,SSO,False,False
TKT0005397,ACC00605,2024-02-18T00:00:00,2024-02-21T00:00:00,medium,report exports,False,False
TKT0005398,ACC00605,2024-09-25T00:00:00,2024-10-08T00:00:00,high,billing configuration,False,False
TKT0005399,ACC00606,2024-07-18T00:00:00,2024-08-01T00:00:00,high,permissions,False,False
TKT0005400,ACC00606,2024-07-14T00:00:00,2024-07-18T00:00:00,low,report exports,False,False
TKT0005401,ACC00606,2024-02-02T00:00:00,2024-02-09T00:00:00,high,usage reporting,False,False
TKT0005402,ACC00606,2024-01-06T00:00:00,2024-01-17T00:00:00,high,integration errors,False,False
TKT0005403,ACC00606,2024-05-11T00:00:00,2024-05-11T00:00:00,low,workflow automation,False,True
TKT0005404,ACC00606,2024-11-10T00:00:00,2024-11-17T00:00:00,critical,usage reporting,False,False
TKT0005405,ACC00606,2024-02-15T00:00:00,2024-02-21T00:00:00,medium,invoice reconciliation,False,False
TKT0005406,ACC00606,2024-01-22T00:00:00,2024-02-01T00:00:00,medium,dashboard performance,False,False
TKT0005407,ACC00606,2024-02-20T00:00:00,2024-02-25T00:00:00,high,SSO,False,False
TKT0005408,ACC00606,2024-04-21T00:00:00,2024-05-03T00:00:00,low,renewal terms,False,False
TKT0005409,ACC00606,2024-05-23T00:00:00,2024-05-23T00:00:00,low,data synchronization,False,False
TKT0005410,ACC00606,2024-03-11T00:00:00,2024-03-13T00:00:00,low,usage reporting,False,False
TKT0005411,ACC00606,2024-05-12T00:00:00,2024-05-15T00:00:00,medium,integration errors,False,False
TKT0005412,ACC00607,2024-01-24T00:00:00,2024-01-28T00:00:00,medium,usage reporting,False,False
TKT0005413,ACC00607,2024-06-19T00:00:00,2024-06-29T00:00:00,low,billing configuration,False,False
TKT0005414,ACC00607,2024-06-22T00:00:00,2024-06-26T00:00:00,low,report exports,False,False
TKT0005415,ACC00607,2024-03-07T00:00:00,2024-03-18T00:00:00,low,data synchronization,False,False
TKT0005416,ACC00607,2024-05-16T00:00:00,2024-05-17T00:00:00,critical,mobile access,True,False
TKT0005417,ACC00607,2024-08-04T00:00:00,2024-08-16T00:00:00,medium,usage reporting,False,False
TKT0005418,ACC00608,2024-02-14T00:00:00,2024-02-15T00:00:00,medium,dashboard performance,False,False
TKT0005419,ACC00608,2024-05-03T00:00:00,2024-05-07T00:00:00,low,data synchronization,False,False
TKT0005420,ACC00608,2024-02-25T00:00:00,2024-03-01T00:00:00,low,SSO,False,True
TKT0005421,ACC00608,2024-03-09T00:00:00,2024-03-19T00:00:00,medium,API reliability,False,False
TKT0005422,ACC00608,2024-09-25T00:00:00,2024-10-02T00:00:00,medium,SSO,False,False
TKT0005423,ACC00609,2024-11-09T00:00:00,2024-11-21T00:00:00,low,billing configuration,False,False
TKT0005424,ACC00609,2025-02-17T00:00:00,2025-02-25T00:00:00,medium,dashboard performance,False,False
TKT0005425,ACC00609,2025-01-08T00:00:00,2025-01-18T00:00:00,low,user provisioning,False,False
TKT0005426,ACC00609,2024-09-15T00:00:00,2024-09-20T00:00:00,medium,integration errors,False,False
TKT0005427,ACC00609,2024-07-28T00:00:00,2024-08-09T00:00:00,low,dashboard performance,False,False
TKT0005428,ACC00609,2025-10-20T00:00:00,2025-10-21T00:00:00,low,report exports,False,True
TKT0005429,ACC00609,2024-09-09T00:00:00,2024-09-16T00:00:00,low,SSO,False,False
TKT0005430,ACC00610,2025-07-27T00:00:00,2025-07-28T00:00:00,medium,dashboard performance,True,False
TKT0005431,ACC00610,2024-05-18T00:00:00,2024-05-24T00:00:00,medium,mobile access,False,False
TKT0005432,ACC00610,2024-08-27T00:00:00,2024-09-10T00:00:00,high,user provisioning,True,False
TKT0005433,ACC00610,2024-04-09T00:00:00,2024-04-20T00:00:00,low,billing configuration,False,False
TKT0005434,ACC00610,2024-06-17T00:00:00,2024-06-25T00:00:00,low,data synchronization,False,False
TKT0005435,ACC00610,2024-12-15T00:00:00,2024-12-29T00:00:00,low,API reliability,False,True
TKT0005436,ACC00610,2025-07-01T00:00:00,2025-07-09T00:00:00,low,SSO,False,True
TKT0005437,ACC00610,2025-04-14T00:00:00,2025-04-24T00:00:00,low,invoice reconciliation,False,False
TKT0005438,ACC00610,2025-03-28T00:00:00,2025-04-04T00:00:00,low,renewal terms,True,False
TKT0005439,ACC00610,2025-04-28T00:00:00,2025-05-12T00:00:00,medium,workflow automation,False,False
TKT0005440,ACC00610,2025-06-04T00:00:00,2025-06-16T00:00:00,low,dashboard performance,False,True
TKT0005441,ACC00610,2024-10-22T00:00:00,2024-10-31T00:00:00,medium,mobile access,False,False
TKT0005442,ACC00611,2024-01-08T00:00:00,2024-01-10T00:00:00,low,workflow automation,False,False
TKT0005443,ACC00611,2024-02-22T00:00:00,2024-02-24T00:00:00,low,report exports,False,False
TKT0005444,ACC00611,2024-07-15T00:00:00,2024-07-15T00:00:00,medium,dashboard performance,False,False
TKT0005445,ACC00611,2024-06-27T00:00:00,2024-07-05T00:00:00,low,permissions,False,False
TKT0005446,ACC00611,2024-07-26T00:00:00,2024-07-31T00:00:00,high,dashboard performance,True,False
TKT0005447,ACC00611,2024-11-22T00:00:00,2024-11-28T00:00:00,medium,mobile access,False,False
TKT0005448,ACC00611,2024-06-20T00:00:00,2024-06-25T00:00:00,medium,permissions,False,False
TKT0005449,ACC00611,2024-06-08T00:00:00,2024-06-19T00:00:00,medium,dashboard performance,False,False
TKT0005450,ACC00612,2024-05-07T00:00:00,2024-05-17T00:00:00,medium,user provisioning,False,False
TKT0005451,ACC00612,2025-12-18T00:00:00,2025-12-31T00:00:00,medium,usage reporting,False,False
TKT0005452,ACC00612,2025-02-18T00:00:00,2025-02-24T00:00:00,medium,data synchronization,False,False
TKT0005453,ACC00612,2025-04-05T00:00:00,2025-04-07T00:00:00,low,API reliability,False,False
TKT0005454,ACC00612,2025-06-07T00:00:00,2025-06-09T00:00:00,medium,billing configuration,True,False
TKT0005455,ACC00612,2025-11-17T00:00:00,2025-11-17T00:00:00,high,billing configuration,False,False
TKT0005456,ACC00612,2025-07-10T00:00:00,2025-07-16T00:00:00,low,SSO,False,False
TKT0005457,ACC00612,2024-05-20T00:00:00,2024-06-03T00:00:00,high,user provisioning,False,False
TKT0005458,ACC00612,2024-03-04T00:00:00,2024-03-18T00:00:00,low,renewal terms,False,False
TKT0005459,ACC00612,2025-11-25T00:00:00,2025-12-04T00:00:00,low,invoice reconciliation,False,False
TKT0005460,ACC00612,2024-06-02T00:00:00,2024-06-07T00:00:00,low,permissions,False,False
TKT0005461,ACC00612,2024-02-07T00:00:00,2024-02-16T00:00:00,low,dashboard performance,False,False
TKT0005462,ACC00613,2024-09-27T00:00:00,2024-10-09T00:00:00,low,user provisioning,False,False
TKT0005463,ACC00613,2024-09-23T00:00:00,2024-09-29T00:00:00,low,invoice reconciliation,False,False
TKT0005464,ACC00613,2024-01-18T00:00:00,2024-01-26T00:00:00,low,billing configuration,False,False
TKT0005465,ACC00613,2024-05-20T00:00:00,2024-05-30T00:00:00,medium,invoice reconciliation,False,False
TKT0005466,ACC00614,2024-07-11T00:00:00,2024-07-20T00:00:00,medium,mobile access,False,False
TKT0005467,ACC00614,2024-05-08T00:00:00,2024-05-16T00:00:00,low,SSO,False,False
TKT0005468,ACC00614,2024-10-18T00:00:00,2024-10-20T00:00:00,medium,billing configuration,False,False
TKT0005469,ACC00614,2025-02-16T00:00:00,2025-02-16T00:00:00,high,SSO,False,False
TKT0005470,ACC00614,2024-05-24T00:00:00,2024-05-28T00:00:00,low,permissions,False,True
TKT0005471,ACC00614,2024-04-15T00:00:00,2024-04-15T00:00:00,medium,dashboard performance,False,False
TKT0005472,ACC00615,2025-07-02T00:00:00,2025-07-08T00:00:00,high,usage reporting,False,False
TKT0005473,ACC00615,2025-02-07T00:00:00,2025-02-09T00:00:00,high,workflow automation,False,False
TKT0005474,ACC00615,2025-07-08T00:00:00,2025-07-10T00:00:00,low,renewal terms,False,False
TKT0005475,ACC00615,2024-12-25T00:00:00,2025-01-01T00:00:00,high,renewal terms,False,False
TKT0005476,ACC00615,2025-08-28T00:00:00,2025-09-05T00:00:00,medium,billing configuration,False,False
TKT0005477,ACC00615,2025-12-10T00:00:00,2025-12-23T00:00:00,medium,mobile access,False,False
TKT0005478,ACC00615,2024-07-06T00:00:00,2024-07-16T00:00:00,medium,invoice reconciliation,False,False
TKT0005479,ACC00615,2024-07-26T00:00:00,2024-07-30T00:00:00,low,invoice reconciliation,False,False
TKT0005480,ACC00615,2024-09-25T00:00:00,2024-10-02T00:00:00,low,integration errors,False,True
TKT0005481,ACC00615,2024-07-20T00:00:00,2024-07-24T00:00:00,low,mobile access,False,True
TKT0005482,ACC00615,2025-09-13T00:00:00,2025-09-14T00:00:00,low,user provisioning,False,False
TKT0005483,ACC00615,2024-05-20T00:00:00,2024-05-30T00:00:00,critical,API reliability,False,False
TKT0005484,ACC00615,2024-10-14T00:00:00,2024-10-25T00:00:00,low,mobile access,False,False
TKT0005485,ACC00615,2025-10-14T00:00:00,2025-10-24T00:00:00,medium,dashboard performance,False,False
TKT0005486,ACC00616,2024-07-20T00:00:00,2024-08-01T00:00:00,low,workflow automation,False,False
TKT0005487,ACC00616,2025-09-05T00:00:00,2025-09-05T00:00:00,critical,report exports,False,False
TKT0005488,ACC00616,2024-09-20T00:00:00,2024-10-03T00:00:00,medium,invoice reconciliation,False,False
TKT0005489,ACC00616,2024-06-23T00:00:00,2024-07-07T00:00:00,low,invoice reconciliation,False,False
TKT0005490,ACC00616,2024-04-04T00:00:00,2024-04-04T00:00:00,low,user provisioning,False,False
TKT0005491,ACC00616,2025-06-17T00:00:00,2025-06-20T00:00:00,high,API reliability,False,False
TKT0005492,ACC00616,2025-01-26T00:00:00,2025-02-08T00:00:00,medium,API reliability,False,False
TKT0005493,ACC00616,2025-08-23T00:00:00,2025-08-24T00:00:00,medium,API reliability,False,False
TKT0005494,ACC00616,2025-06-09T00:00:00,2025-06-20T00:00:00,medium,data synchronization,False,False
TKT0005495,ACC00616,2024-07-24T00:00:00,2024-07-26T00:00:00,critical,API reliability,False,False
TKT0005496,ACC00616,2025-01-23T00:00:00,2025-01-27T00:00:00,medium,integration errors,False,True
TKT0005497,ACC00616,2025-05-12T00:00:00,2025-05-23T00:00:00,high,invoice reconciliation,False,False
TKT0005498,ACC00617,2024-07-20T00:00:00,2024-07-29T00:00:00,high,SSO,False,False
TKT0005499,ACC00617,2024-01-05T00:00:00,2024-01-15T00:00:00,low,permissions,False,False
TKT0005500,ACC00617,2024-04-01T00:00:00,2024-04-03T00:00:00,low,integration errors,True,False
TKT0005501,ACC00617,2024-10-11T00:00:00,2024-10-18T00:00:00,medium,dashboard performance,False,False
TKT0005502,ACC00617,2024-01-28T00:00:00,2024-02-09T00:00:00,medium,dashboard performance,False,False
TKT0005503,ACC00617,2024-02-09T00:00:00,2024-02-09T00:00:00,low,data synchronization,False,False
TKT0005504,ACC00617,2024-08-07T00:00:00,2024-08-18T00:00:00,high,integration errors,False,False
TKT0005505,ACC00617,2024-03-08T00:00:00,2024-03-11T00:00:00,low,integration errors,False,False
TKT0005506,ACC00617,2024-02-03T00:00:00,2024-02-10T00:00:00,high,dashboard performance,False,False
TKT0005507,ACC00618,2025-03-06T00:00:00,2025-03-15T00:00:00,medium,permissions,False,False
TKT0005508,ACC00618,2025-02-11T00:00:00,2025-02-13T00:00:00,low,integration errors,False,False
TKT0005509,ACC00618,2024-01-02T00:00:00,2024-01-06T00:00:00,low,dashboard performance,False,False
TKT0005510,ACC00618,2024-11-07T00:00:00,2024-11-08T00:00:00,low,user provisioning,False,False
TKT0005511,ACC00618,2024-05-09T00:00:00,2024-05-15T00:00:00,low,data synchronization,False,True
TKT0005512,ACC00618,2024-12-06T00:00:00,2024-12-14T00:00:00,medium,integration errors,False,False
TKT0005513,ACC00618,2024-04-03T00:00:00,2024-04-15T00:00:00,high,workflow automation,False,False
TKT0005514,ACC00618,2024-08-05T00:00:00,2024-08-12T00:00:00,high,dashboard performance,False,False
TKT0005515,ACC00618,2025-06-19T00:00:00,2025-06-23T00:00:00,high,workflow automation,True,False
TKT0005516,ACC00618,2025-04-20T00:00:00,2025-04-27T00:00:00,medium,user provisioning,False,False
TKT0005517,ACC00618,2024-05-02T00:00:00,2024-05-10T00:00:00,medium,renewal terms,False,False
TKT0005518,ACC00619,2025-06-09T00:00:00,2025-06-18T00:00:00,medium,SSO,False,False
TKT0005519,ACC00619,2024-04-18T00:00:00,2024-05-02T00:00:00,medium,dashboard performance,False,False
TKT0005520,ACC00619,2025-07-10T00:00:00,2025-07-24T00:00:00,low,data synchronization,False,True
TKT0005521,ACC00619,2024-02-12T00:00:00,2024-02-26T00:00:00,low,permissions,False,False
TKT0005522,ACC00619,2024-10-26T00:00:00,2024-11-06T00:00:00,low,usage reporting,False,False
TKT0005523,ACC00619,2025-03-27T00:00:00,2025-03-28T00:00:00,low,billing configuration,False,True
TKT0005524,ACC00619,2024-11-22T00:00:00,2024-11-27T00:00:00,low,invoice reconciliation,False,False
TKT0005525,ACC00619,2025-03-16T00:00:00,2025-03-30T00:00:00,critical,report exports,True,False
TKT0005526,ACC00619,2024-05-14T00:00:00,2024-05-25T00:00:00,high,report exports,False,False
TKT0005527,ACC00620,2024-02-09T00:00:00,2024-02-13T00:00:00,low,billing configuration,False,False
TKT0005528,ACC00620,2025-09-05T00:00:00,2025-09-08T00:00:00,high,SSO,False,False
TKT0005529,ACC00620,2024-11-01T00:00:00,2024-11-01T00:00:00,low,billing configuration,False,False
TKT0005530,ACC00620,2024-08-02T00:00:00,2024-08-15T00:00:00,low,data synchronization,False,False
TKT0005531,ACC00620,2024-07-17T00:00:00,2024-07-21T00:00:00,low,permissions,False,True
TKT0005532,ACC00620,2025-06-17T00:00:00,2025-06-22T00:00:00,medium,SSO,False,False
TKT0005533,ACC00620,2024-08-18T00:00:00,2024-08-18T00:00:00,medium,renewal terms,False,False
TKT0005534,ACC00620,2024-09-18T00:00:00,2024-09-24T00:00:00,medium,report exports,False,False
TKT0005535,ACC00620,2025-05-06T00:00:00,2025-05-19T00:00:00,medium,SSO,False,False
TKT0005536,ACC00620,2025-03-08T00:00:00,2025-03-08T00:00:00,high,billing configuration,False,False
TKT0005537,ACC00620,2025-02-18T00:00:00,2025-02-25T00:00:00,high,integration errors,False,False
TKT0005538,ACC00620,2025-07-25T00:00:00,2025-08-01T00:00:00,low,renewal terms,False,False
TKT0005539,ACC00621,2024-08-25T00:00:00,2024-08-28T00:00:00,low,mobile access,False,False
TKT0005540,ACC00621,2024-07-06T00:00:00,2024-07-17T00:00:00,low,report exports,False,False
TKT0005541,ACC00621,2024-01-11T00:00:00,2024-01-19T00:00:00,medium,invoice reconciliation,False,False
TKT0005542,ACC00621,2025-03-22T00:00:00,2025-04-04T00:00:00,low,data synchronization,False,False
TKT0005543,ACC00621,2025-06-22T00:00:00,2025-06-25T00:00:00,low,mobile access,False,False
TKT0005544,ACC00621,2024-06-23T00:00:00,2024-06-23T00:00:00,low,mobile access,True,False
TKT0005545,ACC00621,2024-07-11T00:00:00,2024-07-18T00:00:00,low,API reliability,False,True
TKT0005546,ACC00622,2024-06-21T00:00:00,2024-06-30T00:00:00,medium,workflow automation,False,False
TKT0005547,ACC00622,2024-07-14T00:00:00,2024-07-26T00:00:00,low,user provisioning,False,False
TKT0005548,ACC00622,2024-08-25T00:00:00,2024-09-08T00:00:00,high,SSO,False,False
TKT0005549,ACC00622,2024-07-18T00:00:00,2024-07-18T00:00:00,low,workflow automation,False,False
TKT0005550,ACC00622,2024-05-13T00:00:00,2024-05-24T00:00:00,low,billing configuration,False,False
TKT0005551,ACC00623,2025-06-23T00:00:00,2025-06-25T00:00:00,low,user provisioning,False,False
TKT0005552,ACC00623,2025-07-21T00:00:00,2025-07-31T00:00:00,medium,permissions,False,False
TKT0005553,ACC00623,2024-05-25T00:00:00,2024-05-28T00:00:00,low,API reliability,False,False
TKT0005554,ACC00623,2024-08-24T00:00:00,2024-09-01T00:00:00,medium,permissions,False,False
TKT0005555,ACC00623,2025-07-23T00:00:00,2025-08-06T00:00:00,low,SSO,False,False
TKT0005556,ACC00623,2025-05-14T00:00:00,2025-05-17T00:00:00,low,data synchronization,False,False
TKT0005557,ACC00624,2025-08-27T00:00:00,2025-08-30T00:00:00,medium,report exports,False,False
TKT0005558,ACC00624,2024-10-03T00:00:00,2024-10-16T00:00:00,low,permissions,False,False
TKT0005559,ACC00624,2025-04-01T00:00:00,2025-04-09T00:00:00,medium,data synchronization,False,False
TKT0005560,ACC00624,2025-04-11T00:00:00,2025-04-24T00:00:00,low,mobile access,False,False
TKT0005561,ACC00624,2025-04-11T00:00:00,2025-04-19T00:00:00,medium,permissions,False,False
TKT0005562,ACC00624,2024-08-16T00:00:00,2024-08-16T00:00:00,high,renewal terms,False,False
TKT0005563,ACC00624,2024-09-16T00:00:00,2024-09-25T00:00:00,low,report exports,False,False
TKT0005564,ACC00624,2025-07-14T00:00:00,2025-07-22T00:00:00,low,usage reporting,False,False
TKT0005565,ACC00624,2025-10-12T00:00:00,2025-10-23T00:00:00,low,API reliability,False,False
TKT0005566,ACC00624,2024-05-16T00:00:00,2024-05-29T00:00:00,low,workflow automation,False,False
TKT0005567,ACC00624,2024-06-03T00:00:00,2024-06-09T00:00:00,low,mobile access,False,False
TKT0005568,ACC00624,2024-12-20T00:00:00,2025-01-01T00:00:00,low,usage reporting,False,False
TKT0005569,ACC00624,2025-04-01T00:00:00,2025-04-11T00:00:00,medium,data synchronization,True,False
TKT0005570,ACC00624,2025-08-16T00:00:00,2025-08-24T00:00:00,low,renewal terms,True,False
TKT0005571,ACC00625,2025-11-13T00:00:00,2025-11-19T00:00:00,medium,data synchronization,False,False
TKT0005572,ACC00625,2024-06-06T00:00:00,2024-06-19T00:00:00,low,integration errors,False,False
TKT0005573,ACC00625,2024-03-25T00:00:00,2024-04-07T00:00:00,low,usage reporting,False,False
TKT0005574,ACC00625,2025-04-27T00:00:00,2025-05-05T00:00:00,low,usage reporting,False,False
TKT0005575,ACC00625,2024-10-25T00:00:00,2024-10-29T00:00:00,high,dashboard performance,False,False
TKT0005576,ACC00625,2025-11-03T00:00:00,2025-11-15T00:00:00,low,usage reporting,False,True
TKT0005577,ACC00625,2025-05-13T00:00:00,2025-05-14T00:00:00,high,API reliability,False,False
TKT0005578,ACC00625,2025-07-19T00:00:00,2025-07-27T00:00:00,medium,data synchronization,False,False
TKT0005579,ACC00625,2024-01-03T00:00:00,2024-01-07T00:00:00,high,workflow automation,False,False
TKT0005580,ACC00625,2025-07-09T00:00:00,2025-07-19T00:00:00,medium,workflow automation,False,False
TKT0005581,ACC00625,2024-06-23T00:00:00,2024-06-23T00:00:00,low,renewal terms,False,True
TKT0005582,ACC00626,2024-09-19T00:00:00,2024-09-26T00:00:00,medium,billing configuration,False,False
TKT0005583,ACC00626,2024-02-19T00:00:00,2024-02-21T00:00:00,low,renewal terms,False,False
TKT0005584,ACC00626,2024-04-13T00:00:00,2024-04-23T00:00:00,low,data synchronization,False,False
TKT0005585,ACC00626,2024-01-17T00:00:00,2024-01-27T00:00:00,medium,report exports,False,False
TKT0005586,ACC00627,2024-05-20T00:00:00,2024-05-31T00:00:00,high,integration errors,False,False
TKT0005587,ACC00627,2024-07-27T00:00:00,2024-07-27T00:00:00,medium,billing configuration,False,False
TKT0005588,ACC00627,2025-06-23T00:00:00,2025-07-05T00:00:00,medium,data synchronization,False,False
TKT0005589,ACC00627,2024-03-26T00:00:00,2024-03-26T00:00:00,high,invoice reconciliation,False,False
TKT0005590,ACC00627,2024-02-15T00:00:00,2024-02-19T00:00:00,medium,usage reporting,False,False
TKT0005591,ACC00627,2024-11-13T00:00:00,2024-11-16T00:00:00,medium,user provisioning,False,False
TKT0005592,ACC00627,2024-03-01T00:00:00,2024-03-06T00:00:00,medium,dashboard performance,False,False
TKT0005593,ACC00627,2025-04-20T00:00:00,2025-04-23T00:00:00,low,user provisioning,False,False
TKT0005594,ACC00627,2024-02-28T00:00:00,2024-02-28T00:00:00,low,permissions,False,False
TKT0005595,ACC00627,2025-02-11T00:00:00,2025-02-21T00:00:00,medium,API reliability,False,False
TKT0005596,ACC00628,2024-01-23T00:00:00,2024-02-01T00:00:00,medium,report exports,False,False
TKT0005597,ACC00628,2024-03-23T00:00:00,2024-03-30T00:00:00,medium,API reliability,False,False
TKT0005598,ACC00628,2024-09-21T00:00:00,2024-10-04T00:00:00,low,usage reporting,False,False
TKT0005599,ACC00628,2024-01-03T00:00:00,2024-01-15T00:00:00,medium,dashboard performance,False,False
TKT0005600,ACC00628,2024-06-13T00:00:00,2024-06-14T00:00:00,low,report exports,False,False
TKT0005601,ACC00628,2024-06-19T00:00:00,2024-07-01T00:00:00,medium,usage reporting,False,False
TKT0005602,ACC00628,2024-03-09T00:00:00,2024-03-22T00:00:00,high,renewal terms,False,False
TKT0005603,ACC00628,2024-06-05T00:00:00,2024-06-15T00:00:00,high,mobile access,False,True
TKT0005604,ACC00628,2024-07-27T00:00:00,2024-07-27T00:00:00,medium,user provisioning,False,True
TKT0005605,ACC00629,2024-08-20T00:00:00,2024-08-27T00:00:00,medium,user provisioning,False,False
TKT0005606,ACC00629,2024-08-02T00:00:00,2024-08-15T00:00:00,low,invoice reconciliation,False,False
TKT0005607,ACC00629,2024-02-18T00:00:00,2024-02-22T00:00:00,medium,renewal terms,False,False
TKT0005608,ACC00629,2025-09-19T00:00:00,2025-09-29T00:00:00,high,workflow automation,False,False
TKT0005609,ACC00629,2024-08-18T00:00:00,2024-08-24T00:00:00,low,permissions,False,False
TKT0005610,ACC00629,2024-02-24T00:00:00,2024-03-01T00:00:00,low,usage reporting,False,False
TKT0005611,ACC00629,2024-12-22T00:00:00,2024-12-22T00:00:00,low,SSO,False,False
TKT0005612,ACC00629,2025-10-14T00:00:00,2025-10-16T00:00:00,high,data synchronization,False,True
TKT0005613,ACC00629,2024-07-11T00:00:00,2024-07-17T00:00:00,low,SSO,False,False
TKT0005614,ACC00629,2024-01-06T00:00:00,2024-01-14T00:00:00,high,mobile access,False,False
TKT0005615,ACC00629,2024-06-08T00:00:00,2024-06-08T00:00:00,low,SSO,False,False
TKT0005616,ACC00629,2025-04-07T00:00:00,2025-04-12T00:00:00,low,workflow automation,True,False
TKT0005617,ACC00629,2025-03-25T00:00:00,2025-04-03T00:00:00,low,mobile access,False,False
TKT0005618,ACC00629,2025-05-25T00:00:00,2025-06-06T00:00:00,medium,user provisioning,False,False
TKT0005619,ACC00629,2024-02-11T00:00:00,2024-02-22T00:00:00,medium,user provisioning,False,False
TKT0005620,ACC00630,2024-02-28T00:00:00,2024-03-04T00:00:00,medium,data synchronization,False,False
TKT0005621,ACC00630,2024-09-05T00:00:00,2024-09-19T00:00:00,low,permissions,False,False
TKT0005622,ACC00630,2024-12-16T00:00:00,2024-12-25T00:00:00,low,SSO,True,False
TKT0005623,ACC00630,2024-10-19T00:00:00,2024-10-26T00:00:00,medium,SSO,False,True
TKT0005624,ACC00630,2024-04-09T00:00:00,2024-04-12T00:00:00,critical,renewal terms,False,True
TKT0005625,ACC00631,2025-05-24T00:00:00,2025-06-01T00:00:00,low,integration errors,False,False
TKT0005626,ACC00631,2024-09-21T00:00:00,2024-10-01T00:00:00,medium,dashboard performance,False,True
TKT0005627,ACC00631,2024-12-25T00:00:00,2024-12-27T00:00:00,low,data synchronization,False,False
TKT0005628,ACC00631,2024-04-03T00:00:00,2024-04-16T00:00:00,low,SSO,True,False
TKT0005629,ACC00631,2025-04-26T00:00:00,2025-04-28T00:00:00,medium,dashboard performance,False,True
TKT0005630,ACC00631,2024-02-15T00:00:00,2024-02-24T00:00:00,low,SSO,False,False
TKT0005631,ACC00631,2025-08-01T00:00:00,2025-08-08T00:00:00,medium,usage reporting,False,False
TKT0005632,ACC00631,2025-08-05T00:00:00,2025-08-17T00:00:00,medium,integration errors,False,False
TKT0005633,ACC00631,2025-10-19T00:00:00,2025-10-24T00:00:00,low,renewal terms,False,False
TKT0005634,ACC00631,2025-02-23T00:00:00,2025-03-08T00:00:00,medium,report exports,False,False
TKT0005635,ACC00631,2024-12-08T00:00:00,2024-12-09T00:00:00,low,renewal terms,False,True
TKT0005636,ACC00631,2024-08-04T00:00:00,2024-08-04T00:00:00,medium,SSO,False,False
TKT0005637,ACC00631,2025-09-05T00:00:00,2025-09-15T00:00:00,medium,renewal terms,False,False
TKT0005638,ACC00631,2025-02-27T00:00:00,2025-03-01T00:00:00,medium,workflow automation,True,False
TKT0005639,ACC00631,2025-01-11T00:00:00,2025-01-18T00:00:00,medium,invoice reconciliation,False,False
TKT0005640,ACC00632,2025-07-02T00:00:00,2025-07-15T00:00:00,low,mobile access,False,True
TKT0005641,ACC00632,2024-02-12T00:00:00,2024-02-24T00:00:00,low,permissions,False,False
TKT0005642,ACC00632,2024-04-10T00:00:00,2024-04-17T00:00:00,medium,SSO,False,False
TKT0005643,ACC00632,2025-06-15T00:00:00,2025-06-28T00:00:00,high,integration errors,True,False
TKT0005644,ACC00632,2025-01-02T00:00:00,2025-01-13T00:00:00,low,dashboard performance,False,False
TKT0005645,ACC00632,2024-09-01T00:00:00,2024-09-03T00:00:00,medium,integration errors,False,False
TKT0005646,ACC00632,2024-04-26T00:00:00,2024-05-04T00:00:00,low,API reliability,False,False
TKT0005647,ACC00632,2024-01-14T00:00:00,2024-01-21T00:00:00,low,API reliability,False,False
TKT0005648,ACC00632,2024-07-14T00:00:00,2024-07-24T00:00:00,medium,dashboard performance,False,False
TKT0005649,ACC00632,2024-01-24T00:00:00,2024-02-03T00:00:00,low,mobile access,False,False
TKT0005650,ACC00632,2025-04-06T00:00:00,2025-04-15T00:00:00,high,invoice reconciliation,True,True
TKT0005651,ACC00632,2024-04-28T00:00:00,2024-05-04T00:00:00,medium,data synchronization,False,False
TKT0005652,ACC00632,2025-06-04T00:00:00,2025-06-04T00:00:00,low,workflow automation,False,False
TKT0005653,ACC00632,2024-06-06T00:00:00,2024-06-16T00:00:00,low,SSO,False,False
TKT0005654,ACC00633,2024-07-20T00:00:00,2024-07-24T00:00:00,low,mobile access,False,False
TKT0005655,ACC00633,2024-07-16T00:00:00,2024-07-27T00:00:00,medium,API reliability,False,False
TKT0005656,ACC00633,2024-07-21T00:00:00,2024-07-28T00:00:00,medium,dashboard performance,False,False
TKT0005657,ACC00633,2024-01-27T00:00:00,2024-02-10T00:00:00,low,integration errors,False,False
TKT0005658,ACC00633,2024-06-21T00:00:00,2024-06-26T00:00:00,high,dashboard performance,False,False
TKT0005659,ACC00634,2024-06-12T00:00:00,2024-06-22T00:00:00,medium,billing configuration,False,True
TKT0005660,ACC00634,2024-10-16T00:00:00,2024-10-16T00:00:00,high,usage reporting,True,False
TKT0005661,ACC00634,2024-02-26T00:00:00,2024-03-06T00:00:00,low,SSO,False,False
TKT0005662,ACC00634,2024-09-05T00:00:00,2024-09-15T00:00:00,low,permissions,False,False
TKT0005663,ACC00634,2024-09-05T00:00:00,2024-09-16T00:00:00,low,permissions,True,False
TKT0005664,ACC00634,2024-05-24T00:00:00,2024-06-01T00:00:00,medium,permissions,False,False
TKT0005665,ACC00635,2025-05-10T00:00:00,2025-05-17T00:00:00,low,data synchronization,False,False
TKT0005666,ACC00635,2025-03-20T00:00:00,2025-03-27T00:00:00,high,billing configuration,False,True
TKT0005667,ACC00635,2024-06-17T00:00:00,2024-06-22T00:00:00,medium,report exports,False,False
TKT0005668,ACC00635,2025-03-16T00:00:00,2025-03-19T00:00:00,low,data synchronization,False,True
TKT0005669,ACC00635,2025-07-01T00:00:00,2025-07-03T00:00:00,high,permissions,False,True
TKT0005670,ACC00636,2024-12-24T00:00:00,2025-01-06T00:00:00,high,data synchronization,False,True
TKT0005671,ACC00636,2024-11-22T00:00:00,2024-11-29T00:00:00,low,API reliability,False,False
TKT0005672,ACC00636,2025-01-11T00:00:00,2025-01-22T00:00:00,medium,API reliability,False,False
TKT0005673,ACC00636,2024-04-12T00:00:00,2024-04-23T00:00:00,medium,integration errors,False,False
TKT0005674,ACC00636,2024-06-07T00:00:00,2024-06-14T00:00:00,high,user provisioning,False,False
TKT0005675,ACC00636,2024-11-04T00:00:00,2024-11-12T00:00:00,low,mobile access,False,False
TKT0005676,ACC00636,2024-09-17T00:00:00,2024-09-25T00:00:00,low,integration errors,False,False
TKT0005677,ACC00636,2024-01-03T00:00:00,2024-01-11T00:00:00,medium,API reliability,False,False
TKT0005678,ACC00636,2024-02-23T00:00:00,2024-02-24T00:00:00,medium,mobile access,False,False
TKT0005679,ACC00636,2024-11-12T00:00:00,2024-11-19T00:00:00,critical,renewal terms,True,False
TKT0005680,ACC00636,2024-07-11T00:00:00,2024-07-24T00:00:00,low,renewal terms,False,False
TKT0005681,ACC00637,2024-06-24T00:00:00,2024-06-28T00:00:00,low,API reliability,True,False
TKT0005682,ACC00637,2024-06-17T00:00:00,2024-06-30T00:00:00,medium,permissions,False,False
TKT0005683,ACC00637,2024-09-09T00:00:00,2024-09-12T00:00:00,low,user provisioning,False,True
TKT0005684,ACC00637,2024-04-01T00:00:00,2024-04-01T00:00:00,low,SSO,False,False
TKT0005685,ACC00638,2024-03-14T00:00:00,2024-03-26T00:00:00,medium,usage reporting,False,False
TKT0005686,ACC00638,2024-01-27T00:00:00,2024-01-31T00:00:00,medium,user provisioning,False,False
TKT0005687,ACC00638,2024-03-24T00:00:00,2024-03-31T00:00:00,low,usage reporting,False,True
TKT0005688,ACC00638,2024-07-11T00:00:00,2024-07-25T00:00:00,medium,workflow automation,False,False
TKT0005689,ACC00638,2025-09-25T00:00:00,2025-09-27T00:00:00,medium,data synchronization,False,False
TKT0005690,ACC00638,2024-10-10T00:00:00,2024-10-10T00:00:00,medium,SSO,False,False
TKT0005691,ACC00638,2024-11-16T00:00:00,2024-11-25T00:00:00,medium,mobile access,True,False
TKT0005692,ACC00638,2024-07-23T00:00:00,2024-08-02T00:00:00,medium,data synchronization,False,False
TKT0005693,ACC00638,2025-07-07T00:00:00,2025-07-18T00:00:00,medium,user provisioning,False,True
TKT0005694,ACC00638,2024-04-11T00:00:00,2024-04-14T00:00:00,low,SSO,True,False
TKT0005695,ACC00638,2025-08-06T00:00:00,2025-08-12T00:00:00,medium,invoice reconciliation,False,False
TKT0005696,ACC00638,2025-09-07T00:00:00,2025-09-15T00:00:00,low,integration errors,False,True
TKT0005697,ACC00639,2024-04-18T00:00:00,2024-04-28T00:00:00,medium,SSO,False,False
TKT0005698,ACC00639,2024-06-14T00:00:00,2024-06-26T00:00:00,high,API reliability,False,False
TKT0005699,ACC00639,2024-08-14T00:00:00,2024-08-24T00:00:00,high,SSO,False,False
TKT0005700,ACC00639,2024-04-23T00:00:00,2024-05-06T00:00:00,medium,SSO,False,False
TKT0005701,ACC00639,2024-03-11T00:00:00,2024-03-19T00:00:00,high,invoice reconciliation,True,False
TKT0005702,ACC00639,2024-08-03T00:00:00,2024-08-03T00:00:00,medium,API reliability,True,False
TKT0005703,ACC00639,2024-05-23T00:00:00,2024-05-30T00:00:00,medium,dashboard performance,False,False
TKT0005704,ACC00640,2025-08-05T00:00:00,2025-08-17T00:00:00,high,renewal terms,False,True
TKT0005705,ACC00640,2025-03-22T00:00:00,2025-03-22T00:00:00,medium,renewal terms,False,False
TKT0005706,ACC00640,2024-11-14T00:00:00,2024-11-25T00:00:00,medium,mobile access,False,False
TKT0005707,ACC00640,2024-12-09T00:00:00,2024-12-14T00:00:00,low,API reliability,False,False
TKT0005708,ACC00640,2024-11-19T00:00:00,2024-11-21T00:00:00,medium,SSO,False,False
TKT0005709,ACC00640,2025-09-18T00:00:00,2025-09-19T00:00:00,medium,billing configuration,True,False
TKT0005710,ACC00640,2025-09-09T00:00:00,2025-09-09T00:00:00,high,report exports,False,False
TKT0005711,ACC00640,2024-07-23T00:00:00,2024-07-31T00:00:00,medium,API reliability,False,False
TKT0005712,ACC00640,2024-02-19T00:00:00,2024-02-24T00:00:00,low,mobile access,False,False
TKT0005713,ACC00640,2025-09-01T00:00:00,2025-09-05T00:00:00,medium,dashboard performance,False,False
TKT0005714,ACC00641,2024-07-23T00:00:00,2024-07-27T00:00:00,medium,dashboard performance,False,True
TKT0005715,ACC00641,2024-01-13T00:00:00,2024-01-16T00:00:00,medium,renewal terms,False,False
TKT0005716,ACC00642,2024-12-25T00:00:00,2024-12-25T00:00:00,low,user provisioning,False,False
TKT0005717,ACC00642,2024-11-26T00:00:00,2024-12-03T00:00:00,medium,SSO,True,False
TKT0005718,ACC00642,2024-03-09T00:00:00,2024-03-09T00:00:00,medium,billing configuration,False,False
TKT0005719,ACC00642,2025-05-07T00:00:00,2025-05-13T00:00:00,low,dashboard performance,False,False
TKT0005720,ACC00642,2025-05-07T00:00:00,2025-05-13T00:00:00,medium,workflow automation,False,False
TKT0005721,ACC00642,2024-04-18T00:00:00,2024-04-24T00:00:00,low,dashboard performance,False,False
TKT0005722,ACC00642,2024-06-02T00:00:00,2024-06-05T00:00:00,low,data synchronization,False,False
TKT0005723,ACC00642,2024-07-16T00:00:00,2024-07-20T00:00:00,low,integration errors,False,False
TKT0005724,ACC00642,2024-05-18T00:00:00,2024-05-20T00:00:00,low,user provisioning,False,False
TKT0005725,ACC00642,2025-01-07T00:00:00,2025-01-14T00:00:00,medium,SSO,False,False
TKT0005726,ACC00642,2024-09-01T00:00:00,2024-09-08T00:00:00,medium,data synchronization,False,False
TKT0005727,ACC00642,2024-06-14T00:00:00,2024-06-18T00:00:00,medium,report exports,False,False
TKT0005728,ACC00643,2024-03-19T00:00:00,2024-03-22T00:00:00,low,data synchronization,False,False
TKT0005729,ACC00643,2024-09-17T00:00:00,2024-09-24T00:00:00,low,workflow automation,False,False
TKT0005730,ACC00643,2024-07-20T00:00:00,2024-07-26T00:00:00,high,dashboard performance,False,False
TKT0005731,ACC00643,2024-12-06T00:00:00,2024-12-19T00:00:00,medium,integration errors,False,False
TKT0005732,ACC00643,2024-09-22T00:00:00,2024-10-02T00:00:00,low,integration errors,False,False
TKT0005733,ACC00643,2025-09-14T00:00:00,2025-09-26T00:00:00,low,data synchronization,False,False
TKT0005734,ACC00643,2024-07-08T00:00:00,2024-07-16T00:00:00,low,renewal terms,False,False
TKT0005735,ACC00643,2025-06-16T00:00:00,2025-06-19T00:00:00,high,report exports,False,False
TKT0005736,ACC00643,2025-05-02T00:00:00,2025-05-04T00:00:00,low,renewal terms,False,False
TKT0005737,ACC00643,2024-12-06T00:00:00,2024-12-20T00:00:00,low,invoice reconciliation,False,False
TKT0005738,ACC00643,2025-07-21T00:00:00,2025-07-23T00:00:00,high,SSO,False,False
TKT0005739,ACC00643,2025-02-20T00:00:00,2025-03-04T00:00:00,medium,data synchronization,False,False
TKT0005740,ACC00643,2025-07-18T00:00:00,2025-07-19T00:00:00,medium,integration errors,False,False
TKT0005741,ACC00643,2024-11-08T00:00:00,2024-11-13T00:00:00,low,invoice reconciliation,False,False
TKT0005742,ACC00643,2024-11-11T00:00:00,2024-11-19T00:00:00,medium,permissions,True,False
TKT0005743,ACC00643,2025-09-02T00:00:00,2025-09-15T00:00:00,low,SSO,False,True
TKT0005744,ACC00643,2025-10-28T00:00:00,2025-11-09T00:00:00,high,workflow automation,False,False
TKT0005745,ACC00644,2025-09-24T00:00:00,2025-09-28T00:00:00,medium,data synchronization,False,False
TKT0005746,ACC00644,2024-12-08T00:00:00,2024-12-22T00:00:00,low,renewal terms,False,False
TKT0005747,ACC00644,2025-10-09T00:00:00,2025-10-18T00:00:00,low,data synchronization,False,True
TKT0005748,ACC00644,2025-04-19T00:00:00,2025-04-20T00:00:00,medium,report exports,False,False
TKT0005749,ACC00644,2025-01-16T00:00:00,2025-01-30T00:00:00,low,dashboard performance,False,False
TKT0005750,ACC00644,2025-08-07T00:00:00,2025-08-17T00:00:00,low,invoice reconciliation,False,False
TKT0005751,ACC00645,2024-12-20T00:00:00,2024-12-24T00:00:00,medium,dashboard performance,True,False
TKT0005752,ACC00645,2025-03-01T00:00:00,2025-03-07T00:00:00,critical,data synchronization,False,True
TKT0005753,ACC00645,2024-06-26T00:00:00,2024-06-27T00:00:00,medium,workflow automation,False,False
TKT0005754,ACC00645,2024-07-24T00:00:00,2024-07-29T00:00:00,medium,mobile access,False,False
TKT0005755,ACC00645,2025-05-12T00:00:00,2025-05-26T00:00:00,high,integration errors,False,False
TKT0005756,ACC00645,2024-10-10T00:00:00,2024-10-23T00:00:00,low,mobile access,False,False
TKT0005757,ACC00645,2024-08-22T00:00:00,2024-09-02T00:00:00,low,SSO,False,False
TKT0005758,ACC00645,2024-01-01T00:00:00,2024-01-07T00:00:00,low,invoice reconciliation,False,False
TKT0005759,ACC00645,2024-10-28T00:00:00,2024-11-10T00:00:00,high,SSO,False,False
TKT0005760,ACC00645,2024-08-03T00:00:00,2024-08-05T00:00:00,medium,dashboard performance,False,False
TKT0005761,ACC00645,2024-05-26T00:00:00,2024-05-26T00:00:00,high,mobile access,False,False
TKT0005762,ACC00645,2024-10-12T00:00:00,2024-10-25T00:00:00,medium,usage reporting,False,False
TKT0005763,ACC00645,2025-05-10T00:00:00,2025-05-22T00:00:00,low,integration errors,False,True
TKT0005764,ACC00645,2025-06-27T00:00:00,2025-07-06T00:00:00,low,integration errors,True,True
TKT0005765,ACC00645,2024-06-15T00:00:00,2024-06-28T00:00:00,medium,invoice reconciliation,False,False
TKT0005766,ACC00646,2025-12-15T00:00:00,2025-12-17T00:00:00,medium,SSO,False,False
TKT0005767,ACC00646,2025-07-26T00:00:00,2025-08-08T00:00:00,medium,dashboard performance,False,False
TKT0005768,ACC00646,2025-07-21T00:00:00,2025-07-24T00:00:00,medium,usage reporting,False,False
TKT0005769,ACC00646,2025-12-13T00:00:00,2025-12-17T00:00:00,medium,SSO,True,False
TKT0005770,ACC00646,2025-07-22T00:00:00,2025-08-01T00:00:00,medium,mobile access,False,False
TKT0005771,ACC00646,2025-06-13T00:00:00,2025-06-27T00:00:00,low,billing configuration,False,False
TKT0005772,ACC00646,2024-10-24T00:00:00,2024-11-04T00:00:00,low,data synchronization,False,False
TKT0005773,ACC00646,2024-02-19T00:00:00,2024-02-29T00:00:00,low,permissions,False,False
TKT0005774,ACC00646,2024-06-10T00:00:00,2024-06-20T00:00:00,critical,API reliability,False,False
TKT0005775,ACC00646,2024-09-12T00:00:00,2024-09-26T00:00:00,medium,invoice reconciliation,False,False
TKT0005776,ACC00647,2025-04-14T00:00:00,2025-04-14T00:00:00,medium,permissions,False,False
TKT0005777,ACC00647,2025-09-08T00:00:00,2025-09-11T00:00:00,medium,data synchronization,False,False
TKT0005778,ACC00647,2025-05-07T00:00:00,2025-05-07T00:00:00,low,integration errors,False,False
TKT0005779,ACC00647,2025-03-06T00:00:00,2025-03-19T00:00:00,medium,integration errors,False,False
TKT0005780,ACC00647,2024-04-19T00:00:00,2024-04-29T00:00:00,medium,mobile access,False,False
TKT0005781,ACC00647,2025-05-04T00:00:00,2025-05-17T00:00:00,medium,report exports,False,False
TKT0005782,ACC00648,2025-09-25T00:00:00,2025-10-08T00:00:00,medium,data synchronization,True,False
TKT0005783,ACC00648,2024-02-09T00:00:00,2024-02-13T00:00:00,low,report exports,False,False
TKT0005784,ACC00648,2025-06-01T00:00:00,2025-06-10T00:00:00,low,usage reporting,False,False
TKT0005785,ACC00648,2024-01-20T00:00:00,2024-01-20T00:00:00,medium,report exports,False,False
TKT0005786,ACC00648,2025-03-03T00:00:00,2025-03-12T00:00:00,high,permissions,False,False
TKT0005787,ACC00648,2024-03-09T00:00:00,2024-03-14T00:00:00,low,report exports,False,False
TKT0005788,ACC00648,2025-10-11T00:00:00,2025-10-11T00:00:00,medium,invoice reconciliation,False,True
TKT0005789,ACC00648,2024-01-19T00:00:00,2024-01-26T00:00:00,medium,report exports,False,False
TKT0005790,ACC00648,2025-10-09T00:00:00,2025-10-17T00:00:00,medium,API reliability,False,False
TKT0005791,ACC00648,2024-05-23T00:00:00,2024-06-02T00:00:00,low,report exports,False,False
TKT0005792,ACC00648,2025-08-17T00:00:00,2025-08-28T00:00:00,high,SSO,False,False
TKT0005793,ACC00648,2024-08-16T00:00:00,2024-08-19T00:00:00,medium,data synchronization,False,False
TKT0005794,ACC00648,2024-12-27T00:00:00,2025-01-10T00:00:00,low,data synchronization,False,False
TKT0005795,ACC00648,2025-03-21T00:00:00,2025-03-25T00:00:00,medium,mobile access,False,False
TKT0005796,ACC00648,2025-03-05T00:00:00,2025-03-16T00:00:00,high,usage reporting,False,False
TKT0005797,ACC00648,2024-02-27T00:00:00,2024-03-12T00:00:00,low,renewal terms,False,False
TKT0005798,ACC00648,2024-03-08T00:00:00,2024-03-15T00:00:00,medium,report exports,False,True
TKT0005799,ACC00649,2025-06-11T00:00:00,2025-06-18T00:00:00,high,user provisioning,False,True
TKT0005800,ACC00649,2025-05-20T00:00:00,2025-05-30T00:00:00,high,API reliability,False,False
TKT0005801,ACC00649,2025-10-12T00:00:00,2025-10-18T00:00:00,medium,billing configuration,False,False
TKT0005802,ACC00649,2025-05-18T00:00:00,2025-05-21T00:00:00,high,permissions,False,False
TKT0005803,ACC00649,2024-03-23T00:00:00,2024-03-24T00:00:00,medium,permissions,False,False
TKT0005804,ACC00649,2024-08-28T00:00:00,2024-08-29T00:00:00,medium,mobile access,False,False
TKT0005805,ACC00649,2025-09-17T00:00:00,2025-09-23T00:00:00,low,report exports,False,False
TKT0005806,ACC00650,2024-04-19T00:00:00,2024-05-01T00:00:00,low,data synchronization,False,False
TKT0005807,ACC00650,2024-10-09T00:00:00,2024-10-17T00:00:00,medium,invoice reconciliation,False,False
TKT0005808,ACC00650,2024-01-18T00:00:00,2024-01-18T00:00:00,medium,SSO,False,False
TKT0005809,ACC00650,2024-04-17T00:00:00,2024-04-26T00:00:00,medium,invoice reconciliation,False,False
TKT0005810,ACC00650,2024-12-17T00:00:00,2024-12-22T00:00:00,low,SSO,False,False
TKT0005811,ACC00650,2024-11-03T00:00:00,2024-11-08T00:00:00,low,invoice reconciliation,False,False
TKT0005812,ACC00650,2024-05-26T00:00:00,2024-06-09T00:00:00,medium,report exports,True,False
TKT0005813,ACC00650,2024-01-13T00:00:00,2024-01-13T00:00:00,medium,dashboard performance,False,True
TKT0005814,ACC00650,2024-01-23T00:00:00,2024-02-03T00:00:00,low,usage reporting,True,False
TKT0005815,ACC00650,2024-07-14T00:00:00,2024-07-17T00:00:00,high,API reliability,False,False
TKT0005816,ACC00650,2024-12-18T00:00:00,2024-12-30T00:00:00,medium,dashboard performance,False,False
TKT0005817,ACC00650,2024-06-08T00:00:00,2024-06-20T00:00:00,medium,data synchronization,True,False
TKT0005818,ACC00651,2025-11-23T00:00:00,2025-11-26T00:00:00,medium,report exports,False,False
TKT0005819,ACC00651,2024-12-17T00:00:00,2024-12-18T00:00:00,medium,data synchronization,False,False
TKT0005820,ACC00651,2025-02-11T00:00:00,2025-02-14T00:00:00,low,data synchronization,False,False
TKT0005821,ACC00651,2025-08-12T00:00:00,2025-08-16T00:00:00,high,workflow automation,False,True
TKT0005822,ACC00651,2025-05-14T00:00:00,2025-05-28T00:00:00,low,usage reporting,False,False
TKT0005823,ACC00651,2025-02-27T00:00:00,2025-03-07T00:00:00,low,workflow automation,False,True
TKT0005824,ACC00651,2025-04-15T00:00:00,2025-04-15T00:00:00,high,API reliability,False,False
TKT0005825,ACC00652,2024-08-25T00:00:00,2024-08-31T00:00:00,low,mobile access,True,False
TKT0005826,ACC00652,2024-05-17T00:00:00,2024-05-21T00:00:00,medium,report exports,False,False
TKT0005827,ACC00652,2024-04-11T00:00:00,2024-04-17T00:00:00,medium,user provisioning,False,False
TKT0005828,ACC00652,2024-06-09T00:00:00,2024-06-09T00:00:00,medium,renewal terms,False,False
TKT0005829,ACC00652,2024-11-01T00:00:00,2024-11-07T00:00:00,high,dashboard performance,False,True
TKT0005830,ACC00652,2024-04-20T00:00:00,2024-05-03T00:00:00,medium,integration errors,False,False
TKT0005831,ACC00653,2025-09-23T00:00:00,2025-10-06T00:00:00,high,usage reporting,False,False
TKT0005832,ACC00653,2025-01-13T00:00:00,2025-01-19T00:00:00,medium,workflow automation,False,False
TKT0005833,ACC00653,2024-10-10T00:00:00,2024-10-12T00:00:00,medium,billing configuration,False,False
TKT0005834,ACC00653,2025-08-25T00:00:00,2025-09-01T00:00:00,low,report exports,False,False
TKT0005835,ACC00653,2025-02-12T00:00:00,2025-02-25T00:00:00,low,dashboard performance,False,False
TKT0005836,ACC00653,2024-03-01T00:00:00,2024-03-11T00:00:00,high,integration errors,False,False
TKT0005837,ACC00653,2024-02-10T00:00:00,2024-02-18T00:00:00,low,integration errors,False,False
TKT0005838,ACC00654,2024-02-06T00:00:00,2024-02-20T00:00:00,high,workflow automation,False,False
TKT0005839,ACC00654,2024-05-27T00:00:00,2024-06-04T00:00:00,low,user provisioning,False,True
TKT0005840,ACC00654,2024-01-19T00:00:00,2024-01-23T00:00:00,medium,dashboard performance,True,False
TKT0005841,ACC00655,2024-06-02T00:00:00,2024-06-10T00:00:00,medium,renewal terms,False,False
TKT0005842,ACC00655,2024-06-02T00:00:00,2024-06-03T00:00:00,low,invoice reconciliation,False,True
TKT0005843,ACC00656,2024-02-27T00:00:00,2024-03-11T00:00:00,low,renewal terms,False,False
TKT0005844,ACC00656,2024-04-20T00:00:00,2024-05-04T00:00:00,medium,data synchronization,False,False
TKT0005845,ACC00656,2024-05-21T00:00:00,2024-05-21T00:00:00,medium,API reliability,False,True
TKT0005846,ACC00657,2024-07-26T00:00:00,2024-08-02T00:00:00,low,usage reporting,False,False
TKT0005847,ACC00658,2024-04-03T00:00:00,2024-04-04T00:00:00,medium,API reliability,False,True
TKT0005848,ACC00658,2024-04-04T00:00:00,2024-04-15T00:00:00,medium,invoice reconciliation,False,False
TKT0005849,ACC00658,2024-02-26T00:00:00,2024-03-05T00:00:00,low,dashboard performance,False,True
TKT0005850,ACC00658,2024-02-28T00:00:00,2024-02-28T00:00:00,high,data synchronization,False,False
TKT0005851,ACC00659,2024-06-21T00:00:00,2024-06-28T00:00:00,medium,permissions,True,False
TKT0005852,ACC00659,2024-09-14T00:00:00,2024-09-14T00:00:00,high,user provisioning,False,False
TKT0005853,ACC00659,2024-09-05T00:00:00,2024-09-16T00:00:00,medium,workflow automation,False,False
TKT0005854,ACC00659,2025-08-11T00:00:00,2025-08-18T00:00:00,low,report exports,False,False
TKT0005855,ACC00659,2025-06-01T00:00:00,2025-06-10T00:00:00,low,API reliability,False,False
TKT0005856,ACC00659,2025-03-26T00:00:00,2025-04-09T00:00:00,low,integration errors,False,False
TKT0005857,ACC00659,2024-05-27T00:00:00,2024-06-08T00:00:00,medium,integration errors,False,False
TKT0005858,ACC00659,2024-09-12T00:00:00,2024-09-21T00:00:00,medium,billing configuration,False,True
TKT0005859,ACC00659,2024-05-27T00:00:00,2024-06-01T00:00:00,medium,billing configuration,False,False
TKT0005860,ACC00660,2025-03-06T00:00:00,2025-03-16T00:00:00,low,mobile access,False,False
TKT0005861,ACC00660,2024-05-25T00:00:00,2024-06-01T00:00:00,medium,dashboard performance,False,False
TKT0005862,ACC00660,2024-04-21T00:00:00,2024-04-25T00:00:00,low,report exports,False,False
TKT0005863,ACC00660,2025-03-15T00:00:00,2025-03-21T00:00:00,low,data synchronization,False,False
TKT0005864,ACC00660,2024-07-11T00:00:00,2024-07-21T00:00:00,low,billing configuration,False,False
TKT0005865,ACC00660,2025-06-27T00:00:00,2025-06-30T00:00:00,low,mobile access,False,True
TKT0005866,ACC00660,2024-10-11T00:00:00,2024-10-17T00:00:00,high,permissions,False,False
TKT0005867,ACC00660,2024-09-24T00:00:00,2024-09-29T00:00:00,low,data synchronization,False,False
TKT0005868,ACC00660,2025-07-25T00:00:00,2025-08-03T00:00:00,medium,data synchronization,False,True
TKT0005869,ACC00660,2024-11-26T00:00:00,2024-12-01T00:00:00,medium,dashboard performance,False,False
TKT0005870,ACC00660,2024-06-25T00:00:00,2024-07-07T00:00:00,medium,API reliability,False,False
TKT0005871,ACC00660,2025-04-26T00:00:00,2025-05-01T00:00:00,medium,workflow automation,False,False
TKT0005872,ACC00661,2024-09-15T00:00:00,2024-09-22T00:00:00,medium,permissions,False,False
TKT0005873,ACC00661,2024-12-18T00:00:00,2024-12-19T00:00:00,medium,usage reporting,True,False
TKT0005874,ACC00661,2024-01-08T00:00:00,2024-01-19T00:00:00,low,data synchronization,False,False
TKT0005875,ACC00661,2025-08-03T00:00:00,2025-08-09T00:00:00,low,billing configuration,False,True
TKT0005876,ACC00661,2025-08-28T00:00:00,2025-09-07T00:00:00,medium,report exports,False,False
TKT0005877,ACC00661,2024-02-16T00:00:00,2024-02-22T00:00:00,medium,mobile access,False,False
TKT0005878,ACC00661,2024-08-02T00:00:00,2024-08-13T00:00:00,low,SSO,False,False
TKT0005879,ACC00661,2024-12-06T00:00:00,2024-12-20T00:00:00,high,dashboard performance,False,False
TKT0005880,ACC00661,2025-04-14T00:00:00,2025-04-15T00:00:00,low,renewal terms,False,False
TKT0005881,ACC00661,2025-06-03T00:00:00,2025-06-03T00:00:00,low,user provisioning,False,False
TKT0005882,ACC00662,2025-03-22T00:00:00,2025-03-27T00:00:00,low,integration errors,False,True
TKT0005883,ACC00662,2025-03-19T00:00:00,2025-03-26T00:00:00,critical,mobile access,False,False
TKT0005884,ACC00662,2024-03-11T00:00:00,2024-03-17T00:00:00,low,usage reporting,False,False
TKT0005885,ACC00662,2025-12-05T00:00:00,2025-12-07T00:00:00,medium,permissions,False,False
TKT0005886,ACC00662,2025-07-25T00:00:00,2025-07-26T00:00:00,low,API reliability,False,True
TKT0005887,ACC00662,2025-03-06T00:00:00,2025-03-09T00:00:00,medium,SSO,False,True
TKT0005888,ACC00662,2025-11-21T00:00:00,2025-11-21T00:00:00,low,SSO,False,False
TKT0005889,ACC00662,2025-11-09T00:00:00,2025-11-13T00:00:00,low,billing configuration,False,False
TKT0005890,ACC00662,2024-03-23T00:00:00,2024-03-30T00:00:00,low,API reliability,False,False
TKT0005891,ACC00662,2025-05-02T00:00:00,2025-05-03T00:00:00,low,API reliability,False,False
TKT0005892,ACC00662,2024-10-11T00:00:00,2024-10-15T00:00:00,low,invoice reconciliation,False,True
TKT0005893,ACC00662,2025-11-28T00:00:00,2025-12-12T00:00:00,low,workflow automation,False,False
TKT0005894,ACC00662,2025-09-07T00:00:00,2025-09-12T00:00:00,medium,user provisioning,True,False
TKT0005895,ACC00662,2024-02-09T00:00:00,2024-02-22T00:00:00,low,integration errors,False,False
TKT0005896,ACC00662,2025-09-20T00:00:00,2025-09-22T00:00:00,medium,report exports,False,False
TKT0005897,ACC00662,2025-02-02T00:00:00,2025-02-14T00:00:00,low,SSO,False,False
TKT0005898,ACC00662,2024-06-04T00:00:00,2024-06-10T00:00:00,medium,integration errors,False,True
TKT0005899,ACC00662,2025-10-11T00:00:00,2025-10-23T00:00:00,low,billing configuration,False,False
TKT0005900,ACC00663,2024-03-08T00:00:00,2024-03-16T00:00:00,low,user provisioning,False,False
TKT0005901,ACC00663,2024-08-22T00:00:00,2024-09-03T00:00:00,medium,SSO,False,False
TKT0005902,ACC00663,2024-09-05T00:00:00,2024-09-12T00:00:00,critical,SSO,False,True
TKT0005903,ACC00663,2024-06-07T00:00:00,2024-06-07T00:00:00,low,mobile access,False,False
TKT0005904,ACC00663,2024-02-25T00:00:00,2024-03-08T00:00:00,low,dashboard performance,False,False
TKT0005905,ACC00663,2024-02-08T00:00:00,2024-02-20T00:00:00,medium,permissions,False,False
TKT0005906,ACC00664,2024-05-10T00:00:00,2024-05-24T00:00:00,low,mobile access,False,False
TKT0005907,ACC00664,2024-01-18T00:00:00,2024-01-23T00:00:00,low,API reliability,False,False
TKT0005908,ACC00665,2024-10-14T00:00:00,2024-10-18T00:00:00,medium,data synchronization,False,False
TKT0005909,ACC00665,2024-01-26T00:00:00,2024-02-08T00:00:00,medium,invoice reconciliation,False,False
TKT0005910,ACC00665,2024-02-23T00:00:00,2024-02-28T00:00:00,medium,data synchronization,True,False
TKT0005911,ACC00665,2024-02-18T00:00:00,2024-02-22T00:00:00,low,integration errors,False,False
TKT0005912,ACC00665,2024-03-06T00:00:00,2024-03-18T00:00:00,low,renewal terms,False,False
TKT0005913,ACC00665,2024-10-01T00:00:00,2024-10-11T00:00:00,medium,report exports,False,False
TKT0005914,ACC00665,2024-01-28T00:00:00,2024-02-04T00:00:00,low,dashboard performance,False,False
TKT0005915,ACC00665,2024-07-06T00:00:00,2024-07-17T00:00:00,low,mobile access,False,False
TKT0005916,ACC00665,2024-02-07T00:00:00,2024-02-13T00:00:00,low,report exports,False,False
TKT0005917,ACC00665,2025-01-20T00:00:00,2025-01-21T00:00:00,low,user provisioning,False,False
TKT0005918,ACC00665,2024-02-21T00:00:00,2024-02-21T00:00:00,low,permissions,False,True
TKT0005919,ACC00666,2024-04-01T00:00:00,2024-04-03T00:00:00,low,integration errors,False,False
TKT0005920,ACC00666,2024-06-27T00:00:00,2024-07-07T00:00:00,high,workflow automation,False,False
TKT0005921,ACC00666,2025-01-23T00:00:00,2025-02-06T00:00:00,low,workflow automation,False,False
TKT0005922,ACC00666,2025-05-23T00:00:00,2025-06-06T00:00:00,high,permissions,False,False
TKT0005923,ACC00666,2024-04-01T00:00:00,2024-04-11T00:00:00,low,SSO,False,False
TKT0005924,ACC00666,2024-01-10T00:00:00,2024-01-10T00:00:00,low,data synchronization,False,False
TKT0005925,ACC00666,2024-01-27T00:00:00,2024-02-10T00:00:00,medium,integration errors,False,False
TKT0005926,ACC00666,2025-05-17T00:00:00,2025-05-28T00:00:00,medium,permissions,False,False
TKT0005927,ACC00666,2024-04-20T00:00:00,2024-04-28T00:00:00,medium,user provisioning,False,False
TKT0005928,ACC00666,2025-06-25T00:00:00,2025-07-07T00:00:00,high,user provisioning,False,True
TKT0005929,ACC00666,2024-10-16T00:00:00,2024-10-25T00:00:00,low,user provisioning,False,False
TKT0005930,ACC00666,2024-08-27T00:00:00,2024-09-06T00:00:00,medium,mobile access,False,False
TKT0005931,ACC00667,2024-05-01T00:00:00,2024-05-12T00:00:00,high,mobile access,False,False
TKT0005932,ACC00667,2025-01-02T00:00:00,2025-01-14T00:00:00,high,billing configuration,False,False
TKT0005933,ACC00668,2024-03-11T00:00:00,2024-03-11T00:00:00,low,dashboard performance,False,False
TKT0005934,ACC00668,2024-06-23T00:00:00,2024-06-23T00:00:00,medium,invoice reconciliation,False,False
TKT0005935,ACC00668,2024-10-24T00:00:00,2024-11-01T00:00:00,critical,workflow automation,False,False
TKT0005936,ACC00668,2024-05-02T00:00:00,2024-05-16T00:00:00,low,invoice reconciliation,False,False
TKT0005937,ACC00668,2024-02-15T00:00:00,2024-02-16T00:00:00,medium,usage reporting,True,False
TKT0005938,ACC00669,2025-11-01T00:00:00,2025-11-01T00:00:00,low,API reliability,False,False
TKT0005939,ACC00669,2025-02-15T00:00:00,2025-02-21T00:00:00,low,billing configuration,False,False
TKT0005940,ACC00669,2024-06-16T00:00:00,2024-06-26T00:00:00,low,renewal terms,False,False
TKT0005941,ACC00669,2024-02-19T00:00:00,2024-02-20T00:00:00,medium,user provisioning,False,False
TKT0005942,ACC00669,2024-10-23T00:00:00,2024-10-25T00:00:00,medium,workflow automation,True,False
TKT0005943,ACC00669,2024-10-04T00:00:00,2024-10-05T00:00:00,high,permissions,False,False
TKT0005944,ACC00669,2024-02-08T00:00:00,2024-02-11T00:00:00,medium,data synchronization,False,False
TKT0005945,ACC00670,2024-05-15T00:00:00,2024-05-18T00:00:00,medium,SSO,True,False
TKT0005946,ACC00670,2025-01-14T00:00:00,2025-01-20T00:00:00,low,data synchronization,False,False
TKT0005947,ACC00670,2024-09-08T00:00:00,2024-09-22T00:00:00,critical,user provisioning,False,False
TKT0005948,ACC00670,2025-04-12T00:00:00,2025-04-12T00:00:00,medium,data synchronization,False,True
TKT0005949,ACC00670,2025-03-25T00:00:00,2025-04-05T00:00:00,medium,invoice reconciliation,False,False
TKT0005950,ACC00670,2025-01-21T00:00:00,2025-01-25T00:00:00,high,integration errors,False,False
TKT0005951,ACC00671,2024-09-08T00:00:00,2024-09-18T00:00:00,low,mobile access,False,False
TKT0005952,ACC00671,2024-04-08T00:00:00,2024-04-20T00:00:00,low,permissions,False,False
TKT0005953,ACC00671,2024-09-22T00:00:00,2024-10-02T00:00:00,low,report exports,False,False
TKT0005954,ACC00671,2025-04-04T00:00:00,2025-04-11T00:00:00,high,integration errors,False,True
TKT0005955,ACC00671,2025-10-08T00:00:00,2025-10-18T00:00:00,high,user provisioning,False,False
TKT0005956,ACC00671,2025-02-11T00:00:00,2025-02-11T00:00:00,low,user provisioning,False,False
TKT0005957,ACC00671,2024-12-16T00:00:00,2024-12-18T00:00:00,low,mobile access,False,False
TKT0005958,ACC00671,2025-09-28T00:00:00,2025-10-11T00:00:00,high,billing configuration,False,False
TKT0005959,ACC00671,2024-04-26T00:00:00,2024-05-08T00:00:00,medium,data synchronization,False,False
TKT0005960,ACC00671,2024-08-05T00:00:00,2024-08-12T00:00:00,medium,API reliability,False,False
TKT0005961,ACC00671,2025-02-09T00:00:00,2025-02-19T00:00:00,medium,report exports,True,False
TKT0005962,ACC00671,2024-05-14T00:00:00,2024-05-24T00:00:00,medium,usage reporting,False,True
TKT0005963,ACC00671,2025-06-27T00:00:00,2025-07-04T00:00:00,low,invoice reconciliation,False,False
TKT0005964,ACC00672,2024-05-27T00:00:00,2024-05-31T00:00:00,medium,renewal terms,False,False
TKT0005965,ACC00672,2024-05-04T00:00:00,2024-05-05T00:00:00,medium,renewal terms,False,False
TKT0005966,ACC00672,2025-12-20T00:00:00,2025-12-28T00:00:00,low,invoice reconciliation,False,False
TKT0005967,ACC00672,2025-12-22T00:00:00,2025-12-29T00:00:00,high,dashboard performance,False,False
TKT0005968,ACC00672,2024-10-17T00:00:00,2024-10-23T00:00:00,low,usage reporting,False,False
TKT0005969,ACC00672,2025-03-13T00:00:00,2025-03-18T00:00:00,low,report exports,False,True
TKT0005970,ACC00672,2024-10-04T00:00:00,2024-10-15T00:00:00,low,SSO,False,False
TKT0005971,ACC00672,2024-06-24T00:00:00,2024-07-03T00:00:00,low,dashboard performance,False,False
TKT0005972,ACC00672,2024-12-21T00:00:00,2024-12-24T00:00:00,medium,invoice reconciliation,False,False
TKT0005973,ACC00672,2024-08-08T00:00:00,2024-08-10T00:00:00,low,mobile access,False,True
TKT0005974,ACC00672,2024-09-21T00:00:00,2024-09-25T00:00:00,medium,billing configuration,False,False
TKT0005975,ACC00673,2024-02-25T00:00:00,2024-03-02T00:00:00,low,API reliability,False,False
TKT0005976,ACC00673,2024-02-09T00:00:00,2024-02-12T00:00:00,medium,data synchronization,False,False
TKT0005977,ACC00673,2024-06-08T00:00:00,2024-06-15T00:00:00,medium,dashboard performance,False,False
TKT0005978,ACC00673,2024-04-24T00:00:00,2024-05-03T00:00:00,low,workflow automation,False,False
TKT0005979,ACC00673,2024-10-22T00:00:00,2024-11-02T00:00:00,high,integration errors,False,True
TKT0005980,ACC00673,2024-01-14T00:00:00,2024-01-22T00:00:00,medium,renewal terms,False,False
TKT0005981,ACC00673,2024-08-05T00:00:00,2024-08-11T00:00:00,medium,dashboard performance,False,False
TKT0005982,ACC00673,2024-06-23T00:00:00,2024-07-02T00:00:00,medium,API reliability,False,False
TKT0005983,ACC00674,2025-08-10T00:00:00,2025-08-19T00:00:00,high,SSO,False,True
TKT0005984,ACC00674,2025-07-08T00:00:00,2025-07-08T00:00:00,low,renewal terms,False,False
TKT0005985,ACC00674,2025-06-08T00:00:00,2025-06-16T00:00:00,low,dashboard performance,False,False
TKT0005986,ACC00674,2024-06-25T00:00:00,2024-07-08T00:00:00,low,report exports,False,False
TKT0005987,ACC00674,2025-04-06T00:00:00,2025-04-19T00:00:00,medium,permissions,False,False
TKT0005988,ACC00674,2024-02-08T00:00:00,2024-02-10T00:00:00,low,mobile access,False,False
TKT0005989,ACC00675,2024-10-02T00:00:00,2024-10-08T00:00:00,medium,API reliability,False,False
TKT0005990,ACC00675,2024-09-22T00:00:00,2024-09-27T00:00:00,medium,data synchronization,True,False
TKT0005991,ACC00675,2025-01-10T00:00:00,2025-01-21T00:00:00,low,API reliability,True,True
TKT0005992,ACC00676,2025-10-09T00:00:00,2025-10-10T00:00:00,medium,user provisioning,False,False
TKT0005993,ACC00676,2025-06-02T00:00:00,2025-06-12T00:00:00,low,renewal terms,False,False
TKT0005994,ACC00676,2025-04-28T00:00:00,2025-05-03T00:00:00,low,report exports,False,False
TKT0005995,ACC00676,2024-06-16T00:00:00,2024-06-28T00:00:00,low,user provisioning,False,False
TKT0005996,ACC00676,2025-08-04T00:00:00,2025-08-16T00:00:00,medium,renewal terms,False,False
TKT0005997,ACC00676,2025-12-12T00:00:00,2025-12-23T00:00:00,medium,dashboard performance,False,False
TKT0005998,ACC00676,2024-04-10T00:00:00,2024-04-11T00:00:00,low,dashboard performance,False,False
TKT0005999,ACC00676,2025-07-03T00:00:00,2025-07-05T00:00:00,medium,billing configuration,False,False
TKT0006000,ACC00676,2025-12-12T00:00:00,2025-12-22T00:00:00,low,renewal terms,False,False
TKT0006001,ACC00676,2024-06-08T00:00:00,2024-06-12T00:00:00,low,dashboard performance,False,False
TKT0006002,ACC00676,2024-09-01T00:00:00,2024-09-01T00:00:00,low,usage reporting,False,False
TKT0006003,ACC00676,2025-11-25T00:00:00,2025-11-27T00:00:00,medium,usage reporting,False,False
TKT0006004,ACC00677,2024-01-18T00:00:00,2024-01-19T00:00:00,low,billing configuration,False,False
TKT0006005,ACC00677,2024-02-19T00:00:00,2024-03-02T00:00:00,medium,permissions,False,False
TKT0006006,ACC00677,2024-10-14T00:00:00,2024-10-18T00:00:00,medium,usage reporting,True,False
TKT0006007,ACC00677,2024-09-01T00:00:00,2024-09-08T00:00:00,medium,usage reporting,False,True
TKT0006008,ACC00677,2024-02-04T00:00:00,2024-02-11T00:00:00,high,invoice reconciliation,False,False
TKT0006009,ACC00677,2024-05-01T00:00:00,2024-05-02T00:00:00,low,integration errors,False,False
TKT0006010,ACC00677,2024-11-14T00:00:00,2024-11-23T00:00:00,low,report exports,False,False
TKT0006011,ACC00677,2024-03-23T00:00:00,2024-03-25T00:00:00,low,data synchronization,True,False
TKT0006012,ACC00677,2024-02-26T00:00:00,2024-02-28T00:00:00,low,renewal terms,False,False
TKT0006013,ACC00678,2025-02-15T00:00:00,2025-02-19T00:00:00,high,usage reporting,False,False
TKT0006014,ACC00678,2025-10-15T00:00:00,2025-10-20T00:00:00,low,data synchronization,False,False
TKT0006015,ACC00678,2025-10-19T00:00:00,2025-10-27T00:00:00,medium,report exports,False,False
TKT0006016,ACC00678,2024-07-17T00:00:00,2024-07-30T00:00:00,high,invoice reconciliation,False,True
TKT0006017,ACC00678,2025-04-13T00:00:00,2025-04-15T00:00:00,low,report exports,False,False
TKT0006018,ACC00678,2024-08-21T00:00:00,2024-08-30T00:00:00,critical,billing configuration,True,False
TKT0006019,ACC00678,2024-02-02T00:00:00,2024-02-02T00:00:00,low,SSO,False,False
TKT0006020,ACC00678,2025-04-18T00:00:00,2025-04-21T00:00:00,critical,mobile access,False,False
TKT0006021,ACC00679,2024-04-25T00:00:00,2024-05-05T00:00:00,low,dashboard performance,False,False
TKT0006022,ACC00679,2024-09-21T00:00:00,2024-09-21T00:00:00,medium,integration errors,False,False
TKT0006023,ACC00679,2024-12-05T00:00:00,2024-12-05T00:00:00,high,integration errors,False,False
TKT0006024,ACC00679,2025-04-20T00:00:00,2025-04-20T00:00:00,medium,integration errors,False,False
TKT0006025,ACC00679,2024-04-16T00:00:00,2024-04-24T00:00:00,medium,workflow automation,False,False
TKT0006026,ACC00679,2025-04-22T00:00:00,2025-04-29T00:00:00,low,billing configuration,True,False
TKT0006027,ACC00679,2024-06-05T00:00:00,2024-06-06T00:00:00,medium,data synchronization,False,False
TKT0006028,ACC00679,2024-10-21T00:00:00,2024-10-21T00:00:00,low,renewal terms,False,False
TKT0006029,ACC00679,2024-01-17T00:00:00,2024-01-17T00:00:00,medium,SSO,False,True
TKT0006030,ACC00679,2024-12-15T00:00:00,2024-12-16T00:00:00,high,workflow automation,False,True
TKT0006031,ACC00679,2025-02-05T00:00:00,2025-02-09T00:00:00,high,dashboard performance,False,False
TKT0006032,ACC00679,2025-03-06T00:00:00,2025-03-09T00:00:00,low,user provisioning,False,False
TKT0006033,ACC00680,2025-09-10T00:00:00,2025-09-10T00:00:00,low,integration errors,False,True
TKT0006034,ACC00680,2025-08-16T00:00:00,2025-08-28T00:00:00,critical,permissions,False,False
TKT0006035,ACC00680,2024-04-03T00:00:00,2024-04-15T00:00:00,low,data synchronization,False,False
TKT0006036,ACC00680,2024-08-10T00:00:00,2024-08-10T00:00:00,low,workflow automation,False,False
TKT0006037,ACC00680,2025-11-12T00:00:00,2025-11-12T00:00:00,medium,mobile access,False,False
TKT0006038,ACC00680,2024-08-27T00:00:00,2024-08-30T00:00:00,medium,SSO,False,False
TKT0006039,ACC00680,2025-07-11T00:00:00,2025-07-14T00:00:00,medium,integration errors,False,False
TKT0006040,ACC00680,2024-10-25T00:00:00,2024-11-04T00:00:00,low,dashboard performance,False,False
TKT0006041,ACC00680,2024-11-15T00:00:00,2024-11-15T00:00:00,low,data synchronization,False,False
TKT0006042,ACC00680,2025-08-05T00:00:00,2025-08-14T00:00:00,medium,permissions,False,False
TKT0006043,ACC00680,2025-05-20T00:00:00,2025-05-29T00:00:00,medium,report exports,False,False
TKT0006044,ACC00680,2025-05-24T00:00:00,2025-05-30T00:00:00,low,mobile access,False,False
TKT0006045,ACC00680,2025-01-24T00:00:00,2025-02-06T00:00:00,low,dashboard performance,False,False
TKT0006046,ACC00681,2025-01-15T00:00:00,2025-01-18T00:00:00,low,report exports,False,False
TKT0006047,ACC00681,2025-08-06T00:00:00,2025-08-20T00:00:00,low,report exports,False,False
TKT0006048,ACC00681,2025-12-11T00:00:00,2025-12-25T00:00:00,low,usage reporting,False,True
TKT0006049,ACC00681,2024-04-20T00:00:00,2024-04-25T00:00:00,medium,dashboard performance,False,False
TKT0006050,ACC00681,2024-01-14T00:00:00,2024-01-20T00:00:00,high,report exports,False,False
TKT0006051,ACC00681,2024-01-16T00:00:00,2024-01-20T00:00:00,medium,billing configuration,True,False
TKT0006052,ACC00681,2025-10-24T00:00:00,2025-11-07T00:00:00,low,renewal terms,False,False
TKT0006053,ACC00681,2024-08-10T00:00:00,2024-08-17T00:00:00,high,workflow automation,False,False
TKT0006054,ACC00681,2024-05-21T00:00:00,2024-06-03T00:00:00,medium,mobile access,False,True
TKT0006055,ACC00681,2024-08-17T00:00:00,2024-08-19T00:00:00,medium,workflow automation,False,False
TKT0006056,ACC00681,2025-04-15T00:00:00,2025-04-24T00:00:00,low,workflow automation,False,False
TKT0006057,ACC00681,2025-01-28T00:00:00,2025-02-09T00:00:00,medium,usage reporting,False,True
TKT0006058,ACC00681,2024-01-28T00:00:00,2024-02-07T00:00:00,medium,data synchronization,False,False
TKT0006059,ACC00681,2025-03-27T00:00:00,2025-03-30T00:00:00,medium,billing configuration,False,False
TKT0006060,ACC00681,2024-07-16T00:00:00,2024-07-26T00:00:00,low,report exports,False,False
TKT0006061,ACC00682,2024-02-07T00:00:00,2024-02-13T00:00:00,high,renewal terms,False,False
TKT0006062,ACC00682,2024-03-24T00:00:00,2024-03-31T00:00:00,high,integration errors,True,False
TKT0006063,ACC00682,2024-08-13T00:00:00,2024-08-18T00:00:00,medium,API reliability,False,False
TKT0006064,ACC00682,2025-04-23T00:00:00,2025-04-27T00:00:00,low,dashboard performance,False,True
TKT0006065,ACC00682,2025-06-13T00:00:00,2025-06-24T00:00:00,high,billing configuration,False,False
TKT0006066,ACC00682,2025-07-03T00:00:00,2025-07-06T00:00:00,low,workflow automation,False,False
TKT0006067,ACC00682,2024-10-05T00:00:00,2024-10-17T00:00:00,low,mobile access,True,False
TKT0006068,ACC00682,2024-11-03T00:00:00,2024-11-12T00:00:00,low,permissions,False,False
TKT0006069,ACC00682,2024-09-22T00:00:00,2024-09-27T00:00:00,high,billing configuration,False,False
TKT0006070,ACC00682,2025-03-09T00:00:00,2025-03-12T00:00:00,medium,permissions,False,False
TKT0006071,ACC00683,2025-03-05T00:00:00,2025-03-05T00:00:00,low,billing configuration,False,False
TKT0006072,ACC00683,2025-06-04T00:00:00,2025-06-16T00:00:00,medium,usage reporting,False,False
TKT0006073,ACC00683,2025-01-21T00:00:00,2025-01-27T00:00:00,low,dashboard performance,False,True
TKT0006074,ACC00683,2025-10-06T00:00:00,2025-10-14T00:00:00,low,usage reporting,True,True
TKT0006075,ACC00683,2024-10-14T00:00:00,2024-10-20T00:00:00,high,workflow automation,False,False
TKT0006076,ACC00683,2024-09-16T00:00:00,2024-09-29T00:00:00,medium,report exports,False,False
TKT0006077,ACC00683,2024-06-08T00:00:00,2024-06-19T00:00:00,medium,user provisioning,False,False
TKT0006078,ACC00683,2025-04-09T00:00:00,2025-04-15T00:00:00,low,billing configuration,False,False
TKT0006079,ACC00683,2024-04-09T00:00:00,2024-04-22T00:00:00,high,invoice reconciliation,True,False
TKT0006080,ACC00683,2024-12-11T00:00:00,2024-12-21T00:00:00,low,workflow automation,False,False
TKT0006081,ACC00683,2024-12-13T00:00:00,2024-12-17T00:00:00,medium,usage reporting,False,False
TKT0006082,ACC00683,2025-11-16T00:00:00,2025-11-20T00:00:00,high,integration errors,False,False
TKT0006083,ACC00683,2025-05-19T00:00:00,2025-05-19T00:00:00,low,renewal terms,False,False
TKT0006084,ACC00684,2025-02-08T00:00:00,2025-02-19T00:00:00,low,workflow automation,False,False
TKT0006085,ACC00684,2025-06-20T00:00:00,2025-07-03T00:00:00,low,dashboard performance,False,False
TKT0006086,ACC00684,2025-03-15T00:00:00,2025-03-20T00:00:00,high,permissions,False,False
TKT0006087,ACC00684,2025-07-20T00:00:00,2025-07-25T00:00:00,low,permissions,False,False
TKT0006088,ACC00684,2024-12-03T00:00:00,2024-12-05T00:00:00,medium,report exports,False,False
TKT0006089,ACC00684,2024-06-28T00:00:00,2024-06-30T00:00:00,low,invoice reconciliation,False,False
TKT0006090,ACC00684,2024-07-22T00:00:00,2024-07-28T00:00:00,medium,dashboard performance,False,False
TKT0006091,ACC00684,2024-01-05T00:00:00,2024-01-19T00:00:00,low,SSO,False,False
TKT0006092,ACC00684,2024-11-01T00:00:00,2024-11-04T00:00:00,medium,user provisioning,False,False
TKT0006093,ACC00684,2024-01-07T00:00:00,2024-01-08T00:00:00,critical,invoice reconciliation,False,False
TKT0006094,ACC00684,2025-10-27T00:00:00,2025-10-28T00:00:00,low,report exports,True,False
TKT0006095,ACC00684,2025-07-01T00:00:00,2025-07-05T00:00:00,low,SSO,False,False
TKT0006096,ACC00684,2025-10-05T00:00:00,2025-10-15T00:00:00,critical,SSO,False,False
TKT0006097,ACC00684,2024-02-25T00:00:00,2024-03-10T00:00:00,medium,data synchronization,True,False
TKT0006098,ACC00685,2025-06-25T00:00:00,2025-07-05T00:00:00,medium,mobile access,False,True
TKT0006099,ACC00685,2024-02-08T00:00:00,2024-02-20T00:00:00,high,invoice reconciliation,False,False
TKT0006100,ACC00685,2024-03-18T00:00:00,2024-03-21T00:00:00,low,report exports,False,False
TKT0006101,ACC00685,2024-01-25T00:00:00,2024-01-29T00:00:00,low,dashboard performance,False,False
TKT0006102,ACC00685,2025-02-19T00:00:00,2025-03-04T00:00:00,low,data synchronization,False,False
TKT0006103,ACC00685,2025-06-05T00:00:00,2025-06-17T00:00:00,high,integration errors,False,False
TKT0006104,ACC00685,2024-08-25T00:00:00,2024-09-08T00:00:00,medium,renewal terms,False,False
TKT0006105,ACC00685,2024-08-26T00:00:00,2024-08-31T00:00:00,low,workflow automation,False,True
TKT0006106,ACC00685,2024-07-04T00:00:00,2024-07-14T00:00:00,low,workflow automation,False,False
TKT0006107,ACC00685,2025-09-09T00:00:00,2025-09-16T00:00:00,low,user provisioning,True,False
TKT0006108,ACC00685,2024-07-20T00:00:00,2024-07-21T00:00:00,medium,permissions,False,True
TKT0006109,ACC00685,2024-09-12T00:00:00,2024-09-12T00:00:00,critical,dashboard performance,True,False
TKT0006110,ACC00685,2024-01-28T00:00:00,2024-01-28T00:00:00,low,mobile access,False,False
TKT0006111,ACC00685,2024-08-27T00:00:00,2024-08-29T00:00:00,medium,SSO,False,False
TKT0006112,ACC00685,2025-07-22T00:00:00,2025-07-22T00:00:00,medium,usage reporting,False,False
TKT0006113,ACC00685,2025-09-06T00:00:00,2025-09-13T00:00:00,low,SSO,False,False
TKT0006114,ACC00686,2025-02-25T00:00:00,2025-03-02T00:00:00,low,invoice reconciliation,False,False
TKT0006115,ACC00686,2024-08-12T00:00:00,2024-08-16T00:00:00,medium,data synchronization,False,False
TKT0006116,ACC00686,2024-10-14T00:00:00,2024-10-14T00:00:00,medium,data synchronization,False,False
TKT0006117,ACC00686,2024-05-09T00:00:00,2024-05-10T00:00:00,high,permissions,False,False
TKT0006118,ACC00686,2025-03-09T00:00:00,2025-03-10T00:00:00,low,workflow automation,False,False
TKT0006119,ACC00686,2025-08-13T00:00:00,2025-08-16T00:00:00,low,integration errors,False,True
TKT0006120,ACC00687,2024-07-20T00:00:00,2024-07-21T00:00:00,medium,workflow automation,False,False
TKT0006121,ACC00687,2024-04-21T00:00:00,2024-04-21T00:00:00,high,user provisioning,False,False
TKT0006122,ACC00687,2024-05-10T00:00:00,2024-05-19T00:00:00,medium,renewal terms,False,True
TKT0006123,ACC00687,2024-08-13T00:00:00,2024-08-19T00:00:00,medium,workflow automation,False,True
TKT0006124,ACC00687,2024-07-27T00:00:00,2024-08-01T00:00:00,low,mobile access,False,False
TKT0006125,ACC00687,2024-08-14T00:00:00,2024-08-27T00:00:00,low,permissions,False,True
TKT0006126,ACC00687,2024-07-14T00:00:00,2024-07-24T00:00:00,low,API reliability,False,False
TKT0006127,ACC00687,2024-07-24T00:00:00,2024-07-28T00:00:00,low,integration errors,False,True
TKT0006128,ACC00688,2024-05-20T00:00:00,2024-06-03T00:00:00,medium,workflow automation,False,True
TKT0006129,ACC00688,2024-08-20T00:00:00,2024-08-22T00:00:00,medium,mobile access,False,False
TKT0006130,ACC00688,2024-01-05T00:00:00,2024-01-14T00:00:00,low,API reliability,False,False
TKT0006131,ACC00688,2024-05-03T00:00:00,2024-05-10T00:00:00,low,user provisioning,False,False
TKT0006132,ACC00688,2024-07-17T00:00:00,2024-07-23T00:00:00,critical,permissions,False,False
TKT0006133,ACC00688,2024-07-09T00:00:00,2024-07-21T00:00:00,medium,data synchronization,True,False
TKT0006134,ACC00688,2024-08-07T00:00:00,2024-08-10T00:00:00,high,data synchronization,True,True
TKT0006135,ACC00689,2025-06-08T00:00:00,2025-06-18T00:00:00,medium,billing configuration,False,False
TKT0006136,ACC00689,2025-10-12T00:00:00,2025-10-13T00:00:00,low,report exports,False,False
TKT0006137,ACC00689,2024-08-19T00:00:00,2024-08-31T00:00:00,low,user provisioning,False,False
TKT0006138,ACC00689,2024-06-04T00:00:00,2024-06-12T00:00:00,medium,usage reporting,False,False
TKT0006139,ACC00689,2024-04-20T00:00:00,2024-05-01T00:00:00,critical,dashboard performance,False,False
TKT0006140,ACC00689,2024-07-14T00:00:00,2024-07-15T00:00:00,medium,workflow automation,False,False
TKT0006141,ACC00689,2025-01-09T00:00:00,2025-01-12T00:00:00,low,dashboard performance,False,False
TKT0006142,ACC00689,2024-07-16T00:00:00,2024-07-20T00:00:00,low,invoice reconciliation,False,False
TKT0006143,ACC00689,2024-05-01T00:00:00,2024-05-03T00:00:00,medium,user provisioning,False,False
TKT0006144,ACC00689,2025-05-05T00:00:00,2025-05-08T00:00:00,low,mobile access,False,False
TKT0006145,ACC00689,2024-05-14T00:00:00,2024-05-19T00:00:00,low,user provisioning,False,False
TKT0006146,ACC00689,2025-07-20T00:00:00,2025-08-01T00:00:00,medium,usage reporting,False,False
TKT0006147,ACC00690,2024-08-28T00:00:00,2024-09-06T00:00:00,high,API reliability,False,False
TKT0006148,ACC00690,2024-04-18T00:00:00,2024-05-01T00:00:00,medium,data synchronization,False,True
TKT0006149,ACC00690,2024-01-19T00:00:00,2024-01-28T00:00:00,medium,data synchronization,False,False
TKT0006150,ACC00691,2025-08-11T00:00:00,2025-08-20T00:00:00,low,API reliability,False,True
TKT0006151,ACC00691,2024-06-27T00:00:00,2024-07-09T00:00:00,low,SSO,False,False
TKT0006152,ACC00691,2025-02-01T00:00:00,2025-02-02T00:00:00,medium,API reliability,False,False
TKT0006153,ACC00691,2024-12-23T00:00:00,2024-12-23T00:00:00,medium,renewal terms,False,False
TKT0006154,ACC00691,2024-04-04T00:00:00,2024-04-04T00:00:00,medium,report exports,True,False
TKT0006155,ACC00691,2025-05-15T00:00:00,2025-05-24T00:00:00,low,integration errors,False,False
TKT0006156,ACC00691,2025-07-12T00:00:00,2025-07-15T00:00:00,low,usage reporting,False,False
TKT0006157,ACC00691,2024-08-04T00:00:00,2024-08-14T00:00:00,medium,invoice reconciliation,False,False
TKT0006158,ACC00691,2025-02-11T00:00:00,2025-02-21T00:00:00,medium,mobile access,False,False
TKT0006159,ACC00691,2025-07-10T00:00:00,2025-07-16T00:00:00,medium,workflow automation,False,False
TKT0006160,ACC00691,2024-03-12T00:00:00,2024-03-13T00:00:00,high,API reliability,False,True
TKT0006161,ACC00691,2025-03-24T00:00:00,2025-03-26T00:00:00,medium,report exports,False,False
TKT0006162,ACC00692,2024-12-17T00:00:00,2024-12-21T00:00:00,low,billing configuration,False,False
TKT0006163,ACC00692,2024-04-27T00:00:00,2024-05-08T00:00:00,low,dashboard performance,False,False
TKT0006164,ACC00692,2025-02-08T00:00:00,2025-02-16T00:00:00,low,API reliability,False,False
TKT0006165,ACC00692,2024-07-20T00:00:00,2024-07-20T00:00:00,low,report exports,False,False
TKT0006166,ACC00692,2024-09-17T00:00:00,2024-09-29T00:00:00,medium,usage reporting,False,False
TKT0006167,ACC00692,2024-01-13T00:00:00,2024-01-22T00:00:00,medium,mobile access,False,False
TKT0006168,ACC00693,2024-11-02T00:00:00,2024-11-12T00:00:00,low,integration errors,False,False
TKT0006169,ACC00693,2024-03-08T00:00:00,2024-03-21T00:00:00,low,billing configuration,False,False
TKT0006170,ACC00693,2024-10-23T00:00:00,2024-10-24T00:00:00,low,user provisioning,False,False
TKT0006171,ACC00693,2024-06-05T00:00:00,2024-06-09T00:00:00,medium,mobile access,False,False
TKT0006172,ACC00693,2024-10-06T00:00:00,2024-10-10T00:00:00,low,integration errors,False,True
TKT0006173,ACC00693,2025-01-10T00:00:00,2025-01-10T00:00:00,low,data synchronization,False,False
TKT0006174,ACC00694,2024-09-18T00:00:00,2024-10-01T00:00:00,medium,invoice reconciliation,False,True
TKT0006175,ACC00694,2024-06-08T00:00:00,2024-06-19T00:00:00,low,API reliability,False,False
TKT0006176,ACC00694,2024-08-21T00:00:00,2024-08-27T00:00:00,low,user provisioning,False,False
TKT0006177,ACC00694,2024-07-27T00:00:00,2024-08-08T00:00:00,critical,API reliability,False,False
TKT0006178,ACC00694,2024-08-26T00:00:00,2024-09-04T00:00:00,medium,renewal terms,False,True
TKT0006179,ACC00694,2024-01-02T00:00:00,2024-01-15T00:00:00,medium,mobile access,False,False
TKT0006180,ACC00695,2024-09-15T00:00:00,2024-09-28T00:00:00,high,workflow automation,False,False
TKT0006181,ACC00695,2024-03-10T00:00:00,2024-03-16T00:00:00,medium,billing configuration,False,False
TKT0006182,ACC00695,2024-07-05T00:00:00,2024-07-16T00:00:00,low,dashboard performance,False,False
TKT0006183,ACC00695,2024-11-14T00:00:00,2024-11-17T00:00:00,high,report exports,False,False
TKT0006184,ACC00695,2024-10-09T00:00:00,2024-10-21T00:00:00,high,invoice reconciliation,False,True
TKT0006185,ACC00695,2024-08-10T00:00:00,2024-08-13T00:00:00,medium,billing configuration,False,False
TKT0006186,ACC00696,2025-06-16T00:00:00,2025-06-16T00:00:00,low,mobile access,False,False
TKT0006187,ACC00696,2025-05-06T00:00:00,2025-05-13T00:00:00,high,dashboard performance,False,False
TKT0006188,ACC00696,2025-06-17T00:00:00,2025-06-18T00:00:00,low,invoice reconciliation,False,False
TKT0006189,ACC00696,2024-04-11T00:00:00,2024-04-12T00:00:00,medium,user provisioning,False,False
TKT0006190,ACC00696,2025-05-12T00:00:00,2025-05-14T00:00:00,medium,API reliability,False,False
TKT0006191,ACC00696,2024-03-01T00:00:00,2024-03-10T00:00:00,high,permissions,False,False
TKT0006192,ACC00697,2024-11-01T00:00:00,2024-11-10T00:00:00,medium,integration errors,False,False
TKT0006193,ACC00697,2024-04-28T00:00:00,2024-04-29T00:00:00,high,permissions,True,False
TKT0006194,ACC00697,2024-02-12T00:00:00,2024-02-12T00:00:00,medium,permissions,False,False
TKT0006195,ACC00697,2024-07-04T00:00:00,2024-07-11T00:00:00,high,renewal terms,False,False
TKT0006196,ACC00697,2024-08-25T00:00:00,2024-09-06T00:00:00,medium,SSO,False,False
TKT0006197,ACC00698,2025-07-05T00:00:00,2025-07-10T00:00:00,low,mobile access,False,False
TKT0006198,ACC00698,2025-02-25T00:00:00,2025-02-26T00:00:00,low,usage reporting,False,False
TKT0006199,ACC00698,2025-02-07T00:00:00,2025-02-15T00:00:00,high,mobile access,False,False
TKT0006200,ACC00698,2025-05-11T00:00:00,2025-05-17T00:00:00,medium,API reliability,False,False
TKT0006201,ACC00698,2024-08-16T00:00:00,2024-08-18T00:00:00,low,user provisioning,False,False
TKT0006202,ACC00698,2025-05-06T00:00:00,2025-05-07T00:00:00,low,mobile access,False,False
TKT0006203,ACC00698,2024-09-11T00:00:00,2024-09-13T00:00:00,low,mobile access,False,False
TKT0006204,ACC00698,2024-03-23T00:00:00,2024-03-27T00:00:00,high,billing configuration,False,False
TKT0006205,ACC00698,2025-08-02T00:00:00,2025-08-08T00:00:00,medium,mobile access,False,False
TKT0006206,ACC00698,2025-02-03T00:00:00,2025-02-14T00:00:00,low,invoice reconciliation,False,False
TKT0006207,ACC00699,2024-08-28T00:00:00,2024-08-28T00:00:00,high,SSO,False,True
TKT0006208,ACC00699,2024-08-04T00:00:00,2024-08-11T00:00:00,high,integration errors,False,False
TKT0006209,ACC00699,2024-02-23T00:00:00,2024-03-05T00:00:00,medium,integration errors,False,False
TKT0006210,ACC00699,2024-08-27T00:00:00,2024-09-02T00:00:00,critical,report exports,False,False
TKT0006211,ACC00699,2024-05-13T00:00:00,2024-05-16T00:00:00,medium,billing configuration,False,False
TKT0006212,ACC00699,2024-09-08T00:00:00,2024-09-21T00:00:00,high,usage reporting,False,True
TKT0006213,ACC00700,2025-10-16T00:00:00,2025-10-22T00:00:00,low,data synchronization,False,True
TKT0006214,ACC00700,2024-05-22T00:00:00,2024-05-27T00:00:00,high,API reliability,False,False
TKT0006215,ACC00700,2025-09-20T00:00:00,2025-10-04T00:00:00,low,integration errors,False,True
TKT0006216,ACC00700,2024-01-21T00:00:00,2024-01-27T00:00:00,low,renewal terms,False,False
TKT0006217,ACC00700,2024-02-11T00:00:00,2024-02-13T00:00:00,low,user provisioning,False,False
TKT0006218,ACC00700,2025-02-23T00:00:00,2025-02-23T00:00:00,medium,SSO,False,False
TKT0006219,ACC00700,2024-05-13T00:00:00,2024-05-13T00:00:00,high,renewal terms,False,False
