message_id,account_id,timestamp,author_role,channel,topic,text
MSG0000001,ACC00001,2024-08-01T13:00:00,agent,support_chat,mobile access,Could you help us understand why this is happening?
MSG0000002,ACC00001,2024-02-06T15:00:00,agent,meeting_notes,usage reporting,Thanks for getting this sorted so quickly. Everything is working now.
MSG0000003,ACC00001,2024-04-28T14:00:00,customer,email,usage reporting,The reporting changes are useful and the team is happy with them.
MSG0000004,ACC00001,2024-02-21T18:00:00,customer,support_chat,workflow automation,This has been affecting the team for a while and we need a clearer resolution.
MSG0000005,ACC00001,2024-05-16T08:00:00,agent,meeting_notes,user provisioning,We've had to follow up several times and this is starting to become frustrating.
MSG0000006,ACC00001,2024-06-23T17:00:00,agent,email,API reliability,Thanks for getting this sorted so quickly. Everything is working now.
MSG0000007,ACC00002,2024-02-01T17:00:00,customer,meeting_notes,API reliability,This has been affecting the team for a while and we need a clearer resolution.
MSG0000008,ACC00002,2024-10-07T13:00:00,customer,meeting_notes,renewal terms,The reporting changes are useful and the team is happy with them.
MSG0000009,ACC00002,2025-05-05T10:00:00,customer,support_chat,invoice reconciliation,Thanks for getting this sorted so quickly. Everything is working now.
MSG0000010,ACC00002,2024-04-06T18:00:00,agent,meeting_notes,workflow automation,This has been affecting the team for a while and we need a clearer resolution.
MSG0000011,ACC00002,2025-09-18T09:00:00,agent,support_chat,API reliability,We're reviewing the latest changes and have a few questions.
MSG0000012,ACC00002,2024-07-24T17:00:00,agent,support_chat,SSO,We're still evaluating the change internally.
MSG0000013,ACC00002,2025-10-21T11:00:00,customer,email,invoice reconciliation,We've been getting good value from the platform and adoption is steady.
MSG0000014,ACC00002,2024-11-16T15:00:00,customer,support_chat,usage reporting,Could you help us understand why this is happening?
MSG0000015,ACC00002,2025-07-05T17:00:00,customer,support_chat,user provisioning,This has been affecting the team for a while and we need a clearer resolution.
MSG0000016,ACC00003,2024-01-07T18:00:00,customer,email,billing configuration,We've had to follow up several times and this is starting to become frustrating.
MSG0000017,ACC00003,2024-06-22T08:00:00,customer,email,SSO,Could you help us understand why this is happening?
MSG0000018,ACC00003,2024-03-09T14:00:00,agent,support_chat,integration errors,Could you help us understand why this is happening?
MSG0000019,ACC00003,2024-07-17T08:00:00,agent,meeting_notes,dashboard performance,We've been getting good value from the platform and adoption is steady.
MSG0000020,ACC00003,2025-07-12T13:00:00,customer,email,workflow automation,We're reviewing the latest changes and have a few questions.
MSG0000021,ACC00003,2025-01-19T08:00:00,customer,meeting_notes,API reliability,We're reviewing the latest changes and have a few questions.
MSG0000022,ACC00003,2025-06-03T16:00:00,customer,email,billing configuration,We're reviewing the latest changes and have a few questions.
MSG0000023,ACC00003,2025-05-09T16:00:00,customer,support_chat,user provisioning,This has been affecting the team for a while and we need a clearer resolution.
MSG0000024,ACC00003,2025-07-16T11:00:00,agent,support_chat,permissions,Could you help us understand why this is happening?
MSG0000025,ACC00003,2025-03-19T08:00:00,customer,email,user provisioning,We're still evaluating the change internally.
MSG0000026,ACC00004,2024-06-21T08:00:00,customer,support_chat,workflow automation,We've had to follow up several times and this is starting to become frustrating.
MSG0000027,ACC00004,2025-09-10T11:00:00,agent,meeting_notes,invoice reconciliation,Could you help us understand why this is happening?
MSG0000028,ACC00004,2024-04-08T18:00:00,customer,email,billing configuration,"The workflow is mostly fine, although there are a couple of things we'd like improved."
MSG0000029,ACC00004,2024-09-19T09:00:00,agent,email,report exports,"The workflow is mostly fine, although there are a couple of things we'd like improved."
MSG0000030,ACC00004,2025-07-26T15:00:00,customer,email,invoice reconciliation,This has been affecting the team for a while and we need a clearer resolution.
MSG0000031,ACC00004,2024-06-16T09:00:00,customer,meeting_notes,report exports,This has been affecting the team for a while and we need a clearer resolution.
MSG0000032,ACC00004,2024-02-12T18:00:00,agent,email,SSO,Thanks for getting this sorted so quickly. Everything is working now.
MSG0000033,ACC00004,2025-04-08T13:00:00,agent,support_chat,billing configuration,We've had to follow up several times and this is starting to become frustrating.
MSG0000034,ACC00004,2025-03-24T11:00:00,agent,support_chat,usage reporting,The latest release has made the workflow much easier for our team.
MSG0000035,ACC00004,2024-05-09T08:00:00,agent,meeting_notes,dashboard performance,We're still evaluating the change internally.
MSG0000036,ACC00004,2025-06-23T15:00:00,customer,meeting_notes,data synchronization,The reporting changes are useful and the team is happy with them.
MSG0000037,ACC00004,2024-11-24T15:00:00,agent,meeting_notes,renewal terms,We're reviewing the latest changes and have a few questions.
MSG0000038,ACC00004,2025-06-06T09:00:00,customer,support_chat,renewal terms,We've had to follow up several times and this is starting to become frustrating.
MSG0000039,ACC00005,2024-11-14T14:00:00,customer,meeting_notes,usage reporting,We're reviewing the latest changes and have a few questions.
MSG0000040,ACC00005,2024-09-05T11:00:00,customer,email,billing configuration,We've been getting good value from the platform and adoption is steady.
MSG0000041,ACC00005,2024-08-20T11:00:00,agent,support_chat,API reliability,The reporting changes are useful and the team is happy with them.
MSG0000042,ACC00005,2024-05-17T17:00:00,agent,support_chat,SSO,We're still evaluating the change internally.
MSG0000043,ACC00005,2025-01-16T15:00:00,customer,email,report exports,Thanks for getting this sorted so quickly. Everything is working now.
MSG0000044,ACC00006,2024-03-14T14:00:00,agent,meeting_notes,permissions,Thanks for getting this sorted so quickly. Everything is working now.
MSG0000045,ACC00006,2024-11-27T11:00:00,agent,meeting_notes,API reliability,We're still evaluating the change internally.
MSG0000046,ACC00006,2025-03-19T10:00:00,agent,meeting_notes,workflow automation,This has been affecting the team for a while and we need a clearer resolution.
MSG0000047,ACC00006,2024-04-15T12:00:00,customer,email,SSO,We're still evaluating the change internally.
MSG0000048,ACC00006,2025-01-06T18:00:00,agent,support_chat,workflow automation,"If we can't get this resolved soon, we'll need to look at other options."
MSG0000049,ACC00007,2024-07-20T18:00:00,agent,meeting_notes,dashboard performance,This has been affecting the team for a while and we need a clearer resolution.
MSG0000050,ACC00007,2024-04-02T09:00:00,customer,support_chat,billing configuration,We've been getting good value from the platform and adoption is steady.
MSG0000051,ACC00007,2024-05-21T18:00:00,agent,meeting_notes,user provisioning,The latest release has made the workflow much easier for our team.
MSG0000052,ACC00007,2024-09-05T13:00:00,customer,meeting_notes,usage reporting,Our leadership team is questioning whether we should continue with the platform.
MSG0000053,ACC00008,2024-03-13T13:00:00,customer,support_chat,billing configuration,We've had to follow up several times and this is starting to become frustrating.
MSG0000054,ACC00008,2024-09-23T17:00:00,customer,email,billing configuration,We've had to follow up several times and this is starting to become frustrating.
MSG0000055,ACC00008,2025-10-03T17:00:00,agent,email,mobile access,Could you help us understand why this is happening?
MSG0000056,ACC00008,2025-10-12T08:00:00,customer,support_chat,integration errors,We've been getting good value from the platform and adoption is steady.
MSG0000057,ACC00008,2024-02-12T13:00:00,agent,meeting_notes,API reliability,Thanks for getting this sorted so quickly. Everything is working now.
MSG0000058,ACC00008,2025-06-23T11:00:00,agent,email,mobile access,Thanks for getting this sorted so quickly. Everything is working now.
MSG0000059,ACC00008,2024-04-21T15:00:00,agent,meeting_notes,invoice reconciliation,This has been affecting the team for a while and we need a clearer resolution.
MSG0000060,ACC00008,2025-12-25T11:00:00,customer,support_chat,mobile access,Could you help us understand why this is happening?
MSG0000061,ACC00008,2025-10-14T12:00:00,customer,support_chat,workflow automation,The latest release has made the workflow much easier for our team.
MSG0000062,ACC00008,2025-04-17T16:00:00,customer,meeting_notes,permissions,We've been getting good value from the platform and adoption is steady.
MSG0000063,ACC00008,2025-06-10T15:00:00,customer,meeting_notes,usage reporting,This has been affecting the team for a while and we need a clearer resolution.
MSG0000064,ACC00008,2024-03-07T15:00:00,customer,email,dashboard performance,We've been getting good value from the platform and adoption is steady.
MSG0000065,ACC00008,2024-03-04T10:00:00,customer,email,workflow automation,We're reviewing the latest changes and have a few questions.
MSG0000066,ACC00008,2024-05-28T11:00:00,agent,email,dashboard performance,We've had to follow up several times and this is starting to become frustrating.
MSG0000067,ACC00008,2025-02-22T16:00:00,customer,support_chat,workflow automation,Thanks for getting this sorted so quickly. Everything is working now.
MSG0000068,ACC00008,2025-12-21T08:00:00,customer,email,renewal terms,We're reviewing the latest changes and have a few questions.
MSG0000069,ACC00008,2024-08-27T16:00:00,customer,support_chat,permissions,Could you help us understand why this is happening?
MSG0000070,ACC00008,2025-09-26T13:00:00,customer,meeting_notes,mobile access,We're still evaluating the change internally.
MSG0000071,ACC00009,2024-08-14T09:00:00,customer,email,mobile access,Could you help us understand why this is happening?
MSG0000072,ACC00009,2024-05-16T13:00:00,customer,email,API reliability,We're reviewing the latest changes and have a few questions.
MSG0000073,ACC00009,2024-11-16T09:00:00,customer,meeting_notes,usage reporting,"The workflow is mostly fine, although there are a couple of things we'd like improved."
MSG0000074,ACC00009,2024-10-22T15:00:00,customer,support_chat,renewal terms,The reporting changes are useful and the team is happy with them.
MSG0000075,ACC00009,2025-02-07T09:00:00,agent,support_chat,SSO,We're still evaluating the change internally.
MSG0000076,ACC00009,2024-01-22T15:00:00,customer,meeting_notes,permissions,We've been getting good value from the platform and adoption is steady.
MSG0000077,ACC00009,2024-05-13T14:00:00,agent,meeting_notes,SSO,This has been affecting the team for a while and we need a clearer resolution.
MSG0000078,ACC00009,2024-03-12T11:00:00,customer,support_chat,API reliability,Could you help us understand why this is happening?
MSG0000079,ACC00009,2024-08-27T14:00:00,customer,meeting_notes,billing configuration,We're still evaluating the change internally.
MSG0000080,ACC00009,2025-07-19T12:00:00,customer,meeting_notes,integration errors,"The workflow is mostly fine, although there are a couple of things we'd like improved."
MSG0000081,ACC00009,2025-01-16T16:00:00,customer,support_chat,API reliability,We're reviewing the latest changes and have a few questions.
MSG0000082,ACC00009,2024-04-09T15:00:00,customer,email,report exports,We're still evaluating the change internally.
MSG0000083,ACC00009,2024-04-24T08:00:00,customer,email,SSO,We've been getting good value from the platform and adoption is steady.
MSG0000084,ACC00009,2025-01-20T18:00:00,customer,meeting_notes,integration errors,Could you help us understand why this is happening?
MSG0000085,ACC00009,2024-04-25T09:00:00,agent,support_chat,invoice reconciliation,We've had to follow up several times and this is starting to become frustrating.
MSG0000086,ACC00010,2024-03-27T15:00:00,agent,support_chat,usage reporting,We're still evaluating the change internally.
MSG0000087,ACC00010,2025-02-27T09:00:00,agent,meeting_notes,API reliability,Thanks for getting this sorted so quickly. Everything is working now.
MSG0000088,ACC00010,2024-12-14T17:00:00,agent,support_chat,usage reporting,We've had to follow up several times and this is starting to become frustrating.
MSG0000089,ACC00010,2024-01-25T08:00:00,customer,meeting_notes,SSO,Thanks for getting this sorted so quickly. Everything is working now.
MSG0000090,ACC00010,2024-01-13T11:00:00,customer,email,API reliability,We're reviewing the latest changes and have a few questions.
MSG0000091,ACC00010,2024-06-08T16:00:00,agent,meeting_notes,user provisioning,Thanks for getting this sorted so quickly. Everything is working now.
MSG0000092,ACC00010,2024-11-15T15:00:00,customer,meeting_notes,integration errors,Thanks for getting this sorted so quickly. Everything is working now.
MSG0000093,ACC00010,2024-11-26T12:00:00,customer,support_chat,SSO,The reporting changes are useful and the team is happy with them.
MSG0000094,ACC00010,2025-01-13T17:00:00,customer,email,mobile access,The reporting changes are useful and the team is happy with them.
MSG0000095,ACC00010,2024-08-03T15:00:00,customer,email,report exports,The reporting changes are useful and the team is happy with them.
MSG0000096,ACC00010,2025-01-20T14:00:00,customer,email,data synchronization,This has been affecting the team for a while and we need a clearer resolution.
MSG0000097,ACC00011,2024-05-24T15:00:00,customer,support_chat,integration errors,We're still evaluating the change internally.
MSG0000098,ACC00011,2024-08-07T12:00:00,agent,support_chat,report exports,This has been affecting the team for a while and we need a clearer resolution.
MSG0000099,ACC00011,2024-11-01T09:00:00,agent,support_chat,usage reporting,"The workflow is mostly fine, although there are a couple of things we'd like improved."
MSG0000100,ACC00011,2025-07-20T16:00:00,customer,support_chat,workflow automation,We're reviewing alternatives because this is becoming difficult to justify internally.
MSG0000101,ACC00011,2025-05-19T17:00:00,customer,email,mobile access,We're still evaluating the change internally.
MSG0000102,ACC00011,2024-01-14T17:00:00,customer,support_chat,permissions,Could you help us understand why this is happening?
MSG0000103,ACC00011,2025-02-16T09:00:00,customer,meeting_notes,data synchronization,We're still evaluating the change internally.
MSG0000104,ACC00011,2025-03-23T14:00:00,customer,meeting_notes,invoice reconciliation,The latest release has made the workflow much easier for our team.
MSG0000105,ACC00011,2025-04-12T15:00:00,customer,meeting_notes,permissions,The reporting changes are useful and the team is happy with them.
MSG0000106,ACC00011,2024-11-20T18:00:00,customer,support_chat,usage reporting,We're still evaluating the change internally.
MSG0000107,ACC00012,2025-03-03T16:00:00,customer,meeting_notes,report exports,This has been affecting the team for a while and we need a clearer resolution.
MSG0000108,ACC00012,2025-04-28T08:00:00,customer,support_chat,report exports,Could you help us understand why this is happening?
MSG0000109,ACC00012,2025-05-11T14:00:00,customer,email,mobile access,We're reviewing the latest changes and have a few questions.
MSG0000110,ACC00012,2024-06-10T10:00:00,customer,email,SSO,Thanks for getting this sorted so quickly. Everything is working now.
MSG0000111,ACC00012,2024-10-14T18:00:00,customer,support_chat,SSO,Thanks for getting this sorted so quickly. Everything is working now.
MSG0000112,ACC00012,2024-01-23T08:00:00,customer,support_chat,SSO,We're reviewing the latest changes and have a few questions.
MSG0000113,ACC00012,2025-02-11T12:00:00,agent,email,report exports,"The workflow is mostly fine, although there are a couple of things we'd like improved."
MSG0000114,ACC00012,2024-07-08T17:00:00,customer,meeting_notes,billing configuration,This has been affecting the team for a while and we need a clearer resolution.
MSG0000115,ACC00012,2025-05-13T09:00:00,customer,support_chat,mobile access,We're reviewing the latest changes and have a few questions.
MSG0000116,ACC00012,2025-02-03T15:00:00,customer,email,report exports,The latest release has made the workflow much easier for our team.
MSG0000117,ACC00012,2024-09-18T17:00:00,customer,meeting_notes,permissions,We've been getting good value from the platform and adoption is steady.
MSG0000118,ACC00012,2024-05-10T17:00:00,customer,meeting_notes,mobile access,"The workflow is mostly fine, although there are a couple of things we'd like improved."
MSG0000119,ACC00012,2024-07-26T10:00:00,customer,email,billing configuration,Could you help us understand why this is happening?
MSG0000120,ACC00012,2024-08-18T14:00:00,customer,email,renewal terms,We've had to follow up several times and this is starting to become frustrating.
MSG0000121,ACC00012,2025-03-27T17:00:00,agent,email,report exports,We're reviewing the latest changes and have a few questions.
MSG0000122,ACC00012,2024-02-16T12:00:00,customer,meeting_notes,user provisioning,This has been affecting the team for a while and we need a clearer resolution.
MSG0000123,ACC00012,2024-12-27T18:00:00,customer,meeting_notes,dashboard performance,The reporting changes are useful and the team is happy with them.
MSG0000124,ACC00013,2024-08-01T18:00:00,agent,support_chat,integration errors,The reporting changes are useful and the team is happy with them.
MSG0000125,ACC00013,2024-07-08T15:00:00,agent,support_chat,invoice reconciliation,Could you help us understand why this is happening?
MSG0000126,ACC00013,2025-01-06T08:00:00,customer,support_chat,report exports,Could you help us understand why this is happening?
MSG0000127,ACC00013,2025-06-04T10:00:00,customer,meeting_notes,integration errors,We're reviewing the latest changes and have a few questions.
MSG0000128,ACC00013,2024-12-02T08:00:00,customer,email,invoice reconciliation,The reporting changes are useful and the team is happy with them.
MSG0000129,ACC00013,2024-09-24T10:00:00,agent,email,SSO,Could you help us understand why this is happening?
MSG0000130,ACC00013,2024-07-01T10:00:00,agent,email,renewal terms,We're reviewing the latest changes and have a few questions.
MSG0000131,ACC00013,2025-10-05T14:00:00,customer,email,dashboard performance,We've been getting good value from the platform and adoption is steady.
MSG0000132,ACC00013,2025-03-08T13:00:00,agent,meeting_notes,billing configuration,Could you help us understand why this is happening?
MSG0000133,ACC00013,2025-08-14T09:00:00,customer,email,billing configuration,We've been getting good value from the platform and adoption is steady.
MSG0000134,ACC00013,2024-07-07T16:00:00,agent,support_chat,integration errors,"The workflow is mostly fine, although there are a couple of things we'd like improved."
MSG0000135,ACC00013,2025-02-21T11:00:00,agent,meeting_notes,invoice reconciliation,The latest release has made the workflow much easier for our team.
MSG0000136,ACC00013,2025-06-10T10:00:00,customer,meeting_notes,billing configuration,Could you help us understand why this is happening?
MSG0000137,ACC00013,2024-09-28T10:00:00,agent,support_chat,invoice reconciliation,We've had to follow up several times and this is starting to become frustrating.
MSG0000138,ACC00013,2025-12-03T15:00:00,customer,meeting_notes,user provisioning,This has been affecting the team for a while and we need a clearer resolution.
MSG0000139,ACC00014,2024-02-03T11:00:00,customer,meeting_notes,workflow automation,"The workflow is mostly fine, although there are a couple of things we'd like improved."
MSG0000140,ACC00014,2024-04-23T16:00:00,customer,email,integration errors,This has been affecting the team for a while and we need a clearer resolution.
MSG0000141,ACC00014,2024-11-21T14:00:00,customer,meeting_notes,billing configuration,Thanks for getting this sorted so quickly. Everything is working now.
MSG0000142,ACC00014,2024-01-20T17:00:00,customer,meeting_notes,usage reporting,We're still evaluating the change internally.
MSG0000143,ACC00014,2024-08-17T17:00:00,customer,meeting_notes,billing configuration,The latest release has made the workflow much easier for our team.
MSG0000144,ACC00014,2024-04-10T11:00:00,agent,meeting_notes,API reliability,"The workflow is mostly fine, although there are a couple of things we'd like improved."
MSG0000145,ACC00014,2024-02-05T13:00:00,customer,email,user provisioning,We're still evaluating the change internally.
MSG0000146,ACC00014,2024-07-21T08:00:00,agent,meeting_notes,workflow automation,The reporting changes are useful and the team is happy with them.
MSG0000147,ACC00014,2024-09-11T18:00:00,customer,support_chat,permissions,The latest release has made the workflow much easier for our team.
MSG0000148,ACC00014,2024-10-25T08:00:00,agent,support_chat,data synchronization,The reporting changes are useful and the team is happy with them.
MSG0000149,ACC00015,2024-05-16T09:00:00,agent,meeting_notes,renewal terms,We're reviewing the latest changes and have a few questions.
MSG0000150,ACC00015,2025-03-06T15:00:00,customer,meeting_notes,invoice reconciliation,We've been getting good value from the platform and adoption is steady.
MSG0000151,ACC00015,2024-08-07T10:00:00,customer,meeting_notes,report exports,We've been getting good value from the platform and adoption is steady.
MSG0000152,ACC00015,2024-06-11T14:00:00,customer,support_chat,permissions,We're reviewing the latest changes and have a few questions.
MSG0000153,ACC00015,2025-04-22T09:00:00,agent,meeting_notes,usage reporting,Thanks for getting this sorted so quickly. Everything is working now.
MSG0000154,ACC00015,2025-04-03T13:00:00,agent,meeting_notes,API reliability,The reporting changes are useful and the team is happy with them.
MSG0000155,ACC00015,2025-09-11T14:00:00,agent,meeting_notes,renewal terms,"The workflow is mostly fine, although there are a couple of things we'd like improved."
MSG0000156,ACC00015,2025-02-26T11:00:00,customer,support_chat,API reliability,The reporting changes are useful and the team is happy with them.
MSG0000157,ACC00016,2025-09-03T13:00:00,agent,email,renewal terms,Could you help us understand why this is happening?
MSG0000158,ACC00016,2024-08-09T08:00:00,customer,email,user provisioning,We've been getting good value from the platform and adoption is steady.
MSG0000159,ACC00016,2024-04-26T09:00:00,customer,support_chat,integration errors,Thanks for getting this sorted so quickly. Everything is working now.
MSG0000160,ACC00016,2025-04-04T16:00:00,agent,support_chat,mobile access,Could you help us understand why this is happening?
MSG0000161,ACC00016,2024-09-20T09:00:00,customer,support_chat,SSO,The latest release has made the workflow much easier for our team.
MSG0000162,ACC00016,2024-12-26T18:00:00,customer,support_chat,workflow automation,We've had to follow up several times and this is starting to become frustrating.
MSG0000163,ACC00016,2025-07-05T12:00:00,agent,meeting_notes,SSO,The latest release has made the workflow much easier for our team.
MSG0000164,ACC00016,2025-10-05T10:00:00,customer,support_chat,report exports,"The workflow is mostly fine, although there are a couple of things we'd like improved."
MSG0000165,ACC00016,2025-11-25T11:00:00,customer,support_chat,SSO,This has been affecting the team for a while and we need a clearer resolution.
MSG0000166,ACC00016,2025-03-12T15:00:00,customer,support_chat,mobile access,We've had to follow up several times and this is starting to become frustrating.
MSG0000167,ACC00016,2025-11-27T11:00:00,customer,email,dashboard performance,We're reviewing the latest changes and have a few questions.
MSG0000168,ACC00016,2025-02-25T13:00:00,customer,email,usage reporting,We've been getting good value from the platform and adoption is steady.
MSG0000169,ACC00017,2025-06-25T14:00:00,customer,email,SSO,"The workflow is mostly fine, although there are a couple of things we'd like improved."
MSG0000170,ACC00017,2024-01-06T17:00:00,customer,email,billing configuration,The reporting changes are useful and the team is happy with them.
MSG0000171,ACC00017,2025-05-15T16:00:00,customer,email,dashboard performance,We've had to follow up several times and this is starting to become frustrating.
MSG0000172,ACC00017,2024-04-06T11:00:00,customer,support_chat,report exports,The latest release has made the workflow much easier for our team.
MSG0000173,ACC00017,2024-05-09T08:00:00,agent,email,mobile access,The reporting changes are useful and the team is happy with them.
MSG0000174,ACC00017,2024-04-01T18:00:00,customer,support_chat,data synchronization,Could you help us understand why this is happening?
MSG0000175,ACC00017,2024-03-23T16:00:00,agent,support_chat,integration errors,We're reviewing the latest changes and have a few questions.
MSG0000176,ACC00017,2024-10-11T08:00:00,agent,email,usage reporting,The latest release has made the workflow much easier for our team.
MSG0000177,ACC00017,2024-09-06T12:00:00,customer,meeting_notes,API reliability,The latest release has made the workflow much easier for our team.
MSG0000178,ACC00018,2024-03-12T17:00:00,customer,support_chat,SSO,Could you help us understand why this is happening?
MSG0000179,ACC00018,2024-07-20T08:00:00,customer,email,permissions,We're reviewing the latest changes and have a few questions.
MSG0000180,ACC00018,2024-02-08T12:00:00,agent,meeting_notes,report exports,We've been getting good value from the platform and adoption is steady.
MSG0000181,ACC00018,2024-02-02T13:00:00,agent,email,data synchronization,We've been getting good value from the platform and adoption is steady.
MSG0000182,ACC00018,2024-10-13T16:00:00,customer,support_chat,usage reporting,The reporting changes are useful and the team is happy with them.
MSG0000183,ACC00018,2024-04-11T14:00:00,customer,email,report exports,We've had to follow up several times and this is starting to become frustrating.
MSG0000184,ACC00019,2024-01-01T10:00:00,agent,meeting_notes,renewal terms,Could you help us understand why this is happening?
MSG0000185,ACC00019,2024-11-06T17:00:00,customer,support_chat,invoice reconciliation,"The workflow is mostly fine, although there are a couple of things we'd like improved."
MSG0000186,ACC00019,2025-08-21T14:00:00,agent,meeting_notes,user provisioning,The latest release has made the workflow much easier for our team.
MSG0000187,ACC00019,2024-05-21T14:00:00,customer,support_chat,mobile access,Thanks for getting this sorted so quickly. Everything is working now.
MSG0000188,ACC00019,2024-06-14T11:00:00,agent,email,mobile access,We've been getting good value from the platform and adoption is steady.
MSG0000189,ACC00019,2024-04-21T17:00:00,agent,meeting_notes,dashboard performance,"The workflow is mostly fine, although there are a couple of things we'd like improved."
MSG0000190,ACC00019,2025-06-06T13:00:00,customer,email,user provisioning,The reporting changes are useful and the team is happy with them.
MSG0000191,ACC00020,2024-01-22T11:00:00,agent,email,workflow automation,We're still evaluating the change internally.
MSG0000192,ACC00020,2024-04-11T11:00:00,agent,meeting_notes,renewal terms,This has been affecting the team for a while and we need a clearer resolution.
MSG0000193,ACC00020,2024-11-25T12:00:00,agent,meeting_notes,API reliability,We're still evaluating the change internally.
MSG0000194,ACC00020,2024-05-08T13:00:00,agent,meeting_notes,mobile access,"The workflow is mostly fine, although there are a couple of things we'd like improved."
MSG0000195,ACC00020,2024-07-25T14:00:00,customer,support_chat,SSO,The reporting changes are useful and the team is happy with them.
MSG0000196,ACC00020,2024-08-01T15:00:00,customer,support_chat,permissions,Thanks for getting this sorted so quickly. Everything is working now.
MSG0000197,ACC00020,2024-09-04T16:00:00,customer,email,SSO,We've been getting good value from the platform and adoption is steady.
MSG0000198,ACC00020,2024-04-02T18:00:00,agent,support_chat,invoice reconciliation,"The workflow is mostly fine, although there are a couple of things we'd like improved."
MSG0000199,ACC00021,2024-08-22T18:00:00,customer,support_chat,usage reporting,Thanks for getting this sorted so quickly. Everything is working now.
MSG0000200,ACC00021,2024-01-26T15:00:00,agent,email,API reliability,This has been affecting the team for a while and we need a clearer resolution.
MSG0000201,ACC00021,2024-01-05T17:00:00,customer,email,invoice reconciliation,We've been getting good value from the platform and adoption is steady.
MSG0000202,ACC00021,2024-04-16T08:00:00,customer,email,API reliability,We've had to follow up several times and this is starting to become frustrating.
MSG0000203,ACC00021,2024-10-13T15:00:00,agent,meeting_notes,dashboard performance,Thanks for getting this sorted so quickly. Everything is working now.
MSG0000204,ACC00021,2024-01-06T10:00:00,customer,meeting_notes,usage reporting,The reporting changes are useful and the team is happy with them.
MSG0000205,ACC00021,2024-09-13T14:00:00,customer,support_chat,SSO,We've been getting good value from the platform and adoption is steady.
MSG0000206,ACC00021,2024-01-10T15:00:00,customer,email,integration errors,We've been getting good value from the platform and adoption is steady.
MSG0000207,ACC00022,2025-02-26T08:00:00,customer,meeting_notes,permissions,This has been affecting the team for a while and we need a clearer resolution.
MSG0000208,ACC00022,2024-10-28T16:00:00,customer,meeting_notes,integration errors,We're still evaluating the change internally.
MSG0000209,ACC00022,2025-05-09T10:00:00,customer,email,SSO,Our leadership team is questioning whether we should continue with the platform.
MSG0000210,ACC00022,2024-01-09T18:00:00,customer,email,billing configuration,We're reviewing the latest changes and have a few questions.
MSG0000211,ACC00022,2024-09-22T12:00:00,customer,support_chat,integration errors,This has been affecting the team for a while and we need a clearer resolution.
MSG0000212,ACC00022,2024-06-15T15:00:00,customer,support_chat,report exports,The latest release has made the workflow much easier for our team.
MSG0000213,ACC00022,2024-12-16T18:00:00,customer,email,integration errors,We've had to follow up several times and this is starting to become frustrating.
MSG0000214,ACC00022,2024-03-09T17:00:00,customer,email,workflow automation,We've had to follow up several times and this is starting to become frustrating.
MSG0000215,ACC00022,2024-06-09T12:00:00,agent,email,invoice reconciliation,We're reviewing the latest changes and have a few questions.
MSG0000216,ACC00023,2024-01-14T09:00:00,customer,email,usage reporting,We're still evaluating the change internally.
MSG0000217,ACC00023,2024-06-02T14:00:00,customer,meeting_notes,integration errors,We're reviewing the latest changes and have a few questions.
MSG0000218,ACC00023,2024-08-21T13:00:00,customer,email,dashboard performance,We're still evaluating the change internally.
MSG0000219,ACC00023,2024-08-10T18:00:00,customer,meeting_notes,user provisioning,We're still evaluating the change internally.
MSG0000220,ACC00023,2025-04-10T09:00:00,customer,support_chat,user provisioning,The reporting changes are useful and the team is happy with them.
MSG0000221,ACC00023,2025-03-11T11:00:00,customer,support_chat,data synchronization,"The workflow is mostly fine, although there are a couple of things we'd like improved."
MSG0000222,ACC00023,2025-04-27T15:00:00,customer,email,report exports,This has been affecting the team for a while and we need a clearer resolution.
MSG0000223,ACC00023,2024-10-09T16:00:00,agent,support_chat,report exports,The reporting changes are useful and the team is happy with them.
MSG0000224,ACC00023,2025-06-25T13:00:00,agent,support_chat,user provisioning,We're reviewing the latest changes and have a few questions.
MSG0000225,ACC00023,2025-03-14T14:00:00,agent,support_chat,workflow automation,We're reviewing the latest changes and have a few questions.
MSG0000226,ACC00024,2025-02-21T13:00:00,customer,support_chat,renewal terms,Thanks for getting this sorted so quickly. Everything is working now.
MSG0000227,ACC00024,2025-03-25T18:00:00,agent,email,integration errors,Could you help us understand why this is happening?
MSG0000228,ACC00024,2025-06-07T14:00:00,customer,meeting_notes,report exports,Could you help us understand why this is happening?
MSG0000229,ACC00024,2024-07-15T13:00:00,customer,meeting_notes,dashboard performance,We've had to follow up several times and this is starting to become frustrating.
MSG0000230,ACC00024,2024-11-04T13:00:00,customer,email,integration errors,We're reviewing the latest changes and have a few questions.
MSG0000231,ACC00024,2024-09-02T18:00:00,agent,support_chat,report exports,We're reviewing the latest changes and have a few questions.
MSG0000232,ACC00024,2025-11-23T12:00:00,customer,meeting_notes,renewal terms,We're reviewing the latest changes and have a few questions.
MSG0000233,ACC00024,2024-01-28T15:00:00,customer,support_chat,SSO,This has been affecting the team for a while and we need a clearer resolution.
MSG0000234,ACC00024,2025-04-24T18:00:00,agent,email,data synchronization,We've had to follow up several times and this is starting to become frustrating.
MSG0000235,ACC00024,2024-01-20T10:00:00,agent,email,API reliability,Thanks for getting this sorted so quickly. Everything is working now.
MSG0000236,ACC00024,2025-02-27T09:00:00,customer,meeting_notes,report exports,The latest release has made the workflow much easier for our team.
MSG0000237,ACC00024,2024-11-04T16:00:00,agent,email,permissions,We're reviewing the latest changes and have a few questions.
MSG0000238,ACC00024,2025-08-24T08:00:00,agent,support_chat,usage reporting,Could you help us understand why this is happening?
MSG0000239,ACC00024,2024-06-19T13:00:00,customer,meeting_notes,user provisioning,We've had to follow up several times and this is starting to become frustrating.
MSG0000240,ACC00024,2025-02-27T18:00:00,customer,meeting_notes,SSO,The latest release has made the workflow much easier for our team.
MSG0000241,ACC00024,2025-12-09T09:00:00,customer,support_chat,integration errors,Thanks for getting this sorted so quickly. Everything is working now.
MSG0000242,ACC00025,2024-04-12T08:00:00,agent,email,SSO,We've had to follow up several times and this is starting to become frustrating.
MSG0000243,ACC00025,2024-03-18T09:00:00,agent,meeting_notes,workflow automation,Thanks for getting this sorted so quickly. Everything is working now.
MSG0000244,ACC00025,2024-08-27T16:00:00,customer,email,data synchronization,This has been affecting the team for a while and we need a clearer resolution.
MSG0000245,ACC00025,2024-04-13T16:00:00,customer,meeting_notes,usage reporting,We've been getting good value from the platform and adoption is steady.
MSG0000246,ACC00026,2024-10-23T15:00:00,agent,meeting_notes,dashboard performance,Could you help us understand why this is happening?
MSG0000247,ACC00026,2025-07-09T17:00:00,agent,email,mobile access,The latest release has made the workflow much easier for our team.
MSG0000248,ACC00026,2024-10-01T11:00:00,customer,meeting_notes,dashboard performance,Could you help us understand why this is happening?
MSG0000249,ACC00026,2024-10-23T10:00:00,customer,support_chat,usage reporting,This has been affecting the team for a while and we need a clearer resolution.
MSG0000250,ACC00026,2025-03-22T12:00:00,agent,meeting_notes,SSO,Thanks for getting this sorted so quickly. Everything is working now.
MSG0000251,ACC00026,2024-05-20T12:00:00,customer,email,report exports,"The workflow is mostly fine, although there are a couple of things we'd like improved."
MSG0000252,ACC00026,2024-07-19T12:00:00,customer,support_chat,data synchronization,Thanks for getting this sorted so quickly. Everything is working now.
MSG0000253,ACC00026,2025-12-17T16:00:00,customer,email,data synchronization,"The workflow is mostly fine, although there are a couple of things we'd like improved."
MSG0000254,ACC00026,2025-09-05T17:00:00,customer,support_chat,user provisioning,We've had to follow up several times and this is starting to become frustrating.
MSG0000255,ACC00026,2025-04-21T10:00:00,customer,support_chat,user provisioning,We've had to follow up several times and this is starting to become frustrating.
MSG0000256,ACC00026,2024-01-22T09:00:00,customer,email,invoice reconciliation,Could you help us understand why this is happening?
MSG0000257,ACC00026,2024-05-09T17:00:00,agent,support_chat,workflow automation,We've been getting good value from the platform and adoption is steady.
MSG0000258,ACC00026,2025-03-19T18:00:00,agent,meeting_notes,invoice reconciliation,The latest release has made the workflow much easier for our team.
MSG0000259,ACC00027,2025-01-19T09:00:00,agent,meeting_notes,integration errors,We've been getting good value from the platform and adoption is steady.
MSG0000260,ACC00027,2024-06-25T11:00:00,agent,meeting_notes,integration errors,We've been getting good value from the platform and adoption is steady.
MSG0000261,ACC00027,2024-12-24T13:00:00,customer,email,billing configuration,"The workflow is mostly fine, although there are a couple of things we'd like improved."
MSG0000262,ACC00027,2025-05-12T15:00:00,customer,support_chat,report exports,We're reviewing the latest changes and have a few questions.
MSG0000263,ACC00027,2024-01-13T14:00:00,agent,email,data synchronization,"The workflow is mostly fine, although there are a couple of things we'd like improved."
MSG0000264,ACC00027,2024-12-10T09:00:00,agent,meeting_notes,dashboard performance,"The workflow is mostly fine, although there are a couple of things we'd like improved."
MSG0000265,ACC00027,2024-08-23T09:00:00,agent,email,dashboard performance,"The workflow is mostly fine, although there are a couple of things we'd like improved."
MSG0000266,ACC00027,2024-02-05T11:00:00,customer,email,mobile access,Thanks for getting this sorted so quickly. Everything is working now.
MSG0000267,ACC00027,2024-05-05T15:00:00,customer,email,renewal terms,The latest release has made the workflow much easier for our team.
MSG0000268,ACC00028,2024-10-14T08:00:00,agent,support_chat,data synchronization,We're still evaluating the change internally.
MSG0000269,ACC00028,2025-10-12T13:00:00,customer,email,data synchronization,The reporting changes are useful and the team is happy with them.
MSG0000270,ACC00028,2025-03-23T18:00:00,agent,email,invoice reconciliation,We're reviewing the latest changes and have a few questions.
MSG0000271,ACC00028,2025-06-25T16:00:00,agent,support_chat,billing configuration,Could you help us understand why this is happening?
MSG0000272,ACC00028,2024-06-28T15:00:00,customer,meeting_notes,mobile access,We've been getting good value from the platform and adoption is steady.
MSG0000273,ACC00028,2024-11-27T12:00:00,agent,email,permissions,We've been getting good value from the platform and adoption is steady.
MSG0000274,ACC00028,2025-01-11T17:00:00,customer,support_chat,invoice reconciliation,We're still evaluating the change internally.
MSG0000275,ACC00028,2024-09-28T15:00:00,customer,support_chat,data synchronization,Could you help us understand why this is happening?
MSG0000276,ACC00029,2025-08-01T08:00:00,customer,meeting_notes,API reliability,"The workflow is mostly fine, although there are a couple of things we'd like improved."
MSG0000277,ACC00029,2024-10-01T11:00:00,agent,support_chat,renewal terms,Could you help us understand why this is happening?
MSG0000278,ACC00029,2024-08-12T14:00:00,customer,meeting_notes,invoice reconciliation,The latest release has made the workflow much easier for our team.
MSG0000279,ACC00029,2025-08-22T12:00:00,agent,meeting_notes,renewal terms,"The workflow is mostly fine, although there are a couple of things we'd like improved."
MSG0000280,ACC00029,2025-09-10T11:00:00,customer,email,user provisioning,We're reviewing the latest changes and have a few questions.
MSG0000281,ACC00029,2025-02-13T12:00:00,agent,support_chat,dashboard performance,The reporting changes are useful and the team is happy with them.
MSG0000282,ACC00029,2025-08-01T18:00:00,customer,support_chat,SSO,"The workflow is mostly fine, although there are a couple of things we'd like improved."
MSG0000283,ACC00029,2025-10-23T11:00:00,customer,email,SSO,We've been getting good value from the platform and adoption is steady.
MSG0000284,ACC00029,2025-04-03T10:00:00,customer,meeting_notes,dashboard performance,We've had to follow up several times and this is starting to become frustrating.
MSG0000285,ACC00029,2025-10-23T14:00:00,customer,support_chat,renewal terms,We're reviewing the latest changes and have a few questions.
MSG0000286,ACC00029,2025-07-09T09:00:00,customer,email,API reliability,We've been getting good value from the platform and adoption is steady.
MSG0000287,ACC00029,2025-06-28T15:00:00,customer,email,workflow automation,The reporting changes are useful and the team is happy with them.
MSG0000288,ACC00029,2025-04-04T09:00:00,customer,support_chat,SSO,The reporting changes are useful and the team is happy with them.
MSG0000289,ACC00029,2024-03-25T09:00:00,customer,support_chat,workflow automation,The reporting changes are useful and the team is happy with them.
MSG0000290,ACC00029,2025-08-25T08:00:00,agent,email,billing configuration,We've had to follow up several times and this is starting to become frustrating.
MSG0000291,ACC00029,2024-07-24T13:00:00,customer,email,data synchronization,The latest release has made the workflow much easier for our team.
MSG0000292,ACC00029,2024-09-06T13:00:00,customer,meeting_notes,report exports,We're still evaluating the change internally.
MSG0000293,ACC00030,2024-03-06T11:00:00,customer,meeting_notes,integration errors,We're reviewing the latest changes and have a few questions.
MSG0000294,ACC00030,2024-07-23T09:00:00,customer,support_chat,billing configuration,We've been getting good value from the platform and adoption is steady.
MSG0000295,ACC00030,2024-08-06T14:00:00,customer,support_chat,mobile access,This has been affecting the team for a while and we need a clearer resolution.
MSG0000296,ACC00030,2025-02-09T13:00:00,customer,meeting_notes,permissions,The reporting changes are useful and the team is happy with them.
MSG0000297,ACC00030,2024-09-10T10:00:00,customer,support_chat,data synchronization,We've been getting good value from the platform and adoption is steady.
MSG0000298,ACC00030,2025-02-03T18:00:00,customer,meeting_notes,permissions,We're still evaluating the change internally.
MSG0000299,ACC00031,2024-01-17T12:00:00,customer,meeting_notes,usage reporting,We're still evaluating the change internally.
MSG0000300,ACC00031,2025-02-18T09:00:00,customer,email,invoice reconciliation,The latest release has made the workflow much easier for our team.
MSG0000301,ACC00031,2024-08-19T15:00:00,customer,email,integration errors,The latest release has made the workflow much easier for our team.
MSG0000302,ACC00031,2024-12-17T10:00:00,customer,meeting_notes,report exports,"The workflow is mostly fine, although there are a couple of things we'd like improved."
MSG0000303,ACC00031,2024-10-09T16:00:00,customer,email,renewal terms,Could you help us understand why this is happening?
MSG0000304,ACC00031,2024-07-25T17:00:00,customer,support_chat,dashboard performance,We're reviewing the latest changes and have a few questions.
MSG0000305,ACC00031,2025-01-04T18:00:00,customer,support_chat,integration errors,We're reviewing the latest changes and have a few questions.
MSG0000306,ACC00031,2025-01-07T10:00:00,customer,email,usage reporting,We've been getting good value from the platform and adoption is steady.
MSG0000307,ACC00031,2024-07-07T17:00:00,agent,meeting_notes,invoice reconciliation,We're reviewing the latest changes and have a few questions.
MSG0000308,ACC00031,2025-07-27T12:00:00,customer,meeting_notes,permissions,Could you help us understand why this is happening?
MSG0000309,ACC00031,2024-08-19T12:00:00,customer,support_chat,report exports,The reporting changes are useful and the team is happy with them.
MSG0000310,ACC00032,2024-02-10T17:00:00,customer,meeting_notes,SSO,Could you help us understand why this is happening?
MSG0000311,ACC00032,2024-03-07T15:00:00,customer,support_chat,billing configuration,We're still evaluating the change internally.
MSG0000312,ACC00032,2024-06-25T14:00:00,customer,email,data synchronization,The latest release has made the workflow much easier for our team.
MSG0000313,ACC00032,2024-08-23T15:00:00,customer,email,SSO,We've been getting good value from the platform and adoption is steady.
MSG0000314,ACC00032,2024-01-15T15:00:00,agent,support_chat,report exports,Could you help us understand why this is happening?
MSG0000315,ACC00032,2024-09-14T16:00:00,customer,email,dashboard performance,"The workflow is mostly fine, although there are a couple of things we'd like improved."
MSG0000316,ACC00033,2024-09-12T11:00:00,customer,support_chat,workflow automation,We're reviewing alternatives because this is becoming difficult to justify internally.
MSG0000317,ACC00033,2024-06-06T11:00:00,agent,meeting_notes,mobile access,Could you help us understand why this is happening?
MSG0000318,ACC00033,2024-07-28T08:00:00,customer,email,API reliability,Our leadership team is questioning whether we should continue with the platform.
MSG0000319,ACC00033,2024-02-09T09:00:00,agent,support_chat,SSO,We've had to follow up several times and this is starting to become frustrating.
MSG0000320,ACC00033,2024-10-05T14:00:00,agent,email,invoice reconciliation,We're reviewing alternatives because this is becoming difficult to justify internally.
MSG0000321,ACC00033,2024-03-20T08:00:00,agent,meeting_notes,SSO,This has been affecting the team for a while and we need a clearer resolution.
MSG0000322,ACC00034,2024-06-20T13:00:00,customer,email,API reliability,This has been affecting the team for a while and we need a clearer resolution.
MSG0000323,ACC00034,2024-03-03T08:00:00,customer,support_chat,API reliability,Thanks for getting this sorted so quickly. Everything is working now.
MSG0000324,ACC00034,2025-11-21T10:00:00,customer,email,report exports,The latest release has made the workflow much easier for our team.
MSG0000325,ACC00034,2024-05-10T13:00:00,agent,email,report exports,Could you help us understand why this is happening?
MSG0000326,ACC00034,2024-06-10T13:00:00,customer,meeting_notes,API reliability,We've been getting good value from the platform and adoption is steady.
MSG0000327,ACC00034,2024-02-20T08:00:00,agent,support_chat,renewal terms,The reporting changes are useful and the team is happy with them.
MSG0000328,ACC00034,2025-04-04T12:00:00,customer,meeting_notes,API reliability,This has been affecting the team for a while and we need a clearer resolution.
MSG0000329,ACC00034,2025-08-10T10:00:00,customer,support_chat,SSO,We've been getting good value from the platform and adoption is steady.
MSG0000330,ACC00034,2025-09-25T16:00:00,customer,email,usage reporting,We've been getting good value from the platform and adoption is steady.
MSG0000331,ACC00034,2024-10-02T14:00:00,agent,meeting_notes,workflow automation,Could you help us understand why this is happening?
MSG0000332,ACC00034,2025-03-12T16:00:00,customer,meeting_notes,renewal terms,We're reviewing the latest changes and have a few questions.
MSG0000333,ACC00034,2025-01-14T11:00:00,agent,email,invoice reconciliation,We're reviewing the latest changes and have a few questions.
MSG0000334,ACC00034,2025-03-05T10:00:00,customer,meeting_notes,API reliability,The latest release has made the workflow much easier for our team.
MSG0000335,ACC00035,2024-10-02T09:00:00,agent,meeting_notes,SSO,The latest release has made the workflow much easier for our team.
MSG0000336,ACC00035,2025-11-09T14:00:00,customer,support_chat,API reliability,Thanks for getting this sorted so quickly. Everything is working now.
MSG0000337,ACC00035,2025-05-12T09:00:00,customer,support_chat,user provisioning,We're still evaluating the change internally.
MSG0000338,ACC00035,2024-01-01T12:00:00,customer,email,renewal terms,Could you help us understand why this is happening?
MSG0000339,ACC00035,2024-05-17T17:00:00,agent,support_chat,API reliability,This has been affecting the team for a while and we need a clearer resolution.
MSG0000340,ACC00035,2024-04-09T13:00:00,agent,email,integration errors,Could you help us understand why this is happening?
MSG0000341,ACC00035,2024-07-19T09:00:00,customer,support_chat,renewal terms,The reporting changes are useful and the team is happy with them.
MSG0000342,ACC00035,2025-06-25T16:00:00,agent,meeting_notes,integration errors,We've been getting good value from the platform and adoption is steady.
MSG0000343,ACC00035,2025-11-18T12:00:00,agent,email,user provisioning,We've had to follow up several times and this is starting to become frustrating.
MSG0000344,ACC00035,2024-02-10T14:00:00,agent,support_chat,usage reporting,We've been getting good value from the platform and adoption is steady.
MSG0000345,ACC00035,2024-02-05T09:00:00,agent,meeting_notes,report exports,We've been getting good value from the platform and adoption is steady.
MSG0000346,ACC00035,2024-04-16T08:00:00,agent,support_chat,mobile access,We're still evaluating the change internally.
MSG0000347,ACC00035,2024-04-09T10:00:00,agent,email,API reliability,This has been affecting the team for a while and we need a clearer resolution.
MSG0000348,ACC00035,2024-11-06T10:00:00,agent,email,permissions,This has been affecting the team for a while and we need a clearer resolution.
MSG0000349,ACC00036,2024-08-24T16:00:00,customer,support_chat,permissions,We've been getting good value from the platform and adoption is steady.
MSG0000350,ACC00036,2025-07-23T10:00:00,customer,meeting_notes,invoice reconciliation,The latest release has made the workflow much easier for our team.
MSG0000351,ACC00036,2024-05-08T08:00:00,agent,meeting_notes,API reliability,We've had to follow up several times and this is starting to become frustrating.
MSG0000352,ACC00036,2024-08-18T16:00:00,customer,meeting_notes,API reliability,We've been getting good value from the platform and adoption is steady.
MSG0000353,ACC00036,2024-09-09T13:00:00,customer,email,report exports,We've had to follow up several times and this is starting to become frustrating.
MSG0000354,ACC00036,2025-02-16T11:00:00,agent,email,usage reporting,Thanks for getting this sorted so quickly. Everything is working now.
MSG0000355,ACC00036,2025-09-03T16:00:00,customer,email,user provisioning,Thanks for getting this sorted so quickly. Everything is working now.
MSG0000356,ACC00036,2025-12-21T16:00:00,agent,support_chat,workflow automation,We've been getting good value from the platform and adoption is steady.
MSG0000357,ACC00037,2024-05-02T09:00:00,customer,email,renewal terms,We're reviewing the latest changes and have a few questions.
MSG0000358,ACC00037,2024-07-06T10:00:00,customer,meeting_notes,SSO,The reporting changes are useful and the team is happy with them.
MSG0000359,ACC00037,2024-03-08T15:00:00,customer,support_chat,API reliability,We're reviewing the latest changes and have a few questions.
MSG0000360,ACC00037,2024-03-09T08:00:00,customer,meeting_notes,user provisioning,We're reviewing the latest changes and have a few questions.
MSG0000361,ACC00037,2024-08-16T14:00:00,customer,meeting_notes,report exports,"The workflow is mostly fine, although there are a couple of things we'd like improved."
MSG0000362,ACC00038,2024-02-08T15:00:00,agent,email,user provisioning,The reporting changes are useful and the team is happy with them.
MSG0000363,ACC00038,2024-05-15T15:00:00,customer,email,API reliability,We've had to follow up several times and this is starting to become frustrating.
MSG0000364,ACC00038,2024-01-27T10:00:00,agent,meeting_notes,mobile access,We've been getting good value from the platform and adoption is steady.
MSG0000365,ACC00038,2024-06-04T18:00:00,customer,support_chat,SSO,Our payment was rejected again and we'd like help resolving the billing issue.
MSG0000366,ACC00038,2024-08-28T16:00:00,agent,meeting_notes,SSO,Our payment was rejected again and we'd like help resolving the billing issue.
MSG0000367,ACC00039,2024-07-04T11:00:00,customer,email,renewal terms,Thanks for getting this sorted so quickly. Everything is working now.
MSG0000368,ACC00039,2025-02-16T16:00:00,customer,support_chat,workflow automation,We've been getting good value from the platform and adoption is steady.
MSG0000369,ACC00039,2024-11-02T08:00:00,customer,email,usage reporting,This has been affecting the team for a while and we need a clearer resolution.
MSG0000370,ACC00039,2025-09-26T09:00:00,agent,email,report exports,We're reviewing the latest changes and have a few questions.
MSG0000371,ACC00039,2024-12-06T15:00:00,customer,email,usage reporting,"The workflow is mostly fine, although there are a couple of things we'd like improved."
MSG0000372,ACC00039,2025-07-17T15:00:00,customer,meeting_notes,renewal terms,We've had to follow up several times and this is starting to become frustrating.
MSG0000373,ACC00039,2024-05-25T15:00:00,customer,email,invoice reconciliation,The latest release has made the workflow much easier for our team.
MSG0000374,ACC00039,2025-05-17T16:00:00,customer,email,data synchronization,Could you help us understand why this is happening?
MSG0000375,ACC00039,2025-06-26T14:00:00,customer,support_chat,renewal terms,"The workflow is mostly fine, although there are a couple of things we'd like improved."
MSG0000376,ACC00039,2025-07-17T14:00:00,customer,support_chat,dashboard performance,We're still evaluating the change internally.
MSG0000377,ACC00039,2024-06-05T15:00:00,customer,meeting_notes,permissions,Could you help us understand why this is happening?
MSG0000378,ACC00039,2024-09-18T18:00:00,agent,support_chat,data synchronization,Could you help us understand why this is happening?
MSG0000379,ACC00039,2024-11-26T17:00:00,customer,email,dashboard performance,We're reviewing the latest changes and have a few questions.
MSG0000380,ACC00040,2024-07-14T14:00:00,customer,email,permissions,Could you help us understand why this is happening?
MSG0000381,ACC00040,2024-06-15T18:00:00,agent,email,SSO,We're reviewing the latest changes and have a few questions.
MSG0000382,ACC00040,2024-10-06T09:00:00,customer,meeting_notes,permissions,We've been getting good value from the platform and adoption is steady.
MSG0000383,ACC00040,2025-01-21T16:00:00,agent,email,integration errors,Thanks for getting this sorted so quickly. Everything is working now.
MSG0000384,ACC00040,2024-05-20T12:00:00,customer,meeting_notes,invoice reconciliation,"The workflow is mostly fine, although there are a couple of things we'd like improved."
MSG0000385,ACC00040,2024-12-24T14:00:00,agent,meeting_notes,permissions,We've been getting good value from the platform and adoption is steady.
MSG0000386,ACC00040,2024-01-26T11:00:00,customer,email,billing configuration,This has been affecting the team for a while and we need a clearer resolution.
MSG0000387,ACC00040,2024-01-25T09:00:00,agent,email,SSO,The reporting changes are useful and the team is happy with them.
MSG0000388,ACC00040,2024-09-07T14:00:00,customer,meeting_notes,data synchronization,Could you help us understand why this is happening?
MSG0000389,ACC00040,2025-01-10T10:00:00,agent,support_chat,API reliability,The reporting changes are useful and the team is happy with them.
MSG0000390,ACC00040,2024-01-05T15:00:00,customer,support_chat,integration errors,The latest release has made the workflow much easier for our team.
MSG0000391,ACC00040,2024-06-16T11:00:00,customer,email,SSO,We've had to follow up several times and this is starting to become frustrating.
MSG0000392,ACC00040,2025-08-20T08:00:00,agent,email,user provisioning,We're still evaluating the change internally.
MSG0000393,ACC00041,2024-10-05T09:00:00,customer,meeting_notes,data synchronization,We're considering reducing the footprint at renewal unless things improve.
MSG0000394,ACC00041,2024-04-13T10:00:00,agent,support_chat,integration errors,Thanks for getting this sorted so quickly. Everything is working now.
MSG0000395,ACC00041,2024-08-27T18:00:00,customer,meeting_notes,SSO,Our leadership team is questioning whether we should continue with the platform.
MSG0000396,ACC00041,2024-01-17T17:00:00,customer,support_chat,mobile access,The reporting changes are useful and the team is happy with them.
MSG0000397,ACC00041,2024-05-09T14:00:00,customer,meeting_notes,workflow automation,We're considering reducing the footprint at renewal unless things improve.
MSG0000398,ACC00041,2024-03-03T12:00:00,customer,email,integration errors,We've been getting good value from the platform and adoption is steady.
MSG0000399,ACC00041,2024-07-23T14:00:00,customer,support_chat,usage reporting,This has been affecting the team for a while and we need a clearer resolution.
MSG0000400,ACC00041,2024-06-08T08:00:00,customer,meeting_notes,API reliability,We're reviewing alternatives because this is becoming difficult to justify internally.
MSG0000401,ACC00042,2025-06-20T15:00:00,agent,email,workflow automation,This has been affecting the team for a while and we need a clearer resolution.
MSG0000402,ACC00042,2025-03-25T14:00:00,customer,support_chat,permissions,The reporting changes are useful and the team is happy with them.
MSG0000403,ACC00042,2025-04-06T08:00:00,agent,meeting_notes,mobile access,The reporting changes are useful and the team is happy with them.
MSG0000404,ACC00042,2025-01-22T10:00:00,agent,support_chat,usage reporting,We've been getting good value from the platform and adoption is steady.
MSG0000405,ACC00042,2024-01-21T16:00:00,agent,email,integration errors,The latest release has made the workflow much easier for our team.
MSG0000406,ACC00042,2025-01-08T08:00:00,customer,meeting_notes,invoice reconciliation,We're reviewing the latest changes and have a few questions.
MSG0000407,ACC00042,2024-02-13T17:00:00,customer,meeting_notes,mobile access,The reporting changes are useful and the team is happy with them.
MSG0000408,ACC00042,2024-05-09T17:00:00,customer,email,dashboard performance,The reporting changes are useful and the team is happy with them.
MSG0000409,ACC00042,2024-01-02T18:00:00,customer,meeting_notes,renewal terms,We've been getting good value from the platform and adoption is steady.
MSG0000410,ACC00042,2025-01-15T15:00:00,customer,email,renewal terms,We've had to follow up several times and this is starting to become frustrating.
MSG0000411,ACC00042,2025-02-12T10:00:00,customer,meeting_notes,data synchronization,We're reviewing the latest changes and have a few questions.
MSG0000412,ACC00043,2024-01-02T09:00:00,customer,meeting_notes,SSO,We're still evaluating the change internally.
MSG0000413,ACC00043,2024-06-23T12:00:00,customer,email,user provisioning,We're still evaluating the change internally.
MSG0000414,ACC00043,2024-03-13T16:00:00,customer,email,report exports,Could you help us understand why this is happening?
MSG0000415,ACC00043,2024-12-18T18:00:00,agent,email,API reliability,We're still evaluating the change internally.
MSG0000416,ACC00043,2024-04-19T13:00:00,customer,support_chat,billing configuration,The latest release has made the workflow much easier for our team.
MSG0000417,ACC00043,2024-04-27T18:00:00,customer,support_chat,API reliability,We've been getting good value from the platform and adoption is steady.
MSG0000418,ACC00043,2024-08-27T15:00:00,agent,email,invoice reconciliation,The latest release has made the workflow much easier for our team.
MSG0000419,ACC00043,2024-02-02T15:00:00,agent,meeting_notes,data synchronization,We've been getting good value from the platform and adoption is steady.
MSG0000420,ACC00043,2024-03-17T17:00:00,customer,support_chat,usage reporting,We're reviewing the latest changes and have a few questions.
MSG0000421,ACC00044,2024-07-13T13:00:00,customer,support_chat,SSO,We're reviewing the latest changes and have a few questions.
MSG0000422,ACC00044,2024-10-04T15:00:00,customer,meeting_notes,report exports,We've had to follow up several times and this is starting to become frustrating.
MSG0000423,ACC00044,2025-09-06T18:00:00,agent,email,invoice reconciliation,This has been affecting the team for a while and we need a clearer resolution.
MSG0000424,ACC00044,2024-08-10T13:00:00,customer,meeting_notes,billing configuration,We've been getting good value from the platform and adoption is steady.
MSG0000425,ACC00044,2024-02-19T08:00:00,agent,email,data synchronization,"The workflow is mostly fine, although there are a couple of things we'd like improved."
MSG0000426,ACC00044,2024-08-01T18:00:00,customer,support_chat,mobile access,We've had to follow up several times and this is starting to become frustrating.
MSG0000427,ACC00044,2024-09-08T08:00:00,agent,email,API reliability,Thanks for getting this sorted so quickly. Everything is working now.
MSG0000428,ACC00044,2025-01-13T15:00:00,agent,meeting_notes,report exports,The reporting changes are useful and the team is happy with them.
MSG0000429,ACC00044,2024-10-22T13:00:00,customer,meeting_notes,mobile access,We're still evaluating the change internally.
MSG0000430,ACC00044,2025-06-15T13:00:00,agent,email,SSO,This has been affecting the team for a while and we need a clearer resolution.
MSG0000431,ACC00044,2025-07-24T17:00:00,customer,support_chat,report exports,"The workflow is mostly fine, although there are a couple of things we'd like improved."
MSG0000432,ACC00044,2024-08-27T11:00:00,agent,email,billing configuration,"The workflow is mostly fine, although there are a couple of things we'd like improved."
MSG0000433,ACC00044,2024-01-23T10:00:00,customer,meeting_notes,SSO,We're still evaluating the change internally.
MSG0000434,ACC00044,2024-03-09T15:00:00,agent,meeting_notes,integration errors,We're still evaluating the change internally.
MSG0000435,ACC00044,2024-05-01T15:00:00,customer,support_chat,renewal terms,We've been getting good value from the platform and adoption is steady.
MSG0000436,ACC00045,2024-09-16T13:00:00,customer,meeting_notes,usage reporting,We're still evaluating the change internally.
MSG0000437,ACC00045,2024-09-24T18:00:00,agent,support_chat,invoice reconciliation,Could you help us understand why this is happening?
MSG0000438,ACC00045,2025-02-12T17:00:00,agent,support_chat,user provisioning,We're still evaluating the change internally.
MSG0000439,ACC00045,2025-01-24T17:00:00,customer,email,user provisioning,We've had to follow up several times and this is starting to become frustrating.
MSG0000440,ACC00045,2024-07-09T10:00:00,customer,support_chat,data synchronization,We've been getting good value from the platform and adoption is steady.
MSG0000441,ACC00045,2024-01-18T08:00:00,customer,meeting_notes,dashboard performance,This has been affecting the team for a while and we need a clearer resolution.
MSG0000442,ACC00045,2025-05-03T13:00:00,agent,meeting_notes,SSO,Thanks for getting this sorted so quickly. Everything is working now.
MSG0000443,ACC00045,2024-11-26T13:00:00,customer,support_chat,renewal terms,This has been affecting the team for a while and we need a clearer resolution.
MSG0000444,ACC00045,2025-03-06T09:00:00,customer,support_chat,SSO,The reporting changes are useful and the team is happy with them.
MSG0000445,ACC00045,2024-08-12T17:00:00,customer,support_chat,API reliability,We've been getting good value from the platform and adoption is steady.
MSG0000446,ACC00045,2024-10-02T18:00:00,agent,meeting_notes,invoice reconciliation,We're reviewing the latest changes and have a few questions.
MSG0000447,ACC00045,2024-08-26T10:00:00,agent,support_chat,billing configuration,"The workflow is mostly fine, although there are a couple of things we'd like improved."
MSG0000448,ACC00045,2024-11-10T11:00:00,customer,support_chat,invoice reconciliation,The latest release has made the workflow much easier for our team.
MSG0000449,ACC00046,2024-05-15T18:00:00,agent,email,workflow automation,"The workflow is mostly fine, although there are a couple of things we'd like improved."
MSG0000450,ACC00046,2024-11-23T17:00:00,customer,support_chat,permissions,We've had to follow up several times and this is starting to become frustrating.
MSG0000451,ACC00046,2025-06-14T13:00:00,agent,email,permissions,The reporting changes are useful and the team is happy with them.
MSG0000452,ACC00046,2024-07-04T17:00:00,customer,support_chat,data synchronization,We've been getting good value from the platform and adoption is steady.
MSG0000453,ACC00046,2024-10-07T08:00:00,agent,meeting_notes,permissions,We've had to follow up several times and this is starting to become frustrating.
MSG0000454,ACC00046,2024-11-06T11:00:00,customer,email,API reliability,We've been getting good value from the platform and adoption is steady.
MSG0000455,ACC00046,2025-07-03T13:00:00,agent,support_chat,billing configuration,The latest release has made the workflow much easier for our team.
MSG0000456,ACC00047,2025-02-26T15:00:00,agent,email,workflow automation,Could you help us understand why this is happening?
MSG0000457,ACC00047,2025-02-05T15:00:00,customer,support_chat,invoice reconciliation,This has been affecting the team for a while and we need a clearer resolution.
MSG0000458,ACC00047,2024-09-21T13:00:00,customer,email,invoice reconciliation,The reporting changes are useful and the team is happy with them.
MSG0000459,ACC00047,2024-09-27T15:00:00,customer,email,dashboard performance,Thanks for getting this sorted so quickly. Everything is working now.
MSG0000460,ACC00047,2024-02-05T16:00:00,customer,meeting_notes,billing configuration,We're reviewing the latest changes and have a few questions.
MSG0000461,ACC00047,2024-03-15T10:00:00,agent,email,dashboard performance,Thanks for getting this sorted so quickly. Everything is working now.
MSG0000462,ACC00047,2024-02-12T08:00:00,agent,meeting_notes,user provisioning,We're still evaluating the change internally.
MSG0000463,ACC00047,2024-09-22T16:00:00,agent,email,renewal terms,We're still evaluating the change internally.
MSG0000464,ACC00047,2025-04-21T18:00:00,customer,support_chat,user provisioning,We're still evaluating the change internally.
MSG0000465,ACC00047,2024-04-20T17:00:00,agent,email,user provisioning,Thanks for getting this sorted so quickly. Everything is working now.
MSG0000466,ACC00047,2024-12-21T16:00:00,customer,support_chat,SSO,The reporting changes are useful and the team is happy with them.
MSG0000467,ACC00047,2024-05-11T16:00:00,customer,support_chat,integration errors,We've been getting good value from the platform and adoption is steady.
MSG0000468,ACC00047,2024-02-26T17:00:00,customer,meeting_notes,dashboard performance,Could you help us understand why this is happening?
MSG0000469,ACC00048,2024-04-21T16:00:00,customer,support_chat,API reliability,"The workflow is mostly fine, although there are a couple of things we'd like improved."
MSG0000470,ACC00048,2024-08-14T16:00:00,agent,email,report exports,We're reviewing the latest changes and have a few questions.
MSG0000471,ACC00048,2024-03-07T10:00:00,agent,email,invoice reconciliation,We've had to follow up several times and this is starting to become frustrating.
MSG0000472,ACC00048,2024-04-22T16:00:00,agent,email,data synchronization,We've had to follow up several times and this is starting to become frustrating.
MSG0000473,ACC00048,2024-06-15T17:00:00,customer,support_chat,usage reporting,We've been getting good value from the platform and adoption is steady.
MSG0000474,ACC00048,2025-01-04T18:00:00,customer,meeting_notes,usage reporting,The latest release has made the workflow much easier for our team.
MSG0000475,ACC00049,2024-06-03T09:00:00,customer,meeting_notes,SSO,We're still evaluating the change internally.
MSG0000476,ACC00049,2024-06-14T12:00:00,agent,meeting_notes,invoice reconciliation,We've had to follow up several times and this is starting to become frustrating.
MSG0000477,ACC00049,2024-11-23T18:00:00,customer,email,SSO,Could you help us understand why this is happening?
MSG0000478,ACC00049,2024-06-22T13:00:00,agent,support_chat,API reliability,Thanks for getting this sorted so quickly. Everything is working now.
MSG0000479,ACC00049,2024-11-16T13:00:00,customer,email,report exports,This has been affecting the team for a while and we need a clearer resolution.
MSG0000480,ACC00049,2024-11-02T16:00:00,customer,meeting_notes,API reliability,The latest release has made the workflow much easier for our team.
MSG0000481,ACC00049,2024-09-15T15:00:00,customer,email,billing configuration,We're reviewing the latest changes and have a few questions.
MSG0000482,ACC00049,2024-10-15T16:00:00,customer,support_chat,API reliability,We're reviewing the latest changes and have a few questions.
MSG0000483,ACC00049,2024-12-19T12:00:00,customer,support_chat,dashboard performance,This has been affecting the team for a while and we need a clearer resolution.
MSG0000484,ACC00049,2024-11-08T15:00:00,customer,email,invoice reconciliation,We've had to follow up several times and this is starting to become frustrating.
MSG0000485,ACC00049,2024-04-17T11:00:00,customer,email,usage reporting,"The workflow is mostly fine, although there are a couple of things we'd like improved."
MSG0000486,ACC00050,2025-09-11T14:00:00,customer,support_chat,integration errors,"The workflow is mostly fine, although there are a couple of things we'd like improved."
MSG0000487,ACC00050,2024-06-12T13:00:00,customer,support_chat,invoice reconciliation,We've been getting good value from the platform and adoption is steady.
MSG0000488,ACC00050,2025-01-22T17:00:00,agent,meeting_notes,invoice reconciliation,The latest release has made the workflow much easier for our team.
MSG0000489,ACC00050,2025-04-16T10:00:00,customer,email,mobile access,We're still evaluating the change internally.
MSG0000490,ACC00050,2025-08-14T18:00:00,customer,support_chat,invoice reconciliation,"The workflow is mostly fine, although there are a couple of things we'd like improved."
MSG0000491,ACC00050,2024-10-06T16:00:00,customer,support_chat,dashboard performance,We've been getting good value from the platform and adoption is steady.
MSG0000492,ACC00050,2024-03-27T18:00:00,customer,email,integration errors,"The workflow is mostly fine, although there are a couple of things we'd like improved."
MSG0000493,ACC00050,2025-11-15T13:00:00,customer,meeting_notes,dashboard performance,The reporting changes are useful and the team is happy with them.
MSG0000494,ACC00050,2025-02-27T12:00:00,agent,email,report exports,The latest release has made the workflow much easier for our team.
MSG0000495,ACC00051,2025-09-12T13:00:00,customer,email,workflow automation,We've been getting good value from the platform and adoption is steady.
MSG0000496,ACC00051,2025-02-03T18:00:00,customer,support_chat,usage reporting,We're still evaluating the change internally.
MSG0000497,ACC00051,2025-06-01T18:00:00,customer,support_chat,renewal terms,Thanks for getting this sorted so quickly. Everything is working now.
MSG0000498,ACC00051,2025-11-12T17:00:00,customer,support_chat,report exports,We've had to follow up several times and this is starting to become frustrating.
MSG0000499,ACC00051,2024-05-04T09:00:00,agent,support_chat,mobile access,This has been affecting the team for a while and we need a clearer resolution.
MSG0000500,ACC00051,2025-07-27T09:00:00,agent,meeting_notes,user provisioning,Thanks for getting this sorted so quickly. Everything is working now.
MSG0000501,ACC00051,2025-11-10T17:00:00,agent,support_chat,workflow automation,We've had to follow up several times and this is starting to become frustrating.
MSG0000502,ACC00051,2025-06-14T16:00:00,customer,support_chat,user provisioning,"The workflow is mostly fine, although there are a couple of things we'd like improved."
MSG0000503,ACC00051,2024-02-01T16:00:00,customer,support_chat,dashboard performance,We've had to follow up several times and this is starting to become frustrating.
MSG0000504,ACC00051,2024-01-17T11:00:00,agent,meeting_notes,API reliability,We're still evaluating the change internally.
MSG0000505,ACC00051,2025-07-04T17:00:00,customer,meeting_notes,renewal terms,The latest release has made the workflow much easier for our team.
MSG0000506,ACC00051,2025-07-05T09:00:00,customer,email,user provisioning,"The workflow is mostly fine, although there are a couple of things we'd like improved."
MSG0000507,ACC00051,2025-07-24T16:00:00,customer,meeting_notes,permissions,The reporting changes are useful and the team is happy with them.
MSG0000508,ACC00051,2024-05-27T11:00:00,agent,support_chat,mobile access,Could you help us understand why this is happening?
MSG0000509,ACC00051,2024-09-17T14:00:00,customer,email,mobile access,We're reviewing the latest changes and have a few questions.
MSG0000510,ACC00051,2024-06-04T11:00:00,agent,support_chat,data synchronization,This has been affecting the team for a while and we need a clearer resolution.
MSG0000511,ACC00051,2024-09-14T10:00:00,agent,email,SSO,Thanks for getting this sorted so quickly. Everything is working now.
MSG0000512,ACC00051,2024-03-06T11:00:00,agent,meeting_notes,SSO,We're still evaluating the change internally.
MSG0000513,ACC00052,2025-06-15T16:00:00,agent,support_chat,workflow automation,We're reviewing the latest changes and have a few questions.
MSG0000514,ACC00052,2025-03-27T09:00:00,customer,meeting_notes,invoice reconciliation,Thanks for getting this sorted so quickly. Everything is working now.
MSG0000515,ACC00052,2024-12-01T08:00:00,agent,email,billing configuration,"The workflow is mostly fine, although there are a couple of things we'd like improved."
MSG0000516,ACC00052,2025-05-10T16:00:00,customer,support_chat,SSO,This has been affecting the team for a while and we need a clearer resolution.
MSG0000517,ACC00052,2024-05-08T13:00:00,agent,support_chat,report exports,We're reviewing the latest changes and have a few questions.
MSG0000518,ACC00052,2024-10-24T14:00:00,customer,email,SSO,"The workflow is mostly fine, although there are a couple of things we'd like improved."
MSG0000519,ACC00052,2024-03-11T18:00:00,agent,meeting_notes,usage reporting,"The workflow is mostly fine, although there are a couple of things we'd like improved."
MSG0000520,ACC00052,2024-12-06T13:00:00,customer,email,report exports,We're reviewing the latest changes and have a few questions.
MSG0000521,ACC00052,2025-01-22T12:00:00,agent,email,billing configuration,We're reviewing the latest changes and have a few questions.
MSG0000522,ACC00052,2024-04-04T18:00:00,customer,email,mobile access,This has been affecting the team for a while and we need a clearer resolution.
MSG0000523,ACC00052,2025-06-03T16:00:00,customer,email,renewal terms,Thanks for getting this sorted so quickly. Everything is working now.
MSG0000524,ACC00052,2025-10-14T11:00:00,customer,meeting_notes,integration errors,We're reviewing the latest changes and have a few questions.
MSG0000525,ACC00052,2024-10-17T16:00:00,agent,meeting_notes,mobile access,Thanks for getting this sorted so quickly. Everything is working now.
MSG0000526,ACC00052,2024-09-19T14:00:00,customer,support_chat,user provisioning,We've had to follow up several times and this is starting to become frustrating.
MSG0000527,ACC00053,2024-04-12T14:00:00,agent,support_chat,mobile access,We're reviewing the latest changes and have a few questions.
MSG0000528,ACC00053,2025-09-25T11:00:00,agent,email,invoice reconciliation,We're still evaluating the change internally.
MSG0000529,ACC00053,2024-04-16T13:00:00,agent,meeting_notes,report exports,We're reviewing the latest changes and have a few questions.
MSG0000530,ACC00053,2024-06-15T12:00:00,agent,meeting_notes,renewal terms,We've been getting good value from the platform and adoption is steady.
MSG0000531,ACC00053,2024-11-23T15:00:00,customer,email,integration errors,Thanks for getting this sorted so quickly. Everything is working now.
MSG0000532,ACC00053,2024-06-11T12:00:00,agent,support_chat,SSO,"The workflow is mostly fine, although there are a couple of things we'd like improved."
MSG0000533,ACC00053,2025-03-06T16:00:00,agent,email,workflow automation,We've had to follow up several times and this is starting to become frustrating.
MSG0000534,ACC00053,2025-02-14T12:00:00,customer,meeting_notes,user provisioning,Thanks for getting this sorted so quickly. Everything is working now.
MSG0000535,ACC00053,2025-10-07T10:00:00,agent,meeting_notes,invoice reconciliation,We're still evaluating the change internally.
MSG0000536,ACC00053,2024-11-07T16:00:00,customer,meeting_notes,SSO,"The workflow is mostly fine, although there are a couple of things we'd like improved."
MSG0000537,ACC00053,2024-12-20T10:00:00,agent,support_chat,usage reporting,The reporting changes are useful and the team is happy with them.
MSG0000538,ACC00053,2025-05-27T15:00:00,customer,meeting_notes,usage reporting,This has been affecting the team for a while and we need a clearer resolution.
MSG0000539,ACC00053,2024-01-26T12:00:00,agent,meeting_notes,user provisioning,We've had to follow up several times and this is starting to become frustrating.
MSG0000540,ACC00053,2025-07-22T11:00:00,customer,support_chat,billing configuration,Thanks for getting this sorted so quickly. Everything is working now.
MSG0000541,ACC00053,2024-12-25T11:00:00,customer,email,permissions,We're reviewing the latest changes and have a few questions.
MSG0000542,ACC00054,2024-04-05T08:00:00,customer,support_chat,billing configuration,This has been affecting the team for a while and we need a clearer resolution.
MSG0000543,ACC00054,2024-08-01T08:00:00,customer,meeting_notes,usage reporting,This has been affecting the team for a while and we need a clearer resolution.
MSG0000544,ACC00054,2025-06-09T13:00:00,customer,email,SSO,Thanks for getting this sorted so quickly. Everything is working now.
MSG0000545,ACC00054,2025-11-04T09:00:00,agent,support_chat,data synchronization,Could you help us understand why this is happening?
MSG0000546,ACC00054,2024-01-11T09:00:00,customer,email,API reliability,We're reviewing the latest changes and have a few questions.
MSG0000547,ACC00054,2025-07-21T09:00:00,customer,email,mobile access,We're reviewing the latest changes and have a few questions.
MSG0000548,ACC00054,2025-03-16T17:00:00,customer,support_chat,workflow automation,We're still evaluating the change internally.
MSG0000549,ACC00054,2025-08-05T13:00:00,agent,email,API reliability,We're reviewing the latest changes and have a few questions.
MSG0000550,ACC00054,2025-05-18T11:00:00,customer,meeting_notes,data synchronization,We're reviewing the latest changes and have a few questions.
MSG0000551,ACC00054,2025-11-18T09:00:00,customer,email,dashboard performance,This has been affecting the team for a while and we need a clearer resolution.
MSG0000552,ACC00054,2025-06-16T15:00:00,customer,meeting_notes,user provisioning,The latest release has made the workflow much easier for our team.
MSG0000553,ACC00054,2025-07-07T11:00:00,agent,meeting_notes,integration errors,The reporting changes are useful and the team is happy with them.
MSG0000554,ACC00054,2025-06-14T13:00:00,customer,meeting_notes,report exports,We've been getting good value from the platform and adoption is steady.
MSG0000555,ACC00054,2024-06-11T15:00:00,agent,support_chat,dashboard performance,We've had to follow up several times and this is starting to become frustrating.
MSG0000556,ACC00055,2024-05-22T14:00:00,customer,email,data synchronization,The reporting changes are useful and the team is happy with them.
MSG0000557,ACC00055,2024-02-02T10:00:00,customer,meeting_notes,SSO,We're still evaluating the change internally.
MSG0000558,ACC00055,2024-01-25T16:00:00,customer,meeting_notes,workflow automation,We're reviewing the latest changes and have a few questions.
MSG0000559,ACC00055,2024-08-12T14:00:00,customer,email,invoice reconciliation,"The workflow is mostly fine, although there are a couple of things we'd like improved."
MSG0000560,ACC00055,2024-09-14T17:00:00,customer,email,user provisioning,We've had to follow up several times and this is starting to become frustrating.
MSG0000561,ACC00056,2025-11-25T14:00:00,customer,email,usage reporting,We're reviewing the latest changes and have a few questions.
MSG0000562,ACC00056,2025-06-27T15:00:00,agent,support_chat,permissions,Could you help us understand why this is happening?
MSG0000563,ACC00056,2024-01-08T14:00:00,agent,meeting_notes,mobile access,We're reviewing the latest changes and have a few questions.
MSG0000564,ACC00056,2024-05-04T13:00:00,customer,support_chat,invoice reconciliation,This has been affecting the team for a while and we need a clearer resolution.
MSG0000565,ACC00056,2025-05-12T12:00:00,customer,email,SSO,"The workflow is mostly fine, although there are a couple of things we'd like improved."
MSG0000566,ACC00056,2024-08-14T08:00:00,customer,support_chat,integration errors,"The workflow is mostly fine, although there are a couple of things we'd like improved."
MSG0000567,ACC00056,2025-08-17T14:00:00,customer,email,data synchronization,We're reviewing the latest changes and have a few questions.
MSG0000568,ACC00056,2025-07-10T17:00:00,agent,meeting_notes,SSO,We're still evaluating the change internally.
MSG0000569,ACC00056,2024-05-24T08:00:00,customer,meeting_notes,user provisioning,We're reviewing the latest changes and have a few questions.
MSG0000570,ACC00056,2024-06-06T14:00:00,customer,email,user provisioning,This has been affecting the team for a while and we need a clearer resolution.
MSG0000571,ACC00056,2025-02-13T09:00:00,agent,meeting_notes,integration errors,We're still evaluating the change internally.
MSG0000572,ACC00057,2025-04-09T13:00:00,customer,support_chat,usage reporting,We're still evaluating the change internally.
MSG0000573,ACC00057,2025-06-22T18:00:00,agent,email,API reliability,The experience lately hasn't been great and we're spending more time working around the product.
MSG0000574,ACC00057,2025-03-25T09:00:00,customer,email,renewal terms,We're reviewing alternatives because this is becoming difficult to justify internally.
MSG0000575,ACC00057,2024-09-14T15:00:00,agent,email,renewal terms,"The workflow is mostly fine, although there are a couple of things we'd like improved."
MSG0000576,ACC00057,2025-02-06T11:00:00,agent,meeting_notes,user provisioning,Could you help us understand why this is happening?
MSG0000577,ACC00057,2024-01-12T11:00:00,customer,support_chat,API reliability,The latest release has made the workflow much easier for our team.
MSG0000578,ACC00057,2024-01-05T13:00:00,agent,support_chat,report exports,We're still evaluating the change internally.
MSG0000579,ACC00057,2024-07-13T16:00:00,customer,email,user provisioning,"The workflow is mostly fine, although there are a couple of things we'd like improved."
MSG0000580,ACC00057,2024-08-02T14:00:00,customer,email,data synchronization,"The workflow is mostly fine, although there are a couple of things we'd like improved."
MSG0000581,ACC00057,2024-02-05T16:00:00,agent,support_chat,dashboard performance,We've been getting good value from the platform and adoption is steady.
MSG0000582,ACC00057,2024-01-20T16:00:00,customer,email,integration errors,This has been affecting the team for a while and we need a clearer resolution.
MSG0000583,ACC00058,2024-03-14T16:00:00,agent,support_chat,dashboard performance,The latest release has made the workflow much easier for our team.
MSG0000584,ACC00058,2024-06-20T16:00:00,customer,support_chat,API reliability,We're reviewing the latest changes and have a few questions.
MSG0000585,ACC00059,2024-07-28T12:00:00,customer,email,integration errors,Thanks for getting this sorted so quickly. Everything is working now.
MSG0000586,ACC00059,2025-03-16T12:00:00,customer,support_chat,integration errors,We're reviewing the latest changes and have a few questions.
MSG0000587,ACC00059,2024-12-04T18:00:00,customer,support_chat,usage reporting,We're reviewing the latest changes and have a few questions.
MSG0000588,ACC00059,2024-09-22T16:00:00,customer,meeting_notes,mobile access,Thanks for getting this sorted so quickly. Everything is working now.
MSG0000589,ACC00059,2024-11-26T18:00:00,agent,meeting_notes,mobile access,We've had to follow up several times and this is starting to become frustrating.
MSG0000590,ACC00059,2024-09-04T17:00:00,customer,meeting_notes,billing configuration,"The workflow is mostly fine, although there are a couple of things we'd like improved."
MSG0000591,ACC00059,2024-08-06T14:00:00,agent,support_chat,usage reporting,The latest release has made the workflow much easier for our team.
MSG0000592,ACC00059,2025-06-13T17:00:00,customer,support_chat,renewal terms,We're reviewing alternatives because this is becoming difficult to justify internally.
MSG0000593,ACC00059,2025-04-10T16:00:00,customer,support_chat,invoice reconciliation,I'm concerned that we're not getting the level of support we expected.
MSG0000594,ACC00059,2025-01-06T17:00:00,agent,meeting_notes,permissions,The reporting changes are useful and the team is happy with them.
MSG0000595,ACC00059,2024-03-12T09:00:00,agent,email,workflow automation,We've had to follow up several times and this is starting to become frustrating.
MSG0000596,ACC00059,2025-06-17T10:00:00,agent,support_chat,renewal terms,We're reviewing alternatives because this is becoming difficult to justify internally.
MSG0000597,ACC00060,2024-01-11T08:00:00,agent,email,mobile access,Thanks for getting this sorted so quickly. Everything is working now.
MSG0000598,ACC00060,2024-04-08T12:00:00,agent,support_chat,usage reporting,We're reviewing the latest changes and have a few questions.
MSG0000599,ACC00060,2024-02-23T17:00:00,agent,email,usage reporting,We're reviewing the latest changes and have a few questions.
MSG0000600,ACC00061,2024-01-06T12:00:00,customer,support_chat,invoice reconciliation,This has been affecting the team for a while and we need a clearer resolution.
MSG0000601,ACC00061,2024-09-06T08:00:00,agent,email,user provisioning,This has been affecting the team for a while and we need a clearer resolution.
MSG0000602,ACC00061,2024-09-22T17:00:00,customer,support_chat,SSO,We've had to follow up several times and this is starting to become frustrating.
MSG0000603,ACC00061,2024-12-13T09:00:00,agent,support_chat,user provisioning,Could you help us understand why this is happening?
MSG0000604,ACC00061,2024-12-27T13:00:00,agent,support_chat,workflow automation,This has been affecting the team for a while and we need a clearer resolution.
MSG0000605,ACC00061,2025-01-06T13:00:00,agent,meeting_notes,report exports,The reporting changes are useful and the team is happy with them.
MSG0000606,ACC00061,2024-10-04T12:00:00,agent,support_chat,invoice reconciliation,We're still evaluating the change internally.
MSG0000607,ACC00061,2024-08-13T17:00:00,customer,support_chat,billing configuration,Could you help us understand why this is happening?
MSG0000608,ACC00061,2024-09-25T14:00:00,agent,meeting_notes,invoice reconciliation,"The workflow is mostly fine, although there are a couple of things we'd like improved."
MSG0000609,ACC00061,2024-11-07T16:00:00,agent,meeting_notes,user provisioning,This has been affecting the team for a while and we need a clearer resolution.
MSG0000610,ACC00062,2025-04-13T12:00:00,customer,email,invoice reconciliation,"The workflow is mostly fine, although there are a couple of things we'd like improved."
MSG0000611,ACC00062,2025-06-26T09:00:00,agent,support_chat,dashboard performance,The latest release has made the workflow much easier for our team.
MSG0000612,ACC00062,2025-08-04T18:00:00,customer,meeting_notes,dashboard performance,"The workflow is mostly fine, although there are a couple of things we'd like improved."
MSG0000613,ACC00062,2024-06-08T18:00:00,customer,support_chat,report exports,Thanks for getting this sorted so quickly. Everything is working now.
MSG0000614,ACC00062,2024-03-23T11:00:00,agent,email,data synchronization,We've been getting good value from the platform and adoption is steady.
MSG0000615,ACC00062,2024-02-14T17:00:00,agent,email,user provisioning,"The workflow is mostly fine, although there are a couple of things we'd like improved."
MSG0000616,ACC00062,2024-03-14T16:00:00,agent,support_chat,SSO,We're reviewing the latest changes and have a few questions.
MSG0000617,ACC00062,2024-11-06T18:00:00,agent,email,report exports,We're still evaluating the change internally.
MSG0000618,ACC00062,2024-05-21T13:00:00,customer,email,usage reporting,We're reviewing the latest changes and have a few questions.
MSG0000619,ACC00062,2025-03-19T16:00:00,agent,support_chat,mobile access,This has been affecting the team for a while and we need a clearer resolution.
MSG0000620,ACC00062,2025-05-12T14:00:00,customer,meeting_notes,integration errors,"The workflow is mostly fine, although there are a couple of things we'd like improved."
MSG0000621,ACC00062,2025-08-08T08:00:00,customer,meeting_notes,permissions,The latest release has made the workflow much easier for our team.
MSG0000622,ACC00062,2025-11-24T13:00:00,customer,meeting_notes,user provisioning,"The workflow is mostly fine, although there are a couple of things we'd like improved."
MSG0000623,ACC00063,2025-06-26T10:00:00,customer,email,dashboard performance,We've had to follow up several times and this is starting to become frustrating.
MSG0000624,ACC00063,2024-01-27T10:00:00,customer,email,usage reporting,This has been affecting the team for a while and we need a clearer resolution.
MSG0000625,ACC00063,2025-08-20T09:00:00,customer,support_chat,dashboard performance,We're still evaluating the change internally.
MSG0000626,ACC00063,2024-06-20T10:00:00,customer,email,user provisioning,Thanks for getting this sorted so quickly. Everything is working now.
MSG0000627,ACC00063,2025-03-18T10:00:00,customer,email,integration errors,We've been getting good value from the platform and adoption is steady.
MSG0000628,ACC00063,2024-06-13T14:00:00,customer,email,user provisioning,This has been affecting the team for a while and we need a clearer resolution.
MSG0000629,ACC00063,2024-08-05T13:00:00,agent,email,renewal terms,The latest release has made the workflow much easier for our team.
MSG0000630,ACC00063,2024-08-19T10:00:00,customer,meeting_notes,billing configuration,We've had to follow up several times and this is starting to become frustrating.
MSG0000631,ACC00063,2024-12-01T10:00:00,customer,email,permissions,Thanks for getting this sorted so quickly. Everything is working now.
MSG0000632,ACC00063,2025-07-02T09:00:00,customer,email,invoice reconciliation,This has been affecting the team for a while and we need a clearer resolution.
MSG0000633,ACC00063,2024-12-20T11:00:00,customer,email,integration errors,We're still evaluating the change internally.
MSG0000634,ACC00063,2024-02-01T08:00:00,customer,meeting_notes,permissions,The latest release has made the workflow much easier for our team.
MSG0000635,ACC00063,2024-11-14T09:00:00,customer,support_chat,user provisioning,"The workflow is mostly fine, although there are a couple of things we'd like improved."
MSG0000636,ACC00063,2025-11-23T18:00:00,agent,email,mobile access,We're reviewing the latest changes and have a few questions.
MSG0000637,ACC00063,2025-12-12T13:00:00,customer,meeting_notes,workflow automation,This has been affecting the team for a while and we need a clearer resolution.
MSG0000638,ACC00063,2025-07-20T10:00:00,customer,support_chat,usage reporting,The reporting changes are useful and the team is happy with them.
MSG0000639,ACC00063,2024-07-05T11:00:00,agent,meeting_notes,permissions,We've been getting good value from the platform and adoption is steady.
MSG0000640,ACC00063,2025-03-15T16:00:00,customer,support_chat,dashboard performance,We've been getting good value from the platform and adoption is steady.
MSG0000641,ACC00064,2025-01-04T15:00:00,agent,meeting_notes,usage reporting,Could you help us understand why this is happening?
MSG0000642,ACC00064,2024-02-18T08:00:00,agent,meeting_notes,mobile access,The reporting changes are useful and the team is happy with them.
MSG0000643,ACC00064,2025-07-21T08:00:00,customer,email,report exports,We're reviewing the latest changes and have a few questions.
MSG0000644,ACC00064,2024-10-02T12:00:00,customer,support_chat,user provisioning,The reporting changes are useful and the team is happy with them.
MSG0000645,ACC00064,2025-05-11T09:00:00,agent,email,mobile access,The reporting changes are useful and the team is happy with them.
MSG0000646,ACC00064,2024-09-17T18:00:00,customer,support_chat,data synchronization,The reporting changes are useful and the team is happy with them.
MSG0000647,ACC00064,2024-12-17T08:00:00,customer,meeting_notes,report exports,The reporting changes are useful and the team is happy with them.
MSG0000648,ACC00064,2024-04-13T16:00:00,customer,support_chat,API reliability,Could you help us understand why this is happening?
MSG0000649,ACC00064,2025-04-27T15:00:00,customer,email,integration errors,We've had to follow up several times and this is starting to become frustrating.
MSG0000650,ACC00064,2024-02-05T15:00:00,customer,meeting_notes,mobile access,We've been getting good value from the platform and adoption is steady.
MSG0000651,ACC00065,2024-11-18T17:00:00,customer,email,integration errors,Thanks for getting this sorted so quickly. Everything is working now.
MSG0000652,ACC00065,2024-09-23T11:00:00,customer,email,invoice reconciliation,We're still evaluating the change internally.
MSG0000653,ACC00065,2025-02-13T10:00:00,agent,email,mobile access,We've had to follow up several times and this is starting to become frustrating.
MSG0000654,ACC00065,2024-03-05T10:00:00,customer,support_chat,renewal terms,"The workflow is mostly fine, although there are a couple of things we'd like improved."
MSG0000655,ACC00065,2025-07-10T15:00:00,agent,email,renewal terms,We're reviewing the latest changes and have a few questions.
MSG0000656,ACC00065,2024-12-23T11:00:00,agent,email,report exports,We've been getting good value from the platform and adoption is steady.
MSG0000657,ACC00065,2024-12-22T16:00:00,agent,meeting_notes,invoice reconciliation,The reporting changes are useful and the team is happy with them.
MSG0000658,ACC00065,2024-01-28T17:00:00,customer,email,integration errors,"The workflow is mostly fine, although there are a couple of things we'd like improved."
MSG0000659,ACC00066,2025-06-12T09:00:00,customer,email,usage reporting,Could you help us understand why this is happening?
MSG0000660,ACC00066,2025-11-21T08:00:00,agent,email,permissions,We're reviewing the latest changes and have a few questions.
MSG0000661,ACC00066,2024-06-18T09:00:00,customer,email,API reliability,We're reviewing the latest changes and have a few questions.
MSG0000662,ACC00066,2024-05-15T17:00:00,agent,meeting_notes,permissions,We're reviewing the latest changes and have a few questions.
MSG0000663,ACC00066,2025-10-08T11:00:00,customer,support_chat,invoice reconciliation,We're still evaluating the change internally.
MSG0000664,ACC00066,2024-03-26T09:00:00,customer,meeting_notes,data synchronization,We've been getting good value from the platform and adoption is steady.
MSG0000665,ACC00066,2025-07-01T12:00:00,customer,email,workflow automation,Thanks for getting this sorted so quickly. Everything is working now.
MSG0000666,ACC00066,2024-09-05T16:00:00,agent,support_chat,SSO,"The workflow is mostly fine, although there are a couple of things we'd like improved."
MSG0000667,ACC00066,2025-10-12T09:00:00,customer,support_chat,invoice reconciliation,The latest release has made the workflow much easier for our team.
MSG0000668,ACC00066,2025-05-07T16:00:00,customer,support_chat,API reliability,Could you help us understand why this is happening?
MSG0000669,ACC00066,2024-09-21T14:00:00,agent,meeting_notes,API reliability,The latest release has made the workflow much easier for our team.
MSG0000670,ACC00066,2025-07-08T13:00:00,customer,meeting_notes,dashboard performance,We've been getting good value from the platform and adoption is steady.
MSG0000671,ACC00066,2024-12-27T13:00:00,agent,email,usage reporting,Could you help us understand why this is happening?
MSG0000672,ACC00067,2024-06-16T14:00:00,agent,email,dashboard performance,The reporting changes are useful and the team is happy with them.
MSG0000673,ACC00067,2025-10-04T09:00:00,customer,email,permissions,We're considering reducing the footprint at renewal unless things improve.
MSG0000674,ACC00067,2024-10-06T18:00:00,customer,support_chat,mobile access,We've been getting good value from the platform and adoption is steady.
MSG0000675,ACC00067,2024-08-04T17:00:00,agent,meeting_notes,user provisioning,"The workflow is mostly fine, although there are a couple of things we'd like improved."
MSG0000676,ACC00067,2024-07-14T12:00:00,customer,support_chat,user provisioning,We're still evaluating the change internally.
MSG0000677,ACC00067,2024-11-13T16:00:00,customer,meeting_notes,workflow automation,This has been affecting the team for a while and we need a clearer resolution.
MSG0000678,ACC00067,2024-01-07T14:00:00,customer,email,report exports,We've had to follow up several times and this is starting to become frustrating.
MSG0000679,ACC00067,2024-01-09T16:00:00,customer,meeting_notes,permissions,The reporting changes are useful and the team is happy with them.
MSG0000680,ACC00067,2024-08-13T11:00:00,agent,meeting_notes,SSO,We've been getting good value from the platform and adoption is steady.
MSG0000681,ACC00067,2024-04-22T18:00:00,customer,email,user provisioning,Thanks for getting this sorted so quickly. Everything is working now.
MSG0000682,ACC00067,2024-11-20T11:00:00,customer,support_chat,report exports,We're reviewing the latest changes and have a few questions.
MSG0000683,ACC00067,2025-01-24T18:00:00,customer,email,mobile access,Thanks for getting this sorted so quickly. Everything is working now.
MSG0000684,ACC00067,2025-03-06T10:00:00,customer,support_chat,API reliability,We've had to follow up several times and this is starting to become frustrating.
MSG0000685,ACC00068,2025-02-19T18:00:00,customer,email,integration errors,"The workflow is mostly fine, although there are a couple of things we'd like improved."
MSG0000686,ACC00068,2024-12-08T11:00:00,customer,meeting_notes,dashboard performance,We've had to follow up several times and this is starting to become frustrating.
MSG0000687,ACC00068,2024-03-27T09:00:00,agent,email,integration errors,We've had to follow up several times and this is starting to become frustrating.
MSG0000688,ACC00068,2025-10-01T17:00:00,agent,support_chat,SSO,The reporting changes are useful and the team is happy with them.
MSG0000689,ACC00068,2024-09-21T18:00:00,customer,support_chat,user provisioning,Thanks for getting this sorted so quickly. Everything is working now.
MSG0000690,ACC00068,2025-10-06T16:00:00,customer,email,invoice reconciliation,The reporting changes are useful and the team is happy with them.
MSG0000691,ACC00068,2024-10-22T16:00:00,customer,email,dashboard performance,We've had to follow up several times and this is starting to become frustrating.
MSG0000692,ACC00068,2024-07-16T13:00:00,agent,meeting_notes,mobile access,We've been getting good value from the platform and adoption is steady.
MSG0000693,ACC00068,2025-01-14T17:00:00,agent,meeting_notes,user provisioning,We're reviewing the latest changes and have a few questions.
MSG0000694,ACC00068,2024-12-26T12:00:00,customer,meeting_notes,mobile access,Thanks for getting this sorted so quickly. Everything is working now.
MSG0000695,ACC00068,2024-06-13T17:00:00,customer,support_chat,report exports,Thanks for getting this sorted so quickly. Everything is working now.
MSG0000696,ACC00068,2025-03-09T11:00:00,agent,email,integration errors,Could you help us understand why this is happening?
MSG0000697,ACC00068,2024-12-06T16:00:00,agent,support_chat,integration errors,We've had to follow up several times and this is starting to become frustrating.
MSG0000698,ACC00068,2024-09-16T18:00:00,customer,support_chat,billing configuration,The latest release has made the workflow much easier for our team.
MSG0000699,ACC00069,2024-03-18T14:00:00,customer,support_chat,dashboard performance,"The workflow is mostly fine, although there are a couple of things we'd like improved."
MSG0000700,ACC00069,2025-03-28T11:00:00,customer,email,dashboard performance,I'm concerned that we're not getting the level of support we expected.
MSG0000701,ACC00069,2025-03-24T16:00:00,customer,support_chat,dashboard performance,"If we can't get this resolved soon, we'll need to look at other options."
MSG0000702,ACC00069,2024-10-27T10:00:00,customer,meeting_notes,dashboard performance,The latest release has made the workflow much easier for our team.
MSG0000703,ACC00069,2024-10-04T08:00:00,agent,email,billing configuration,Thanks for getting this sorted so quickly. Everything is working now.
MSG0000704,ACC00069,2025-05-16T18:00:00,agent,email,mobile access,I'm concerned that we're not getting the level of support we expected.
MSG0000705,ACC00069,2025-02-10T15:00:00,customer,email,API reliability,We're still evaluating the change internally.
MSG0000706,ACC00069,2024-07-12T09:00:00,agent,email,SSO,We've had to follow up several times and this is starting to become frustrating.
MSG0000707,ACC00069,2024-12-17T13:00:00,customer,support_chat,billing configuration,The reporting changes are useful and the team is happy with them.
MSG0000708,ACC00069,2024-11-18T09:00:00,customer,meeting_notes,mobile access,Could you help us understand why this is happening?
MSG0000709,ACC00070,2024-11-13T18:00:00,customer,email,data synchronization,Thanks for getting this sorted so quickly. Everything is working now.
MSG0000710,ACC00070,2025-10-22T16:00:00,agent,email,mobile access,Thanks for getting this sorted so quickly. Everything is working now.
MSG0000711,ACC00070,2024-06-23T16:00:00,agent,email,mobile access,The latest release has made the workflow much easier for our team.
MSG0000712,ACC00070,2024-07-05T11:00:00,customer,support_chat,mobile access,Could you help us understand why this is happening?
MSG0000713,ACC00070,2025-05-11T14:00:00,agent,meeting_notes,renewal terms,We've had to follow up several times and this is starting to become frustrating.
MSG0000714,ACC00070,2025-02-16T14:00:00,customer,meeting_notes,user provisioning,We're still evaluating the change internally.
MSG0000715,ACC00070,2024-09-11T16:00:00,customer,support_chat,usage reporting,The reporting changes are useful and the team is happy with them.
MSG0000716,ACC00070,2024-09-19T13:00:00,customer,email,API reliability,This has been affecting the team for a while and we need a clearer resolution.
MSG0000717,ACC00070,2024-08-12T18:00:00,customer,support_chat,data synchronization,The reporting changes are useful and the team is happy with them.
MSG0000718,ACC00070,2024-12-22T13:00:00,customer,meeting_notes,usage reporting,This has been affecting the team for a while and we need a clearer resolution.
MSG0000719,ACC00070,2025-08-16T12:00:00,agent,support_chat,API reliability,We've had to follow up several times and this is starting to become frustrating.
MSG0000720,ACC00070,2025-10-03T18:00:00,agent,support_chat,permissions,We're reviewing the latest changes and have a few questions.
MSG0000721,ACC00070,2024-06-14T15:00:00,agent,meeting_notes,permissions,Could you help us understand why this is happening?
MSG0000722,ACC00070,2024-04-26T17:00:00,customer,support_chat,data synchronization,This has been affecting the team for a while and we need a clearer resolution.
MSG0000723,ACC00071,2024-08-07T18:00:00,customer,support_chat,report exports,We're reviewing the latest changes and have a few questions.
MSG0000724,ACC00071,2025-03-04T12:00:00,agent,support_chat,permissions,"The workflow is mostly fine, although there are a couple of things we'd like improved."
MSG0000725,ACC00071,2025-11-04T12:00:00,agent,support_chat,usage reporting,We're still evaluating the change internally.
MSG0000726,ACC00071,2025-11-08T12:00:00,customer,meeting_notes,data synchronization,We've been getting good value from the platform and adoption is steady.
MSG0000727,ACC00071,2025-07-11T08:00:00,agent,support_chat,dashboard performance,We've had to follow up several times and this is starting to become frustrating.
MSG0000728,ACC00071,2024-12-23T14:00:00,customer,email,invoice reconciliation,The latest release has made the workflow much easier for our team.
MSG0000729,ACC00071,2025-08-27T14:00:00,customer,support_chat,data synchronization,We've been getting good value from the platform and adoption is steady.
MSG0000730,ACC00071,2025-08-22T08:00:00,agent,support_chat,usage reporting,The latest release has made the workflow much easier for our team.
MSG0000731,ACC00071,2024-02-13T15:00:00,agent,support_chat,integration errors,This has been affecting the team for a while and we need a clearer resolution.
MSG0000732,ACC00071,2024-02-16T16:00:00,agent,email,mobile access,"The workflow is mostly fine, although there are a couple of things we'd like improved."
MSG0000733,ACC00072,2024-07-25T13:00:00,customer,email,usage reporting,We've been getting good value from the platform and adoption is steady.
MSG0000734,ACC00072,2024-03-10T08:00:00,customer,meeting_notes,invoice reconciliation,We've been getting good value from the platform and adoption is steady.
MSG0000735,ACC00072,2024-07-03T17:00:00,customer,meeting_notes,integration errors,Could you help us understand why this is happening?
MSG0000736,ACC00072,2024-02-12T14:00:00,customer,email,integration errors,We've had to follow up several times and this is starting to become frustrating.
MSG0000737,ACC00073,2024-10-12T12:00:00,customer,meeting_notes,workflow automation,We've been getting good value from the platform and adoption is steady.
MSG0000738,ACC00073,2024-09-13T14:00:00,agent,support_chat,permissions,Thanks for getting this sorted so quickly. Everything is working now.
MSG0000739,ACC00073,2024-12-06T14:00:00,customer,support_chat,SSO,This has been affecting the team for a while and we need a clearer resolution.
MSG0000740,ACC00073,2024-02-08T14:00:00,customer,support_chat,dashboard performance,The latest release has made the workflow much easier for our team.
MSG0000741,ACC00073,2024-07-01T17:00:00,customer,support_chat,SSO,Could you help us understand why this is happening?
MSG0000742,ACC00073,2024-08-23T16:00:00,customer,meeting_notes,permissions,The reporting changes are useful and the team is happy with them.
MSG0000743,ACC00073,2024-01-14T08:00:00,agent,support_chat,workflow automation,We've been getting good value from the platform and adoption is steady.
MSG0000744,ACC00073,2024-05-13T15:00:00,customer,meeting_notes,mobile access,We've been getting good value from the platform and adoption is steady.
MSG0000745,ACC00074,2024-07-08T16:00:00,agent,email,report exports,We've been getting good value from the platform and adoption is steady.
MSG0000746,ACC00074,2025-04-08T12:00:00,customer,meeting_notes,invoice reconciliation,Could you help us understand why this is happening?
MSG0000747,ACC00074,2024-02-06T11:00:00,customer,email,SSO,"The workflow is mostly fine, although there are a couple of things we'd like improved."
MSG0000748,ACC00074,2024-10-25T15:00:00,customer,meeting_notes,mobile access,We're reviewing the latest changes and have a few questions.
MSG0000749,ACC00074,2024-12-07T15:00:00,customer,email,data synchronization,Thanks for getting this sorted so quickly. Everything is working now.
MSG0000750,ACC00074,2024-02-11T09:00:00,customer,email,renewal terms,"The workflow is mostly fine, although there are a couple of things we'd like improved."
MSG0000751,ACC00074,2024-05-11T09:00:00,customer,email,data synchronization,The latest release has made the workflow much easier for our team.
MSG0000752,ACC00074,2024-12-11T16:00:00,customer,meeting_notes,dashboard performance,We're still evaluating the change internally.
MSG0000753,ACC00074,2025-09-23T08:00:00,customer,meeting_notes,renewal terms,We're reviewing the latest changes and have a few questions.
MSG0000754,ACC00074,2025-10-22T12:00:00,customer,email,API reliability,Could you help us understand why this is happening?
MSG0000755,ACC00074,2025-07-20T10:00:00,agent,email,SSO,Could you help us understand why this is happening?
MSG0000756,ACC00074,2024-11-08T16:00:00,agent,meeting_notes,API reliability,The latest release has made the workflow much easier for our team.
MSG0000757,ACC00074,2025-07-03T11:00:00,agent,support_chat,usage reporting,Could you help us understand why this is happening?
MSG0000758,ACC00074,2025-12-08T12:00:00,agent,email,integration errors,This has been affecting the team for a while and we need a clearer resolution.
MSG0000759,ACC00074,2025-11-28T15:00:00,customer,support_chat,renewal terms,We've been getting good value from the platform and adoption is steady.
MSG0000760,ACC00075,2025-07-26T09:00:00,agent,meeting_notes,billing configuration,We're reviewing the latest changes and have a few questions.
MSG0000761,ACC00075,2024-08-22T17:00:00,customer,email,report exports,"The workflow is mostly fine, although there are a couple of things we'd like improved."
MSG0000762,ACC00075,2024-09-15T09:00:00,customer,meeting_notes,API reliability,We've had to follow up several times and this is starting to become frustrating.
MSG0000763,ACC00075,2024-04-27T17:00:00,customer,support_chat,renewal terms,This has been affecting the team for a while and we need a clearer resolution.
MSG0000764,ACC00075,2025-01-22T18:00:00,customer,support_chat,usage reporting,This has been affecting the team for a while and we need a clearer resolution.
MSG0000765,ACC00075,2025-04-14T16:00:00,agent,email,dashboard performance,We've had to follow up several times and this is starting to become frustrating.
MSG0000766,ACC00075,2024-03-02T11:00:00,customer,email,invoice reconciliation,We're reviewing the latest changes and have a few questions.
MSG0000767,ACC00075,2024-03-17T09:00:00,agent,meeting_notes,permissions,We've been getting good value from the platform and adoption is steady.
MSG0000768,ACC00075,2024-04-10T08:00:00,agent,meeting_notes,usage reporting,Could you help us understand why this is happening?
MSG0000769,ACC00075,2024-08-06T13:00:00,customer,meeting_notes,permissions,We've been getting good value from the platform and adoption is steady.
MSG0000770,ACC00075,2024-01-10T12:00:00,customer,support_chat,user provisioning,We're still evaluating the change internally.
MSG0000771,ACC00075,2024-01-19T12:00:00,agent,support_chat,workflow automation,The latest release has made the workflow much easier for our team.
MSG0000772,ACC00075,2024-04-10T18:00:00,customer,email,API reliability,We've had to follow up several times and this is starting to become frustrating.
MSG0000773,ACC00076,2024-03-27T13:00:00,customer,email,renewal terms,"The workflow is mostly fine, although there are a couple of things we'd like improved."
MSG0000774,ACC00076,2024-03-28T11:00:00,customer,meeting_notes,mobile access,The latest release has made the workflow much easier for our team.
MSG0000775,ACC00076,2024-07-17T12:00:00,agent,meeting_notes,report exports,"The workflow is mostly fine, although there are a couple of things we'd like improved."
MSG0000776,ACC00077,2024-07-14T08:00:00,customer,email,data synchronization,We're still evaluating the change internally.
MSG0000777,ACC00077,2024-02-05T18:00:00,customer,meeting_notes,invoice reconciliation,We've had to follow up several times and this is starting to become frustrating.
MSG0000778,ACC00077,2025-10-09T18:00:00,agent,meeting_notes,dashboard performance,Thanks for getting this sorted so quickly. Everything is working now.
MSG0000779,ACC00077,2024-07-15T13:00:00,customer,support_chat,billing configuration,The reporting changes are useful and the team is happy with them.
MSG0000780,ACC00077,2025-07-05T16:00:00,agent,email,renewal terms,The latest release has made the workflow much easier for our team.
MSG0000781,ACC00077,2025-02-23T14:00:00,customer,support_chat,integration errors,The reporting changes are useful and the team is happy with them.
MSG0000782,ACC00077,2025-01-27T16:00:00,agent,support_chat,report exports,We're still evaluating the change internally.
MSG0000783,ACC00077,2024-08-07T08:00:00,customer,support_chat,API reliability,We're reviewing the latest changes and have a few questions.
MSG0000784,ACC00078,2024-05-18T13:00:00,agent,email,API reliability,The latest release has made the workflow much easier for our team.
MSG0000785,ACC00078,2024-05-27T18:00:00,customer,email,workflow automation,"The workflow is mostly fine, although there are a couple of things we'd like improved."
MSG0000786,ACC00078,2024-08-11T18:00:00,agent,support_chat,integration errors,Could you help us understand why this is happening?
MSG0000787,ACC00078,2025-03-05T12:00:00,agent,email,SSO,Could you help us understand why this is happening?
MSG0000788,ACC00078,2024-05-08T12:00:00,customer,support_chat,user provisioning,We're still evaluating the change internally.
MSG0000789,ACC00078,2024-11-12T13:00:00,customer,email,SSO,We're still evaluating the change internally.
MSG0000790,ACC00078,2024-02-02T14:00:00,customer,email,invoice reconciliation,We've been getting good value from the platform and adoption is steady.
MSG0000791,ACC00078,2025-02-10T12:00:00,customer,support_chat,billing configuration,"If we can't get this resolved soon, we'll need to look at other options."
MSG0000792,ACC00078,2025-01-04T10:00:00,customer,email,permissions,This has been affecting the team for a while and we need a clearer resolution.
MSG0000793,ACC00078,2024-05-16T18:00:00,agent,support_chat,report exports,The latest release has made the workflow much easier for our team.
MSG0000794,ACC00078,2024-04-05T10:00:00,agent,meeting_notes,permissions,Thanks for getting this sorted so quickly. Everything is working now.
MSG0000795,ACC00078,2024-08-21T18:00:00,customer,support_chat,dashboard performance,The latest release has made the workflow much easier for our team.
MSG0000796,ACC00079,2025-06-19T13:00:00,customer,support_chat,usage reporting,We're still evaluating the change internally.
MSG0000797,ACC00079,2024-05-21T12:00:00,customer,email,data synchronization,"The workflow is mostly fine, although there are a couple of things we'd like improved."
MSG0000798,ACC00079,2024-03-03T08:00:00,agent,email,permissions,This has been affecting the team for a while and we need a clearer resolution.
MSG0000799,ACC00079,2025-04-02T09:00:00,customer,support_chat,report exports,We're still evaluating the change internally.
MSG0000800,ACC00079,2024-12-02T10:00:00,agent,meeting_notes,workflow automation,Could you help us understand why this is happening?
MSG0000801,ACC00079,2024-06-22T18:00:00,agent,meeting_notes,SSO,The reporting changes are useful and the team is happy with them.
MSG0000802,ACC00079,2024-02-03T08:00:00,customer,support_chat,data synchronization,Thanks for getting this sorted so quickly. Everything is working now.
MSG0000803,ACC00079,2025-08-26T17:00:00,customer,support_chat,permissions,We're still evaluating the change internally.
MSG0000804,ACC00079,2024-11-21T11:00:00,customer,meeting_notes,renewal terms,This has been affecting the team for a while and we need a clearer resolution.
MSG0000805,ACC00079,2024-09-27T10:00:00,customer,meeting_notes,permissions,Could you help us understand why this is happening?
MSG0000806,ACC00080,2024-08-11T14:00:00,customer,meeting_notes,SSO,Thanks for getting this sorted so quickly. Everything is working now.
MSG0000807,ACC00080,2025-03-16T18:00:00,customer,support_chat,invoice reconciliation,The latest release has made the workflow much easier for our team.
MSG0000808,ACC00080,2024-11-17T13:00:00,customer,email,SSO,This has been affecting the team for a while and we need a clearer resolution.
MSG0000809,ACC00080,2025-03-08T18:00:00,customer,support_chat,renewal terms,Thanks for getting this sorted so quickly. Everything is working now.
MSG0000810,ACC00080,2025-03-01T12:00:00,agent,email,billing configuration,Thanks for getting this sorted so quickly. Everything is working now.
MSG0000811,ACC00080,2024-11-11T12:00:00,customer,meeting_notes,billing configuration,"The workflow is mostly fine, although there are a couple of things we'd like improved."
MSG0000812,ACC00080,2025-07-26T15:00:00,agent,support_chat,API reliability,We've had to follow up several times and this is starting to become frustrating.
MSG0000813,ACC00080,2024-04-14T15:00:00,customer,email,data synchronization,We've had to follow up several times and this is starting to become frustrating.
MSG0000814,ACC00080,2025-07-14T18:00:00,customer,meeting_notes,workflow automation,There seems to be a discrepancy in the invoice total.
MSG0000815,ACC00080,2024-08-17T14:00:00,customer,email,dashboard performance,Could you help us understand why this is happening?
MSG0000816,ACC00080,2024-09-17T18:00:00,agent,support_chat,workflow automation,We're reviewing the latest changes and have a few questions.
MSG0000817,ACC00080,2024-06-23T10:00:00,agent,meeting_notes,SSO,This has been affecting the team for a while and we need a clearer resolution.
MSG0000818,ACC00081,2024-09-26T12:00:00,customer,email,workflow automation,This has been affecting the team for a while and we need a clearer resolution.
MSG0000819,ACC00081,2024-03-09T16:00:00,agent,support_chat,report exports,We're still evaluating the change internally.
MSG0000820,ACC00081,2025-11-16T15:00:00,agent,email,data synchronization,Could you help us understand why this is happening?
MSG0000821,ACC00081,2025-11-28T18:00:00,customer,email,renewal terms,We're still evaluating the change internally.
MSG0000822,ACC00081,2025-01-25T11:00:00,customer,email,permissions,We've been getting good value from the platform and adoption is steady.
MSG0000823,ACC00081,2025-04-21T16:00:00,customer,meeting_notes,usage reporting,We've been getting good value from the platform and adoption is steady.
MSG0000824,ACC00081,2024-02-11T15:00:00,agent,meeting_notes,integration errors,The latest release has made the workflow much easier for our team.
MSG0000825,ACC00081,2025-01-28T11:00:00,customer,support_chat,report exports,The latest release has made the workflow much easier for our team.
MSG0000826,ACC00081,2024-01-12T17:00:00,customer,meeting_notes,renewal terms,This has been affecting the team for a while and we need a clearer resolution.
MSG0000827,ACC00081,2025-01-13T18:00:00,customer,meeting_notes,SSO,This has been affecting the team for a while and we need a clearer resolution.
MSG0000828,ACC00081,2024-08-07T15:00:00,customer,email,usage reporting,The latest release has made the workflow much easier for our team.
MSG0000829,ACC00082,2025-12-24T09:00:00,agent,support_chat,report exports,We've had to follow up several times and this is starting to become frustrating.
MSG0000830,ACC00082,2025-10-17T17:00:00,customer,meeting_notes,report exports,We're reviewing the latest changes and have a few questions.
MSG0000831,ACC00082,2025-04-24T17:00:00,customer,support_chat,API reliability,We've been getting good value from the platform and adoption is steady.
MSG0000832,ACC00082,2024-03-10T14:00:00,customer,meeting_notes,permissions,We're reviewing the latest changes and have a few questions.
MSG0000833,ACC00082,2024-03-04T17:00:00,customer,meeting_notes,workflow automation,We've had to follow up several times and this is starting to become frustrating.
MSG0000834,ACC00082,2024-12-26T12:00:00,agent,support_chat,renewal terms,Thanks for getting this sorted so quickly. Everything is working now.
MSG0000835,ACC00082,2025-04-07T18:00:00,agent,meeting_notes,billing configuration,We've had to follow up several times and this is starting to become frustrating.
MSG0000836,ACC00082,2024-11-23T10:00:00,customer,meeting_notes,permissions,The reporting changes are useful and the team is happy with them.
MSG0000837,ACC00082,2025-04-10T16:00:00,customer,email,workflow automation,We're still evaluating the change internally.
MSG0000838,ACC00082,2025-06-18T09:00:00,customer,email,data synchronization,Thanks for getting this sorted so quickly. Everything is working now.
MSG0000839,ACC00083,2024-03-22T18:00:00,customer,email,user provisioning,The latest release has made the workflow much easier for our team.
MSG0000840,ACC00084,2024-05-20T11:00:00,agent,meeting_notes,usage reporting,Thanks for getting this sorted so quickly. Everything is working now.
MSG0000841,ACC00084,2024-12-01T15:00:00,customer,support_chat,API reliability,We're still evaluating the change internally.
MSG0000842,ACC00084,2024-05-19T11:00:00,agent,email,billing configuration,The reporting changes are useful and the team is happy with them.
MSG0000843,ACC00084,2024-07-09T17:00:00,customer,email,report exports,Could you help us understand why this is happening?
MSG0000844,ACC00084,2024-02-22T08:00:00,customer,meeting_notes,API reliability,The reporting changes are useful and the team is happy with them.
MSG0000845,ACC00084,2025-01-05T15:00:00,customer,support_chat,user provisioning,We're reviewing alternatives because this is becoming difficult to justify internally.
MSG0000846,ACC00084,2024-04-03T10:00:00,agent,meeting_notes,SSO,"The workflow is mostly fine, although there are a couple of things we'd like improved."
MSG0000847,ACC00084,2024-08-02T14:00:00,agent,support_chat,API reliability,This has been affecting the team for a while and we need a clearer resolution.
MSG0000848,ACC00084,2024-04-04T16:00:00,customer,meeting_notes,API reliability,"The workflow is mostly fine, although there are a couple of things we'd like improved."
MSG0000849,ACC00085,2024-05-21T13:00:00,customer,email,workflow automation,The reporting changes are useful and the team is happy with them.
MSG0000850,ACC00085,2024-06-18T08:00:00,customer,email,dashboard performance,Could you help us understand why this is happening?
MSG0000851,ACC00085,2024-06-17T15:00:00,customer,support_chat,workflow automation,Thanks for getting this sorted so quickly. Everything is working now.
MSG0000852,ACC00085,2024-05-02T18:00:00,customer,email,permissions,We're still evaluating the change internally.
MSG0000853,ACC00086,2024-04-12T08:00:00,customer,email,invoice reconciliation,The latest release has made the workflow much easier for our team.
MSG0000854,ACC00086,2024-10-17T08:00:00,customer,meeting_notes,invoice reconciliation,We're reviewing the latest changes and have a few questions.
MSG0000855,ACC00086,2024-09-19T17:00:00,customer,meeting_notes,mobile access,The latest release has made the workflow much easier for our team.
MSG0000856,ACC00086,2024-09-27T15:00:00,customer,meeting_notes,billing configuration,This has been affecting the team for a while and we need a clearer resolution.
MSG0000857,ACC00086,2024-03-11T15:00:00,customer,email,user provisioning,The reporting changes are useful and the team is happy with them.
MSG0000858,ACC00086,2024-08-13T15:00:00,agent,meeting_notes,permissions,Thanks for getting this sorted so quickly. Everything is working now.
MSG0000859,ACC00086,2024-06-25T11:00:00,customer,support_chat,invoice reconciliation,We're still evaluating the change internally.
MSG0000860,ACC00086,2024-12-17T14:00:00,customer,email,dashboard performance,This has been affecting the team for a while and we need a clearer resolution.
MSG0000861,ACC00087,2024-01-16T17:00:00,agent,meeting_notes,billing configuration,We've been getting good value from the platform and adoption is steady.
MSG0000862,ACC00087,2024-08-09T16:00:00,customer,support_chat,renewal terms,Could you help us understand why this is happening?
MSG0000863,ACC00088,2024-10-27T13:00:00,agent,email,dashboard performance,We've been getting good value from the platform and adoption is steady.
MSG0000864,ACC00088,2024-04-16T18:00:00,customer,support_chat,data synchronization,The latest release has made the workflow much easier for our team.
MSG0000865,ACC00088,2024-11-18T11:00:00,customer,meeting_notes,data synchronization,We're reviewing the latest changes and have a few questions.
MSG0000866,ACC00088,2024-12-14T10:00:00,customer,meeting_notes,permissions,We've been getting good value from the platform and adoption is steady.
MSG0000867,ACC00088,2024-07-07T13:00:00,agent,support_chat,user provisioning,We're still evaluating the change internally.
MSG0000868,ACC00088,2025-05-02T16:00:00,customer,email,dashboard performance,This has been affecting the team for a while and we need a clearer resolution.
MSG0000869,ACC00088,2024-01-17T14:00:00,customer,email,workflow automation,The latest release has made the workflow much easier for our team.
MSG0000870,ACC00088,2024-03-12T13:00:00,customer,email,API reliability,We're still evaluating the change internally.
MSG0000871,ACC00089,2024-04-08T08:00:00,customer,meeting_notes,billing configuration,"The workflow is mostly fine, although there are a couple of things we'd like improved."
MSG0000872,ACC00089,2024-05-05T09:00:00,customer,support_chat,dashboard performance,"The workflow is mostly fine, although there are a couple of things we'd like improved."
MSG0000873,ACC00089,2024-11-26T11:00:00,customer,support_chat,invoice reconciliation,We're still evaluating the change internally.
MSG0000874,ACC00089,2024-05-02T12:00:00,customer,email,workflow automation,The reporting changes are useful and the team is happy with them.
MSG0000875,ACC00089,2024-10-08T09:00:00,customer,support_chat,data synchronization,Thanks for getting this sorted so quickly. Everything is working now.
MSG0000876,ACC00089,2025-01-28T08:00:00,customer,support_chat,API reliability,Thanks for getting this sorted so quickly. Everything is working now.
MSG0000877,ACC00089,2025-02-12T13:00:00,customer,email,dashboard performance,We've had to follow up several times and this is starting to become frustrating.
MSG0000878,ACC00089,2025-03-11T13:00:00,customer,support_chat,SSO,Could you help us understand why this is happening?
MSG0000879,ACC00089,2024-02-22T11:00:00,customer,support_chat,usage reporting,"The workflow is mostly fine, although there are a couple of things we'd like improved."
MSG0000880,ACC00089,2024-02-05T15:00:00,customer,email,data synchronization,Could you help us understand why this is happening?
MSG0000881,ACC00089,2025-12-28T18:00:00,customer,email,user provisioning,"The workflow is mostly fine, although there are a couple of things we'd like improved."
MSG0000882,ACC00089,2025-07-01T13:00:00,agent,email,SSO,We're still evaluating the change internally.
MSG0000883,ACC00089,2024-03-23T16:00:00,agent,support_chat,renewal terms,We've been getting good value from the platform and adoption is steady.
MSG0000884,ACC00090,2025-04-09T15:00:00,customer,email,mobile access,We've had to follow up several times and this is starting to become frustrating.
MSG0000885,ACC00090,2024-06-13T17:00:00,customer,meeting_notes,data synchronization,This has been affecting the team for a while and we need a clearer resolution.
MSG0000886,ACC00090,2024-04-15T11:00:00,agent,email,SSO,This has been affecting the team for a while and we need a clearer resolution.
MSG0000887,ACC00090,2025-07-08T09:00:00,agent,meeting_notes,user provisioning,We're still evaluating the change internally.
MSG0000888,ACC00090,2024-11-01T11:00:00,agent,meeting_notes,usage reporting,This has been affecting the team for a while and we need a clearer resolution.
MSG0000889,ACC00090,2025-03-12T18:00:00,customer,support_chat,usage reporting,The latest release has made the workflow much easier for our team.
MSG0000890,ACC00090,2025-07-03T15:00:00,customer,email,permissions,We're reviewing the latest changes and have a few questions.
MSG0000891,ACC00090,2024-10-07T12:00:00,customer,email,mobile access,Could you help us understand why this is happening?
MSG0000892,ACC00090,2024-12-02T17:00:00,agent,support_chat,SSO,Thanks for getting this sorted so quickly. Everything is working now.
MSG0000893,ACC00090,2024-02-20T12:00:00,customer,email,user provisioning,We've had to follow up several times and this is starting to become frustrating.
MSG0000894,ACC00090,2025-03-21T13:00:00,customer,meeting_notes,dashboard performance,"The workflow is mostly fine, although there are a couple of things we'd like improved."
MSG0000895,ACC00090,2024-07-07T17:00:00,customer,support_chat,renewal terms,We've been getting good value from the platform and adoption is steady.
MSG0000896,ACC00091,2024-01-27T15:00:00,customer,support_chat,report exports,The latest release has made the workflow much easier for our team.
MSG0000897,ACC00091,2024-10-19T12:00:00,customer,support_chat,invoice reconciliation,This has been affecting the team for a while and we need a clearer resolution.
MSG0000898,ACC00091,2024-12-15T14:00:00,customer,support_chat,SSO,This has been affecting the team for a while and we need a clearer resolution.
MSG0000899,ACC00091,2024-03-08T16:00:00,agent,meeting_notes,data synchronization,The latest release has made the workflow much easier for our team.
MSG0000900,ACC00091,2024-03-20T12:00:00,customer,support_chat,dashboard performance,We've had to follow up several times and this is starting to become frustrating.
MSG0000901,ACC00091,2024-12-19T13:00:00,customer,email,usage reporting,There seems to be a discrepancy in the invoice total.
MSG0000902,ACC00091,2024-02-24T13:00:00,customer,support_chat,API reliability,This has been affecting the team for a while and we need a clearer resolution.
MSG0000903,ACC00091,2024-04-24T09:00:00,customer,support_chat,dashboard performance,The latest release has made the workflow much easier for our team.
MSG0000904,ACC00091,2024-11-04T18:00:00,agent,support_chat,invoice reconciliation,Our payment was rejected again and we'd like help resolving the billing issue.
MSG0000905,ACC00091,2025-01-25T13:00:00,customer,support_chat,usage reporting,This has been affecting the team for a while and we need a clearer resolution.
MSG0000906,ACC00092,2024-02-22T13:00:00,agent,support_chat,usage reporting,Could you help us understand why this is happening?
MSG0000907,ACC00092,2024-10-25T08:00:00,agent,meeting_notes,usage reporting,We're still evaluating the change internally.
MSG0000908,ACC00092,2024-06-21T10:00:00,agent,email,usage reporting,We've been getting good value from the platform and adoption is steady.
MSG0000909,ACC00092,2024-02-15T10:00:00,agent,email,billing configuration,The latest release has made the workflow much easier for our team.
MSG0000910,ACC00093,2025-07-27T17:00:00,customer,meeting_notes,usage reporting,The reporting changes are useful and the team is happy with them.
MSG0000911,ACC00093,2024-09-15T08:00:00,customer,support_chat,SSO,We're still evaluating the change internally.
MSG0000912,ACC00093,2024-12-22T09:00:00,customer,email,permissions,We're still evaluating the change internally.
MSG0000913,ACC00093,2025-01-25T08:00:00,customer,email,permissions,The reporting changes are useful and the team is happy with them.
MSG0000914,ACC00093,2024-08-24T18:00:00,customer,meeting_notes,permissions,This has been affecting the team for a while and we need a clearer resolution.
MSG0000915,ACC00093,2025-08-17T16:00:00,agent,email,workflow automation,We're reviewing the latest changes and have a few questions.
MSG0000916,ACC00093,2025-06-19T13:00:00,agent,email,user provisioning,Thanks for getting this sorted so quickly. Everything is working now.
MSG0000917,ACC00093,2024-03-26T15:00:00,agent,meeting_notes,user provisioning,This has been affecting the team for a while and we need a clearer resolution.
MSG0000918,ACC00094,2024-06-03T10:00:00,customer,meeting_notes,billing configuration,The reporting changes are useful and the team is happy with them.
MSG0000919,ACC00094,2024-04-12T11:00:00,agent,email,data synchronization,Thanks for getting this sorted so quickly. Everything is working now.
MSG0000920,ACC00094,2024-01-19T16:00:00,agent,support_chat,workflow automation,The latest release has made the workflow much easier for our team.
MSG0000921,ACC00095,2025-11-04T17:00:00,agent,email,billing configuration,This has been affecting the team for a while and we need a clearer resolution.
MSG0000922,ACC00095,2025-12-14T10:00:00,agent,meeting_notes,dashboard performance,We're reviewing the latest changes and have a few questions.
MSG0000923,ACC00095,2025-09-16T14:00:00,customer,support_chat,billing configuration,Thanks for getting this sorted so quickly. Everything is working now.
MSG0000924,ACC00095,2025-10-18T12:00:00,customer,support_chat,renewal terms,Thanks for getting this sorted so quickly. Everything is working now.
MSG0000925,ACC00095,2024-04-16T17:00:00,customer,support_chat,integration errors,We're still evaluating the change internally.
MSG0000926,ACC00095,2025-12-27T17:00:00,customer,email,SSO,The latest release has made the workflow much easier for our team.
MSG0000927,ACC00095,2025-09-27T15:00:00,customer,email,permissions,We've been getting good value from the platform and adoption is steady.
MSG0000928,ACC00095,2025-08-11T18:00:00,agent,email,mobile access,Thanks for getting this sorted so quickly. Everything is working now.
MSG0000929,ACC00096,2025-04-05T10:00:00,customer,email,report exports,This has been affecting the team for a while and we need a clearer resolution.
MSG0000930,ACC00096,2024-12-21T10:00:00,agent,meeting_notes,invoice reconciliation,We're reviewing the latest changes and have a few questions.
MSG0000931,ACC00096,2025-08-05T10:00:00,customer,email,API reliability,This has been affecting the team for a while and we need a clearer resolution.
MSG0000932,ACC00096,2024-10-19T14:00:00,customer,email,workflow automation,Thanks for getting this sorted so quickly. Everything is working now.
MSG0000933,ACC00096,2025-02-22T18:00:00,agent,email,integration errors,This has been affecting the team for a while and we need a clearer resolution.
MSG0000934,ACC00096,2024-02-18T15:00:00,agent,meeting_notes,permissions,We've had to follow up several times and this is starting to become frustrating.
MSG0000935,ACC00096,2024-10-25T15:00:00,customer,meeting_notes,report exports,"The workflow is mostly fine, although there are a couple of things we'd like improved."
MSG0000936,ACC00096,2024-02-15T16:00:00,customer,support_chat,user provisioning,Thanks for getting this sorted so quickly. Everything is working now.
MSG0000937,ACC00096,2025-01-13T17:00:00,agent,email,user provisioning,We're reviewing the latest changes and have a few questions.
MSG0000938,ACC00097,2025-09-15T14:00:00,agent,email,data synchronization,We're reviewing the latest changes and have a few questions.
MSG0000939,ACC00097,2025-05-08T13:00:00,agent,email,API reliability,Could you help us understand why this is happening?
MSG0000940,ACC00097,2025-04-06T15:00:00,customer,meeting_notes,workflow automation,Thanks for getting this sorted so quickly. Everything is working now.
MSG0000941,ACC00097,2024-08-24T10:00:00,customer,email,API reliability,We've had to follow up several times and this is starting to become frustrating.
MSG0000942,ACC00097,2025-11-18T11:00:00,customer,email,API reliability,Thanks for getting this sorted so quickly. Everything is working now.
MSG0000943,ACC00097,2024-06-03T11:00:00,customer,email,renewal terms,We're reviewing the latest changes and have a few questions.
MSG0000944,ACC00097,2025-01-18T08:00:00,agent,meeting_notes,report exports,We've been getting good value from the platform and adoption is steady.
MSG0000945,ACC00097,2024-12-01T10:00:00,customer,support_chat,API reliability,We're reviewing the latest changes and have a few questions.
MSG0000946,ACC00098,2024-08-24T15:00:00,customer,support_chat,SSO,We've had to follow up several times and this is starting to become frustrating.
MSG0000947,ACC00098,2024-03-17T15:00:00,agent,meeting_notes,report exports,This has been affecting the team for a while and we need a clearer resolution.
MSG0000948,ACC00099,2024-10-11T17:00:00,customer,meeting_notes,API reliability,The latest release has made the workflow much easier for our team.
MSG0000949,ACC00099,2024-07-12T09:00:00,agent,email,user provisioning,We've been getting good value from the platform and adoption is steady.
MSG0000950,ACC00099,2024-11-12T11:00:00,agent,meeting_notes,integration errors,The reporting changes are useful and the team is happy with them.
MSG0000951,ACC00099,2024-07-23T11:00:00,agent,email,invoice reconciliation,The reporting changes are useful and the team is happy with them.
MSG0000952,ACC00099,2024-12-22T09:00:00,agent,meeting_notes,data synchronization,We're reviewing the latest changes and have a few questions.
MSG0000953,ACC00099,2024-11-24T08:00:00,customer,support_chat,dashboard performance,We're still evaluating the change internally.
MSG0000954,ACC00099,2024-01-14T10:00:00,customer,support_chat,dashboard performance,"The workflow is mostly fine, although there are a couple of things we'd like improved."
MSG0000955,ACC00099,2024-10-27T16:00:00,customer,email,user provisioning,We're still evaluating the change internally.
MSG0000956,ACC00100,2025-10-20T12:00:00,agent,support_chat,data synchronization,The invoice amount doesn't match our purchase order. Can someone review it?
MSG0000957,ACC00100,2024-07-12T18:00:00,agent,email,permissions,The reporting changes are useful and the team is happy with them.
MSG0000958,ACC00100,2024-07-05T12:00:00,customer,meeting_notes,workflow automation,Could you help us understand why this is happening?
MSG0000959,ACC00100,2025-11-11T14:00:00,agent,meeting_notes,permissions,We've had to follow up several times and this is starting to become frustrating.
MSG0000960,ACC00100,2024-11-02T11:00:00,customer,meeting_notes,workflow automation,The latest release has made the workflow much easier for our team.
MSG0000961,ACC00100,2025-06-02T15:00:00,customer,support_chat,data synchronization,We've been getting good value from the platform and adoption is steady.
MSG0000962,ACC00100,2024-05-10T17:00:00,agent,meeting_notes,API reliability,We're reviewing the latest changes and have a few questions.
MSG0000963,ACC00100,2025-05-12T10:00:00,agent,email,mobile access,This has been affecting the team for a while and we need a clearer resolution.
MSG0000964,ACC00100,2025-05-06T08:00:00,customer,support_chat,integration errors,We've been getting good value from the platform and adoption is steady.
MSG0000965,ACC00100,2025-03-15T15:00:00,customer,email,invoice reconciliation,"The workflow is mostly fine, although there are a couple of things we'd like improved."
MSG0000966,ACC00100,2025-01-24T09:00:00,agent,support_chat,user provisioning,"The workflow is mostly fine, although there are a couple of things we'd like improved."
MSG0000967,ACC00100,2024-12-05T16:00:00,agent,meeting_notes,billing configuration,Thanks for getting this sorted so quickly. Everything is working now.
MSG0000968,ACC00100,2025-01-04T17:00:00,agent,meeting_notes,integration errors,Could you help us understand why this is happening?
MSG0000969,ACC00100,2025-10-27T08:00:00,customer,meeting_notes,renewal terms,Our payment was rejected again and we'd like help resolving the billing issue.
MSG0000970,ACC00100,2024-09-19T12:00:00,agent,meeting_notes,renewal terms,The reporting changes are useful and the team is happy with them.
MSG0000971,ACC00100,2024-09-24T13:00:00,customer,support_chat,renewal terms,We're still evaluating the change internally.
MSG0000972,ACC00100,2025-01-03T11:00:00,customer,support_chat,data synchronization,We've had to follow up several times and this is starting to become frustrating.
MSG0000973,ACC00100,2025-09-11T08:00:00,agent,meeting_notes,renewal terms,The invoice amount doesn't match our purchase order. Can someone review it?
MSG0000974,ACC00101,2024-04-27T09:00:00,agent,support_chat,invoice reconciliation,Could you help us understand why this is happening?
MSG0000975,ACC00101,2024-08-18T13:00:00,customer,support_chat,dashboard performance,We've been getting good value from the platform and adoption is steady.
MSG0000976,ACC00101,2024-02-21T13:00:00,agent,meeting_notes,report exports,The latest release has made the workflow much easier for our team.
MSG0000977,ACC00101,2024-03-28T17:00:00,customer,support_chat,usage reporting,The reporting changes are useful and the team is happy with them.
MSG0000978,ACC00101,2024-02-06T15:00:00,customer,support_chat,report exports,Could you help us understand why this is happening?
MSG0000979,ACC00102,2024-09-24T12:00:00,customer,email,permissions,The latest release has made the workflow much easier for our team.
MSG0000980,ACC00102,2024-01-22T15:00:00,customer,support_chat,report exports,Thanks for getting this sorted so quickly. Everything is working now.
MSG0000981,ACC00102,2024-06-08T18:00:00,agent,meeting_notes,usage reporting,The latest release has made the workflow much easier for our team.
MSG0000982,ACC00102,2024-01-27T14:00:00,customer,support_chat,mobile access,"The workflow is mostly fine, although there are a couple of things we'd like improved."
MSG0000983,ACC00102,2024-11-08T11:00:00,agent,support_chat,billing configuration,The reporting changes are useful and the team is happy with them.
MSG0000984,ACC00102,2024-03-09T15:00:00,agent,support_chat,dashboard performance,This has been affecting the team for a while and we need a clearer resolution.
MSG0000985,ACC00102,2024-06-19T16:00:00,customer,meeting_notes,SSO,Thanks for getting this sorted so quickly. Everything is working now.
MSG0000986,ACC00102,2024-06-01T10:00:00,agent,meeting_notes,API reliability,We've had to follow up several times and this is starting to become frustrating.
MSG0000987,ACC00102,2024-06-02T16:00:00,agent,meeting_notes,data synchronization,This has been affecting the team for a while and we need a clearer resolution.
MSG0000988,ACC00102,2024-05-04T15:00:00,customer,email,renewal terms,"The workflow is mostly fine, although there are a couple of things we'd like improved."
MSG0000989,ACC00102,2024-06-14T17:00:00,customer,email,renewal terms,"The workflow is mostly fine, although there are a couple of things we'd like improved."
MSG0000990,ACC00103,2024-06-28T15:00:00,customer,meeting_notes,mobile access,We've had to follow up several times and this is starting to become frustrating.
MSG0000991,ACC00103,2024-12-21T10:00:00,customer,meeting_notes,integration errors,We're reviewing the latest changes and have a few questions.
MSG0000992,ACC00103,2024-03-20T14:00:00,customer,support_chat,API reliability,The latest release has made the workflow much easier for our team.
MSG0000993,ACC00103,2024-12-07T15:00:00,customer,support_chat,invoice reconciliation,The reporting changes are useful and the team is happy with them.
MSG0000994,ACC00103,2025-03-14T11:00:00,customer,support_chat,integration errors,We've been getting good value from the platform and adoption is steady.
MSG0000995,ACC00103,2025-01-16T08:00:00,agent,support_chat,billing configuration,We're still evaluating the change internally.
MSG0000996,ACC00103,2025-08-27T12:00:00,customer,email,dashboard performance,We're reviewing the latest changes and have a few questions.
MSG0000997,ACC00104,2024-03-20T16:00:00,customer,meeting_notes,integration errors,We've had to follow up several times and this is starting to become frustrating.
MSG0000998,ACC00104,2024-05-13T16:00:00,customer,meeting_notes,invoice reconciliation,We've been getting good value from the platform and adoption is steady.
MSG0000999,ACC00104,2024-01-24T08:00:00,agent,support_chat,mobile access,We've had to follow up several times and this is starting to become frustrating.
MSG0001000,ACC00105,2024-05-09T10:00:00,agent,support_chat,workflow automation,Could you help us understand why this is happening?
MSG0001001,ACC00105,2025-03-25T10:00:00,customer,support_chat,workflow automation,We're still evaluating the change internally.
MSG0001002,ACC00105,2025-10-11T08:00:00,agent,meeting_notes,billing configuration,Thanks for getting this sorted so quickly. Everything is working now.
MSG0001003,ACC00105,2025-05-17T13:00:00,customer,support_chat,mobile access,Thanks for getting this sorted so quickly. Everything is working now.
MSG0001004,ACC00105,2024-10-14T08:00:00,agent,email,mobile access,The reporting changes are useful and the team is happy with them.
MSG0001005,ACC00105,2024-08-19T14:00:00,customer,meeting_notes,renewal terms,We've had to follow up several times and this is starting to become frustrating.
MSG0001006,ACC00105,2024-10-06T08:00:00,customer,meeting_notes,permissions,We're reviewing the latest changes and have a few questions.
MSG0001007,ACC00105,2025-11-19T16:00:00,customer,meeting_notes,billing configuration,The reporting changes are useful and the team is happy with them.
MSG0001008,ACC00105,2025-08-10T15:00:00,customer,support_chat,integration errors,We're still evaluating the change internally.
MSG0001009,ACC00105,2025-11-24T11:00:00,customer,support_chat,invoice reconciliation,This has been affecting the team for a while and we need a clearer resolution.
MSG0001010,ACC00107,2024-05-24T10:00:00,customer,email,report exports,This has been affecting the team for a while and we need a clearer resolution.
MSG0001011,ACC00107,2024-02-11T17:00:00,customer,support_chat,dashboard performance,We've been getting good value from the platform and adoption is steady.
MSG0001012,ACC00107,2024-06-10T14:00:00,agent,meeting_notes,renewal terms,Thanks for getting this sorted so quickly. Everything is working now.
MSG0001013,ACC00108,2025-01-14T09:00:00,agent,email,usage reporting,The reporting changes are useful and the team is happy with them.
MSG0001014,ACC00108,2024-09-15T18:00:00,customer,email,renewal terms,Could you help us understand why this is happening?
MSG0001015,ACC00108,2024-10-11T16:00:00,customer,meeting_notes,mobile access,We're reviewing the latest changes and have a few questions.
MSG0001016,ACC00108,2024-08-26T18:00:00,customer,email,user provisioning,"The workflow is mostly fine, although there are a couple of things we'd like improved."
MSG0001017,ACC00108,2024-10-16T10:00:00,customer,support_chat,billing configuration,Thanks for getting this sorted so quickly. Everything is working now.
MSG0001018,ACC00109,2024-07-03T14:00:00,agent,meeting_notes,billing configuration,We've been getting good value from the platform and adoption is steady.
MSG0001019,ACC00109,2024-07-28T09:00:00,customer,email,data synchronization,We're still evaluating the change internally.
MSG0001020,ACC00109,2024-08-10T08:00:00,customer,meeting_notes,invoice reconciliation,The reporting changes are useful and the team is happy with them.
MSG0001021,ACC00109,2024-07-07T09:00:00,agent,meeting_notes,usage reporting,Could you help us understand why this is happening?
MSG0001022,ACC00109,2024-04-17T08:00:00,customer,support_chat,mobile access,We've been getting good value from the platform and adoption is steady.
MSG0001023,ACC00109,2024-01-06T11:00:00,customer,email,renewal terms,"The workflow is mostly fine, although there are a couple of things we'd like improved."
MSG0001024,ACC00109,2024-04-28T17:00:00,customer,meeting_notes,usage reporting,The reporting changes are useful and the team is happy with them.
MSG0001025,ACC00110,2024-08-04T15:00:00,customer,email,API reliability,This has been affecting the team for a while and we need a clearer resolution.
MSG0001026,ACC00110,2024-03-09T10:00:00,customer,support_chat,usage reporting,We're reviewing the latest changes and have a few questions.
MSG0001027,ACC00110,2024-10-14T15:00:00,customer,meeting_notes,invoice reconciliation,I'm concerned that we're not getting the level of support we expected.
MSG0001028,ACC00110,2024-11-10T13:00:00,customer,support_chat,workflow automation,"The workflow is mostly fine, although there are a couple of things we'd like improved."
MSG0001029,ACC00110,2024-07-09T08:00:00,agent,email,workflow automation,We've been getting good value from the platform and adoption is steady.
MSG0001030,ACC00110,2024-01-13T09:00:00,agent,email,API reliability,The reporting changes are useful and the team is happy with them.
MSG0001031,ACC00110,2024-04-22T10:00:00,customer,email,renewal terms,We're still evaluating the change internally.
MSG0001032,ACC00111,2024-10-24T10:00:00,customer,email,report exports,The latest release has made the workflow much easier for our team.
MSG0001033,ACC00111,2024-05-11T08:00:00,agent,email,permissions,Could you help us understand why this is happening?
MSG0001034,ACC00111,2024-01-28T17:00:00,customer,meeting_notes,permissions,Could you help us understand why this is happening?
MSG0001035,ACC00111,2024-08-13T12:00:00,customer,support_chat,integration errors,Thanks for getting this sorted so quickly. Everything is working now.
MSG0001036,ACC00111,2024-08-17T18:00:00,customer,meeting_notes,billing configuration,We've been getting good value from the platform and adoption is steady.
MSG0001037,ACC00111,2024-03-05T17:00:00,customer,support_chat,API reliability,Thanks for getting this sorted so quickly. Everything is working now.
MSG0001038,ACC00111,2024-04-22T18:00:00,customer,email,report exports,We've been getting good value from the platform and adoption is steady.
MSG0001039,ACC00111,2024-04-01T15:00:00,customer,meeting_notes,report exports,Could you help us understand why this is happening?
MSG0001040,ACC00111,2024-06-28T12:00:00,agent,support_chat,mobile access,"The workflow is mostly fine, although there are a couple of things we'd like improved."
MSG0001041,ACC00112,2024-09-03T18:00:00,agent,support_chat,billing configuration,"The workflow is mostly fine, although there are a couple of things we'd like improved."
MSG0001042,ACC00112,2025-04-28T18:00:00,agent,email,permissions,"The workflow is mostly fine, although there are a couple of things we'd like improved."
MSG0001043,ACC00112,2024-02-23T11:00:00,agent,email,integration errors,Thanks for getting this sorted so quickly. Everything is working now.
MSG0001044,ACC00112,2025-03-13T15:00:00,customer,support_chat,user provisioning,The latest release has made the workflow much easier for our team.
MSG0001045,ACC00112,2024-04-14T16:00:00,agent,support_chat,user provisioning,We're reviewing the latest changes and have a few questions.
MSG0001046,ACC00112,2025-07-14T12:00:00,agent,meeting_notes,mobile access,"If we can't get this resolved soon, we'll need to look at other options."
MSG0001047,ACC00112,2025-08-25T10:00:00,agent,email,permissions,We're reviewing alternatives because this is becoming difficult to justify internally.
MSG0001048,ACC00112,2025-06-08T10:00:00,agent,email,renewal terms,We're reviewing the latest changes and have a few questions.
MSG0001049,ACC00112,2024-03-28T11:00:00,customer,support_chat,usage reporting,We're still evaluating the change internally.
MSG0001050,ACC00112,2025-10-22T12:00:00,agent,meeting_notes,renewal terms,We're considering reducing the footprint at renewal unless things improve.
MSG0001051,ACC00112,2025-03-24T13:00:00,customer,support_chat,renewal terms,This has been affecting the team for a while and we need a clearer resolution.
MSG0001052,ACC00112,2024-10-17T17:00:00,customer,email,integration errors,We're reviewing the latest changes and have a few questions.
MSG0001053,ACC00112,2025-10-10T14:00:00,agent,meeting_notes,dashboard performance,"If we can't get this resolved soon, we'll need to look at other options."
MSG0001054,ACC00112,2025-01-08T17:00:00,agent,support_chat,mobile access,Thanks for getting this sorted so quickly. Everything is working now.
MSG0001055,ACC00113,2025-07-08T16:00:00,customer,support_chat,renewal terms,We've had to follow up several times and this is starting to become frustrating.
MSG0001056,ACC00113,2025-08-03T10:00:00,agent,support_chat,SSO,We've had to follow up several times and this is starting to become frustrating.
MSG0001057,ACC00113,2025-05-16T15:00:00,customer,meeting_notes,user provisioning,We're reviewing the latest changes and have a few questions.
MSG0001058,ACC00113,2025-08-03T08:00:00,customer,support_chat,usage reporting,We're reviewing the latest changes and have a few questions.
MSG0001059,ACC00113,2024-06-20T14:00:00,agent,support_chat,data synchronization,This has been affecting the team for a while and we need a clearer resolution.
MSG0001060,ACC00113,2024-06-27T12:00:00,agent,support_chat,invoice reconciliation,We've been getting good value from the platform and adoption is steady.
MSG0001061,ACC00113,2024-03-22T16:00:00,customer,support_chat,report exports,The latest release has made the workflow much easier for our team.
MSG0001062,ACC00113,2024-09-03T08:00:00,agent,meeting_notes,API reliability,We're still evaluating the change internally.
MSG0001063,ACC00113,2024-05-20T12:00:00,agent,email,workflow automation,The reporting changes are useful and the team is happy with them.
MSG0001064,ACC00113,2024-02-06T14:00:00,customer,email,dashboard performance,Could you help us understand why this is happening?
MSG0001065,ACC00113,2025-08-13T11:00:00,customer,email,integration errors,Could you help us understand why this is happening?
MSG0001066,ACC00113,2024-07-12T11:00:00,agent,email,API reliability,We've been getting good value from the platform and adoption is steady.
MSG0001067,ACC00113,2025-12-11T16:00:00,customer,support_chat,renewal terms,We're reviewing the latest changes and have a few questions.
MSG0001068,ACC00113,2024-08-03T11:00:00,customer,email,usage reporting,We're still evaluating the change internally.
MSG0001069,ACC00113,2025-11-23T09:00:00,customer,email,API reliability,We're still evaluating the change internally.
MSG0001070,ACC00114,2025-01-25T09:00:00,agent,email,integration errors,"The workflow is mostly fine, although there are a couple of things we'd like improved."
MSG0001071,ACC00114,2025-01-26T13:00:00,agent,meeting_notes,invoice reconciliation,We've had to follow up several times and this is starting to become frustrating.
MSG0001072,ACC00114,2025-01-28T08:00:00,agent,email,renewal terms,Thanks for getting this sorted so quickly. Everything is working now.
MSG0001073,ACC00114,2025-01-17T15:00:00,agent,email,integration errors,The reporting changes are useful and the team is happy with them.
MSG0001074,ACC00114,2024-05-06T13:00:00,customer,meeting_notes,report exports,We're reviewing the latest changes and have a few questions.
MSG0001075,ACC00114,2025-01-20T12:00:00,customer,meeting_notes,billing configuration,The latest release has made the workflow much easier for our team.
MSG0001076,ACC00114,2025-03-27T11:00:00,customer,email,renewal terms,We've had to follow up several times and this is starting to become frustrating.
MSG0001077,ACC00114,2025-06-07T18:00:00,agent,email,report exports,We're reviewing the latest changes and have a few questions.
MSG0001078,ACC00114,2025-09-01T14:00:00,customer,support_chat,mobile access,"The workflow is mostly fine, although there are a couple of things we'd like improved."
MSG0001079,ACC00114,2024-10-08T17:00:00,agent,email,dashboard performance,The reporting changes are useful and the team is happy with them.
MSG0001080,ACC00114,2025-02-02T11:00:00,agent,meeting_notes,user provisioning,Could you help us understand why this is happening?
MSG0001081,ACC00114,2024-01-23T16:00:00,agent,meeting_notes,workflow automation,This has been affecting the team for a while and we need a clearer resolution.
MSG0001082,ACC00114,2024-02-13T12:00:00,agent,meeting_notes,invoice reconciliation,This has been affecting the team for a while and we need a clearer resolution.
MSG0001083,ACC00114,2025-04-12T17:00:00,customer,support_chat,integration errors,The latest release has made the workflow much easier for our team.
MSG0001084,ACC00114,2024-02-21T13:00:00,agent,email,dashboard performance,We've had to follow up several times and this is starting to become frustrating.
MSG0001085,ACC00115,2024-10-02T13:00:00,agent,support_chat,permissions,This has been affecting the team for a while and we need a clearer resolution.
MSG0001086,ACC00115,2024-01-27T11:00:00,customer,meeting_notes,billing configuration,We're still evaluating the change internally.
MSG0001087,ACC00115,2024-11-23T11:00:00,customer,support_chat,usage reporting,We're still evaluating the change internally.
MSG0001088,ACC00115,2024-01-10T09:00:00,agent,support_chat,workflow automation,Could you help us understand why this is happening?
MSG0001089,ACC00115,2024-08-21T15:00:00,agent,support_chat,renewal terms,The reporting changes are useful and the team is happy with them.
MSG0001090,ACC00115,2024-06-04T15:00:00,customer,email,dashboard performance,Could you help us understand why this is happening?
MSG0001091,ACC00115,2024-09-24T12:00:00,customer,email,workflow automation,The reporting changes are useful and the team is happy with them.
MSG0001092,ACC00115,2024-08-24T08:00:00,agent,meeting_notes,workflow automation,Could you help us understand why this is happening?
MSG0001093,ACC00116,2025-09-21T14:00:00,agent,support_chat,SSO,We're reviewing the latest changes and have a few questions.
MSG0001094,ACC00116,2025-12-26T16:00:00,agent,support_chat,API reliability,The reporting changes are useful and the team is happy with them.
MSG0001095,ACC00116,2025-07-26T08:00:00,customer,meeting_notes,renewal terms,"The workflow is mostly fine, although there are a couple of things we'd like improved."
MSG0001096,ACC00116,2024-03-01T08:00:00,customer,meeting_notes,dashboard performance,This has been affecting the team for a while and we need a clearer resolution.
MSG0001097,ACC00116,2024-10-06T17:00:00,customer,meeting_notes,invoice reconciliation,We've had to follow up several times and this is starting to become frustrating.
MSG0001098,ACC00116,2024-03-13T18:00:00,customer,email,mobile access,We're reviewing the latest changes and have a few questions.
MSG0001099,ACC00116,2024-05-14T13:00:00,customer,meeting_notes,workflow automation,We've had to follow up several times and this is starting to become frustrating.
MSG0001100,ACC00116,2024-02-28T10:00:00,customer,email,report exports,We're reviewing the latest changes and have a few questions.
MSG0001101,ACC00116,2024-11-21T13:00:00,customer,meeting_notes,API reliability,We're still evaluating the change internally.
MSG0001102,ACC00116,2024-12-25T16:00:00,customer,meeting_notes,data synchronization,We're reviewing the latest changes and have a few questions.
MSG0001103,ACC00116,2025-01-12T09:00:00,agent,email,dashboard performance,Thanks for getting this sorted so quickly. Everything is working now.
MSG0001104,ACC00116,2024-07-09T12:00:00,agent,support_chat,usage reporting,The latest release has made the workflow much easier for our team.
MSG0001105,ACC00117,2025-09-18T14:00:00,customer,email,workflow automation,We're still evaluating the change internally.
MSG0001106,ACC00117,2024-12-19T09:00:00,customer,meeting_notes,data synchronization,We're reviewing the latest changes and have a few questions.
MSG0001107,ACC00117,2025-02-14T09:00:00,customer,support_chat,usage reporting,This has been affecting the team for a while and we need a clearer resolution.
MSG0001108,ACC00117,2025-03-22T14:00:00,agent,meeting_notes,data synchronization,The latest release has made the workflow much easier for our team.
MSG0001109,ACC00117,2024-02-23T12:00:00,customer,email,billing configuration,The reporting changes are useful and the team is happy with them.
MSG0001110,ACC00117,2024-03-01T10:00:00,agent,support_chat,workflow automation,"The workflow is mostly fine, although there are a couple of things we'd like improved."
MSG0001111,ACC00117,2025-01-23T12:00:00,customer,meeting_notes,renewal terms,We're still evaluating the change internally.
MSG0001112,ACC00117,2025-01-12T15:00:00,agent,meeting_notes,permissions,The reporting changes are useful and the team is happy with them.
MSG0001113,ACC00117,2025-04-16T12:00:00,agent,support_chat,report exports,We've been getting good value from the platform and adoption is steady.
MSG0001114,ACC00118,2024-03-08T16:00:00,customer,support_chat,permissions,The latest release has made the workflow much easier for our team.
MSG0001115,ACC00118,2024-07-20T16:00:00,agent,email,SSO,Could you help us understand why this is happening?
MSG0001116,ACC00118,2024-07-16T13:00:00,customer,email,integration errors,The latest release has made the workflow much easier for our team.
MSG0001117,ACC00119,2025-06-25T08:00:00,agent,meeting_notes,workflow automation,We've been getting good value from the platform and adoption is steady.
MSG0001118,ACC00119,2024-09-15T10:00:00,customer,meeting_notes,invoice reconciliation,This has been affecting the team for a while and we need a clearer resolution.
MSG0001119,ACC00119,2024-04-04T10:00:00,customer,meeting_notes,workflow automation,"The workflow is mostly fine, although there are a couple of things we'd like improved."
MSG0001120,ACC00119,2024-10-13T08:00:00,customer,meeting_notes,invoice reconciliation,The reporting changes are useful and the team is happy with them.
MSG0001121,ACC00119,2024-04-05T09:00:00,customer,support_chat,billing configuration,We're still evaluating the change internally.
MSG0001122,ACC00119,2024-01-10T10:00:00,agent,support_chat,renewal terms,The reporting changes are useful and the team is happy with them.
MSG0001123,ACC00119,2024-11-17T16:00:00,customer,email,mobile access,We've had to follow up several times and this is starting to become frustrating.
MSG0001124,ACC00119,2024-11-20T10:00:00,customer,email,renewal terms,The latest release has made the workflow much easier for our team.
MSG0001125,ACC00119,2024-09-04T14:00:00,customer,support_chat,SSO,Could you help us understand why this is happening?
MSG0001126,ACC00120,2024-07-25T17:00:00,customer,email,report exports,"The workflow is mostly fine, although there are a couple of things we'd like improved."
MSG0001127,ACC00120,2024-05-26T08:00:00,customer,support_chat,usage reporting,"The workflow is mostly fine, although there are a couple of things we'd like improved."
MSG0001128,ACC00120,2024-02-18T12:00:00,customer,meeting_notes,API reliability,Could you help us understand why this is happening?
MSG0001129,ACC00121,2024-03-09T17:00:00,agent,meeting_notes,API reliability,The reporting changes are useful and the team is happy with them.
MSG0001130,ACC00121,2024-07-15T10:00:00,customer,email,mobile access,Thanks for getting this sorted so quickly. Everything is working now.
MSG0001131,ACC00121,2025-12-01T12:00:00,customer,email,report exports,Could you help us understand why this is happening?
MSG0001132,ACC00121,2025-09-17T11:00:00,customer,meeting_notes,API reliability,We're reviewing the latest changes and have a few questions.
MSG0001133,ACC00121,2025-01-10T15:00:00,customer,email,usage reporting,"The workflow is mostly fine, although there are a couple of things we'd like improved."
MSG0001134,ACC00121,2025-04-07T16:00:00,customer,email,invoice reconciliation,"The workflow is mostly fine, although there are a couple of things we'd like improved."
MSG0001135,ACC00121,2024-08-24T15:00:00,agent,email,permissions,Thanks for getting this sorted so quickly. Everything is working now.
MSG0001136,ACC00121,2025-04-26T16:00:00,customer,support_chat,data synchronization,We've been getting good value from the platform and adoption is steady.
MSG0001137,ACC00121,2024-07-22T17:00:00,customer,meeting_notes,mobile access,Thanks for getting this sorted so quickly. Everything is working now.
MSG0001138,ACC00121,2024-08-02T10:00:00,customer,support_chat,API reliability,We've been getting good value from the platform and adoption is steady.
MSG0001139,ACC00121,2025-02-02T18:00:00,customer,support_chat,API reliability,The reporting changes are useful and the team is happy with them.
MSG0001140,ACC00122,2025-02-08T12:00:00,customer,support_chat,API reliability,We've had to follow up several times and this is starting to become frustrating.
MSG0001141,ACC00122,2024-05-26T14:00:00,agent,email,renewal terms,We've been getting good value from the platform and adoption is steady.
MSG0001142,ACC00122,2025-03-20T08:00:00,customer,meeting_notes,integration errors,Thanks for getting this sorted so quickly. Everything is working now.
MSG0001143,ACC00122,2024-07-01T17:00:00,customer,email,permissions,We're reviewing the latest changes and have a few questions.
MSG0001144,ACC00122,2024-06-03T11:00:00,agent,meeting_notes,data synchronization,We're reviewing the latest changes and have a few questions.
MSG0001145,ACC00122,2024-11-27T15:00:00,customer,email,report exports,This has been affecting the team for a while and we need a clearer resolution.
MSG0001146,ACC00122,2025-04-06T13:00:00,customer,meeting_notes,workflow automation,"The workflow is mostly fine, although there are a couple of things we'd like improved."
MSG0001147,ACC00122,2024-05-08T08:00:00,agent,support_chat,data synchronization,"The workflow is mostly fine, although there are a couple of things we'd like improved."
MSG0001148,ACC00122,2025-03-28T16:00:00,customer,email,permissions,The reporting changes are useful and the team is happy with them.
MSG0001149,ACC00122,2025-10-12T09:00:00,customer,email,user provisioning,The latest release has made the workflow much easier for our team.
MSG0001150,ACC00122,2025-04-15T15:00:00,agent,meeting_notes,data synchronization,"The workflow is mostly fine, although there are a couple of things we'd like improved."
MSG0001151,ACC00123,2024-11-25T12:00:00,agent,email,SSO,"The workflow is mostly fine, although there are a couple of things we'd like improved."
MSG0001152,ACC00123,2024-02-13T17:00:00,agent,meeting_notes,user provisioning,The latest release has made the workflow much easier for our team.
MSG0001153,ACC00123,2024-04-04T17:00:00,agent,support_chat,invoice reconciliation,Could you help us understand why this is happening?
MSG0001154,ACC00123,2025-09-15T10:00:00,customer,email,invoice reconciliation,Could you help us understand why this is happening?
MSG0001155,ACC00123,2024-04-11T16:00:00,customer,email,billing configuration,We're reviewing the latest changes and have a few questions.
MSG0001156,ACC00123,2025-08-26T12:00:00,agent,email,mobile access,We're reviewing the latest changes and have a few questions.
MSG0001157,ACC00123,2024-01-23T13:00:00,agent,email,integration errors,We're reviewing the latest changes and have a few questions.
MSG0001158,ACC00123,2024-06-25T11:00:00,customer,email,workflow automation,We've been getting good value from the platform and adoption is steady.
MSG0001159,ACC00123,2025-06-16T11:00:00,agent,support_chat,permissions,The latest release has made the workflow much easier for our team.
MSG0001160,ACC00123,2024-07-19T08:00:00,customer,support_chat,permissions,The latest release has made the workflow much easier for our team.
MSG0001161,ACC00123,2024-07-06T17:00:00,agent,email,report exports,Thanks for getting this sorted so quickly. Everything is working now.
MSG0001162,ACC00123,2024-11-22T13:00:00,agent,meeting_notes,user provisioning,Could you help us understand why this is happening?
MSG0001163,ACC00123,2024-05-17T12:00:00,customer,support_chat,billing configuration,This has been affecting the team for a while and we need a clearer resolution.
MSG0001164,ACC00123,2024-12-24T15:00:00,agent,email,integration errors,We've had to follow up several times and this is starting to become frustrating.
MSG0001165,ACC00123,2024-08-20T17:00:00,customer,email,integration errors,We're reviewing the latest changes and have a few questions.
MSG0001166,ACC00123,2025-10-12T09:00:00,customer,support_chat,billing configuration,We've had to follow up several times and this is starting to become frustrating.
MSG0001167,ACC00123,2025-03-18T15:00:00,agent,meeting_notes,renewal terms,We've had to follow up several times and this is starting to become frustrating.
MSG0001168,ACC00124,2024-03-01T15:00:00,agent,meeting_notes,user provisioning,The latest release has made the workflow much easier for our team.
MSG0001169,ACC00124,2025-05-21T14:00:00,customer,meeting_notes,renewal terms,There seems to be a discrepancy in the invoice total.
MSG0001170,ACC00124,2024-10-04T12:00:00,agent,support_chat,renewal terms,We're still evaluating the change internally.
MSG0001171,ACC00124,2025-08-27T12:00:00,customer,support_chat,invoice reconciliation,We've had to follow up several times and this is starting to become frustrating.
MSG0001172,ACC00124,2024-06-11T10:00:00,customer,support_chat,mobile access,Could you help us understand why this is happening?
MSG0001173,ACC00124,2025-07-27T17:00:00,agent,email,permissions,We've had to follow up several times and this is starting to become frustrating.
MSG0001174,ACC00124,2025-07-12T09:00:00,customer,support_chat,report exports,We've had to follow up several times and this is starting to become frustrating.
MSG0001175,ACC00124,2024-08-24T10:00:00,agent,meeting_notes,renewal terms,The reporting changes are useful and the team is happy with them.
MSG0001176,ACC00125,2025-07-21T08:00:00,customer,email,integration errors,"The workflow is mostly fine, although there are a couple of things we'd like improved."
MSG0001177,ACC00125,2025-08-25T14:00:00,customer,support_chat,report exports,Could you help us understand why this is happening?
MSG0001178,ACC00125,2024-05-23T17:00:00,customer,support_chat,data synchronization,The reporting changes are useful and the team is happy with them.
MSG0001179,ACC00125,2024-05-27T14:00:00,customer,email,mobile access,Could you help us understand why this is happening?
MSG0001180,ACC00125,2024-01-06T11:00:00,agent,support_chat,user provisioning,We've had to follow up several times and this is starting to become frustrating.
MSG0001181,ACC00125,2024-06-14T08:00:00,customer,support_chat,integration errors,The latest release has made the workflow much easier for our team.
MSG0001182,ACC00125,2025-06-01T18:00:00,agent,meeting_notes,mobile access,We've been getting good value from the platform and adoption is steady.
MSG0001183,ACC00125,2024-01-01T11:00:00,customer,email,workflow automation,The latest release has made the workflow much easier for our team.
MSG0001184,ACC00125,2025-06-05T16:00:00,agent,meeting_notes,workflow automation,"The workflow is mostly fine, although there are a couple of things we'd like improved."
MSG0001185,ACC00125,2025-09-06T18:00:00,customer,email,report exports,Thanks for getting this sorted so quickly. Everything is working now.
MSG0001186,ACC00125,2025-03-03T08:00:00,customer,support_chat,integration errors,We've had to follow up several times and this is starting to become frustrating.
MSG0001187,ACC00125,2024-07-28T17:00:00,customer,meeting_notes,user provisioning,We're still evaluating the change internally.
MSG0001188,ACC00125,2024-06-04T13:00:00,customer,meeting_notes,API reliability,We're reviewing the latest changes and have a few questions.
MSG0001189,ACC00125,2025-07-18T08:00:00,customer,meeting_notes,SSO,We're still evaluating the change internally.
MSG0001190,ACC00125,2025-03-24T10:00:00,agent,meeting_notes,integration errors,This has been affecting the team for a while and we need a clearer resolution.
MSG0001191,ACC00126,2024-03-20T18:00:00,customer,support_chat,usage reporting,This has been affecting the team for a while and we need a clearer resolution.
MSG0001192,ACC00126,2024-03-03T16:00:00,agent,meeting_notes,usage reporting,The latest release has made the workflow much easier for our team.
MSG0001193,ACC00126,2024-04-09T11:00:00,customer,support_chat,workflow automation,"The workflow is mostly fine, although there are a couple of things we'd like improved."
MSG0001194,ACC00127,2024-11-14T18:00:00,customer,support_chat,mobile access,"The workflow is mostly fine, although there are a couple of things we'd like improved."
MSG0001195,ACC00127,2025-08-25T17:00:00,agent,support_chat,mobile access,The latest release has made the workflow much easier for our team.
MSG0001196,ACC00127,2025-01-28T17:00:00,agent,meeting_notes,usage reporting,We're still evaluating the change internally.
MSG0001197,ACC00127,2025-11-05T10:00:00,customer,email,report exports,The reporting changes are useful and the team is happy with them.
MSG0001198,ACC00127,2024-09-08T08:00:00,customer,meeting_notes,API reliability,The latest release has made the workflow much easier for our team.
MSG0001199,ACC00127,2025-07-04T08:00:00,agent,support_chat,renewal terms,"The workflow is mostly fine, although there are a couple of things we'd like improved."
MSG0001200,ACC00127,2024-04-24T11:00:00,agent,support_chat,integration errors,"The workflow is mostly fine, although there are a couple of things we'd like improved."
MSG0001201,ACC00127,2024-03-25T18:00:00,agent,meeting_notes,SSO,We've been getting good value from the platform and adoption is steady.
MSG0001202,ACC00128,2025-02-27T12:00:00,agent,support_chat,billing configuration,Thanks for getting this sorted so quickly. Everything is working now.
MSG0001203,ACC00128,2024-07-23T10:00:00,customer,support_chat,renewal terms,The latest release has made the workflow much easier for our team.
MSG0001204,ACC00128,2025-12-24T11:00:00,agent,meeting_notes,API reliability,Thanks for getting this sorted so quickly. Everything is working now.
MSG0001205,ACC00128,2024-10-08T12:00:00,agent,email,workflow automation,The latest release has made the workflow much easier for our team.
MSG0001206,ACC00128,2024-03-12T10:00:00,customer,email,report exports,We're reviewing the latest changes and have a few questions.
MSG0001207,ACC00128,2025-08-03T13:00:00,customer,meeting_notes,report exports,"The workflow is mostly fine, although there are a couple of things we'd like improved."
MSG0001208,ACC00128,2025-08-24T13:00:00,agent,email,usage reporting,The reporting changes are useful and the team is happy with them.
MSG0001209,ACC00128,2024-06-06T13:00:00,agent,support_chat,dashboard performance,Thanks for getting this sorted so quickly. Everything is working now.
MSG0001210,ACC00128,2025-07-15T12:00:00,customer,email,user provisioning,We're still evaluating the change internally.
MSG0001211,ACC00128,2025-03-21T18:00:00,customer,email,mobile access,"The workflow is mostly fine, although there are a couple of things we'd like improved."
MSG0001212,ACC00128,2025-02-21T11:00:00,customer,meeting_notes,usage reporting,The latest release has made the workflow much easier for our team.
MSG0001213,ACC00129,2024-09-07T14:00:00,customer,support_chat,report exports,We've been getting good value from the platform and adoption is steady.
MSG0001214,ACC00129,2025-01-03T17:00:00,agent,meeting_notes,API reliability,This has been affecting the team for a while and we need a clearer resolution.
MSG0001215,ACC00129,2024-05-27T09:00:00,customer,meeting_notes,renewal terms,We're still evaluating the change internally.
MSG0001216,ACC00130,2025-09-08T14:00:00,customer,support_chat,API reliability,We're still evaluating the change internally.
MSG0001217,ACC00130,2024-09-06T12:00:00,customer,support_chat,billing configuration,We're still evaluating the change internally.
MSG0001218,ACC00130,2024-03-27T14:00:00,customer,support_chat,user provisioning,The reporting changes are useful and the team is happy with them.
MSG0001219,ACC00130,2025-02-23T09:00:00,customer,meeting_notes,SSO,We're reviewing the latest changes and have a few questions.
MSG0001220,ACC00130,2025-11-09T18:00:00,customer,meeting_notes,data synchronization,The reporting changes are useful and the team is happy with them.
MSG0001221,ACC00130,2024-03-15T16:00:00,agent,meeting_notes,data synchronization,Thanks for getting this sorted so quickly. Everything is working now.
MSG0001222,ACC00130,2025-12-16T15:00:00,customer,support_chat,API reliability,The reporting changes are useful and the team is happy with them.
MSG0001223,ACC00130,2024-09-28T14:00:00,customer,meeting_notes,dashboard performance,The latest release has made the workflow much easier for our team.
MSG0001224,ACC00131,2024-01-22T14:00:00,agent,support_chat,renewal terms,The reporting changes are useful and the team is happy with them.
MSG0001225,ACC00131,2024-01-13T08:00:00,customer,meeting_notes,dashboard performance,We're reviewing the latest changes and have a few questions.
MSG0001226,ACC00131,2024-05-20T17:00:00,agent,email,integration errors,Thanks for getting this sorted so quickly. Everything is working now.
MSG0001227,ACC00131,2024-06-09T15:00:00,agent,meeting_notes,billing configuration,We're reviewing the latest changes and have a few questions.
MSG0001228,ACC00131,2024-02-19T17:00:00,customer,email,renewal terms,The reporting changes are useful and the team is happy with them.
MSG0001229,ACC00131,2024-04-04T10:00:00,customer,email,usage reporting,The latest release has made the workflow much easier for our team.
MSG0001230,ACC00131,2024-07-19T17:00:00,customer,email,billing configuration,The latest release has made the workflow much easier for our team.
MSG0001231,ACC00132,2024-11-05T17:00:00,customer,support_chat,API reliability,We're reviewing the latest changes and have a few questions.
MSG0001232,ACC00132,2024-04-04T12:00:00,agent,email,dashboard performance,We've had to follow up several times and this is starting to become frustrating.
MSG0001233,ACC00132,2025-01-24T13:00:00,agent,support_chat,renewal terms,Thanks for getting this sorted so quickly. Everything is working now.
MSG0001234,ACC00132,2024-03-05T09:00:00,agent,support_chat,usage reporting,"The workflow is mostly fine, although there are a couple of things we'd like improved."
MSG0001235,ACC00132,2025-07-10T16:00:00,agent,meeting_notes,report exports,We've been getting good value from the platform and adoption is steady.
MSG0001236,ACC00132,2024-01-03T09:00:00,agent,email,usage reporting,Thanks for getting this sorted so quickly. Everything is working now.
MSG0001237,ACC00132,2024-01-04T14:00:00,customer,support_chat,data synchronization,We're still evaluating the change internally.
MSG0001238,ACC00132,2024-12-21T14:00:00,agent,email,invoice reconciliation,We're still evaluating the change internally.
MSG0001239,ACC00133,2024-04-16T15:00:00,customer,support_chat,user provisioning,We're reviewing the latest changes and have a few questions.
MSG0001240,ACC00133,2024-11-05T18:00:00,customer,email,billing configuration,We've had to follow up several times and this is starting to become frustrating.
MSG0001241,ACC00133,2024-05-01T10:00:00,customer,email,report exports,Thanks for getting this sorted so quickly. Everything is working now.
MSG0001242,ACC00133,2024-06-13T13:00:00,agent,meeting_notes,API reliability,Thanks for getting this sorted so quickly. Everything is working now.
MSG0001243,ACC00133,2024-08-15T10:00:00,customer,meeting_notes,invoice reconciliation,There seems to be a discrepancy in the invoice total.
MSG0001244,ACC00134,2025-01-14T16:00:00,customer,meeting_notes,report exports,"The workflow is mostly fine, although there are a couple of things we'd like improved."
MSG0001245,ACC00134,2025-06-01T15:00:00,customer,support_chat,invoice reconciliation,This has been affecting the team for a while and we need a clearer resolution.
MSG0001246,ACC00134,2024-02-01T08:00:00,agent,support_chat,data synchronization,Thanks for getting this sorted so quickly. Everything is working now.
MSG0001247,ACC00134,2024-01-20T11:00:00,agent,email,dashboard performance,"The workflow is mostly fine, although there are a couple of things we'd like improved."
MSG0001248,ACC00134,2025-04-28T08:00:00,customer,email,invoice reconciliation,This has been affecting the team for a while and we need a clearer resolution.
MSG0001249,ACC00134,2024-08-15T09:00:00,customer,email,invoice reconciliation,We're reviewing the latest changes and have a few questions.
MSG0001250,ACC00134,2025-04-10T15:00:00,customer,meeting_notes,invoice reconciliation,Thanks for getting this sorted so quickly. Everything is working now.
MSG0001251,ACC00134,2025-07-06T18:00:00,agent,meeting_notes,usage reporting,Thanks for getting this sorted so quickly. Everything is working now.
MSG0001252,ACC00134,2025-05-20T12:00:00,customer,email,workflow automation,This has been affecting the team for a while and we need a clearer resolution.
MSG0001253,ACC00134,2025-02-24T10:00:00,customer,meeting_notes,billing configuration,This has been affecting the team for a while and we need a clearer resolution.
MSG0001254,ACC00134,2024-08-13T17:00:00,customer,support_chat,report exports,We've had to follow up several times and this is starting to become frustrating.
MSG0001255,ACC00135,2025-09-13T15:00:00,agent,meeting_notes,workflow automation,We've had to follow up several times and this is starting to become frustrating.
MSG0001256,ACC00135,2024-11-24T16:00:00,agent,support_chat,dashboard performance,"The workflow is mostly fine, although there are a couple of things we'd like improved."
MSG0001257,ACC00135,2024-01-25T09:00:00,agent,meeting_notes,data synchronization,This has been affecting the team for a while and we need a clearer resolution.
MSG0001258,ACC00135,2024-12-08T09:00:00,agent,support_chat,billing configuration,We're still evaluating the change internally.
MSG0001259,ACC00135,2024-01-09T14:00:00,customer,support_chat,usage reporting,We've been getting good value from the platform and adoption is steady.
MSG0001260,ACC00135,2024-08-18T12:00:00,customer,support_chat,SSO,The latest release has made the workflow much easier for our team.
MSG0001261,ACC00135,2025-01-16T13:00:00,customer,support_chat,renewal terms,We're reviewing the latest changes and have a few questions.
MSG0001262,ACC00135,2025-07-21T08:00:00,customer,support_chat,SSO,This has been affecting the team for a while and we need a clearer resolution.
MSG0001263,ACC00135,2024-12-22T08:00:00,customer,email,user provisioning,This has been affecting the team for a while and we need a clearer resolution.
MSG0001264,ACC00136,2024-05-17T14:00:00,customer,support_chat,invoice reconciliation,This has been affecting the team for a while and we need a clearer resolution.
MSG0001265,ACC00136,2025-07-21T09:00:00,customer,meeting_notes,workflow automation,The latest release has made the workflow much easier for our team.
MSG0001266,ACC00136,2024-08-08T11:00:00,customer,support_chat,data synchronization,We've had to follow up several times and this is starting to become frustrating.
MSG0001267,ACC00136,2024-07-25T12:00:00,agent,email,usage reporting,We've had to follow up several times and this is starting to become frustrating.
MSG0001268,ACC00136,2024-10-19T14:00:00,customer,meeting_notes,usage reporting,"The workflow is mostly fine, although there are a couple of things we'd like improved."
MSG0001269,ACC00136,2024-06-08T16:00:00,customer,meeting_notes,data synchronization,Could you help us understand why this is happening?
MSG0001270,ACC00136,2024-03-01T18:00:00,agent,meeting_notes,usage reporting,We've been getting good value from the platform and adoption is steady.
MSG0001271,ACC00136,2024-10-10T12:00:00,agent,support_chat,integration errors,We've had to follow up several times and this is starting to become frustrating.
MSG0001272,ACC00136,2024-05-01T15:00:00,customer,email,billing configuration,We're reviewing the latest changes and have a few questions.
MSG0001273,ACC00136,2025-03-01T11:00:00,customer,meeting_notes,permissions,Thanks for getting this sorted so quickly. Everything is working now.
MSG0001274,ACC00136,2025-03-15T13:00:00,customer,email,data synchronization,This has been affecting the team for a while and we need a clearer resolution.
MSG0001275,ACC00136,2024-09-24T18:00:00,agent,meeting_notes,invoice reconciliation,This has been affecting the team for a while and we need a clearer resolution.
MSG0001276,ACC00137,2025-07-20T10:00:00,customer,meeting_notes,API reliability,Thanks for getting this sorted so quickly. Everything is working now.
MSG0001277,ACC00137,2024-12-13T17:00:00,customer,support_chat,report exports,We're reviewing the latest changes and have a few questions.
MSG0001278,ACC00137,2025-05-21T10:00:00,customer,email,report exports,We're still evaluating the change internally.
MSG0001279,ACC00137,2024-06-23T11:00:00,agent,meeting_notes,SSO,Could you help us understand why this is happening?
MSG0001280,ACC00137,2024-01-20T12:00:00,agent,meeting_notes,billing configuration,Could you help us understand why this is happening?
MSG0001281,ACC00137,2025-01-19T09:00:00,agent,support_chat,invoice reconciliation,Could you help us understand why this is happening?
MSG0001282,ACC00137,2024-09-07T16:00:00,agent,meeting_notes,user provisioning,Could you help us understand why this is happening?
MSG0001283,ACC00137,2024-07-07T15:00:00,customer,meeting_notes,usage reporting,Could you help us understand why this is happening?
MSG0001284,ACC00137,2024-01-04T16:00:00,customer,meeting_notes,usage reporting,We've had to follow up several times and this is starting to become frustrating.
MSG0001285,ACC00138,2024-10-05T18:00:00,customer,email,invoice reconciliation,The latest release has made the workflow much easier for our team.
MSG0001286,ACC00138,2024-10-07T11:00:00,customer,support_chat,usage reporting,We're reviewing the latest changes and have a few questions.
MSG0001287,ACC00138,2024-04-25T17:00:00,customer,email,dashboard performance,We're still evaluating the change internally.
MSG0001288,ACC00138,2024-02-27T17:00:00,customer,email,dashboard performance,The reporting changes are useful and the team is happy with them.
MSG0001289,ACC00138,2024-07-27T18:00:00,agent,meeting_notes,permissions,The latest release has made the workflow much easier for our team.
MSG0001290,ACC00138,2024-03-22T15:00:00,customer,email,invoice reconciliation,The reporting changes are useful and the team is happy with them.
MSG0001291,ACC00139,2024-09-05T13:00:00,agent,meeting_notes,integration errors,We're reviewing the latest changes and have a few questions.
MSG0001292,ACC00139,2025-09-02T12:00:00,customer,email,billing configuration,The reporting changes are useful and the team is happy with them.
MSG0001293,ACC00139,2025-04-11T14:00:00,customer,support_chat,permissions,We've had to follow up several times and this is starting to become frustrating.
MSG0001294,ACC00139,2025-05-11T08:00:00,customer,meeting_notes,renewal terms,We're still evaluating the change internally.
MSG0001295,ACC00139,2025-02-26T15:00:00,agent,email,report exports,Thanks for getting this sorted so quickly. Everything is working now.
MSG0001296,ACC00139,2025-05-04T13:00:00,customer,support_chat,workflow automation,We've had to follow up several times and this is starting to become frustrating.
MSG0001297,ACC00139,2025-05-22T17:00:00,customer,email,renewal terms,We're reviewing the latest changes and have a few questions.
MSG0001298,ACC00139,2025-08-08T18:00:00,agent,support_chat,workflow automation,Thanks for getting this sorted so quickly. Everything is working now.
MSG0001299,ACC00139,2024-03-21T18:00:00,customer,email,workflow automation,This has been affecting the team for a while and we need a clearer resolution.
MSG0001300,ACC00139,2024-11-06T11:00:00,agent,email,report exports,We're still evaluating the change internally.
MSG0001301,ACC00139,2024-12-28T17:00:00,customer,email,billing configuration,"The workflow is mostly fine, although there are a couple of things we'd like improved."
MSG0001302,ACC00139,2025-06-28T15:00:00,customer,support_chat,invoice reconciliation,Could you help us understand why this is happening?
MSG0001303,ACC00139,2024-06-02T17:00:00,customer,email,permissions,The reporting changes are useful and the team is happy with them.
MSG0001304,ACC00139,2025-09-01T09:00:00,customer,support_chat,dashboard performance,We're reviewing the latest changes and have a few questions.
MSG0001305,ACC00140,2025-12-25T14:00:00,agent,meeting_notes,data synchronization,Could you help us understand why this is happening?
MSG0001306,ACC00140,2024-10-20T18:00:00,agent,email,renewal terms,Thanks for getting this sorted so quickly. Everything is working now.
MSG0001307,ACC00140,2025-11-20T16:00:00,customer,email,billing configuration,The latest release has made the workflow much easier for our team.
MSG0001308,ACC00140,2025-09-15T18:00:00,customer,meeting_notes,API reliability,"The workflow is mostly fine, although there are a couple of things we'd like improved."
MSG0001309,ACC00140,2024-12-22T15:00:00,agent,email,dashboard performance,We're still evaluating the change internally.
MSG0001310,ACC00140,2024-03-04T09:00:00,agent,meeting_notes,API reliability,Could you help us understand why this is happening?
MSG0001311,ACC00140,2025-09-13T10:00:00,customer,email,integration errors,The reporting changes are useful and the team is happy with them.
MSG0001312,ACC00140,2024-09-06T16:00:00,customer,meeting_notes,workflow automation,We've been getting good value from the platform and adoption is steady.
MSG0001313,ACC00140,2025-12-13T13:00:00,customer,email,user provisioning,The latest release has made the workflow much easier for our team.
MSG0001314,ACC00140,2024-07-20T15:00:00,customer,support_chat,renewal terms,Could you help us understand why this is happening?
MSG0001315,ACC00140,2025-12-20T10:00:00,agent,support_chat,API reliability,We've been getting good value from the platform and adoption is steady.
MSG0001316,ACC00140,2024-02-21T17:00:00,agent,email,report exports,We've had to follow up several times and this is starting to become frustrating.
MSG0001317,ACC00140,2025-09-19T12:00:00,customer,email,SSO,We're reviewing the latest changes and have a few questions.
MSG0001318,ACC00140,2025-03-16T11:00:00,agent,meeting_notes,user provisioning,Thanks for getting this sorted so quickly. Everything is working now.
MSG0001319,ACC00140,2024-11-13T17:00:00,customer,meeting_notes,user provisioning,We're reviewing the latest changes and have a few questions.
MSG0001320,ACC00140,2025-09-07T16:00:00,agent,meeting_notes,SSO,The latest release has made the workflow much easier for our team.
MSG0001321,ACC00140,2025-01-28T11:00:00,agent,support_chat,user provisioning,Thanks for getting this sorted so quickly. Everything is working now.
MSG0001322,ACC00141,2025-08-14T13:00:00,agent,meeting_notes,invoice reconciliation,Could you help us understand why this is happening?
MSG0001323,ACC00141,2024-05-13T12:00:00,customer,email,permissions,We're still evaluating the change internally.
MSG0001324,ACC00141,2025-11-09T09:00:00,agent,email,permissions,Thanks for getting this sorted so quickly. Everything is working now.
MSG0001325,ACC00141,2024-09-07T17:00:00,customer,meeting_notes,renewal terms,"The workflow is mostly fine, although there are a couple of things we'd like improved."
MSG0001326,ACC00141,2024-07-11T17:00:00,customer,email,API reliability,"The workflow is mostly fine, although there are a couple of things we'd like improved."
MSG0001327,ACC00141,2025-06-22T18:00:00,customer,meeting_notes,workflow automation,Thanks for getting this sorted so quickly. Everything is working now.
MSG0001328,ACC00141,2024-04-13T18:00:00,customer,meeting_notes,API reliability,The reporting changes are useful and the team is happy with them.
MSG0001329,ACC00141,2025-07-07T18:00:00,customer,email,workflow automation,This has been affecting the team for a while and we need a clearer resolution.
MSG0001330,ACC00141,2024-03-19T09:00:00,customer,email,mobile access,We've had to follow up several times and this is starting to become frustrating.
MSG0001331,ACC00141,2024-04-20T16:00:00,agent,email,API reliability,We're still evaluating the change internally.
MSG0001332,ACC00141,2025-02-11T08:00:00,agent,email,workflow automation,We've been getting good value from the platform and adoption is steady.
MSG0001333,ACC00141,2025-12-12T15:00:00,agent,email,mobile access,"The workflow is mostly fine, although there are a couple of things we'd like improved."
MSG0001334,ACC00141,2024-02-17T14:00:00,agent,support_chat,usage reporting,We're still evaluating the change internally.
MSG0001335,ACC00141,2024-05-05T14:00:00,customer,email,data synchronization,Thanks for getting this sorted so quickly. Everything is working now.
MSG0001336,ACC00141,2024-05-22T16:00:00,customer,meeting_notes,API reliability,This has been affecting the team for a while and we need a clearer resolution.
MSG0001337,ACC00141,2025-01-28T14:00:00,agent,email,workflow automation,Could you help us understand why this is happening?
MSG0001338,ACC00142,2025-05-21T11:00:00,customer,meeting_notes,integration errors,We're reviewing the latest changes and have a few questions.
MSG0001339,ACC00142,2025-07-23T13:00:00,agent,email,SSO,The reporting changes are useful and the team is happy with them.
MSG0001340,ACC00142,2024-02-02T16:00:00,customer,email,dashboard performance,Could you help us understand why this is happening?
MSG0001341,ACC00142,2024-02-25T08:00:00,customer,meeting_notes,workflow automation,Thanks for getting this sorted so quickly. Everything is working now.
MSG0001342,ACC00142,2024-02-07T14:00:00,customer,email,billing configuration,We're reviewing the latest changes and have a few questions.
MSG0001343,ACC00142,2025-04-24T11:00:00,customer,support_chat,renewal terms,The reporting changes are useful and the team is happy with them.
MSG0001344,ACC00142,2025-09-05T12:00:00,customer,meeting_notes,workflow automation,We've been getting good value from the platform and adoption is steady.
MSG0001345,ACC00142,2024-04-26T16:00:00,agent,support_chat,SSO,This has been affecting the team for a while and we need a clearer resolution.
MSG0001346,ACC00142,2024-03-25T15:00:00,customer,meeting_notes,renewal terms,We're still evaluating the change internally.
MSG0001347,ACC00142,2025-12-24T12:00:00,agent,meeting_notes,integration errors,Thanks for getting this sorted so quickly. Everything is working now.
MSG0001348,ACC00142,2024-06-04T08:00:00,customer,support_chat,dashboard performance,We've been getting good value from the platform and adoption is steady.
MSG0001349,ACC00142,2025-06-25T10:00:00,agent,email,workflow automation,We've been getting good value from the platform and adoption is steady.
MSG0001350,ACC00142,2024-11-01T15:00:00,customer,email,invoice reconciliation,This has been affecting the team for a while and we need a clearer resolution.
MSG0001351,ACC00142,2024-05-09T18:00:00,agent,meeting_notes,dashboard performance,The latest release has made the workflow much easier for our team.
MSG0001352,ACC00142,2025-07-13T09:00:00,agent,meeting_notes,permissions,This has been affecting the team for a while and we need a clearer resolution.
MSG0001353,ACC00142,2025-09-11T09:00:00,customer,email,workflow automation,This has been affecting the team for a while and we need a clearer resolution.
MSG0001354,ACC00142,2024-03-09T13:00:00,customer,support_chat,data synchronization,We're still evaluating the change internally.
MSG0001355,ACC00142,2025-11-18T14:00:00,customer,email,workflow automation,We've had to follow up several times and this is starting to become frustrating.
MSG0001356,ACC00143,2025-05-25T15:00:00,customer,meeting_notes,workflow automation,The reporting changes are useful and the team is happy with them.
MSG0001357,ACC00143,2024-12-09T11:00:00,agent,support_chat,invoice reconciliation,We're reviewing the latest changes and have a few questions.
MSG0001358,ACC00143,2025-01-27T12:00:00,customer,email,usage reporting,This has been affecting the team for a while and we need a clearer resolution.
MSG0001359,ACC00143,2024-02-16T15:00:00,customer,support_chat,workflow automation,This has been affecting the team for a while and we need a clearer resolution.
MSG0001360,ACC00143,2024-05-05T10:00:00,agent,support_chat,renewal terms,Thanks for getting this sorted so quickly. Everything is working now.
MSG0001361,ACC00143,2025-01-24T18:00:00,agent,support_chat,invoice reconciliation,We've been getting good value from the platform and adoption is steady.
MSG0001362,ACC00143,2024-08-02T08:00:00,customer,email,workflow automation,Thanks for getting this sorted so quickly. Everything is working now.
MSG0001363,ACC00143,2024-12-24T08:00:00,agent,meeting_notes,workflow automation,We're still evaluating the change internally.
MSG0001364,ACC00143,2025-11-14T17:00:00,agent,meeting_notes,report exports,The reporting changes are useful and the team is happy with them.
MSG0001365,ACC00143,2024-11-04T12:00:00,customer,meeting_notes,user provisioning,Could you help us understand why this is happening?
MSG0001366,ACC00143,2025-09-20T18:00:00,customer,support_chat,mobile access,The latest release has made the workflow much easier for our team.
MSG0001367,ACC00143,2024-03-05T08:00:00,customer,email,report exports,We're still evaluating the change internally.
MSG0001368,ACC00144,2024-03-28T13:00:00,customer,meeting_notes,usage reporting,We're reviewing the latest changes and have a few questions.
MSG0001369,ACC00144,2025-03-18T09:00:00,customer,support_chat,workflow automation,We've had to follow up several times and this is starting to become frustrating.
MSG0001370,ACC00144,2025-08-23T12:00:00,agent,email,billing configuration,This has been affecting the team for a while and we need a clearer resolution.
MSG0001371,ACC00144,2024-10-17T16:00:00,customer,meeting_notes,billing configuration,We've been getting good value from the platform and adoption is steady.
MSG0001372,ACC00144,2024-04-10T12:00:00,customer,meeting_notes,permissions,"The workflow is mostly fine, although there are a couple of things we'd like improved."
MSG0001373,ACC00144,2025-08-11T12:00:00,customer,email,report exports,We've been getting good value from the platform and adoption is steady.
MSG0001374,ACC00144,2025-02-12T14:00:00,agent,support_chat,user provisioning,Thanks for getting this sorted so quickly. Everything is working now.
MSG0001375,ACC00145,2024-10-23T08:00:00,agent,support_chat,renewal terms,Thanks for getting this sorted so quickly. Everything is working now.
MSG0001376,ACC00145,2024-06-14T08:00:00,customer,meeting_notes,billing configuration,The latest release has made the workflow much easier for our team.
MSG0001377,ACC00145,2024-06-06T11:00:00,customer,support_chat,renewal terms,We've had to follow up several times and this is starting to become frustrating.
MSG0001378,ACC00145,2024-07-18T18:00:00,customer,meeting_notes,dashboard performance,This has been affecting the team for a while and we need a clearer resolution.
MSG0001379,ACC00145,2024-12-18T17:00:00,customer,email,permissions,Thanks for getting this sorted so quickly. Everything is working now.
MSG0001380,ACC00145,2024-11-06T17:00:00,customer,support_chat,data synchronization,We're reviewing the latest changes and have a few questions.
MSG0001381,ACC00146,2024-10-01T13:00:00,customer,email,permissions,The latest release has made the workflow much easier for our team.
MSG0001382,ACC00146,2024-03-23T11:00:00,customer,support_chat,usage reporting,We're reviewing the latest changes and have a few questions.
MSG0001383,ACC00146,2024-06-20T14:00:00,agent,support_chat,API reliability,The reporting changes are useful and the team is happy with them.
MSG0001384,ACC00146,2024-06-06T14:00:00,customer,support_chat,usage reporting,We're reviewing the latest changes and have a few questions.
MSG0001385,ACC00146,2024-09-23T11:00:00,agent,email,dashboard performance,This has been affecting the team for a while and we need a clearer resolution.
MSG0001386,ACC00146,2024-11-07T17:00:00,customer,support_chat,SSO,"The workflow is mostly fine, although there are a couple of things we'd like improved."
MSG0001387,ACC00146,2024-09-01T16:00:00,customer,meeting_notes,permissions,We've been getting good value from the platform and adoption is steady.
MSG0001388,ACC00146,2024-09-05T13:00:00,agent,meeting_notes,usage reporting,The reporting changes are useful and the team is happy with them.
MSG0001389,ACC00147,2024-07-02T11:00:00,customer,meeting_notes,SSO,The reporting changes are useful and the team is happy with them.
MSG0001390,ACC00147,2024-08-08T17:00:00,customer,support_chat,API reliability,We've had to follow up several times and this is starting to become frustrating.
MSG0001391,ACC00147,2024-04-23T09:00:00,customer,meeting_notes,integration errors,The reporting changes are useful and the team is happy with them.
MSG0001392,ACC00147,2025-04-25T15:00:00,customer,meeting_notes,workflow automation,The reporting changes are useful and the team is happy with them.
MSG0001393,ACC00147,2025-08-06T15:00:00,agent,support_chat,workflow automation,We've had to follow up several times and this is starting to become frustrating.
MSG0001394,ACC00147,2025-06-27T10:00:00,customer,meeting_notes,mobile access,The reporting changes are useful and the team is happy with them.
MSG0001395,ACC00147,2024-05-19T14:00:00,customer,support_chat,dashboard performance,"The workflow is mostly fine, although there are a couple of things we'd like improved."
MSG0001396,ACC00147,2025-01-11T15:00:00,customer,support_chat,SSO,We're reviewing the latest changes and have a few questions.
MSG0001397,ACC00148,2024-10-25T16:00:00,customer,meeting_notes,user provisioning,We've been getting good value from the platform and adoption is steady.
MSG0001398,ACC00148,2025-07-13T17:00:00,customer,support_chat,dashboard performance,Thanks for getting this sorted so quickly. Everything is working now.
MSG0001399,ACC00148,2024-09-02T13:00:00,customer,support_chat,workflow automation,Could you help us understand why this is happening?
MSG0001400,ACC00148,2025-03-06T09:00:00,agent,support_chat,renewal terms,The reporting changes are useful and the team is happy with them.
MSG0001401,ACC00148,2024-07-21T14:00:00,customer,meeting_notes,API reliability,Thanks for getting this sorted so quickly. Everything is working now.
MSG0001402,ACC00148,2025-02-01T18:00:00,customer,support_chat,API reliability,We're reviewing the latest changes and have a few questions.
MSG0001403,ACC00148,2025-04-24T10:00:00,customer,meeting_notes,report exports,The reporting changes are useful and the team is happy with them.
MSG0001404,ACC00148,2024-03-15T08:00:00,customer,meeting_notes,user provisioning,"The workflow is mostly fine, although there are a couple of things we'd like improved."
MSG0001405,ACC00148,2024-08-27T15:00:00,customer,meeting_notes,billing configuration,Thanks for getting this sorted so quickly. Everything is working now.
MSG0001406,ACC00148,2024-12-26T16:00:00,customer,support_chat,mobile access,This has been affecting the team for a while and we need a clearer resolution.
MSG0001407,ACC00148,2024-09-24T18:00:00,agent,support_chat,workflow automation,The latest release has made the workflow much easier for our team.
MSG0001408,ACC00148,2024-02-25T13:00:00,customer,email,renewal terms,We're still evaluating the change internally.
MSG0001409,ACC00148,2025-02-11T14:00:00,customer,meeting_notes,dashboard performance,Could you help us understand why this is happening?
MSG0001410,ACC00148,2024-04-22T14:00:00,customer,support_chat,workflow automation,Could you help us understand why this is happening?
MSG0001411,ACC00148,2024-04-11T15:00:00,agent,email,SSO,We've been getting good value from the platform and adoption is steady.
MSG0001412,ACC00148,2024-02-16T08:00:00,customer,meeting_notes,report exports,We've been getting good value from the platform and adoption is steady.
MSG0001413,ACC00149,2024-03-18T15:00:00,customer,email,dashboard performance,We're still evaluating the change internally.
MSG0001414,ACC00149,2024-10-18T15:00:00,customer,support_chat,workflow automation,"The workflow is mostly fine, although there are a couple of things we'd like improved."
MSG0001415,ACC00149,2024-07-03T16:00:00,customer,email,workflow automation,We've had to follow up several times and this is starting to become frustrating.
MSG0001416,ACC00149,2025-02-02T14:00:00,customer,meeting_notes,permissions,"The workflow is mostly fine, although there are a couple of things we'd like improved."
MSG0001417,ACC00150,2025-05-20T16:00:00,agent,email,usage reporting,The reporting changes are useful and the team is happy with them.
MSG0001418,ACC00150,2024-07-01T15:00:00,customer,email,SSO,We've had to follow up several times and this is starting to become frustrating.
MSG0001419,ACC00150,2024-11-15T08:00:00,customer,email,workflow automation,"The workflow is mostly fine, although there are a couple of things we'd like improved."
MSG0001420,ACC00150,2025-04-27T17:00:00,agent,support_chat,dashboard performance,Thanks for getting this sorted so quickly. Everything is working now.
MSG0001421,ACC00150,2025-11-27T13:00:00,agent,support_chat,data synchronization,We're reviewing the latest changes and have a few questions.
MSG0001422,ACC00150,2025-09-20T15:00:00,customer,email,data synchronization,We've been getting good value from the platform and adoption is steady.
MSG0001423,ACC00150,2025-11-14T16:00:00,customer,meeting_notes,report exports,We're still evaluating the change internally.
MSG0001424,ACC00150,2024-05-10T10:00:00,agent,support_chat,integration errors,"The workflow is mostly fine, although there are a couple of things we'd like improved."
MSG0001425,ACC00150,2025-12-26T14:00:00,customer,support_chat,user provisioning,The reporting changes are useful and the team is happy with them.
MSG0001426,ACC00150,2025-05-10T13:00:00,customer,email,billing configuration,We've had to follow up several times and this is starting to become frustrating.
MSG0001427,ACC00150,2024-01-26T17:00:00,customer,support_chat,mobile access,The latest release has made the workflow much easier for our team.
MSG0001428,ACC00150,2025-10-12T16:00:00,customer,email,permissions,We're still evaluating the change internally.
MSG0001429,ACC00150,2024-06-23T15:00:00,customer,email,workflow automation,Could you help us understand why this is happening?
MSG0001430,ACC00150,2025-09-03T17:00:00,customer,email,API reliability,Thanks for getting this sorted so quickly. Everything is working now.
MSG0001431,ACC00150,2025-12-01T10:00:00,customer,support_chat,renewal terms,The reporting changes are useful and the team is happy with them.
MSG0001432,ACC00150,2024-06-28T16:00:00,customer,email,user provisioning,We've had to follow up several times and this is starting to become frustrating.
MSG0001433,ACC00151,2025-06-19T10:00:00,agent,support_chat,data synchronization,We've been getting good value from the platform and adoption is steady.
MSG0001434,ACC00151,2025-05-14T12:00:00,customer,email,report exports,The reporting changes are useful and the team is happy with them.
MSG0001435,ACC00151,2025-07-16T13:00:00,agent,meeting_notes,user provisioning,The reporting changes are useful and the team is happy with them.
MSG0001436,ACC00151,2024-07-04T12:00:00,agent,email,mobile access,This has been affecting the team for a while and we need a clearer resolution.
MSG0001437,ACC00151,2025-09-19T14:00:00,customer,meeting_notes,user provisioning,This has been affecting the team for a while and we need a clearer resolution.
MSG0001438,ACC00151,2024-04-22T15:00:00,agent,meeting_notes,user provisioning,Could you help us understand why this is happening?
MSG0001439,ACC00151,2024-07-09T13:00:00,agent,support_chat,dashboard performance,We're reviewing the latest changes and have a few questions.
MSG0001440,ACC00151,2025-10-22T10:00:00,customer,meeting_notes,billing configuration,Thanks for getting this sorted so quickly. Everything is working now.
MSG0001441,ACC00151,2025-07-22T10:00:00,agent,meeting_notes,billing configuration,Could you help us understand why this is happening?
MSG0001442,ACC00151,2024-08-02T08:00:00,agent,support_chat,mobile access,The reporting changes are useful and the team is happy with them.
MSG0001443,ACC00152,2024-04-04T15:00:00,customer,meeting_notes,permissions,Thanks for getting this sorted so quickly. Everything is working now.
MSG0001444,ACC00152,2024-07-14T13:00:00,agent,support_chat,API reliability,The latest release has made the workflow much easier for our team.
MSG0001445,ACC00152,2024-01-17T17:00:00,customer,meeting_notes,workflow automation,"The workflow is mostly fine, although there are a couple of things we'd like improved."
MSG0001446,ACC00152,2024-02-03T11:00:00,agent,support_chat,renewal terms,Thanks for getting this sorted so quickly. Everything is working now.
MSG0001447,ACC00153,2024-06-01T12:00:00,agent,support_chat,workflow automation,The reporting changes are useful and the team is happy with them.
MSG0001448,ACC00153,2024-04-09T17:00:00,customer,support_chat,SSO,We're reviewing the latest changes and have a few questions.
MSG0001449,ACC00153,2024-10-17T12:00:00,agent,support_chat,API reliability,Could you help us understand why this is happening?
MSG0001450,ACC00153,2024-12-06T16:00:00,agent,email,report exports,"The workflow is mostly fine, although there are a couple of things we'd like improved."
MSG0001451,ACC00153,2024-11-25T14:00:00,customer,email,renewal terms,We're reviewing the latest changes and have a few questions.
MSG0001452,ACC00154,2025-08-03T08:00:00,customer,support_chat,user provisioning,The latest release has made the workflow much easier for our team.
MSG0001453,ACC00154,2025-08-18T09:00:00,customer,email,invoice reconciliation,This has been affecting the team for a while and we need a clearer resolution.
MSG0001454,ACC00154,2024-07-03T14:00:00,customer,email,user provisioning,We're still evaluating the change internally.
MSG0001455,ACC00154,2025-01-10T08:00:00,agent,support_chat,data synchronization,The reporting changes are useful and the team is happy with them.
MSG0001456,ACC00154,2024-01-11T17:00:00,customer,meeting_notes,user provisioning,This has been affecting the team for a while and we need a clearer resolution.
MSG0001457,ACC00154,2024-09-01T16:00:00,customer,support_chat,API reliability,We've been getting good value from the platform and adoption is steady.
MSG0001458,ACC00154,2024-02-19T09:00:00,customer,support_chat,API reliability,We're still evaluating the change internally.
MSG0001459,ACC00154,2024-01-26T13:00:00,customer,email,mobile access,This has been affecting the team for a while and we need a clearer resolution.
MSG0001460,ACC00155,2025-11-13T10:00:00,customer,support_chat,renewal terms,Could you help us understand why this is happening?
MSG0001461,ACC00155,2024-04-04T15:00:00,agent,email,invoice reconciliation,We've been getting good value from the platform and adoption is steady.
MSG0001462,ACC00155,2024-10-12T15:00:00,customer,support_chat,data synchronization,We're reviewing the latest changes and have a few questions.
MSG0001463,ACC00155,2025-01-12T17:00:00,customer,email,report exports,Thanks for getting this sorted so quickly. Everything is working now.
MSG0001464,ACC00155,2024-05-06T12:00:00,customer,support_chat,API reliability,Thanks for getting this sorted so quickly. Everything is working now.
MSG0001465,ACC00155,2025-01-13T12:00:00,agent,meeting_notes,usage reporting,The reporting changes are useful and the team is happy with them.
MSG0001466,ACC00155,2024-07-24T13:00:00,agent,meeting_notes,integration errors,We've been getting good value from the platform and adoption is steady.
MSG0001467,ACC00155,2025-03-21T10:00:00,customer,support_chat,SSO,We've been getting good value from the platform and adoption is steady.
MSG0001468,ACC00155,2025-08-06T15:00:00,agent,meeting_notes,permissions,The latest release has made the workflow much easier for our team.
MSG0001469,ACC00155,2025-07-07T08:00:00,agent,support_chat,permissions,"The workflow is mostly fine, although there are a couple of things we'd like improved."
MSG0001470,ACC00155,2024-09-05T08:00:00,agent,email,workflow automation,We've been getting good value from the platform and adoption is steady.
MSG0001471,ACC00155,2025-11-28T11:00:00,customer,email,integration errors,We've been getting good value from the platform and adoption is steady.
MSG0001472,ACC00155,2024-04-01T18:00:00,customer,email,renewal terms,We're reviewing the latest changes and have a few questions.
MSG0001473,ACC00155,2024-11-06T18:00:00,customer,support_chat,renewal terms,The latest release has made the workflow much easier for our team.
MSG0001474,ACC00155,2025-01-14T16:00:00,agent,email,report exports,"The workflow is mostly fine, although there are a couple of things we'd like improved."
MSG0001475,ACC00155,2024-07-18T17:00:00,customer,meeting_notes,permissions,Could you help us understand why this is happening?
MSG0001476,ACC00155,2024-06-05T15:00:00,customer,meeting_notes,SSO,We've had to follow up several times and this is starting to become frustrating.
MSG0001477,ACC00156,2024-10-24T11:00:00,customer,meeting_notes,invoice reconciliation,The latest release has made the workflow much easier for our team.
MSG0001478,ACC00156,2024-09-28T09:00:00,agent,email,permissions,"The workflow is mostly fine, although there are a couple of things we'd like improved."
MSG0001479,ACC00156,2025-03-01T15:00:00,customer,support_chat,usage reporting,Thanks for getting this sorted so quickly. Everything is working now.
MSG0001480,ACC00156,2024-05-01T08:00:00,customer,meeting_notes,integration errors,Could you help us understand why this is happening?
MSG0001481,ACC00156,2024-10-26T08:00:00,customer,email,integration errors,We're still evaluating the change internally.
MSG0001482,ACC00156,2025-03-16T16:00:00,agent,email,dashboard performance,We've had to follow up several times and this is starting to become frustrating.
MSG0001483,ACC00156,2025-05-12T17:00:00,agent,meeting_notes,report exports,We've been getting good value from the platform and adoption is steady.
MSG0001484,ACC00156,2024-06-27T12:00:00,agent,meeting_notes,dashboard performance,We've had to follow up several times and this is starting to become frustrating.
MSG0001485,ACC00156,2025-09-02T12:00:00,agent,support_chat,API reliability,We've been getting good value from the platform and adoption is steady.
MSG0001486,ACC00156,2024-09-01T18:00:00,agent,meeting_notes,workflow automation,We've had to follow up several times and this is starting to become frustrating.
MSG0001487,ACC00157,2025-10-12T12:00:00,customer,email,workflow automation,We're reviewing the latest changes and have a few questions.
MSG0001488,ACC00157,2024-01-23T08:00:00,agent,meeting_notes,permissions,We're reviewing the latest changes and have a few questions.
MSG0001489,ACC00157,2025-09-20T15:00:00,agent,email,SSO,We're reviewing the latest changes and have a few questions.
MSG0001490,ACC00157,2025-10-11T17:00:00,customer,email,workflow automation,We're still evaluating the change internally.
MSG0001491,ACC00157,2024-09-17T13:00:00,customer,support_chat,renewal terms,The latest release has made the workflow much easier for our team.
MSG0001492,ACC00157,2024-09-28T11:00:00,agent,email,user provisioning,Thanks for getting this sorted so quickly. Everything is working now.
MSG0001493,ACC00157,2025-10-01T18:00:00,customer,meeting_notes,workflow automation,We've had to follow up several times and this is starting to become frustrating.
MSG0001494,ACC00157,2025-04-08T14:00:00,customer,support_chat,mobile access,"The workflow is mostly fine, although there are a couple of things we'd like improved."
MSG0001495,ACC00157,2024-12-19T16:00:00,agent,email,usage reporting,We're still evaluating the change internally.
MSG0001496,ACC00157,2025-03-27T11:00:00,customer,email,mobile access,The reporting changes are useful and the team is happy with them.
MSG0001497,ACC00157,2024-07-16T17:00:00,customer,meeting_notes,usage reporting,The latest release has made the workflow much easier for our team.
MSG0001498,ACC00158,2025-03-10T08:00:00,agent,meeting_notes,user provisioning,"The workflow is mostly fine, although there are a couple of things we'd like improved."
MSG0001499,ACC00158,2025-03-19T17:00:00,customer,email,permissions,We're reviewing the latest changes and have a few questions.
MSG0001500,ACC00158,2025-01-04T11:00:00,customer,meeting_notes,renewal terms,We're still evaluating the change internally.
MSG0001501,ACC00158,2024-06-07T15:00:00,customer,meeting_notes,SSO,"The workflow is mostly fine, although there are a couple of things we'd like improved."
MSG0001502,ACC00158,2024-11-24T17:00:00,agent,meeting_notes,workflow automation,The reporting changes are useful and the team is happy with them.
MSG0001503,ACC00158,2025-05-28T15:00:00,customer,email,SSO,This has been affecting the team for a while and we need a clearer resolution.
MSG0001504,ACC00158,2025-05-03T10:00:00,agent,support_chat,invoice reconciliation,We've been getting good value from the platform and adoption is steady.
MSG0001505,ACC00158,2024-11-26T16:00:00,customer,support_chat,API reliability,We've been getting good value from the platform and adoption is steady.
MSG0001506,ACC00158,2024-02-06T14:00:00,customer,support_chat,billing configuration,Thanks for getting this sorted so quickly. Everything is working now.
MSG0001507,ACC00159,2024-06-08T15:00:00,customer,meeting_notes,invoice reconciliation,Could you help us understand why this is happening?
MSG0001508,ACC00159,2024-08-21T09:00:00,customer,meeting_notes,SSO,We're reviewing the latest changes and have a few questions.
MSG0001509,ACC00159,2024-11-07T12:00:00,customer,meeting_notes,billing configuration,We're still evaluating the change internally.
MSG0001510,ACC00159,2024-03-02T17:00:00,customer,meeting_notes,API reliability,The latest release has made the workflow much easier for our team.
MSG0001511,ACC00159,2024-01-02T08:00:00,agent,meeting_notes,user provisioning,The reporting changes are useful and the team is happy with them.
MSG0001512,ACC00160,2025-06-11T10:00:00,customer,support_chat,API reliability,The latest release has made the workflow much easier for our team.
MSG0001513,ACC00160,2024-02-27T09:00:00,customer,support_chat,invoice reconciliation,The latest release has made the workflow much easier for our team.
MSG0001514,ACC00160,2024-07-02T13:00:00,customer,email,renewal terms,The latest release has made the workflow much easier for our team.
MSG0001515,ACC00160,2025-07-19T11:00:00,customer,meeting_notes,renewal terms,We're reviewing the latest changes and have a few questions.
MSG0001516,ACC00160,2025-02-23T08:00:00,agent,support_chat,user provisioning,The latest release has made the workflow much easier for our team.
MSG0001517,ACC00160,2025-05-10T18:00:00,customer,support_chat,mobile access,We've had to follow up several times and this is starting to become frustrating.
MSG0001518,ACC00160,2025-10-10T10:00:00,customer,support_chat,workflow automation,Thanks for getting this sorted so quickly. Everything is working now.
MSG0001519,ACC00160,2025-01-17T13:00:00,customer,meeting_notes,user provisioning,We're still evaluating the change internally.
MSG0001520,ACC00160,2024-10-10T10:00:00,customer,support_chat,data synchronization,This has been affecting the team for a while and we need a clearer resolution.
MSG0001521,ACC00161,2025-03-25T16:00:00,agent,support_chat,permissions,We're reviewing the latest changes and have a few questions.
MSG0001522,ACC00161,2025-05-09T13:00:00,customer,email,SSO,We've had to follow up several times and this is starting to become frustrating.
MSG0001523,ACC00161,2024-06-15T15:00:00,agent,email,API reliability,"The workflow is mostly fine, although there are a couple of things we'd like improved."
MSG0001524,ACC00161,2025-06-02T14:00:00,agent,email,data synchronization,"The workflow is mostly fine, although there are a couple of things we'd like improved."
MSG0001525,ACC00161,2024-06-15T17:00:00,agent,meeting_notes,renewal terms,The reporting changes are useful and the team is happy with them.
MSG0001526,ACC00161,2024-10-09T12:00:00,agent,email,usage reporting,Could you help us understand why this is happening?
MSG0001527,ACC00161,2025-07-02T14:00:00,customer,meeting_notes,SSO,We're still evaluating the change internally.
MSG0001528,ACC00161,2024-03-24T08:00:00,customer,support_chat,invoice reconciliation,We've had to follow up several times and this is starting to become frustrating.
MSG0001529,ACC00162,2025-09-12T12:00:00,customer,meeting_notes,workflow automation,This has been affecting the team for a while and we need a clearer resolution.
MSG0001530,ACC00162,2024-06-13T11:00:00,agent,email,mobile access,We've been getting good value from the platform and adoption is steady.
MSG0001531,ACC00162,2024-03-01T16:00:00,customer,email,dashboard performance,"The workflow is mostly fine, although there are a couple of things we'd like improved."
MSG0001532,ACC00162,2024-01-07T13:00:00,agent,support_chat,dashboard performance,We're reviewing the latest changes and have a few questions.
MSG0001533,ACC00162,2024-05-24T18:00:00,customer,support_chat,integration errors,We've had to follow up several times and this is starting to become frustrating.
MSG0001534,ACC00162,2025-05-09T16:00:00,agent,support_chat,integration errors,We've had to follow up several times and this is starting to become frustrating.
MSG0001535,ACC00162,2025-10-03T16:00:00,customer,meeting_notes,usage reporting,"The workflow is mostly fine, although there are a couple of things we'd like improved."
MSG0001536,ACC00162,2024-10-03T10:00:00,customer,support_chat,integration errors,We've been getting good value from the platform and adoption is steady.
MSG0001537,ACC00162,2025-01-02T13:00:00,agent,email,billing configuration,This has been affecting the team for a while and we need a clearer resolution.
MSG0001538,ACC00162,2025-04-02T14:00:00,customer,email,data synchronization,Thanks for getting this sorted so quickly. Everything is working now.
MSG0001539,ACC00162,2024-05-13T12:00:00,customer,email,invoice reconciliation,The reporting changes are useful and the team is happy with them.
MSG0001540,ACC00162,2025-05-26T16:00:00,customer,support_chat,workflow automation,We're still evaluating the change internally.
MSG0001541,ACC00162,2024-04-28T14:00:00,agent,meeting_notes,dashboard performance,Thanks for getting this sorted so quickly. Everything is working now.
MSG0001542,ACC00163,2024-04-02T14:00:00,customer,meeting_notes,dashboard performance,Thanks for getting this sorted so quickly. Everything is working now.
MSG0001543,ACC00163,2024-03-23T15:00:00,customer,support_chat,usage reporting,"The workflow is mostly fine, although there are a couple of things we'd like improved."
MSG0001544,ACC00163,2024-06-19T14:00:00,agent,email,dashboard performance,Thanks for getting this sorted so quickly. Everything is working now.
MSG0001545,ACC00163,2024-06-25T17:00:00,customer,meeting_notes,mobile access,We're still evaluating the change internally.
MSG0001546,ACC00163,2024-03-23T12:00:00,customer,email,mobile access,We've been getting good value from the platform and adoption is steady.
MSG0001547,ACC00164,2024-05-28T16:00:00,customer,support_chat,usage reporting,We've had to follow up several times and this is starting to become frustrating.
MSG0001548,ACC00164,2024-08-23T12:00:00,customer,meeting_notes,integration errors,We're reviewing the latest changes and have a few questions.
MSG0001549,ACC00164,2024-06-16T18:00:00,customer,meeting_notes,renewal terms,This has been affecting the team for a while and we need a clearer resolution.
MSG0001550,ACC00164,2024-07-20T18:00:00,customer,support_chat,renewal terms,Thanks for getting this sorted so quickly. Everything is working now.
MSG0001551,ACC00164,2024-03-27T13:00:00,customer,support_chat,renewal terms,We're still evaluating the change internally.
MSG0001552,ACC00164,2024-12-28T11:00:00,customer,email,dashboard performance,The reporting changes are useful and the team is happy with them.
MSG0001553,ACC00164,2025-08-09T16:00:00,customer,meeting_notes,mobile access,We've been getting good value from the platform and adoption is steady.
MSG0001554,ACC00164,2025-05-27T10:00:00,customer,support_chat,dashboard performance,"The workflow is mostly fine, although there are a couple of things we'd like improved."
MSG0001555,ACC00164,2024-08-08T18:00:00,agent,email,API reliability,We're still evaluating the change internally.
MSG0001556,ACC00164,2024-09-21T08:00:00,customer,email,report exports,Thanks for getting this sorted so quickly. Everything is working now.
MSG0001557,ACC00164,2024-02-18T09:00:00,customer,email,API reliability,The latest release has made the workflow much easier for our team.
MSG0001558,ACC00164,2024-04-21T12:00:00,customer,support_chat,integration errors,The latest release has made the workflow much easier for our team.
MSG0001559,ACC00164,2025-03-18T14:00:00,customer,support_chat,invoice reconciliation,Thanks for getting this sorted so quickly. Everything is working now.
MSG0001560,ACC00164,2024-09-17T12:00:00,customer,email,data synchronization,We're reviewing the latest changes and have a few questions.
MSG0001561,ACC00164,2024-07-10T12:00:00,agent,support_chat,report exports,We're still evaluating the change internally.
MSG0001562,ACC00164,2025-05-05T11:00:00,customer,meeting_notes,mobile access,We've had to follow up several times and this is starting to become frustrating.
MSG0001563,ACC00164,2025-06-04T14:00:00,customer,support_chat,permissions,We've been getting good value from the platform and adoption is steady.
MSG0001564,ACC00165,2024-02-18T15:00:00,agent,email,integration errors,This has been affecting the team for a while and we need a clearer resolution.
MSG0001565,ACC00165,2025-01-18T14:00:00,agent,support_chat,usage reporting,The reporting changes are useful and the team is happy with them.
MSG0001566,ACC00165,2025-02-08T17:00:00,customer,support_chat,SSO,"The workflow is mostly fine, although there are a couple of things we'd like improved."
MSG0001567,ACC00165,2025-04-08T14:00:00,customer,support_chat,data synchronization,The invoice amount doesn't match our purchase order. Can someone review it?
MSG0001568,ACC00165,2024-12-01T12:00:00,agent,support_chat,API reliability,The latest release has made the workflow much easier for our team.
MSG0001569,ACC00165,2024-08-25T16:00:00,customer,email,workflow automation,This has been affecting the team for a while and we need a clearer resolution.
MSG0001570,ACC00165,2024-11-05T16:00:00,customer,meeting_notes,workflow automation,Thanks for getting this sorted so quickly. Everything is working now.
MSG0001571,ACC00166,2024-11-14T09:00:00,agent,email,SSO,We're still evaluating the change internally.
MSG0001572,ACC00166,2024-09-08T10:00:00,agent,support_chat,integration errors,We've been getting good value from the platform and adoption is steady.
MSG0001573,ACC00166,2024-05-09T15:00:00,agent,support_chat,dashboard performance,"The workflow is mostly fine, although there are a couple of things we'd like improved."
MSG0001574,ACC00166,2024-02-08T13:00:00,agent,email,billing configuration,The reporting changes are useful and the team is happy with them.
MSG0001575,ACC00166,2024-11-13T16:00:00,customer,support_chat,SSO,We're reviewing the latest changes and have a few questions.
MSG0001576,ACC00166,2025-04-07T12:00:00,customer,support_chat,billing configuration,The latest release has made the workflow much easier for our team.
MSG0001577,ACC00166,2024-11-09T09:00:00,agent,email,user provisioning,The reporting changes are useful and the team is happy with them.
MSG0001578,ACC00166,2024-07-23T08:00:00,agent,support_chat,report exports,We've been getting good value from the platform and adoption is steady.
MSG0001579,ACC00166,2025-06-21T17:00:00,customer,meeting_notes,invoice reconciliation,Thanks for getting this sorted so quickly. Everything is working now.
MSG0001580,ACC00167,2024-07-13T11:00:00,agent,email,report exports,The reporting changes are useful and the team is happy with them.
MSG0001581,ACC00167,2024-07-03T17:00:00,agent,email,usage reporting,This has been affecting the team for a while and we need a clearer resolution.
MSG0001582,ACC00167,2024-03-25T12:00:00,customer,meeting_notes,workflow automation,"The workflow is mostly fine, although there are a couple of things we'd like improved."
MSG0001583,ACC00167,2024-02-26T18:00:00,customer,email,integration errors,Thanks for getting this sorted so quickly. Everything is working now.
MSG0001584,ACC00167,2024-05-09T14:00:00,customer,email,API reliability,We're still evaluating the change internally.
MSG0001585,ACC00167,2024-09-06T13:00:00,customer,meeting_notes,usage reporting,The latest release has made the workflow much easier for our team.
MSG0001586,ACC00167,2024-06-08T10:00:00,customer,meeting_notes,user provisioning,We're reviewing the latest changes and have a few questions.
MSG0001587,ACC00167,2024-07-05T11:00:00,customer,meeting_notes,usage reporting,We're still evaluating the change internally.
MSG0001588,ACC00167,2024-06-21T09:00:00,customer,support_chat,report exports,The reporting changes are useful and the team is happy with them.
MSG0001589,ACC00168,2024-08-08T14:00:00,agent,support_chat,dashboard performance,"The workflow is mostly fine, although there are a couple of things we'd like improved."
MSG0001590,ACC00168,2025-07-07T12:00:00,agent,email,report exports,We're still evaluating the change internally.
MSG0001591,ACC00168,2024-08-10T18:00:00,customer,support_chat,mobile access,Thanks for getting this sorted so quickly. Everything is working now.
MSG0001592,ACC00168,2024-11-26T14:00:00,agent,email,API reliability,"The workflow is mostly fine, although there are a couple of things we'd like improved."
MSG0001593,ACC00168,2024-11-12T14:00:00,agent,support_chat,report exports,We've had to follow up several times and this is starting to become frustrating.
MSG0001594,ACC00168,2025-08-13T12:00:00,customer,meeting_notes,workflow automation,The latest release has made the workflow much easier for our team.
MSG0001595,ACC00168,2025-02-14T08:00:00,customer,meeting_notes,SSO,We've been getting good value from the platform and adoption is steady.
MSG0001596,ACC00168,2025-10-20T14:00:00,agent,support_chat,usage reporting,We've been getting good value from the platform and adoption is steady.
MSG0001597,ACC00168,2025-09-16T11:00:00,customer,meeting_notes,usage reporting,The latest release has made the workflow much easier for our team.
MSG0001598,ACC00168,2024-01-05T15:00:00,customer,meeting_notes,usage reporting,This has been affecting the team for a while and we need a clearer resolution.
MSG0001599,ACC00168,2024-05-16T11:00:00,customer,meeting_notes,integration errors,The latest release has made the workflow much easier for our team.
MSG0001600,ACC00168,2025-02-20T17:00:00,customer,support_chat,billing configuration,We're reviewing the latest changes and have a few questions.
MSG0001601,ACC00168,2024-05-04T15:00:00,agent,meeting_notes,user provisioning,We're reviewing the latest changes and have a few questions.
MSG0001602,ACC00168,2024-11-18T17:00:00,customer,email,billing configuration,We've had to follow up several times and this is starting to become frustrating.
MSG0001603,ACC00168,2025-06-14T16:00:00,agent,email,usage reporting,We're reviewing the latest changes and have a few questions.
MSG0001604,ACC00169,2024-09-01T14:00:00,agent,email,renewal terms,"The workflow is mostly fine, although there are a couple of things we'd like improved."
MSG0001605,ACC00169,2024-12-19T18:00:00,agent,email,report exports,Thanks for getting this sorted so quickly. Everything is working now.
MSG0001606,ACC00169,2025-07-16T14:00:00,agent,meeting_notes,user provisioning,We're still evaluating the change internally.
MSG0001607,ACC00169,2024-03-18T11:00:00,customer,support_chat,usage reporting,We've had to follow up several times and this is starting to become frustrating.
MSG0001608,ACC00169,2025-07-04T12:00:00,customer,email,billing configuration,I'm concerned that we're not getting the level of support we expected.
MSG0001609,ACC00169,2024-04-23T15:00:00,customer,support_chat,usage reporting,Thanks for getting this sorted so quickly. Everything is working now.
MSG0001610,ACC00169,2024-02-25T13:00:00,customer,email,mobile access,We've been getting good value from the platform and adoption is steady.
MSG0001611,ACC00169,2025-09-02T16:00:00,customer,support_chat,mobile access,Our leadership team is questioning whether we should continue with the platform.
MSG0001612,ACC00169,2024-01-17T15:00:00,customer,email,mobile access,We've been getting good value from the platform and adoption is steady.
MSG0001613,ACC00169,2024-07-05T12:00:00,agent,meeting_notes,data synchronization,Thanks for getting this sorted so quickly. Everything is working now.
MSG0001614,ACC00169,2025-03-02T11:00:00,customer,support_chat,integration errors,"The workflow is mostly fine, although there are a couple of things we'd like improved."
MSG0001615,ACC00170,2024-12-04T14:00:00,customer,meeting_notes,billing configuration,This has been affecting the team for a while and we need a clearer resolution.
MSG0001616,ACC00170,2024-07-22T15:00:00,customer,email,billing configuration,We're still evaluating the change internally.
MSG0001617,ACC00170,2024-02-10T11:00:00,agent,email,mobile access,This has been affecting the team for a while and we need a clearer resolution.
MSG0001618,ACC00170,2024-09-05T15:00:00,agent,meeting_notes,integration errors,We've been getting good value from the platform and adoption is steady.
MSG0001619,ACC00170,2024-10-12T13:00:00,agent,email,mobile access,The reporting changes are useful and the team is happy with them.
MSG0001620,ACC00170,2024-09-01T11:00:00,customer,meeting_notes,user provisioning,We're reviewing the latest changes and have a few questions.
MSG0001621,ACC00170,2024-10-24T13:00:00,agent,support_chat,report exports,We're reviewing the latest changes and have a few questions.
MSG0001622,ACC00170,2024-05-11T11:00:00,customer,support_chat,integration errors,Thanks for getting this sorted so quickly. Everything is working now.
MSG0001623,ACC00170,2024-08-01T18:00:00,customer,email,permissions,We've had to follow up several times and this is starting to become frustrating.
MSG0001624,ACC00171,2025-05-15T15:00:00,customer,meeting_notes,renewal terms,We're reviewing the latest changes and have a few questions.
MSG0001625,ACC00171,2025-07-12T11:00:00,agent,email,data synchronization,Could you help us understand why this is happening?
MSG0001626,ACC00171,2025-06-11T11:00:00,customer,meeting_notes,integration errors,Could you help us understand why this is happening?
MSG0001627,ACC00171,2025-07-11T09:00:00,customer,support_chat,invoice reconciliation,Could you help us understand why this is happening?
MSG0001628,ACC00171,2025-02-02T12:00:00,customer,email,dashboard performance,The reporting changes are useful and the team is happy with them.
MSG0001629,ACC00171,2024-08-01T16:00:00,customer,support_chat,usage reporting,We've had to follow up several times and this is starting to become frustrating.
MSG0001630,ACC00171,2024-02-14T12:00:00,agent,support_chat,dashboard performance,We've been getting good value from the platform and adoption is steady.
MSG0001631,ACC00172,2024-10-10T14:00:00,agent,support_chat,user provisioning,The reporting changes are useful and the team is happy with them.
MSG0001632,ACC00172,2024-09-16T12:00:00,customer,support_chat,integration errors,This has been affecting the team for a while and we need a clearer resolution.
MSG0001633,ACC00172,2024-04-08T09:00:00,customer,support_chat,SSO,We've been getting good value from the platform and adoption is steady.
MSG0001634,ACC00172,2024-06-24T09:00:00,customer,meeting_notes,data synchronization,We've had to follow up several times and this is starting to become frustrating.
MSG0001635,ACC00172,2025-06-18T09:00:00,customer,meeting_notes,mobile access,The experience lately hasn't been great and we're spending more time working around the product.
MSG0001636,ACC00172,2025-05-14T14:00:00,customer,meeting_notes,SSO,We've had to follow up several times and this is starting to become frustrating.
MSG0001637,ACC00172,2024-08-05T11:00:00,customer,email,permissions,Could you help us understand why this is happening?
MSG0001638,ACC00172,2025-07-11T10:00:00,customer,support_chat,integration errors,The experience lately hasn't been great and we're spending more time working around the product.
MSG0001639,ACC00172,2024-12-15T08:00:00,customer,support_chat,mobile access,The reporting changes are useful and the team is happy with them.
MSG0001640,ACC00172,2024-03-25T18:00:00,agent,support_chat,workflow automation,The reporting changes are useful and the team is happy with them.
MSG0001641,ACC00173,2024-07-01T14:00:00,agent,meeting_notes,dashboard performance,We've had to follow up several times and this is starting to become frustrating.
MSG0001642,ACC00173,2024-02-09T17:00:00,customer,meeting_notes,dashboard performance,"The workflow is mostly fine, although there are a couple of things we'd like improved."
MSG0001643,ACC00173,2024-05-15T17:00:00,agent,email,user provisioning,We've been getting good value from the platform and adoption is steady.
MSG0001644,ACC00173,2024-07-15T17:00:00,agent,email,report exports,We've had to follow up several times and this is starting to become frustrating.
MSG0001645,ACC00173,2024-05-01T10:00:00,agent,meeting_notes,usage reporting,We've had to follow up several times and this is starting to become frustrating.
MSG0001646,ACC00173,2024-06-07T17:00:00,customer,support_chat,report exports,We're still evaluating the change internally.
MSG0001647,ACC00173,2024-02-28T09:00:00,agent,meeting_notes,dashboard performance,Could you help us understand why this is happening?
MSG0001648,ACC00173,2024-02-05T17:00:00,customer,email,API reliability,This has been affecting the team for a while and we need a clearer resolution.
MSG0001649,ACC00173,2024-01-07T14:00:00,agent,support_chat,renewal terms,We're still evaluating the change internally.
MSG0001650,ACC00173,2024-02-02T17:00:00,agent,support_chat,renewal terms,Thanks for getting this sorted so quickly. Everything is working now.
MSG0001651,ACC00174,2025-01-04T08:00:00,customer,meeting_notes,invoice reconciliation,The latest release has made the workflow much easier for our team.
MSG0001652,ACC00174,2024-11-20T08:00:00,customer,meeting_notes,API reliability,The latest release has made the workflow much easier for our team.
MSG0001653,ACC00174,2025-08-18T11:00:00,customer,support_chat,user provisioning,"The workflow is mostly fine, although there are a couple of things we'd like improved."
MSG0001654,ACC00174,2025-07-02T13:00:00,agent,meeting_notes,invoice reconciliation,This has been affecting the team for a while and we need a clearer resolution.
MSG0001655,ACC00174,2025-04-14T13:00:00,customer,meeting_notes,billing configuration,The reporting changes are useful and the team is happy with them.
MSG0001656,ACC00174,2024-02-02T13:00:00,agent,email,billing configuration,We're still evaluating the change internally.
MSG0001657,ACC00174,2024-09-03T08:00:00,customer,support_chat,report exports,We've had to follow up several times and this is starting to become frustrating.
MSG0001658,ACC00174,2025-07-11T08:00:00,agent,support_chat,data synchronization,The reporting changes are useful and the team is happy with them.
MSG0001659,ACC00174,2024-04-07T14:00:00,customer,meeting_notes,usage reporting,We're reviewing the latest changes and have a few questions.
MSG0001660,ACC00174,2025-08-10T10:00:00,agent,email,permissions,Thanks for getting this sorted so quickly. Everything is working now.
MSG0001661,ACC00174,2025-07-11T08:00:00,agent,email,SSO,The reporting changes are useful and the team is happy with them.
MSG0001662,ACC00175,2024-09-12T13:00:00,agent,email,mobile access,This has been affecting the team for a while and we need a clearer resolution.
MSG0001663,ACC00175,2024-04-06T09:00:00,agent,meeting_notes,dashboard performance,We're still evaluating the change internally.
MSG0001664,ACC00175,2024-01-10T15:00:00,agent,email,renewal terms,The latest release has made the workflow much easier for our team.
MSG0001665,ACC00176,2024-05-10T18:00:00,customer,support_chat,API reliability,We've been getting good value from the platform and adoption is steady.
MSG0001666,ACC00176,2024-10-18T09:00:00,customer,meeting_notes,integration errors,Thanks for getting this sorted so quickly. Everything is working now.
MSG0001667,ACC00176,2024-05-28T14:00:00,customer,email,data synchronization,Could you help us understand why this is happening?
MSG0001668,ACC00176,2024-08-18T11:00:00,customer,meeting_notes,mobile access,This has been affecting the team for a while and we need a clearer resolution.
MSG0001669,ACC00176,2024-11-14T08:00:00,agent,meeting_notes,dashboard performance,"The workflow is mostly fine, although there are a couple of things we'd like improved."
MSG0001670,ACC00176,2024-11-25T14:00:00,customer,support_chat,workflow automation,We've had to follow up several times and this is starting to become frustrating.
MSG0001671,ACC00176,2024-02-20T11:00:00,customer,support_chat,integration errors,We've been getting good value from the platform and adoption is steady.
MSG0001672,ACC00176,2024-11-19T09:00:00,agent,email,integration errors,Thanks for getting this sorted so quickly. Everything is working now.
MSG0001673,ACC00177,2024-12-28T18:00:00,customer,meeting_notes,billing configuration,We've had to follow up several times and this is starting to become frustrating.
MSG0001674,ACC00177,2024-11-14T17:00:00,agent,meeting_notes,mobile access,The latest release has made the workflow much easier for our team.
MSG0001675,ACC00177,2024-01-15T10:00:00,customer,email,workflow automation,We're reviewing the latest changes and have a few questions.
MSG0001676,ACC00177,2024-11-08T08:00:00,agent,support_chat,renewal terms,We've had to follow up several times and this is starting to become frustrating.
MSG0001677,ACC00178,2024-06-01T16:00:00,customer,support_chat,permissions,Thanks for getting this sorted so quickly. Everything is working now.
MSG0001678,ACC00178,2024-04-09T11:00:00,agent,meeting_notes,billing configuration,The reporting changes are useful and the team is happy with them.
MSG0001679,ACC00179,2024-10-05T08:00:00,customer,support_chat,user provisioning,We've been getting good value from the platform and adoption is steady.
MSG0001680,ACC00179,2025-05-06T15:00:00,customer,meeting_notes,dashboard performance,Thanks for getting this sorted so quickly. Everything is working now.
MSG0001681,ACC00179,2024-02-03T16:00:00,customer,meeting_notes,workflow automation,We've had to follow up several times and this is starting to become frustrating.
MSG0001682,ACC00179,2025-11-15T12:00:00,customer,email,renewal terms,We've been getting good value from the platform and adoption is steady.
MSG0001683,ACC00179,2025-05-23T10:00:00,customer,support_chat,billing configuration,We're still evaluating the change internally.
MSG0001684,ACC00179,2025-12-04T11:00:00,customer,meeting_notes,SSO,We've been getting good value from the platform and adoption is steady.
MSG0001685,ACC00179,2025-12-18T16:00:00,customer,meeting_notes,invoice reconciliation,Thanks for getting this sorted so quickly. Everything is working now.
MSG0001686,ACC00179,2024-09-07T17:00:00,customer,support_chat,workflow automation,We're reviewing the latest changes and have a few questions.
MSG0001687,ACC00179,2025-12-04T16:00:00,customer,meeting_notes,billing configuration,We've had to follow up several times and this is starting to become frustrating.
MSG0001688,ACC00179,2024-07-11T12:00:00,agent,support_chat,dashboard performance,We're still evaluating the change internally.
MSG0001689,ACC00179,2024-11-15T09:00:00,agent,support_chat,SSO,We're reviewing the latest changes and have a few questions.
MSG0001690,ACC00179,2025-03-09T18:00:00,customer,email,API reliability,We're still evaluating the change internally.
MSG0001691,ACC00179,2025-11-21T17:00:00,customer,email,SSO,We've had to follow up several times and this is starting to become frustrating.
MSG0001692,ACC00180,2024-01-10T18:00:00,customer,email,user provisioning,We've had to follow up several times and this is starting to become frustrating.
MSG0001693,ACC00180,2024-09-22T13:00:00,agent,meeting_notes,permissions,"The workflow is mostly fine, although there are a couple of things we'd like improved."
MSG0001694,ACC00180,2024-01-21T08:00:00,customer,meeting_notes,SSO,This has been affecting the team for a while and we need a clearer resolution.
MSG0001695,ACC00180,2025-02-25T13:00:00,agent,meeting_notes,integration errors,The experience lately hasn't been great and we're spending more time working around the product.
MSG0001696,ACC00180,2024-07-20T15:00:00,customer,meeting_notes,usage reporting,Thanks for getting this sorted so quickly. Everything is working now.
MSG0001697,ACC00180,2025-01-12T14:00:00,agent,meeting_notes,usage reporting,We're still evaluating the change internally.
MSG0001698,ACC00181,2024-09-23T09:00:00,customer,support_chat,renewal terms,"The workflow is mostly fine, although there are a couple of things we'd like improved."
MSG0001699,ACC00181,2024-12-14T18:00:00,agent,support_chat,user provisioning,"The workflow is mostly fine, although there are a couple of things we'd like improved."
MSG0001700,ACC00181,2024-10-01T14:00:00,customer,support_chat,data synchronization,The reporting changes are useful and the team is happy with them.
MSG0001701,ACC00181,2025-05-13T09:00:00,customer,email,user provisioning,We're still evaluating the change internally.
MSG0001702,ACC00181,2025-07-27T14:00:00,customer,meeting_notes,invoice reconciliation,We're still evaluating the change internally.
MSG0001703,ACC00181,2025-08-06T12:00:00,agent,email,invoice reconciliation,This has been affecting the team for a while and we need a clearer resolution.
MSG0001704,ACC00181,2024-10-10T11:00:00,customer,email,mobile access,"The workflow is mostly fine, although there are a couple of things we'd like improved."
MSG0001705,ACC00181,2024-11-03T13:00:00,customer,meeting_notes,invoice reconciliation,"The workflow is mostly fine, although there are a couple of things we'd like improved."
MSG0001706,ACC00181,2025-04-20T12:00:00,customer,support_chat,API reliability,We're still evaluating the change internally.
MSG0001707,ACC00181,2025-04-24T11:00:00,agent,support_chat,usage reporting,The reporting changes are useful and the team is happy with them.
MSG0001708,ACC00181,2024-02-04T08:00:00,agent,support_chat,workflow automation,We're still evaluating the change internally.
MSG0001709,ACC00181,2025-01-25T18:00:00,customer,support_chat,usage reporting,The latest release has made the workflow much easier for our team.
MSG0001710,ACC00181,2024-11-02T11:00:00,agent,meeting_notes,billing configuration,Could you help us understand why this is happening?
MSG0001711,ACC00181,2024-04-14T18:00:00,agent,meeting_notes,usage reporting,Could you help us understand why this is happening?
MSG0001712,ACC00181,2025-06-21T18:00:00,customer,support_chat,API reliability,The latest release has made the workflow much easier for our team.
MSG0001713,ACC00182,2024-03-22T14:00:00,agent,meeting_notes,invoice reconciliation,We've had to follow up several times and this is starting to become frustrating.
MSG0001714,ACC00182,2025-07-06T09:00:00,agent,email,permissions,The invoice amount doesn't match our purchase order. Can someone review it?
MSG0001715,ACC00182,2025-01-16T16:00:00,customer,email,invoice reconciliation,Could you help us understand why this is happening?
MSG0001716,ACC00182,2025-01-13T15:00:00,agent,support_chat,mobile access,"The workflow is mostly fine, although there are a couple of things we'd like improved."
MSG0001717,ACC00182,2024-05-20T11:00:00,agent,meeting_notes,workflow automation,The latest release has made the workflow much easier for our team.
MSG0001718,ACC00182,2024-07-16T08:00:00,agent,support_chat,billing configuration,The reporting changes are useful and the team is happy with them.
MSG0001719,ACC00182,2025-04-10T14:00:00,customer,meeting_notes,data synchronization,There seems to be a discrepancy in the invoice total.
MSG0001720,ACC00182,2024-01-17T16:00:00,customer,support_chat,report exports,Thanks for getting this sorted so quickly. Everything is working now.
MSG0001721,ACC00182,2024-10-09T13:00:00,customer,meeting_notes,invoice reconciliation,Could you help us understand why this is happening?
MSG0001722,ACC00182,2024-12-21T16:00:00,agent,meeting_notes,dashboard performance,We've had to follow up several times and this is starting to become frustrating.
MSG0001723,ACC00182,2024-06-04T08:00:00,customer,meeting_notes,report exports,This has been affecting the team for a while and we need a clearer resolution.
MSG0001724,ACC00182,2024-12-25T12:00:00,agent,meeting_notes,permissions,We're still evaluating the change internally.
MSG0001725,ACC00182,2025-07-17T11:00:00,agent,meeting_notes,billing configuration,The invoice amount doesn't match our purchase order. Can someone review it?
MSG0001726,ACC00182,2025-02-27T08:00:00,customer,meeting_notes,workflow automation,We've had to follow up several times and this is starting to become frustrating.
MSG0001727,ACC00182,2024-12-26T11:00:00,customer,meeting_notes,usage reporting,This has been affecting the team for a while and we need a clearer resolution.
MSG0001728,ACC00182,2025-07-18T13:00:00,customer,support_chat,billing configuration,We've had to follow up several times and this is starting to become frustrating.
MSG0001729,ACC00183,2025-12-07T15:00:00,customer,email,user provisioning,The reporting changes are useful and the team is happy with them.
MSG0001730,ACC00183,2025-10-10T08:00:00,customer,meeting_notes,dashboard performance,We've had to follow up several times and this is starting to become frustrating.
MSG0001731,ACC00183,2024-10-10T16:00:00,agent,email,report exports,This has been affecting the team for a while and we need a clearer resolution.
MSG0001732,ACC00183,2025-05-10T10:00:00,customer,meeting_notes,integration errors,We're still evaluating the change internally.
MSG0001733,ACC00183,2024-04-19T10:00:00,customer,meeting_notes,mobile access,We've been getting good value from the platform and adoption is steady.
MSG0001734,ACC00183,2025-02-27T12:00:00,agent,email,integration errors,We're reviewing the latest changes and have a few questions.
MSG0001735,ACC00183,2025-02-03T10:00:00,agent,support_chat,SSO,The latest release has made the workflow much easier for our team.
MSG0001736,ACC00183,2025-10-17T15:00:00,customer,meeting_notes,report exports,The latest release has made the workflow much easier for our team.
MSG0001737,ACC00183,2025-01-06T12:00:00,agent,support_chat,SSO,"The workflow is mostly fine, although there are a couple of things we'd like improved."
MSG0001738,ACC00183,2024-03-21T18:00:00,agent,support_chat,user provisioning,Thanks for getting this sorted so quickly. Everything is working now.
MSG0001739,ACC00183,2024-05-09T12:00:00,customer,email,renewal terms,The reporting changes are useful and the team is happy with them.
MSG0001740,ACC00184,2025-08-21T11:00:00,customer,email,dashboard performance,We've been getting good value from the platform and adoption is steady.
MSG0001741,ACC00184,2025-10-10T15:00:00,customer,email,data synchronization,This has been affecting the team for a while and we need a clearer resolution.
MSG0001742,ACC00184,2024-02-26T13:00:00,customer,support_chat,integration errors,We've been getting good value from the platform and adoption is steady.
MSG0001743,ACC00184,2024-01-14T08:00:00,agent,support_chat,permissions,The reporting changes are useful and the team is happy with them.
MSG0001744,ACC00184,2024-06-15T08:00:00,customer,meeting_notes,data synchronization,"The workflow is mostly fine, although there are a couple of things we'd like improved."
MSG0001745,ACC00184,2024-02-02T17:00:00,customer,email,integration errors,We've been getting good value from the platform and adoption is steady.
MSG0001746,ACC00184,2025-09-12T11:00:00,customer,email,workflow automation,We're still evaluating the change internally.
MSG0001747,ACC00184,2025-04-24T12:00:00,customer,meeting_notes,mobile access,The latest release has made the workflow much easier for our team.
MSG0001748,ACC00184,2024-10-16T17:00:00,customer,email,API reliability,We're still evaluating the change internally.
MSG0001749,ACC00184,2025-10-24T09:00:00,agent,support_chat,data synchronization,Could you help us understand why this is happening?
MSG0001750,ACC00184,2025-12-03T14:00:00,customer,email,usage reporting,We're reviewing the latest changes and have a few questions.
MSG0001751,ACC00184,2025-09-19T16:00:00,customer,email,user provisioning,Thanks for getting this sorted so quickly. Everything is working now.
MSG0001752,ACC00184,2025-03-01T08:00:00,customer,email,renewal terms,This has been affecting the team for a while and we need a clearer resolution.
MSG0001753,ACC00184,2025-06-18T14:00:00,agent,meeting_notes,permissions,We've had to follow up several times and this is starting to become frustrating.
MSG0001754,ACC00184,2025-11-16T13:00:00,agent,meeting_notes,permissions,We're still evaluating the change internally.
MSG0001755,ACC00184,2025-06-18T15:00:00,customer,meeting_notes,invoice reconciliation,Thanks for getting this sorted so quickly. Everything is working now.
MSG0001756,ACC00184,2024-02-22T15:00:00,agent,support_chat,renewal terms,Could you help us understand why this is happening?
MSG0001757,ACC00184,2025-04-27T16:00:00,agent,email,user provisioning,"The workflow is mostly fine, although there are a couple of things we'd like improved."
MSG0001758,ACC00185,2024-07-12T16:00:00,customer,meeting_notes,user provisioning,This has been affecting the team for a while and we need a clearer resolution.
MSG0001759,ACC00185,2024-04-26T14:00:00,customer,email,API reliability,The latest release has made the workflow much easier for our team.
MSG0001760,ACC00185,2024-04-08T18:00:00,customer,email,billing configuration,We're still evaluating the change internally.
MSG0001761,ACC00185,2025-06-16T18:00:00,agent,meeting_notes,usage reporting,This has been affecting the team for a while and we need a clearer resolution.
MSG0001762,ACC00185,2025-05-21T17:00:00,customer,email,report exports,Thanks for getting this sorted so quickly. Everything is working now.
MSG0001763,ACC00185,2025-07-02T15:00:00,customer,support_chat,mobile access,We're still evaluating the change internally.
MSG0001764,ACC00185,2024-10-02T08:00:00,agent,support_chat,SSO,This has been affecting the team for a while and we need a clearer resolution.
MSG0001765,ACC00185,2025-09-11T08:00:00,agent,support_chat,user provisioning,This has been affecting the team for a while and we need a clearer resolution.
MSG0001766,ACC00185,2025-01-01T13:00:00,customer,meeting_notes,report exports,The latest release has made the workflow much easier for our team.
MSG0001767,ACC00185,2024-06-27T13:00:00,agent,meeting_notes,mobile access,Could you help us understand why this is happening?
MSG0001768,ACC00185,2025-08-15T11:00:00,customer,support_chat,report exports,We're still evaluating the change internally.
MSG0001769,ACC00185,2025-03-22T08:00:00,agent,meeting_notes,report exports,We're reviewing the latest changes and have a few questions.
MSG0001770,ACC00185,2024-06-09T09:00:00,agent,email,workflow automation,"The workflow is mostly fine, although there are a couple of things we'd like improved."
MSG0001771,ACC00186,2024-01-27T18:00:00,customer,support_chat,mobile access,The reporting changes are useful and the team is happy with them.
MSG0001772,ACC00186,2024-07-06T12:00:00,customer,meeting_notes,data synchronization,Could you help us understand why this is happening?
MSG0001773,ACC00186,2024-09-03T10:00:00,customer,support_chat,API reliability,We've had to follow up several times and this is starting to become frustrating.
MSG0001774,ACC00187,2025-02-18T11:00:00,agent,email,billing configuration,Thanks for getting this sorted so quickly. Everything is working now.
MSG0001775,ACC00187,2024-09-18T11:00:00,customer,support_chat,data synchronization,The reporting changes are useful and the team is happy with them.
MSG0001776,ACC00187,2025-11-15T18:00:00,customer,support_chat,API reliability,The reporting changes are useful and the team is happy with them.
MSG0001777,ACC00187,2024-08-20T11:00:00,customer,support_chat,data synchronization,We've been getting good value from the platform and adoption is steady.
MSG0001778,ACC00187,2024-07-04T10:00:00,customer,support_chat,usage reporting,"The workflow is mostly fine, although there are a couple of things we'd like improved."
MSG0001779,ACC00187,2025-12-20T14:00:00,agent,support_chat,report exports,We're still evaluating the change internally.
MSG0001780,ACC00187,2024-12-16T09:00:00,customer,meeting_notes,permissions,We're still evaluating the change internally.
MSG0001781,ACC00187,2024-03-21T16:00:00,agent,email,invoice reconciliation,The reporting changes are useful and the team is happy with them.
MSG0001782,ACC00187,2024-12-13T10:00:00,customer,email,invoice reconciliation,Could you help us understand why this is happening?
MSG0001783,ACC00187,2024-11-25T16:00:00,customer,email,usage reporting,We're reviewing the latest changes and have a few questions.
MSG0001784,ACC00188,2024-04-05T12:00:00,agent,meeting_notes,user provisioning,We're still evaluating the change internally.
MSG0001785,ACC00189,2024-06-24T14:00:00,customer,support_chat,billing configuration,We're reviewing the latest changes and have a few questions.
MSG0001786,ACC00189,2024-10-19T12:00:00,agent,support_chat,SSO,"The workflow is mostly fine, although there are a couple of things we'd like improved."
MSG0001787,ACC00190,2024-05-06T17:00:00,customer,meeting_notes,integration errors,We're reviewing the latest changes and have a few questions.
MSG0001788,ACC00190,2025-03-13T18:00:00,customer,support_chat,billing configuration,We've been getting good value from the platform and adoption is steady.
MSG0001789,ACC00190,2024-04-04T16:00:00,customer,meeting_notes,report exports,Could you help us understand why this is happening?
MSG0001790,ACC00190,2024-03-27T08:00:00,customer,support_chat,invoice reconciliation,This has been affecting the team for a while and we need a clearer resolution.
MSG0001791,ACC00190,2025-03-18T14:00:00,customer,meeting_notes,billing configuration,"The workflow is mostly fine, although there are a couple of things we'd like improved."
MSG0001792,ACC00190,2025-04-04T17:00:00,agent,support_chat,workflow automation,Could you help us understand why this is happening?
MSG0001793,ACC00190,2024-06-19T08:00:00,customer,meeting_notes,invoice reconciliation,The reporting changes are useful and the team is happy with them.
MSG0001794,ACC00190,2025-06-14T13:00:00,customer,support_chat,permissions,We've been getting good value from the platform and adoption is steady.
MSG0001795,ACC00190,2025-09-08T18:00:00,customer,support_chat,SSO,We're still evaluating the change internally.
MSG0001796,ACC00190,2024-12-27T17:00:00,customer,email,data synchronization,The latest release has made the workflow much easier for our team.
MSG0001797,ACC00190,2025-08-23T11:00:00,customer,email,usage reporting,We've been getting good value from the platform and adoption is steady.
MSG0001798,ACC00190,2024-12-03T18:00:00,customer,meeting_notes,integration errors,The latest release has made the workflow much easier for our team.
MSG0001799,ACC00190,2024-04-06T17:00:00,customer,meeting_notes,renewal terms,This has been affecting the team for a while and we need a clearer resolution.
MSG0001800,ACC00190,2024-09-17T14:00:00,customer,email,API reliability,We've been getting good value from the platform and adoption is steady.
MSG0001801,ACC00190,2024-01-07T13:00:00,customer,support_chat,renewal terms,We've had to follow up several times and this is starting to become frustrating.
MSG0001802,ACC00191,2025-03-08T09:00:00,customer,support_chat,integration errors,We've had to follow up several times and this is starting to become frustrating.
MSG0001803,ACC00191,2024-09-05T14:00:00,customer,meeting_notes,API reliability,We're still evaluating the change internally.
MSG0001804,ACC00191,2025-03-17T12:00:00,customer,meeting_notes,data synchronization,The invoice amount doesn't match our purchase order. Can someone review it?
MSG0001805,ACC00191,2024-01-14T09:00:00,agent,meeting_notes,renewal terms,Thanks for getting this sorted so quickly. Everything is working now.
MSG0001806,ACC00191,2025-04-08T15:00:00,customer,support_chat,integration errors,The invoice amount doesn't match our purchase order. Can someone review it?
MSG0001807,ACC00191,2025-03-16T09:00:00,customer,meeting_notes,usage reporting,There seems to be a discrepancy in the invoice total.
MSG0001808,ACC00191,2024-05-25T15:00:00,agent,meeting_notes,SSO,We've had to follow up several times and this is starting to become frustrating.
MSG0001809,ACC00192,2025-01-23T10:00:00,customer,support_chat,user provisioning,The latest release has made the workflow much easier for our team.
MSG0001810,ACC00192,2025-02-26T08:00:00,customer,email,mobile access,This has been affecting the team for a while and we need a clearer resolution.
MSG0001811,ACC00192,2025-06-11T12:00:00,customer,email,usage reporting,We've been getting good value from the platform and adoption is steady.
MSG0001812,ACC00192,2024-04-21T10:00:00,customer,email,SSO,The latest release has made the workflow much easier for our team.
MSG0001813,ACC00192,2025-01-03T13:00:00,agent,support_chat,usage reporting,Could you help us understand why this is happening?
MSG0001814,ACC00192,2024-05-15T15:00:00,agent,email,report exports,We've been getting good value from the platform and adoption is steady.
MSG0001815,ACC00192,2024-10-12T10:00:00,customer,support_chat,dashboard performance,We've had to follow up several times and this is starting to become frustrating.
MSG0001816,ACC00192,2025-12-14T16:00:00,customer,meeting_notes,report exports,We've had to follow up several times and this is starting to become frustrating.
MSG0001817,ACC00192,2025-11-22T12:00:00,agent,email,user provisioning,This has been affecting the team for a while and we need a clearer resolution.
MSG0001818,ACC00192,2024-01-11T09:00:00,agent,support_chat,usage reporting,We've had to follow up several times and this is starting to become frustrating.
MSG0001819,ACC00192,2025-12-13T12:00:00,agent,support_chat,SSO,We've been getting good value from the platform and adoption is steady.
MSG0001820,ACC00192,2025-06-04T09:00:00,customer,email,dashboard performance,Thanks for getting this sorted so quickly. Everything is working now.
MSG0001821,ACC00192,2024-09-18T16:00:00,agent,support_chat,user provisioning,"The workflow is mostly fine, although there are a couple of things we'd like improved."
MSG0001822,ACC00192,2025-05-02T10:00:00,customer,support_chat,mobile access,This has been affecting the team for a while and we need a clearer resolution.
MSG0001823,ACC00193,2024-12-03T14:00:00,agent,email,SSO,The latest release has made the workflow much easier for our team.
MSG0001824,ACC00193,2024-03-25T17:00:00,customer,email,usage reporting,We've been getting good value from the platform and adoption is steady.
MSG0001825,ACC00193,2024-07-18T09:00:00,customer,support_chat,report exports,We're reviewing the latest changes and have a few questions.
MSG0001826,ACC00193,2024-08-05T15:00:00,customer,support_chat,user provisioning,We're reviewing the latest changes and have a few questions.
MSG0001827,ACC00193,2024-09-06T10:00:00,customer,email,renewal terms,Could you help us understand why this is happening?
MSG0001828,ACC00193,2024-05-16T09:00:00,customer,meeting_notes,report exports,This has been affecting the team for a while and we need a clearer resolution.
MSG0001829,ACC00193,2025-04-10T12:00:00,agent,support_chat,permissions,We've been getting good value from the platform and adoption is steady.
MSG0001830,ACC00193,2025-05-13T10:00:00,agent,meeting_notes,workflow automation,This has been affecting the team for a while and we need a clearer resolution.
MSG0001831,ACC00193,2025-05-27T11:00:00,customer,support_chat,data synchronization,Thanks for getting this sorted so quickly. Everything is working now.
MSG0001832,ACC00193,2024-07-17T09:00:00,agent,meeting_notes,API reliability,Thanks for getting this sorted so quickly. Everything is working now.
MSG0001833,ACC00193,2025-09-14T14:00:00,agent,meeting_notes,report exports,The latest release has made the workflow much easier for our team.
MSG0001834,ACC00193,2025-11-28T08:00:00,customer,email,usage reporting,This has been affecting the team for a while and we need a clearer resolution.
MSG0001835,ACC00193,2025-02-18T15:00:00,customer,email,API reliability,The latest release has made the workflow much easier for our team.
MSG0001836,ACC00193,2024-12-23T09:00:00,agent,meeting_notes,billing configuration,We've had to follow up several times and this is starting to become frustrating.
MSG0001837,ACC00193,2025-03-25T12:00:00,agent,email,report exports,We're reviewing the latest changes and have a few questions.
MSG0001838,ACC00193,2024-11-09T18:00:00,agent,meeting_notes,SSO,The reporting changes are useful and the team is happy with them.
MSG0001839,ACC00194,2024-04-17T16:00:00,customer,meeting_notes,report exports,The reporting changes are useful and the team is happy with them.
MSG0001840,ACC00194,2024-06-01T15:00:00,customer,support_chat,usage reporting,This has been affecting the team for a while and we need a clearer resolution.
MSG0001841,ACC00194,2024-03-21T10:00:00,customer,support_chat,report exports,Could you help us understand why this is happening?
MSG0001842,ACC00194,2024-01-25T11:00:00,customer,meeting_notes,billing configuration,The latest release has made the workflow much easier for our team.
MSG0001843,ACC00195,2024-09-09T13:00:00,customer,meeting_notes,dashboard performance,We've been getting good value from the platform and adoption is steady.
MSG0001844,ACC00195,2025-02-11T11:00:00,customer,email,invoice reconciliation,We're still evaluating the change internally.
MSG0001845,ACC00195,2025-04-20T16:00:00,agent,email,permissions,The reporting changes are useful and the team is happy with them.
MSG0001846,ACC00195,2024-08-06T11:00:00,agent,support_chat,renewal terms,"The workflow is mostly fine, although there are a couple of things we'd like improved."
MSG0001847,ACC00195,2024-01-20T16:00:00,agent,email,renewal terms,This has been affecting the team for a while and we need a clearer resolution.
MSG0001848,ACC00195,2024-10-05T13:00:00,customer,email,invoice reconciliation,We've been getting good value from the platform and adoption is steady.
MSG0001849,ACC00195,2025-06-28T09:00:00,customer,support_chat,billing configuration,Thanks for getting this sorted so quickly. Everything is working now.
MSG0001850,ACC00195,2024-12-05T12:00:00,customer,email,renewal terms,We've had to follow up several times and this is starting to become frustrating.
MSG0001851,ACC00196,2025-04-21T13:00:00,agent,email,data synchronization,This has been affecting the team for a while and we need a clearer resolution.
MSG0001852,ACC00196,2025-08-21T10:00:00,customer,meeting_notes,dashboard performance,We're reviewing the latest changes and have a few questions.
MSG0001853,ACC00196,2024-09-18T10:00:00,agent,meeting_notes,integration errors,The reporting changes are useful and the team is happy with them.
MSG0001854,ACC00196,2024-01-04T15:00:00,customer,email,workflow automation,We've been getting good value from the platform and adoption is steady.
MSG0001855,ACC00196,2025-05-03T09:00:00,customer,meeting_notes,billing configuration,We've had to follow up several times and this is starting to become frustrating.
MSG0001856,ACC00196,2024-08-18T11:00:00,agent,meeting_notes,data synchronization,This has been affecting the team for a while and we need a clearer resolution.
MSG0001857,ACC00196,2024-09-07T12:00:00,agent,support_chat,usage reporting,Could you help us understand why this is happening?
MSG0001858,ACC00196,2025-06-10T08:00:00,agent,support_chat,billing configuration,The reporting changes are useful and the team is happy with them.
MSG0001859,ACC00197,2024-12-10T10:00:00,agent,meeting_notes,renewal terms,We've been getting good value from the platform and adoption is steady.
MSG0001860,ACC00197,2024-07-21T18:00:00,customer,support_chat,API reliability,Could you help us understand why this is happening?
MSG0001861,ACC00197,2024-10-09T12:00:00,customer,support_chat,integration errors,The latest release has made the workflow much easier for our team.
MSG0001862,ACC00197,2025-07-16T17:00:00,customer,email,data synchronization,We've had to follow up several times and this is starting to become frustrating.
MSG0001863,ACC00197,2024-06-06T15:00:00,customer,email,permissions,This has been affecting the team for a while and we need a clearer resolution.
MSG0001864,ACC00197,2025-03-10T14:00:00,customer,email,user provisioning,Could you help us understand why this is happening?
MSG0001865,ACC00197,2024-12-25T11:00:00,customer,email,report exports,The latest release has made the workflow much easier for our team.
MSG0001866,ACC00197,2025-02-18T14:00:00,agent,email,SSO,Could you help us understand why this is happening?
MSG0001867,ACC00197,2024-02-10T10:00:00,agent,email,SSO,The latest release has made the workflow much easier for our team.
MSG0001868,ACC00197,2024-09-15T08:00:00,customer,support_chat,mobile access,We're reviewing the latest changes and have a few questions.
MSG0001869,ACC00197,2024-11-02T09:00:00,customer,email,dashboard performance,The reporting changes are useful and the team is happy with them.
MSG0001870,ACC00198,2024-09-19T08:00:00,customer,support_chat,workflow automation,The reporting changes are useful and the team is happy with them.
MSG0001871,ACC00198,2024-03-14T16:00:00,customer,email,integration errors,We've had to follow up several times and this is starting to become frustrating.
MSG0001872,ACC00198,2025-09-08T09:00:00,customer,email,API reliability,This has been affecting the team for a while and we need a clearer resolution.
MSG0001873,ACC00198,2025-06-12T13:00:00,customer,support_chat,billing configuration,We're reviewing the latest changes and have a few questions.
MSG0001874,ACC00198,2024-09-10T16:00:00,agent,email,mobile access,We're still evaluating the change internally.
MSG0001875,ACC00198,2024-03-23T15:00:00,customer,support_chat,workflow automation,We've been getting good value from the platform and adoption is steady.
MSG0001876,ACC00198,2024-10-20T08:00:00,customer,email,SSO,We're still evaluating the change internally.
MSG0001877,ACC00198,2025-05-12T11:00:00,agent,email,user provisioning,The reporting changes are useful and the team is happy with them.
MSG0001878,ACC00198,2024-05-07T08:00:00,agent,support_chat,SSO,Could you help us understand why this is happening?
MSG0001879,ACC00198,2025-11-02T15:00:00,customer,support_chat,renewal terms,Thanks for getting this sorted so quickly. Everything is working now.
MSG0001880,ACC00198,2025-08-08T09:00:00,agent,meeting_notes,billing configuration,We've had to follow up several times and this is starting to become frustrating.
MSG0001881,ACC00198,2024-11-06T18:00:00,agent,support_chat,SSO,We've been getting good value from the platform and adoption is steady.
MSG0001882,ACC00198,2024-12-08T17:00:00,agent,email,integration errors,Could you help us understand why this is happening?
MSG0001883,ACC00198,2024-09-22T16:00:00,customer,email,dashboard performance,We're still evaluating the change internally.
MSG0001884,ACC00198,2024-07-24T12:00:00,customer,email,billing configuration,This has been affecting the team for a while and we need a clearer resolution.
MSG0001885,ACC00198,2024-09-05T14:00:00,agent,support_chat,invoice reconciliation,This has been affecting the team for a while and we need a clearer resolution.
MSG0001886,ACC00198,2024-10-09T12:00:00,customer,support_chat,API reliability,We've had to follow up several times and this is starting to become frustrating.
MSG0001887,ACC00198,2024-01-28T13:00:00,customer,meeting_notes,integration errors,We're reviewing the latest changes and have a few questions.
MSG0001888,ACC00199,2024-11-16T14:00:00,agent,support_chat,invoice reconciliation,We've had to follow up several times and this is starting to become frustrating.
MSG0001889,ACC00199,2025-05-20T11:00:00,customer,email,usage reporting,The reporting changes are useful and the team is happy with them.
MSG0001890,ACC00199,2024-09-04T17:00:00,customer,meeting_notes,user provisioning,Could you help us understand why this is happening?
MSG0001891,ACC00199,2024-08-04T16:00:00,agent,support_chat,mobile access,This has been affecting the team for a while and we need a clearer resolution.
MSG0001892,ACC00199,2025-01-20T16:00:00,customer,support_chat,usage reporting,Could you help us understand why this is happening?
MSG0001893,ACC00199,2025-07-13T15:00:00,customer,meeting_notes,usage reporting,The reporting changes are useful and the team is happy with them.
MSG0001894,ACC00199,2025-08-12T14:00:00,customer,email,usage reporting,We've had to follow up several times and this is starting to become frustrating.
MSG0001895,ACC00199,2025-05-11T17:00:00,customer,email,API reliability,"The workflow is mostly fine, although there are a couple of things we'd like improved."
MSG0001896,ACC00199,2025-01-28T11:00:00,customer,meeting_notes,renewal terms,We're reviewing the latest changes and have a few questions.
MSG0001897,ACC00199,2025-01-24T12:00:00,customer,email,data synchronization,We've had to follow up several times and this is starting to become frustrating.
MSG0001898,ACC00199,2024-04-21T09:00:00,customer,email,permissions,We've had to follow up several times and this is starting to become frustrating.
MSG0001899,ACC00199,2025-12-26T14:00:00,customer,email,SSO,We're reviewing the latest changes and have a few questions.
MSG0001900,ACC00199,2024-05-26T08:00:00,customer,support_chat,integration errors,Could you help us understand why this is happening?
MSG0001901,ACC00199,2024-11-21T15:00:00,customer,meeting_notes,mobile access,We've had to follow up several times and this is starting to become frustrating.
MSG0001902,ACC00199,2024-08-12T10:00:00,agent,meeting_notes,workflow automation,"The workflow is mostly fine, although there are a couple of things we'd like improved."
MSG0001903,ACC00199,2024-08-22T16:00:00,customer,email,user provisioning,Thanks for getting this sorted so quickly. Everything is working now.
MSG0001904,ACC00199,2025-11-23T15:00:00,customer,support_chat,report exports,The latest release has made the workflow much easier for our team.
MSG0001905,ACC00200,2024-05-21T13:00:00,customer,meeting_notes,renewal terms,We've had to follow up several times and this is starting to become frustrating.
MSG0001906,ACC00200,2025-07-23T13:00:00,agent,support_chat,billing configuration,This has been affecting the team for a while and we need a clearer resolution.
MSG0001907,ACC00200,2024-10-14T13:00:00,customer,support_chat,user provisioning,We've been getting good value from the platform and adoption is steady.
MSG0001908,ACC00200,2025-10-27T13:00:00,customer,meeting_notes,API reliability,"The workflow is mostly fine, although there are a couple of things we'd like improved."
MSG0001909,ACC00200,2025-01-01T11:00:00,agent,meeting_notes,mobile access,Thanks for getting this sorted so quickly. Everything is working now.
MSG0001910,ACC00200,2025-05-19T12:00:00,agent,support_chat,mobile access,We've had to follow up several times and this is starting to become frustrating.
MSG0001911,ACC00200,2025-08-10T09:00:00,customer,email,usage reporting,We're still evaluating the change internally.
MSG0001912,ACC00200,2025-11-12T10:00:00,customer,meeting_notes,report exports,We've had to follow up several times and this is starting to become frustrating.
MSG0001913,ACC00200,2025-10-22T16:00:00,agent,email,dashboard performance,Thanks for getting this sorted so quickly. Everything is working now.
MSG0001914,ACC00200,2024-07-22T08:00:00,customer,email,report exports,Thanks for getting this sorted so quickly. Everything is working now.
MSG0001915,ACC00200,2025-09-05T17:00:00,customer,support_chat,SSO,We've had to follow up several times and this is starting to become frustrating.
MSG0001916,ACC00200,2025-10-14T17:00:00,customer,support_chat,mobile access,We've had to follow up several times and this is starting to become frustrating.
MSG0001917,ACC00201,2024-04-17T14:00:00,customer,meeting_notes,invoice reconciliation,We're reviewing the latest changes and have a few questions.
MSG0001918,ACC00201,2024-05-22T14:00:00,agent,meeting_notes,API reliability,We've been getting good value from the platform and adoption is steady.
MSG0001919,ACC00201,2024-09-12T18:00:00,customer,meeting_notes,integration errors,Thanks for getting this sorted so quickly. Everything is working now.
MSG0001920,ACC00201,2024-04-17T08:00:00,customer,support_chat,renewal terms,Could you help us understand why this is happening?
MSG0001921,ACC00202,2024-06-08T18:00:00,agent,support_chat,workflow automation,We're reviewing the latest changes and have a few questions.
MSG0001922,ACC00202,2024-04-18T12:00:00,customer,meeting_notes,workflow automation,We're reviewing the latest changes and have a few questions.
MSG0001923,ACC00202,2024-07-05T15:00:00,customer,meeting_notes,workflow automation,We're reviewing the latest changes and have a few questions.
MSG0001924,ACC00202,2025-01-24T18:00:00,customer,meeting_notes,dashboard performance,"The workflow is mostly fine, although there are a couple of things we'd like improved."
MSG0001925,ACC00202,2024-04-21T16:00:00,customer,meeting_notes,renewal terms,We're reviewing the latest changes and have a few questions.
MSG0001926,ACC00202,2025-07-20T13:00:00,customer,support_chat,report exports,I'm concerned that we're not getting the level of support we expected.
MSG0001927,ACC00202,2025-03-03T10:00:00,agent,email,mobile access,We're reviewing alternatives because this is becoming difficult to justify internally.
MSG0001928,ACC00202,2024-09-22T15:00:00,customer,email,report exports,"The workflow is mostly fine, although there are a couple of things we'd like improved."
MSG0001929,ACC00202,2024-06-06T18:00:00,agent,email,mobile access,We're reviewing the latest changes and have a few questions.
MSG0001930,ACC00202,2024-02-07T18:00:00,customer,email,billing configuration,We've had to follow up several times and this is starting to become frustrating.
MSG0001931,ACC00202,2025-03-04T08:00:00,agent,support_chat,permissions,We're reviewing alternatives because this is becoming difficult to justify internally.
MSG0001932,ACC00202,2025-05-06T14:00:00,customer,meeting_notes,report exports,We've had to follow up several times and this is starting to become frustrating.
MSG0001933,ACC00203,2024-08-16T16:00:00,agent,email,user provisioning,Thanks for getting this sorted so quickly. Everything is working now.
MSG0001934,ACC00203,2024-01-20T18:00:00,agent,support_chat,permissions,This has been affecting the team for a while and we need a clearer resolution.
MSG0001935,ACC00203,2025-05-15T10:00:00,customer,support_chat,invoice reconciliation,This has been affecting the team for a while and we need a clearer resolution.
MSG0001936,ACC00203,2024-11-03T14:00:00,customer,support_chat,renewal terms,We've had to follow up several times and this is starting to become frustrating.
MSG0001937,ACC00203,2025-04-06T09:00:00,customer,support_chat,permissions,"If we can't get this resolved soon, we'll need to look at other options."
MSG0001938,ACC00203,2024-02-01T17:00:00,customer,support_chat,API reliability,The reporting changes are useful and the team is happy with them.
MSG0001939,ACC00203,2025-04-02T10:00:00,customer,meeting_notes,data synchronization,We've had to follow up several times and this is starting to become frustrating.
MSG0001940,ACC00203,2024-11-22T13:00:00,agent,email,usage reporting,The latest release has made the workflow much easier for our team.
MSG0001941,ACC00203,2025-06-15T16:00:00,customer,email,permissions,Could you help us understand why this is happening?
MSG0001942,ACC00203,2024-11-06T17:00:00,agent,email,invoice reconciliation,This has been affecting the team for a while and we need a clearer resolution.
MSG0001943,ACC00203,2024-05-12T13:00:00,agent,email,permissions,We're reviewing the latest changes and have a few questions.
MSG0001944,ACC00203,2024-07-09T17:00:00,agent,email,SSO,Thanks for getting this sorted so quickly. Everything is working now.
MSG0001945,ACC00203,2024-06-22T12:00:00,agent,email,data synchronization,The reporting changes are useful and the team is happy with them.
MSG0001946,ACC00204,2024-04-17T15:00:00,customer,support_chat,usage reporting,The latest release has made the workflow much easier for our team.
MSG0001947,ACC00204,2024-02-24T18:00:00,agent,meeting_notes,mobile access,We've had to follow up several times and this is starting to become frustrating.
MSG0001948,ACC00204,2025-05-09T10:00:00,agent,support_chat,integration errors,The reporting changes are useful and the team is happy with them.
MSG0001949,ACC00204,2024-09-01T10:00:00,customer,meeting_notes,usage reporting,We've been getting good value from the platform and adoption is steady.
MSG0001950,ACC00204,2024-02-14T16:00:00,customer,meeting_notes,user provisioning,We've been getting good value from the platform and adoption is steady.
MSG0001951,ACC00204,2024-07-22T14:00:00,customer,meeting_notes,dashboard performance,Thanks for getting this sorted so quickly. Everything is working now.
MSG0001952,ACC00204,2025-02-25T10:00:00,customer,support_chat,API reliability,"The workflow is mostly fine, although there are a couple of things we'd like improved."
MSG0001953,ACC00204,2024-12-22T15:00:00,customer,email,data synchronization,We're still evaluating the change internally.
MSG0001954,ACC00204,2025-10-12T09:00:00,customer,support_chat,usage reporting,We're still evaluating the change internally.
MSG0001955,ACC00204,2025-06-10T15:00:00,agent,support_chat,report exports,This has been affecting the team for a while and we need a clearer resolution.
MSG0001956,ACC00205,2024-01-10T13:00:00,customer,email,billing configuration,"The workflow is mostly fine, although there are a couple of things we'd like improved."
MSG0001957,ACC00205,2025-12-14T10:00:00,customer,support_chat,renewal terms,We've had to follow up several times and this is starting to become frustrating.
MSG0001958,ACC00205,2025-09-22T15:00:00,customer,meeting_notes,permissions,We're reviewing the latest changes and have a few questions.
MSG0001959,ACC00205,2024-03-17T15:00:00,agent,email,renewal terms,We've been getting good value from the platform and adoption is steady.
MSG0001960,ACC00205,2025-11-07T14:00:00,customer,support_chat,invoice reconciliation,The reporting changes are useful and the team is happy with them.
MSG0001961,ACC00205,2024-04-08T11:00:00,customer,email,permissions,We've been getting good value from the platform and adoption is steady.
MSG0001962,ACC00205,2025-04-24T08:00:00,agent,support_chat,data synchronization,"The workflow is mostly fine, although there are a couple of things we'd like improved."
MSG0001963,ACC00205,2024-10-16T16:00:00,agent,meeting_notes,usage reporting,The reporting changes are useful and the team is happy with them.
MSG0001964,ACC00205,2025-09-19T08:00:00,agent,support_chat,integration errors,We're reviewing the latest changes and have a few questions.
MSG0001965,ACC00205,2025-11-03T08:00:00,customer,email,invoice reconciliation,The reporting changes are useful and the team is happy with them.
MSG0001966,ACC00205,2025-04-19T17:00:00,customer,meeting_notes,data synchronization,We've been getting good value from the platform and adoption is steady.
MSG0001967,ACC00205,2025-11-01T10:00:00,customer,support_chat,report exports,This has been affecting the team for a while and we need a clearer resolution.
MSG0001968,ACC00205,2025-02-09T12:00:00,customer,email,usage reporting,The latest release has made the workflow much easier for our team.
MSG0001969,ACC00205,2024-11-16T15:00:00,agent,meeting_notes,API reliability,"The workflow is mostly fine, although there are a couple of things we'd like improved."
MSG0001970,ACC00205,2024-10-01T14:00:00,agent,support_chat,report exports,This has been affecting the team for a while and we need a clearer resolution.
MSG0001971,ACC00205,2024-02-12T12:00:00,customer,email,data synchronization,Thanks for getting this sorted so quickly. Everything is working now.
MSG0001972,ACC00205,2025-04-09T08:00:00,customer,meeting_notes,data synchronization,We've had to follow up several times and this is starting to become frustrating.
MSG0001973,ACC00205,2024-04-15T12:00:00,customer,email,invoice reconciliation,We're reviewing the latest changes and have a few questions.
MSG0001974,ACC00206,2025-02-09T18:00:00,customer,support_chat,permissions,We're considering reducing the footprint at renewal unless things improve.
MSG0001975,ACC00206,2024-02-27T14:00:00,customer,meeting_notes,invoice reconciliation,The latest release has made the workflow much easier for our team.
MSG0001976,ACC00206,2024-07-16T09:00:00,customer,support_chat,mobile access,This has been affecting the team for a while and we need a clearer resolution.
MSG0001977,ACC00206,2024-11-03T08:00:00,agent,meeting_notes,usage reporting,Thanks for getting this sorted so quickly. Everything is working now.
MSG0001978,ACC00206,2024-03-27T12:00:00,customer,meeting_notes,API reliability,"The workflow is mostly fine, although there are a couple of things we'd like improved."
MSG0001979,ACC00206,2024-07-06T10:00:00,agent,support_chat,API reliability,The latest release has made the workflow much easier for our team.
MSG0001980,ACC00206,2024-12-06T18:00:00,agent,email,integration errors,Could you help us understand why this is happening?
MSG0001981,ACC00206,2024-03-15T15:00:00,agent,meeting_notes,workflow automation,This has been affecting the team for a while and we need a clearer resolution.
MSG0001982,ACC00207,2024-12-03T13:00:00,customer,email,SSO,"The workflow is mostly fine, although there are a couple of things we'd like improved."
MSG0001983,ACC00207,2024-06-20T17:00:00,agent,meeting_notes,API reliability,We've been getting good value from the platform and adoption is steady.
MSG0001984,ACC00207,2024-06-17T18:00:00,customer,email,billing configuration,The latest release has made the workflow much easier for our team.
MSG0001985,ACC00207,2025-04-23T08:00:00,customer,meeting_notes,mobile access,The invoice amount doesn't match our purchase order. Can someone review it?
MSG0001986,ACC00207,2024-06-27T15:00:00,agent,email,workflow automation,We're still evaluating the change internally.
MSG0001987,ACC00207,2025-04-17T13:00:00,customer,support_chat,user provisioning,This has been affecting the team for a while and we need a clearer resolution.
MSG0001988,ACC00207,2024-04-05T09:00:00,customer,meeting_notes,usage reporting,We're still evaluating the change internally.
MSG0001989,ACC00207,2024-10-24T12:00:00,customer,support_chat,data synchronization,We're reviewing the latest changes and have a few questions.
MSG0001990,ACC00207,2025-03-10T11:00:00,agent,support_chat,renewal terms,We've had to follow up several times and this is starting to become frustrating.
MSG0001991,ACC00207,2024-10-18T09:00:00,customer,meeting_notes,billing configuration,The reporting changes are useful and the team is happy with them.
MSG0001992,ACC00208,2024-06-17T16:00:00,customer,email,data synchronization,We're still evaluating the change internally.
MSG0001993,ACC00208,2024-05-12T09:00:00,customer,support_chat,renewal terms,The reporting changes are useful and the team is happy with them.
MSG0001994,ACC00208,2024-06-11T16:00:00,customer,email,API reliability,"The workflow is mostly fine, although there are a couple of things we'd like improved."
MSG0001995,ACC00208,2024-03-21T12:00:00,agent,support_chat,usage reporting,The latest release has made the workflow much easier for our team.
MSG0001996,ACC00208,2025-05-15T12:00:00,customer,support_chat,permissions,Thanks for getting this sorted so quickly. Everything is working now.
MSG0001997,ACC00208,2024-10-15T09:00:00,customer,meeting_notes,user provisioning,Thanks for getting this sorted so quickly. Everything is working now.
MSG0001998,ACC00208,2024-05-16T13:00:00,customer,email,usage reporting,We're still evaluating the change internally.
MSG0001999,ACC00208,2024-06-02T08:00:00,customer,meeting_notes,permissions,"The workflow is mostly fine, although there are a couple of things we'd like improved."
MSG0002000,ACC00208,2025-02-18T17:00:00,agent,meeting_notes,usage reporting,Could you help us understand why this is happening?
MSG0002001,ACC00208,2024-10-26T16:00:00,customer,meeting_notes,invoice reconciliation,The latest release has made the workflow much easier for our team.
MSG0002002,ACC00208,2024-08-21T13:00:00,customer,meeting_notes,permissions,Thanks for getting this sorted so quickly. Everything is working now.
MSG0002003,ACC00208,2024-09-22T13:00:00,customer,meeting_notes,invoice reconciliation,This has been affecting the team for a while and we need a clearer resolution.
MSG0002004,ACC00208,2024-10-13T08:00:00,customer,email,user provisioning,We're still evaluating the change internally.
MSG0002005,ACC00209,2024-06-09T08:00:00,customer,meeting_notes,SSO,We've been getting good value from the platform and adoption is steady.
MSG0002006,ACC00209,2025-06-03T13:00:00,agent,meeting_notes,data synchronization,Could you help us understand why this is happening?
MSG0002007,ACC00209,2024-03-05T12:00:00,customer,email,usage reporting,"The workflow is mostly fine, although there are a couple of things we'd like improved."
MSG0002008,ACC00209,2024-01-28T17:00:00,customer,support_chat,invoice reconciliation,We're reviewing the latest changes and have a few questions.
MSG0002009,ACC00209,2025-03-18T09:00:00,customer,meeting_notes,data synchronization,We're reviewing the latest changes and have a few questions.
MSG0002010,ACC00209,2025-05-15T11:00:00,agent,support_chat,usage reporting,Our leadership team is questioning whether we should continue with the platform.
MSG0002011,ACC00209,2024-08-09T08:00:00,agent,email,invoice reconciliation,Could you help us understand why this is happening?
MSG0002012,ACC00209,2024-02-02T13:00:00,customer,meeting_notes,data synchronization,We're still evaluating the change internally.
MSG0002013,ACC00209,2024-07-06T15:00:00,customer,email,invoice reconciliation,This has been affecting the team for a while and we need a clearer resolution.
MSG0002014,ACC00210,2025-10-09T12:00:00,agent,email,API reliability,We've had to follow up several times and this is starting to become frustrating.
MSG0002015,ACC00210,2024-01-11T14:00:00,agent,meeting_notes,workflow automation,We've had to follow up several times and this is starting to become frustrating.
MSG0002016,ACC00210,2025-04-20T08:00:00,agent,meeting_notes,user provisioning,The reporting changes are useful and the team is happy with them.
MSG0002017,ACC00210,2024-09-20T14:00:00,customer,meeting_notes,SSO,We're reviewing the latest changes and have a few questions.
MSG0002018,ACC00210,2024-04-27T14:00:00,customer,meeting_notes,mobile access,This has been affecting the team for a while and we need a clearer resolution.
MSG0002019,ACC00210,2025-08-26T10:00:00,customer,meeting_notes,workflow automation,We're still evaluating the change internally.
MSG0002020,ACC00210,2025-07-26T15:00:00,customer,support_chat,mobile access,Could you help us understand why this is happening?
MSG0002021,ACC00210,2024-11-20T14:00:00,agent,support_chat,SSO,The reporting changes are useful and the team is happy with them.
MSG0002022,ACC00210,2024-05-26T18:00:00,agent,support_chat,SSO,The reporting changes are useful and the team is happy with them.
MSG0002023,ACC00210,2025-10-13T08:00:00,agent,support_chat,integration errors,"If we can't get this resolved soon, we'll need to look at other options."
MSG0002024,ACC00210,2024-10-18T09:00:00,customer,meeting_notes,API reliability,Could you help us understand why this is happening?
MSG0002025,ACC00210,2024-01-02T09:00:00,customer,support_chat,data synchronization,Could you help us understand why this is happening?
MSG0002026,ACC00210,2024-03-06T12:00:00,customer,support_chat,permissions,Could you help us understand why this is happening?
MSG0002027,ACC00210,2025-07-23T16:00:00,customer,email,usage reporting,We're reviewing alternatives because this is becoming difficult to justify internally.
MSG0002028,ACC00210,2024-02-05T08:00:00,customer,meeting_notes,workflow automation,The reporting changes are useful and the team is happy with them.
MSG0002029,ACC00210,2025-09-25T08:00:00,agent,meeting_notes,renewal terms,We're considering reducing the footprint at renewal unless things improve.
MSG0002030,ACC00210,2025-01-23T09:00:00,customer,email,billing configuration,We're still evaluating the change internally.
MSG0002031,ACC00211,2025-07-14T11:00:00,customer,meeting_notes,integration errors,We've had to follow up several times and this is starting to become frustrating.
MSG0002032,ACC00211,2025-02-17T08:00:00,customer,support_chat,user provisioning,We've been getting good value from the platform and adoption is steady.
MSG0002033,ACC00211,2025-07-24T17:00:00,agent,email,data synchronization,The reporting changes are useful and the team is happy with them.
MSG0002034,ACC00211,2024-10-15T14:00:00,agent,email,usage reporting,We're reviewing the latest changes and have a few questions.
MSG0002035,ACC00211,2024-10-20T12:00:00,customer,meeting_notes,SSO,We're reviewing the latest changes and have a few questions.
MSG0002036,ACC00211,2025-06-03T16:00:00,customer,support_chat,API reliability,The reporting changes are useful and the team is happy with them.
MSG0002037,ACC00211,2024-06-13T14:00:00,customer,meeting_notes,mobile access,This has been affecting the team for a while and we need a clearer resolution.
MSG0002038,ACC00211,2024-06-27T15:00:00,customer,email,API reliability,Thanks for getting this sorted so quickly. Everything is working now.
MSG0002039,ACC00211,2024-08-14T17:00:00,customer,support_chat,report exports,The latest release has made the workflow much easier for our team.
MSG0002040,ACC00211,2024-06-05T17:00:00,customer,support_chat,data synchronization,"The workflow is mostly fine, although there are a couple of things we'd like improved."
MSG0002041,ACC00211,2024-02-04T10:00:00,agent,support_chat,permissions,We're reviewing the latest changes and have a few questions.
MSG0002042,ACC00211,2024-01-24T18:00:00,customer,email,workflow automation,The reporting changes are useful and the team is happy with them.
MSG0002043,ACC00211,2025-02-01T18:00:00,customer,email,workflow automation,This has been affecting the team for a while and we need a clearer resolution.
MSG0002044,ACC00211,2025-04-16T17:00:00,customer,support_chat,report exports,The reporting changes are useful and the team is happy with them.
MSG0002045,ACC00211,2024-09-15T08:00:00,agent,email,report exports,We're reviewing the latest changes and have a few questions.
MSG0002046,ACC00211,2025-10-18T14:00:00,agent,support_chat,usage reporting,"The workflow is mostly fine, although there are a couple of things we'd like improved."
MSG0002047,ACC00212,2025-12-13T10:00:00,customer,email,renewal terms,The latest release has made the workflow much easier for our team.
MSG0002048,ACC00212,2025-05-19T12:00:00,agent,meeting_notes,mobile access,We're still evaluating the change internally.
MSG0002049,ACC00212,2024-11-10T18:00:00,customer,support_chat,data synchronization,The latest release has made the workflow much easier for our team.
MSG0002050,ACC00212,2024-08-20T11:00:00,customer,email,invoice reconciliation,We're reviewing the latest changes and have a few questions.
MSG0002051,ACC00212,2025-02-10T14:00:00,agent,meeting_notes,data synchronization,Thanks for getting this sorted so quickly. Everything is working now.
MSG0002052,ACC00212,2024-02-13T17:00:00,customer,email,usage reporting,"The workflow is mostly fine, although there are a couple of things we'd like improved."
MSG0002053,ACC00212,2024-01-13T12:00:00,customer,meeting_notes,data synchronization,We're still evaluating the change internally.
MSG0002054,ACC00212,2024-12-23T08:00:00,customer,email,API reliability,The reporting changes are useful and the team is happy with them.
MSG0002055,ACC00212,2025-12-14T08:00:00,customer,meeting_notes,report exports,Could you help us understand why this is happening?
MSG0002056,ACC00212,2024-09-28T15:00:00,agent,meeting_notes,API reliability,We've had to follow up several times and this is starting to become frustrating.
MSG0002057,ACC00212,2024-05-08T15:00:00,customer,meeting_notes,invoice reconciliation,Thanks for getting this sorted so quickly. Everything is working now.
MSG0002058,ACC00212,2024-12-16T14:00:00,customer,support_chat,SSO,We've had to follow up several times and this is starting to become frustrating.
MSG0002059,ACC00212,2025-08-14T13:00:00,agent,meeting_notes,renewal terms,The reporting changes are useful and the team is happy with them.
MSG0002060,ACC00212,2025-07-21T17:00:00,customer,support_chat,workflow automation,The latest release has made the workflow much easier for our team.
MSG0002061,ACC00212,2024-03-16T15:00:00,agent,email,user provisioning,We're reviewing the latest changes and have a few questions.
MSG0002062,ACC00212,2025-05-14T15:00:00,agent,meeting_notes,integration errors,We're reviewing the latest changes and have a few questions.
MSG0002063,ACC00213,2024-01-02T10:00:00,customer,meeting_notes,dashboard performance,The reporting changes are useful and the team is happy with them.
MSG0002064,ACC00213,2024-03-10T08:00:00,customer,support_chat,renewal terms,We're still evaluating the change internally.
MSG0002065,ACC00213,2024-05-03T08:00:00,customer,support_chat,usage reporting,Could you help us understand why this is happening?
MSG0002066,ACC00213,2024-03-07T15:00:00,customer,meeting_notes,dashboard performance,We've been getting good value from the platform and adoption is steady.
MSG0002067,ACC00213,2024-05-26T10:00:00,customer,meeting_notes,mobile access,This has been affecting the team for a while and we need a clearer resolution.
MSG0002068,ACC00213,2024-02-15T15:00:00,agent,meeting_notes,mobile access,We've had to follow up several times and this is starting to become frustrating.
MSG0002069,ACC00213,2024-11-20T18:00:00,customer,meeting_notes,SSO,This has been affecting the team for a while and we need a clearer resolution.
MSG0002070,ACC00214,2024-02-19T14:00:00,customer,meeting_notes,integration errors,We've been getting good value from the platform and adoption is steady.
MSG0002071,ACC00214,2024-05-22T11:00:00,customer,email,data synchronization,"The workflow is mostly fine, although there are a couple of things we'd like improved."
MSG0002072,ACC00214,2024-05-07T15:00:00,agent,support_chat,report exports,We've had to follow up several times and this is starting to become frustrating.
MSG0002073,ACC00215,2025-08-12T12:00:00,customer,support_chat,API reliability,We've been getting good value from the platform and adoption is steady.
MSG0002074,ACC00215,2025-04-14T10:00:00,customer,support_chat,renewal terms,"The workflow is mostly fine, although there are a couple of things we'd like improved."
MSG0002075,ACC00215,2024-06-26T16:00:00,customer,support_chat,user provisioning,This has been affecting the team for a while and we need a clearer resolution.
MSG0002076,ACC00215,2024-12-11T13:00:00,customer,support_chat,integration errors,We've been getting good value from the platform and adoption is steady.
MSG0002077,ACC00215,2025-07-17T11:00:00,customer,email,integration errors,We've been getting good value from the platform and adoption is steady.
MSG0002078,ACC00215,2025-08-12T11:00:00,customer,meeting_notes,renewal terms,Thanks for getting this sorted so quickly. Everything is working now.
MSG0002079,ACC00215,2024-08-04T18:00:00,agent,email,report exports,Could you help us understand why this is happening?
MSG0002080,ACC00215,2024-11-22T16:00:00,agent,support_chat,dashboard performance,"The workflow is mostly fine, although there are a couple of things we'd like improved."
MSG0002081,ACC00215,2025-06-07T11:00:00,customer,support_chat,workflow automation,We've had to follow up several times and this is starting to become frustrating.
MSG0002082,ACC00216,2025-08-10T10:00:00,agent,support_chat,data synchronization,The latest release has made the workflow much easier for our team.
MSG0002083,ACC00216,2025-08-27T17:00:00,agent,meeting_notes,permissions,This has been affecting the team for a while and we need a clearer resolution.
MSG0002084,ACC00216,2024-09-09T08:00:00,agent,meeting_notes,integration errors,We've had to follow up several times and this is starting to become frustrating.
MSG0002085,ACC00216,2025-07-11T16:00:00,customer,meeting_notes,mobile access,This has been affecting the team for a while and we need a clearer resolution.
MSG0002086,ACC00216,2024-05-27T09:00:00,agent,meeting_notes,billing configuration,Could you help us understand why this is happening?
MSG0002087,ACC00216,2025-09-23T14:00:00,agent,meeting_notes,invoice reconciliation,The reporting changes are useful and the team is happy with them.
MSG0002088,ACC00216,2025-08-23T15:00:00,customer,support_chat,API reliability,We're still evaluating the change internally.
MSG0002089,ACC00216,2025-06-17T11:00:00,customer,meeting_notes,integration errors,The reporting changes are useful and the team is happy with them.
MSG0002090,ACC00217,2024-04-03T16:00:00,agent,email,data synchronization,"The workflow is mostly fine, although there are a couple of things we'd like improved."
MSG0002091,ACC00217,2024-09-05T11:00:00,agent,meeting_notes,SSO,We've been getting good value from the platform and adoption is steady.
MSG0002092,ACC00217,2024-10-13T13:00:00,customer,support_chat,data synchronization,Could you help us understand why this is happening?
MSG0002093,ACC00217,2024-09-08T12:00:00,customer,meeting_notes,SSO,Thanks for getting this sorted so quickly. Everything is working now.
MSG0002094,ACC00217,2024-01-18T13:00:00,customer,support_chat,billing configuration,We've been getting good value from the platform and adoption is steady.
MSG0002095,ACC00218,2025-05-21T17:00:00,agent,email,workflow automation,We've been getting good value from the platform and adoption is steady.
MSG0002096,ACC00218,2024-09-05T18:00:00,customer,email,data synchronization,Could you help us understand why this is happening?
MSG0002097,ACC00218,2025-08-13T13:00:00,customer,meeting_notes,mobile access,We're reviewing the latest changes and have a few questions.
MSG0002098,ACC00218,2024-05-26T15:00:00,customer,email,report exports,The reporting changes are useful and the team is happy with them.
MSG0002099,ACC00218,2024-09-04T14:00:00,agent,email,integration errors,We've had to follow up several times and this is starting to become frustrating.
MSG0002100,ACC00218,2024-09-04T16:00:00,agent,support_chat,mobile access,Could you help us understand why this is happening?
MSG0002101,ACC00218,2025-07-28T08:00:00,customer,support_chat,workflow automation,The latest release has made the workflow much easier for our team.
MSG0002102,ACC00218,2024-01-28T16:00:00,agent,email,dashboard performance,We're still evaluating the change internally.
MSG0002103,ACC00218,2024-01-17T10:00:00,customer,email,permissions,We've had to follow up several times and this is starting to become frustrating.
MSG0002104,ACC00218,2024-02-01T18:00:00,customer,email,invoice reconciliation,This has been affecting the team for a while and we need a clearer resolution.
MSG0002105,ACC00218,2025-05-11T10:00:00,agent,email,renewal terms,We've had to follow up several times and this is starting to become frustrating.
MSG0002106,ACC00218,2024-11-16T08:00:00,agent,support_chat,permissions,Thanks for getting this sorted so quickly. Everything is working now.
MSG0002107,ACC00218,2025-04-06T09:00:00,customer,support_chat,renewal terms,We've had to follow up several times and this is starting to become frustrating.
MSG0002108,ACC00218,2024-03-26T13:00:00,customer,meeting_notes,API reliability,We're still evaluating the change internally.
MSG0002109,ACC00218,2025-04-11T11:00:00,customer,support_chat,mobile access,"The workflow is mostly fine, although there are a couple of things we'd like improved."
MSG0002110,ACC00218,2025-01-21T17:00:00,customer,email,renewal terms,The latest release has made the workflow much easier for our team.
MSG0002111,ACC00218,2025-05-28T12:00:00,customer,support_chat,mobile access,The reporting changes are useful and the team is happy with them.
MSG0002112,ACC00219,2024-06-08T14:00:00,agent,support_chat,API reliability,The reporting changes are useful and the team is happy with them.
MSG0002113,ACC00219,2024-02-13T09:00:00,customer,support_chat,renewal terms,This has been affecting the team for a while and we need a clearer resolution.
MSG0002114,ACC00219,2024-03-14T14:00:00,agent,email,dashboard performance,This has been affecting the team for a while and we need a clearer resolution.
MSG0002115,ACC00220,2024-10-02T09:00:00,customer,support_chat,renewal terms,"The workflow is mostly fine, although there are a couple of things we'd like improved."
MSG0002116,ACC00220,2024-05-20T13:00:00,customer,email,mobile access,Could you help us understand why this is happening?
MSG0002117,ACC00220,2025-04-02T17:00:00,agent,email,data synchronization,We're still evaluating the change internally.
MSG0002118,ACC00220,2025-10-10T10:00:00,agent,meeting_notes,renewal terms,Thanks for getting this sorted so quickly. Everything is working now.
MSG0002119,ACC00220,2024-02-12T16:00:00,agent,meeting_notes,mobile access,The reporting changes are useful and the team is happy with them.
MSG0002120,ACC00220,2024-08-16T09:00:00,agent,support_chat,data synchronization,Could you help us understand why this is happening?
MSG0002121,ACC00220,2024-10-09T17:00:00,customer,support_chat,renewal terms,"The workflow is mostly fine, although there are a couple of things we'd like improved."
MSG0002122,ACC00220,2024-05-10T14:00:00,customer,support_chat,SSO,"The workflow is mostly fine, although there are a couple of things we'd like improved."
MSG0002123,ACC00220,2025-08-09T16:00:00,customer,email,renewal terms,We're reviewing the latest changes and have a few questions.
MSG0002124,ACC00220,2025-08-01T08:00:00,agent,email,billing configuration,We've been getting good value from the platform and adoption is steady.
MSG0002125,ACC00220,2024-04-02T09:00:00,agent,meeting_notes,workflow automation,"The workflow is mostly fine, although there are a couple of things we'd like improved."
MSG0002126,ACC00220,2025-12-01T14:00:00,agent,support_chat,usage reporting,We're still evaluating the change internally.
MSG0002127,ACC00220,2024-08-01T10:00:00,customer,meeting_notes,invoice reconciliation,We're reviewing the latest changes and have a few questions.
MSG0002128,ACC00221,2024-09-03T18:00:00,customer,meeting_notes,billing configuration,Thanks for getting this sorted so quickly. Everything is working now.
MSG0002129,ACC00221,2024-03-16T08:00:00,customer,email,permissions,"The workflow is mostly fine, although there are a couple of things we'd like improved."
MSG0002130,ACC00221,2024-04-16T16:00:00,customer,support_chat,usage reporting,This has been affecting the team for a while and we need a clearer resolution.
MSG0002131,ACC00221,2024-01-07T10:00:00,customer,meeting_notes,invoice reconciliation,The latest release has made the workflow much easier for our team.
MSG0002132,ACC00221,2024-06-20T09:00:00,customer,support_chat,integration errors,Could you help us understand why this is happening?
MSG0002133,ACC00221,2024-10-23T10:00:00,customer,meeting_notes,usage reporting,We've had to follow up several times and this is starting to become frustrating.
MSG0002134,ACC00221,2025-06-04T09:00:00,customer,support_chat,integration errors,Thanks for getting this sorted so quickly. Everything is working now.
MSG0002135,ACC00221,2025-04-28T08:00:00,customer,support_chat,permissions,We've been getting good value from the platform and adoption is steady.
MSG0002136,ACC00221,2024-09-05T11:00:00,customer,email,data synchronization,"The workflow is mostly fine, although there are a couple of things we'd like improved."
MSG0002137,ACC00221,2025-02-16T11:00:00,agent,meeting_notes,API reliability,Thanks for getting this sorted so quickly. Everything is working now.
MSG0002138,ACC00221,2025-03-04T10:00:00,agent,email,integration errors,The reporting changes are useful and the team is happy with them.
MSG0002139,ACC00222,2024-08-24T13:00:00,customer,support_chat,usage reporting,Thanks for getting this sorted so quickly. Everything is working now.
MSG0002140,ACC00222,2024-09-21T08:00:00,customer,support_chat,data synchronization,The latest release has made the workflow much easier for our team.
MSG0002141,ACC00222,2024-08-01T12:00:00,agent,support_chat,usage reporting,Thanks for getting this sorted so quickly. Everything is working now.
MSG0002142,ACC00222,2025-12-08T09:00:00,agent,support_chat,API reliability,"The workflow is mostly fine, although there are a couple of things we'd like improved."
MSG0002143,ACC00222,2025-06-19T17:00:00,customer,email,user provisioning,This has been affecting the team for a while and we need a clearer resolution.
MSG0002144,ACC00222,2025-10-27T12:00:00,customer,meeting_notes,renewal terms,The latest release has made the workflow much easier for our team.
MSG0002145,ACC00222,2024-03-14T16:00:00,agent,meeting_notes,permissions,We're still evaluating the change internally.
MSG0002146,ACC00222,2024-07-07T10:00:00,customer,email,report exports,"The workflow is mostly fine, although there are a couple of things we'd like improved."
MSG0002147,ACC00222,2024-08-22T16:00:00,customer,support_chat,workflow automation,Could you help us understand why this is happening?
MSG0002148,ACC00222,2024-05-19T09:00:00,customer,support_chat,permissions,Could you help us understand why this is happening?
MSG0002149,ACC00222,2024-06-04T17:00:00,agent,support_chat,usage reporting,We've had to follow up several times and this is starting to become frustrating.
MSG0002150,ACC00222,2024-05-07T08:00:00,customer,meeting_notes,workflow automation,We've had to follow up several times and this is starting to become frustrating.
MSG0002151,ACC00222,2024-05-23T14:00:00,agent,support_chat,user provisioning,The latest release has made the workflow much easier for our team.
MSG0002152,ACC00222,2024-03-05T12:00:00,agent,support_chat,dashboard performance,Thanks for getting this sorted so quickly. Everything is working now.
MSG0002153,ACC00222,2024-03-11T14:00:00,agent,meeting_notes,permissions,We've had to follow up several times and this is starting to become frustrating.
MSG0002154,ACC00222,2024-02-26T15:00:00,customer,meeting_notes,integration errors,Thanks for getting this sorted so quickly. Everything is working now.
MSG0002155,ACC00222,2025-08-21T17:00:00,customer,meeting_notes,dashboard performance,We're reviewing the latest changes and have a few questions.
MSG0002156,ACC00222,2025-09-02T09:00:00,customer,meeting_notes,integration errors,We've had to follow up several times and this is starting to become frustrating.
MSG0002157,ACC00223,2025-01-06T18:00:00,customer,email,integration errors,Our payment was rejected again and we'd like help resolving the billing issue.
MSG0002158,ACC00223,2024-03-14T09:00:00,agent,support_chat,billing configuration,The reporting changes are useful and the team is happy with them.
MSG0002159,ACC00223,2024-01-05T12:00:00,agent,meeting_notes,billing configuration,We've had to follow up several times and this is starting to become frustrating.
MSG0002160,ACC00223,2024-11-28T13:00:00,customer,support_chat,mobile access,Thanks for getting this sorted so quickly. Everything is working now.
MSG0002161,ACC00223,2025-03-23T18:00:00,customer,email,user provisioning,The invoice amount doesn't match our purchase order. Can someone review it?
MSG0002162,ACC00223,2024-12-28T15:00:00,agent,meeting_notes,renewal terms,Our payment was rejected again and we'd like help resolving the billing issue.
MSG0002163,ACC00224,2025-06-19T10:00:00,customer,email,API reliability,Thanks for getting this sorted so quickly. Everything is working now.
MSG0002164,ACC00224,2024-10-24T12:00:00,agent,support_chat,integration errors,This has been affecting the team for a while and we need a clearer resolution.
MSG0002165,ACC00224,2024-02-23T18:00:00,customer,meeting_notes,invoice reconciliation,Could you help us understand why this is happening?
MSG0002166,ACC00224,2024-11-17T08:00:00,agent,support_chat,API reliability,Could you help us understand why this is happening?
MSG0002167,ACC00224,2025-02-08T09:00:00,customer,email,renewal terms,We've had to follow up several times and this is starting to become frustrating.
MSG0002168,ACC00224,2025-03-12T08:00:00,customer,meeting_notes,integration errors,The latest release has made the workflow much easier for our team.
MSG0002169,ACC00224,2024-06-04T13:00:00,customer,email,permissions,The reporting changes are useful and the team is happy with them.
MSG0002170,ACC00224,2024-01-11T08:00:00,agent,support_chat,usage reporting,"The workflow is mostly fine, although there are a couple of things we'd like improved."
MSG0002171,ACC00224,2025-11-10T16:00:00,agent,support_chat,integration errors,We've been getting good value from the platform and adoption is steady.
MSG0002172,ACC00224,2025-06-23T17:00:00,customer,meeting_notes,invoice reconciliation,The latest release has made the workflow much easier for our team.
MSG0002173,ACC00224,2024-02-08T17:00:00,customer,meeting_notes,permissions,The reporting changes are useful and the team is happy with them.
MSG0002174,ACC00224,2024-07-23T08:00:00,agent,email,workflow automation,We've been getting good value from the platform and adoption is steady.
MSG0002175,ACC00224,2024-01-20T17:00:00,customer,support_chat,workflow automation,We're reviewing the latest changes and have a few questions.
MSG0002176,ACC00224,2024-03-18T09:00:00,customer,email,SSO,The reporting changes are useful and the team is happy with them.
MSG0002177,ACC00224,2025-08-01T14:00:00,agent,meeting_notes,API reliability,We've been getting good value from the platform and adoption is steady.
MSG0002178,ACC00224,2025-11-18T13:00:00,customer,email,report exports,The reporting changes are useful and the team is happy with them.
MSG0002179,ACC00225,2024-05-06T08:00:00,customer,support_chat,workflow automation,We've been getting good value from the platform and adoption is steady.
MSG0002180,ACC00225,2025-01-20T09:00:00,customer,meeting_notes,workflow automation,The reporting changes are useful and the team is happy with them.
MSG0002181,ACC00225,2024-06-28T18:00:00,customer,support_chat,user provisioning,Could you help us understand why this is happening?
MSG0002182,ACC00225,2025-06-09T10:00:00,agent,email,mobile access,We've been getting good value from the platform and adoption is steady.
MSG0002183,ACC00225,2025-08-17T13:00:00,agent,support_chat,renewal terms,The reporting changes are useful and the team is happy with them.
MSG0002184,ACC00225,2024-04-09T11:00:00,customer,meeting_notes,dashboard performance,The latest release has made the workflow much easier for our team.
MSG0002185,ACC00225,2024-06-13T15:00:00,customer,email,data synchronization,The reporting changes are useful and the team is happy with them.
MSG0002186,ACC00225,2024-04-12T11:00:00,customer,meeting_notes,dashboard performance,We've been getting good value from the platform and adoption is steady.
MSG0002187,ACC00225,2025-09-08T08:00:00,customer,support_chat,invoice reconciliation,We've had to follow up several times and this is starting to become frustrating.
MSG0002188,ACC00226,2024-06-16T17:00:00,customer,support_chat,SSO,Thanks for getting this sorted so quickly. Everything is working now.
MSG0002189,ACC00226,2024-08-07T12:00:00,customer,meeting_notes,report exports,We're still evaluating the change internally.
MSG0002190,ACC00226,2024-09-28T16:00:00,customer,support_chat,user provisioning,We're reviewing the latest changes and have a few questions.
MSG0002191,ACC00226,2024-05-21T16:00:00,customer,support_chat,integration errors,Thanks for getting this sorted so quickly. Everything is working now.
MSG0002192,ACC00227,2025-12-10T16:00:00,customer,email,API reliability,Could you help us understand why this is happening?
MSG0002193,ACC00227,2024-08-23T12:00:00,agent,email,data synchronization,Thanks for getting this sorted so quickly. Everything is working now.
MSG0002194,ACC00227,2025-12-11T08:00:00,customer,meeting_notes,usage reporting,We're reviewing the latest changes and have a few questions.
MSG0002195,ACC00227,2024-01-12T15:00:00,agent,meeting_notes,user provisioning,We've been getting good value from the platform and adoption is steady.
MSG0002196,ACC00227,2024-05-02T16:00:00,customer,email,permissions,The latest release has made the workflow much easier for our team.
MSG0002197,ACC00227,2024-04-02T12:00:00,customer,support_chat,mobile access,We've been getting good value from the platform and adoption is steady.
MSG0002198,ACC00227,2025-05-14T08:00:00,customer,support_chat,report exports,We're reviewing the latest changes and have a few questions.
MSG0002199,ACC00227,2024-05-21T10:00:00,customer,email,permissions,Could you help us understand why this is happening?
MSG0002200,ACC00227,2024-01-04T09:00:00,customer,support_chat,data synchronization,This has been affecting the team for a while and we need a clearer resolution.
MSG0002201,ACC00227,2024-06-13T09:00:00,customer,meeting_notes,SSO,We're still evaluating the change internally.
MSG0002202,ACC00227,2025-04-02T10:00:00,agent,email,data synchronization,"The workflow is mostly fine, although there are a couple of things we'd like improved."
MSG0002203,ACC00227,2025-07-05T15:00:00,customer,support_chat,report exports,This has been affecting the team for a while and we need a clearer resolution.
MSG0002204,ACC00227,2024-09-02T10:00:00,customer,meeting_notes,invoice reconciliation,We're still evaluating the change internally.
MSG0002205,ACC00227,2024-01-26T09:00:00,customer,meeting_notes,dashboard performance,The latest release has made the workflow much easier for our team.
MSG0002206,ACC00227,2025-07-27T13:00:00,customer,support_chat,report exports,Thanks for getting this sorted so quickly. Everything is working now.
MSG0002207,ACC00227,2024-01-24T11:00:00,agent,email,billing configuration,Could you help us understand why this is happening?
MSG0002208,ACC00228,2024-02-21T15:00:00,customer,email,SSO,This has been affecting the team for a while and we need a clearer resolution.
MSG0002209,ACC00228,2024-04-18T16:00:00,customer,meeting_notes,integration errors,We're still evaluating the change internally.
MSG0002210,ACC00228,2024-02-02T11:00:00,customer,meeting_notes,integration errors,We've had to follow up several times and this is starting to become frustrating.
MSG0002211,ACC00228,2024-04-04T11:00:00,agent,email,user provisioning,Thanks for getting this sorted so quickly. Everything is working now.
MSG0002212,ACC00228,2024-01-19T14:00:00,customer,support_chat,dashboard performance,The latest release has made the workflow much easier for our team.
MSG0002213,ACC00228,2024-06-13T17:00:00,customer,meeting_notes,mobile access,The latest release has made the workflow much easier for our team.
MSG0002214,ACC00228,2024-02-16T17:00:00,agent,support_chat,billing configuration,The reporting changes are useful and the team is happy with them.
MSG0002215,ACC00228,2024-06-07T09:00:00,agent,support_chat,integration errors,This has been affecting the team for a while and we need a clearer resolution.
MSG0002216,ACC00229,2024-06-08T12:00:00,agent,email,report exports,Thanks for getting this sorted so quickly. Everything is working now.
MSG0002217,ACC00229,2025-08-15T16:00:00,customer,email,SSO,We've had to follow up several times and this is starting to become frustrating.
MSG0002218,ACC00229,2024-08-22T13:00:00,agent,meeting_notes,SSO,The reporting changes are useful and the team is happy with them.
MSG0002219,ACC00229,2024-05-04T11:00:00,agent,support_chat,mobile access,Thanks for getting this sorted so quickly. Everything is working now.
MSG0002220,ACC00229,2025-04-23T17:00:00,customer,support_chat,integration errors,We're still evaluating the change internally.
MSG0002221,ACC00229,2025-06-21T17:00:00,customer,meeting_notes,billing configuration,"The workflow is mostly fine, although there are a couple of things we'd like improved."
MSG0002222,ACC00229,2025-11-08T17:00:00,customer,meeting_notes,data synchronization,We're reviewing the latest changes and have a few questions.
MSG0002223,ACC00229,2025-08-17T17:00:00,customer,email,SSO,The reporting changes are useful and the team is happy with them.
MSG0002224,ACC00229,2025-12-17T08:00:00,customer,meeting_notes,report exports,We've been getting good value from the platform and adoption is steady.
MSG0002225,ACC00229,2025-08-10T13:00:00,customer,meeting_notes,report exports,We've been getting good value from the platform and adoption is steady.
MSG0002226,ACC00229,2025-11-04T15:00:00,customer,support_chat,renewal terms,We've been getting good value from the platform and adoption is steady.
MSG0002227,ACC00229,2025-05-19T12:00:00,agent,support_chat,report exports,This has been affecting the team for a while and we need a clearer resolution.
MSG0002228,ACC00229,2024-12-08T18:00:00,customer,email,user provisioning,"The workflow is mostly fine, although there are a couple of things we'd like improved."
MSG0002229,ACC00229,2025-10-01T15:00:00,customer,support_chat,invoice reconciliation,"The workflow is mostly fine, although there are a couple of things we'd like improved."
MSG0002230,ACC00229,2025-03-10T08:00:00,customer,meeting_notes,renewal terms,"The workflow is mostly fine, although there are a couple of things we'd like improved."
MSG0002231,ACC00229,2024-11-19T14:00:00,customer,email,billing configuration,We're reviewing the latest changes and have a few questions.
MSG0002232,ACC00230,2024-09-22T11:00:00,customer,support_chat,usage reporting,"The workflow is mostly fine, although there are a couple of things we'd like improved."
MSG0002233,ACC00230,2024-01-27T15:00:00,customer,support_chat,dashboard performance,Could you help us understand why this is happening?
MSG0002234,ACC00230,2025-11-22T10:00:00,customer,support_chat,report exports,Thanks for getting this sorted so quickly. Everything is working now.
MSG0002235,ACC00230,2025-02-25T17:00:00,customer,support_chat,workflow automation,We're reviewing the latest changes and have a few questions.
MSG0002236,ACC00230,2024-05-19T18:00:00,customer,meeting_notes,invoice reconciliation,"The workflow is mostly fine, although there are a couple of things we'd like improved."
MSG0002237,ACC00230,2024-06-04T13:00:00,customer,meeting_notes,data synchronization,Thanks for getting this sorted so quickly. Everything is working now.
MSG0002238,ACC00230,2025-07-28T14:00:00,agent,support_chat,permissions,We've been getting good value from the platform and adoption is steady.
MSG0002239,ACC00230,2024-02-17T16:00:00,agent,meeting_notes,usage reporting,Could you help us understand why this is happening?
MSG0002240,ACC00230,2025-11-04T16:00:00,customer,support_chat,integration errors,We've had to follow up several times and this is starting to become frustrating.
MSG0002241,ACC00230,2025-10-24T18:00:00,agent,meeting_notes,dashboard performance,The latest release has made the workflow much easier for our team.
MSG0002242,ACC00230,2024-03-23T10:00:00,agent,support_chat,SSO,Could you help us understand why this is happening?
MSG0002243,ACC00230,2024-10-14T11:00:00,customer,email,dashboard performance,The reporting changes are useful and the team is happy with them.
MSG0002244,ACC00230,2024-11-18T12:00:00,customer,meeting_notes,dashboard performance,The latest release has made the workflow much easier for our team.
MSG0002245,ACC00230,2024-07-02T16:00:00,agent,email,permissions,This has been affecting the team for a while and we need a clearer resolution.
MSG0002246,ACC00230,2025-12-14T14:00:00,agent,support_chat,renewal terms,"The workflow is mostly fine, although there are a couple of things we'd like improved."
MSG0002247,ACC00230,2025-10-02T13:00:00,agent,email,billing configuration,We're reviewing the latest changes and have a few questions.
MSG0002248,ACC00230,2025-07-19T14:00:00,customer,meeting_notes,renewal terms,We've been getting good value from the platform and adoption is steady.
MSG0002249,ACC00230,2025-10-22T08:00:00,customer,support_chat,usage reporting,"The workflow is mostly fine, although there are a couple of things we'd like improved."
MSG0002250,ACC00231,2024-04-12T14:00:00,customer,meeting_notes,usage reporting,"The workflow is mostly fine, although there are a couple of things we'd like improved."
MSG0002251,ACC00231,2024-11-14T16:00:00,agent,email,report exports,We've had to follow up several times and this is starting to become frustrating.
MSG0002252,ACC00231,2025-07-21T17:00:00,customer,email,dashboard performance,This has been affecting the team for a while and we need a clearer resolution.
MSG0002253,ACC00231,2025-06-22T10:00:00,customer,support_chat,data synchronization,This has been affecting the team for a while and we need a clearer resolution.
MSG0002254,ACC00231,2024-01-12T15:00:00,customer,support_chat,permissions,The reporting changes are useful and the team is happy with them.
MSG0002255,ACC00231,2025-01-07T08:00:00,customer,meeting_notes,data synchronization,Could you help us understand why this is happening?
MSG0002256,ACC00231,2025-12-19T15:00:00,customer,email,workflow automation,Thanks for getting this sorted so quickly. Everything is working now.
MSG0002257,ACC00231,2024-01-19T09:00:00,customer,meeting_notes,permissions,We're reviewing the latest changes and have a few questions.
MSG0002258,ACC00231,2025-06-17T12:00:00,agent,email,API reliability,Could you help us understand why this is happening?
MSG0002259,ACC00231,2025-10-25T14:00:00,customer,support_chat,billing configuration,The latest release has made the workflow much easier for our team.
MSG0002260,ACC00231,2025-10-25T08:00:00,customer,email,report exports,This has been affecting the team for a while and we need a clearer resolution.
MSG0002261,ACC00231,2025-04-15T10:00:00,agent,meeting_notes,SSO,"The workflow is mostly fine, although there are a couple of things we'd like improved."
MSG0002262,ACC00231,2025-05-15T13:00:00,agent,support_chat,invoice reconciliation,The latest release has made the workflow much easier for our team.
MSG0002263,ACC00231,2025-11-26T18:00:00,agent,meeting_notes,mobile access,Thanks for getting this sorted so quickly. Everything is working now.
MSG0002264,ACC00231,2024-05-27T12:00:00,customer,meeting_notes,usage reporting,We've had to follow up several times and this is starting to become frustrating.
MSG0002265,ACC00232,2024-08-27T08:00:00,agent,email,invoice reconciliation,We're still evaluating the change internally.
MSG0002266,ACC00232,2024-03-05T10:00:00,agent,support_chat,user provisioning,Could you help us understand why this is happening?
MSG0002267,ACC00232,2024-10-17T10:00:00,customer,support_chat,renewal terms,We've had to follow up several times and this is starting to become frustrating.
MSG0002268,ACC00232,2024-03-27T08:00:00,agent,email,permissions,We're reviewing the latest changes and have a few questions.
MSG0002269,ACC00232,2024-02-03T18:00:00,customer,email,integration errors,Could you help us understand why this is happening?
MSG0002270,ACC00233,2024-08-05T08:00:00,customer,meeting_notes,API reliability,We've been getting good value from the platform and adoption is steady.
MSG0002271,ACC00233,2025-01-06T14:00:00,customer,support_chat,report exports,We're reviewing the latest changes and have a few questions.
MSG0002272,ACC00233,2025-07-17T08:00:00,customer,email,permissions,We're still evaluating the change internally.
MSG0002273,ACC00233,2024-03-03T11:00:00,agent,support_chat,permissions,We've had to follow up several times and this is starting to become frustrating.
MSG0002274,ACC00233,2024-02-10T08:00:00,agent,email,workflow automation,Thanks for getting this sorted so quickly. Everything is working now.
MSG0002275,ACC00233,2024-09-20T11:00:00,agent,email,renewal terms,The latest release has made the workflow much easier for our team.
MSG0002276,ACC00233,2025-05-22T10:00:00,agent,meeting_notes,data synchronization,This has been affecting the team for a while and we need a clearer resolution.
MSG0002277,ACC00233,2024-12-08T14:00:00,customer,meeting_notes,billing configuration,The reporting changes are useful and the team is happy with them.
MSG0002278,ACC00233,2025-03-21T11:00:00,agent,email,mobile access,We're still evaluating the change internally.
MSG0002279,ACC00234,2024-09-28T11:00:00,customer,support_chat,API reliability,Thanks for getting this sorted so quickly. Everything is working now.
MSG0002280,ACC00234,2024-03-05T09:00:00,agent,support_chat,billing configuration,We're still evaluating the change internally.
MSG0002281,ACC00234,2024-07-16T17:00:00,agent,email,mobile access,"The workflow is mostly fine, although there are a couple of things we'd like improved."
MSG0002282,ACC00234,2024-10-07T11:00:00,agent,support_chat,API reliability,We're still evaluating the change internally.
MSG0002283,ACC00234,2024-10-19T08:00:00,agent,support_chat,mobile access,This has been affecting the team for a while and we need a clearer resolution.
MSG0002284,ACC00234,2024-06-16T14:00:00,customer,support_chat,permissions,This has been affecting the team for a while and we need a clearer resolution.
MSG0002285,ACC00234,2024-04-22T14:00:00,customer,meeting_notes,usage reporting,We're reviewing the latest changes and have a few questions.
MSG0002286,ACC00234,2024-09-08T15:00:00,agent,meeting_notes,workflow automation,Could you help us understand why this is happening?
MSG0002287,ACC00234,2024-10-05T13:00:00,customer,meeting_notes,API reliability,We've been getting good value from the platform and adoption is steady.
MSG0002288,ACC00234,2024-03-19T14:00:00,customer,support_chat,renewal terms,We're still evaluating the change internally.
MSG0002289,ACC00235,2024-03-24T15:00:00,customer,email,mobile access,We're still evaluating the change internally.
MSG0002290,ACC00235,2024-05-16T15:00:00,customer,meeting_notes,mobile access,"The workflow is mostly fine, although there are a couple of things we'd like improved."
MSG0002291,ACC00235,2024-04-04T10:00:00,customer,meeting_notes,permissions,We're reviewing the latest changes and have a few questions.
MSG0002292,ACC00235,2024-09-08T14:00:00,customer,meeting_notes,data synchronization,"The workflow is mostly fine, although there are a couple of things we'd like improved."
MSG0002293,ACC00236,2024-02-18T11:00:00,agent,meeting_notes,workflow automation,Thanks for getting this sorted so quickly. Everything is working now.
MSG0002294,ACC00236,2025-06-05T13:00:00,customer,meeting_notes,dashboard performance,The latest release has made the workflow much easier for our team.
MSG0002295,ACC00236,2024-02-25T08:00:00,agent,email,dashboard performance,We've been getting good value from the platform and adoption is steady.
MSG0002296,ACC00236,2025-03-13T12:00:00,customer,meeting_notes,mobile access,The latest release has made the workflow much easier for our team.
MSG0002297,ACC00236,2024-03-13T08:00:00,customer,email,user provisioning,"The workflow is mostly fine, although there are a couple of things we'd like improved."
MSG0002298,ACC00236,2024-03-28T10:00:00,customer,email,workflow automation,We're reviewing the latest changes and have a few questions.
MSG0002299,ACC00236,2024-10-27T17:00:00,customer,meeting_notes,billing configuration,Could you help us understand why this is happening?
MSG0002300,ACC00237,2024-07-21T14:00:00,customer,meeting_notes,data synchronization,Could you help us understand why this is happening?
MSG0002301,ACC00237,2024-06-02T17:00:00,customer,email,SSO,Could you help us understand why this is happening?
MSG0002302,ACC00237,2024-01-21T12:00:00,customer,support_chat,billing configuration,We're reviewing the latest changes and have a few questions.
MSG0002303,ACC00237,2024-02-04T14:00:00,agent,meeting_notes,mobile access,Thanks for getting this sorted so quickly. Everything is working now.
MSG0002304,ACC00237,2024-01-12T10:00:00,agent,email,permissions,Could you help us understand why this is happening?
MSG0002305,ACC00238,2025-03-24T09:00:00,customer,meeting_notes,usage reporting,The latest release has made the workflow much easier for our team.
MSG0002306,ACC00238,2024-07-22T16:00:00,customer,meeting_notes,permissions,We've had to follow up several times and this is starting to become frustrating.
MSG0002307,ACC00238,2025-06-15T18:00:00,customer,meeting_notes,usage reporting,We're still evaluating the change internally.
MSG0002308,ACC00238,2024-09-04T13:00:00,customer,support_chat,permissions,"The workflow is mostly fine, although there are a couple of things we'd like improved."
MSG0002309,ACC00238,2024-01-17T14:00:00,customer,support_chat,SSO,We've had to follow up several times and this is starting to become frustrating.
MSG0002310,ACC00238,2024-11-23T17:00:00,customer,email,billing configuration,This has been affecting the team for a while and we need a clearer resolution.
MSG0002311,ACC00238,2024-08-07T12:00:00,agent,email,usage reporting,"The workflow is mostly fine, although there are a couple of things we'd like improved."
MSG0002312,ACC00238,2025-03-17T17:00:00,agent,support_chat,API reliability,We've been getting good value from the platform and adoption is steady.
MSG0002313,ACC00238,2024-02-28T18:00:00,customer,support_chat,mobile access,Thanks for getting this sorted so quickly. Everything is working now.
MSG0002314,ACC00239,2024-04-09T08:00:00,customer,meeting_notes,report exports,We're reviewing the latest changes and have a few questions.
MSG0002315,ACC00239,2024-08-03T11:00:00,customer,email,permissions,The reporting changes are useful and the team is happy with them.
MSG0002316,ACC00239,2024-11-14T16:00:00,customer,email,permissions,The latest release has made the workflow much easier for our team.
MSG0002317,ACC00239,2024-09-17T17:00:00,customer,support_chat,integration errors,The reporting changes are useful and the team is happy with them.
MSG0002318,ACC00239,2024-10-12T18:00:00,agent,email,API reliability,Could you help us understand why this is happening?
MSG0002319,ACC00239,2024-07-26T17:00:00,agent,support_chat,dashboard performance,We've had to follow up several times and this is starting to become frustrating.
MSG0002320,ACC00239,2024-07-27T14:00:00,customer,meeting_notes,SSO,We're reviewing the latest changes and have a few questions.
MSG0002321,ACC00240,2024-08-06T14:00:00,agent,meeting_notes,data synchronization,We're still evaluating the change internally.
MSG0002322,ACC00240,2024-10-23T14:00:00,customer,support_chat,user provisioning,We're reviewing the latest changes and have a few questions.
MSG0002323,ACC00240,2024-08-01T13:00:00,customer,meeting_notes,invoice reconciliation,This has been affecting the team for a while and we need a clearer resolution.
MSG0002324,ACC00240,2024-06-17T10:00:00,customer,support_chat,workflow automation,The reporting changes are useful and the team is happy with them.
MSG0002325,ACC00240,2024-07-11T12:00:00,customer,support_chat,permissions,"The workflow is mostly fine, although there are a couple of things we'd like improved."
MSG0002326,ACC00241,2025-09-04T16:00:00,customer,meeting_notes,report exports,We've been getting good value from the platform and adoption is steady.
MSG0002327,ACC00241,2025-05-25T12:00:00,agent,meeting_notes,integration errors,This has been affecting the team for a while and we need a clearer resolution.
MSG0002328,ACC00241,2024-09-16T14:00:00,customer,support_chat,invoice reconciliation,"The workflow is mostly fine, although there are a couple of things we'd like improved."
MSG0002329,ACC00241,2025-06-15T10:00:00,customer,support_chat,invoice reconciliation,We're reviewing the latest changes and have a few questions.
MSG0002330,ACC00241,2024-11-22T17:00:00,customer,support_chat,renewal terms,Thanks for getting this sorted so quickly. Everything is working now.
MSG0002331,ACC00241,2025-07-08T11:00:00,customer,meeting_notes,billing configuration,We're still evaluating the change internally.
MSG0002332,ACC00241,2024-07-13T09:00:00,customer,support_chat,integration errors,We're reviewing the latest changes and have a few questions.
MSG0002333,ACC00241,2025-12-20T13:00:00,customer,support_chat,mobile access,The reporting changes are useful and the team is happy with them.
MSG0002334,ACC00241,2025-06-28T18:00:00,customer,meeting_notes,usage reporting,Thanks for getting this sorted so quickly. Everything is working now.
MSG0002335,ACC00241,2025-10-03T17:00:00,customer,email,SSO,We're reviewing the latest changes and have a few questions.
MSG0002336,ACC00241,2024-06-19T13:00:00,agent,email,invoice reconciliation,We're reviewing the latest changes and have a few questions.
MSG0002337,ACC00241,2024-09-21T16:00:00,customer,email,billing configuration,This has been affecting the team for a while and we need a clearer resolution.
MSG0002338,ACC00241,2024-03-19T10:00:00,agent,meeting_notes,renewal terms,"The workflow is mostly fine, although there are a couple of things we'd like improved."
MSG0002339,ACC00241,2025-08-23T10:00:00,agent,meeting_notes,SSO,We've had to follow up several times and this is starting to become frustrating.
MSG0002340,ACC00241,2024-03-15T12:00:00,customer,support_chat,integration errors,We're reviewing the latest changes and have a few questions.
MSG0002341,ACC00241,2025-09-17T14:00:00,customer,meeting_notes,SSO,We're still evaluating the change internally.
MSG0002342,ACC00241,2025-12-04T09:00:00,customer,support_chat,API reliability,Thanks for getting this sorted so quickly. Everything is working now.
MSG0002343,ACC00242,2025-11-10T08:00:00,agent,support_chat,renewal terms,Thanks for getting this sorted so quickly. Everything is working now.
MSG0002344,ACC00242,2025-05-02T16:00:00,customer,support_chat,usage reporting,We've been getting good value from the platform and adoption is steady.
MSG0002345,ACC00242,2025-12-25T11:00:00,customer,email,user provisioning,Could you help us understand why this is happening?
MSG0002346,ACC00242,2025-09-14T14:00:00,customer,support_chat,integration errors,Could you help us understand why this is happening?
MSG0002347,ACC00242,2024-04-08T18:00:00,agent,email,data synchronization,We're still evaluating the change internally.
MSG0002348,ACC00242,2025-04-21T09:00:00,agent,email,renewal terms,We've been getting good value from the platform and adoption is steady.
MSG0002349,ACC00242,2024-06-28T15:00:00,agent,support_chat,user provisioning,Thanks for getting this sorted so quickly. Everything is working now.
MSG0002350,ACC00242,2025-02-06T18:00:00,customer,email,SSO,Could you help us understand why this is happening?
MSG0002351,ACC00242,2025-12-03T14:00:00,customer,support_chat,billing configuration,We've had to follow up several times and this is starting to become frustrating.
MSG0002352,ACC00243,2025-05-22T15:00:00,customer,support_chat,usage reporting,Could you help us understand why this is happening?
MSG0002353,ACC00243,2025-10-10T18:00:00,customer,email,SSO,The reporting changes are useful and the team is happy with them.
MSG0002354,ACC00243,2024-06-26T13:00:00,customer,meeting_notes,renewal terms,The latest release has made the workflow much easier for our team.
MSG0002355,ACC00243,2024-10-13T15:00:00,customer,meeting_notes,API reliability,We're still evaluating the change internally.
MSG0002356,ACC00243,2025-04-21T18:00:00,agent,email,renewal terms,The reporting changes are useful and the team is happy with them.
MSG0002357,ACC00243,2025-01-12T15:00:00,agent,support_chat,API reliability,We've been getting good value from the platform and adoption is steady.
MSG0002358,ACC00243,2025-05-16T11:00:00,agent,meeting_notes,workflow automation,We're reviewing the latest changes and have a few questions.
MSG0002359,ACC00243,2025-03-15T16:00:00,customer,support_chat,integration errors,We're reviewing the latest changes and have a few questions.
MSG0002360,ACC00243,2025-03-20T16:00:00,customer,email,report exports,We're reviewing the latest changes and have a few questions.
MSG0002361,ACC00243,2024-03-16T09:00:00,customer,support_chat,SSO,We've been getting good value from the platform and adoption is steady.
MSG0002362,ACC00243,2024-08-02T16:00:00,customer,meeting_notes,billing configuration,We've been getting good value from the platform and adoption is steady.
MSG0002363,ACC00243,2025-09-15T10:00:00,customer,meeting_notes,renewal terms,"The workflow is mostly fine, although there are a couple of things we'd like improved."
MSG0002364,ACC00243,2024-08-24T12:00:00,agent,email,workflow automation,"The workflow is mostly fine, although there are a couple of things we'd like improved."
MSG0002365,ACC00244,2025-01-06T17:00:00,agent,meeting_notes,renewal terms,We're still evaluating the change internally.
MSG0002366,ACC00244,2024-09-20T15:00:00,customer,meeting_notes,API reliability,This has been affecting the team for a while and we need a clearer resolution.
MSG0002367,ACC00244,2024-01-06T15:00:00,agent,meeting_notes,invoice reconciliation,"The workflow is mostly fine, although there are a couple of things we'd like improved."
MSG0002368,ACC00244,2024-01-19T08:00:00,agent,meeting_notes,billing configuration,We've been getting good value from the platform and adoption is steady.
MSG0002369,ACC00244,2024-12-16T11:00:00,customer,email,invoice reconciliation,The latest release has made the workflow much easier for our team.
MSG0002370,ACC00244,2024-03-19T09:00:00,customer,email,usage reporting,The reporting changes are useful and the team is happy with them.
MSG0002371,ACC00244,2024-10-14T15:00:00,customer,support_chat,SSO,"The workflow is mostly fine, although there are a couple of things we'd like improved."
MSG0002372,ACC00244,2024-02-20T16:00:00,customer,support_chat,data synchronization,"The workflow is mostly fine, although there are a couple of things we'd like improved."
MSG0002373,ACC00244,2024-02-15T08:00:00,customer,meeting_notes,API reliability,We're still evaluating the change internally.
MSG0002374,ACC00245,2024-02-19T08:00:00,agent,email,permissions,We've been getting good value from the platform and adoption is steady.
MSG0002375,ACC00245,2024-06-18T15:00:00,agent,email,SSO,We've had to follow up several times and this is starting to become frustrating.
MSG0002376,ACC00245,2024-07-25T09:00:00,customer,meeting_notes,billing configuration,Thanks for getting this sorted so quickly. Everything is working now.
MSG0002377,ACC00245,2024-03-22T11:00:00,customer,support_chat,usage reporting,Thanks for getting this sorted so quickly. Everything is working now.
MSG0002378,ACC00245,2024-11-28T10:00:00,customer,meeting_notes,dashboard performance,"If we can't get this resolved soon, we'll need to look at other options."
MSG0002379,ACC00245,2024-08-23T16:00:00,customer,email,renewal terms,"The workflow is mostly fine, although there are a couple of things we'd like improved."
MSG0002380,ACC00245,2024-05-06T09:00:00,agent,meeting_notes,data synchronization,We're still evaluating the change internally.
MSG0002381,ACC00245,2024-02-15T13:00:00,agent,email,dashboard performance,We're still evaluating the change internally.
MSG0002382,ACC00245,2024-03-06T14:00:00,customer,meeting_notes,workflow automation,We're reviewing the latest changes and have a few questions.
MSG0002383,ACC00246,2025-03-02T14:00:00,agent,email,user provisioning,We're still evaluating the change internally.
MSG0002384,ACC00246,2025-04-28T14:00:00,agent,meeting_notes,user provisioning,The latest release has made the workflow much easier for our team.
MSG0002385,ACC00246,2025-05-24T15:00:00,customer,email,billing configuration,This has been affecting the team for a while and we need a clearer resolution.
MSG0002386,ACC00246,2025-05-13T11:00:00,customer,support_chat,billing configuration,The latest release has made the workflow much easier for our team.
MSG0002387,ACC00246,2024-08-21T17:00:00,customer,support_chat,invoice reconciliation,The latest release has made the workflow much easier for our team.
MSG0002388,ACC00246,2024-03-13T18:00:00,agent,email,dashboard performance,We're still evaluating the change internally.
MSG0002389,ACC00246,2024-02-09T17:00:00,customer,email,dashboard performance,Thanks for getting this sorted so quickly. Everything is working now.
MSG0002390,ACC00246,2024-02-28T18:00:00,agent,support_chat,usage reporting,"The workflow is mostly fine, although there are a couple of things we'd like improved."
MSG0002391,ACC00246,2025-02-01T14:00:00,customer,support_chat,dashboard performance,We're reviewing the latest changes and have a few questions.
MSG0002392,ACC00247,2025-02-10T10:00:00,agent,email,SSO,We're reviewing the latest changes and have a few questions.
MSG0002393,ACC00247,2025-04-08T16:00:00,customer,meeting_notes,billing configuration,We're reviewing the latest changes and have a few questions.
MSG0002394,ACC00247,2025-04-14T09:00:00,agent,meeting_notes,data synchronization,The latest release has made the workflow much easier for our team.
MSG0002395,ACC00247,2025-08-09T16:00:00,agent,support_chat,report exports,Thanks for getting this sorted so quickly. Everything is working now.
MSG0002396,ACC00247,2025-02-20T08:00:00,customer,email,invoice reconciliation,We've had to follow up several times and this is starting to become frustrating.
MSG0002397,ACC00247,2024-03-24T17:00:00,customer,meeting_notes,data synchronization,We're still evaluating the change internally.
MSG0002398,ACC00247,2025-05-02T10:00:00,customer,email,billing configuration,The latest release has made the workflow much easier for our team.
MSG0002399,ACC00247,2025-01-10T14:00:00,agent,email,mobile access,The latest release has made the workflow much easier for our team.
MSG0002400,ACC00247,2025-05-22T18:00:00,customer,support_chat,workflow automation,The reporting changes are useful and the team is happy with them.
MSG0002401,ACC00247,2025-06-14T08:00:00,customer,meeting_notes,report exports,We've been getting good value from the platform and adoption is steady.
MSG0002402,ACC00247,2024-09-08T17:00:00,agent,meeting_notes,mobile access,The reporting changes are useful and the team is happy with them.
MSG0002403,ACC00248,2024-03-28T16:00:00,customer,meeting_notes,API reliability,Could you help us understand why this is happening?
MSG0002404,ACC00248,2025-08-24T15:00:00,agent,support_chat,dashboard performance,Could you help us understand why this is happening?
MSG0002405,ACC00248,2024-09-26T15:00:00,customer,meeting_notes,integration errors,We've had to follow up several times and this is starting to become frustrating.
MSG0002406,ACC00248,2024-10-24T12:00:00,customer,support_chat,SSO,The reporting changes are useful and the team is happy with them.
MSG0002407,ACC00248,2024-03-24T08:00:00,customer,meeting_notes,billing configuration,We've had to follow up several times and this is starting to become frustrating.
MSG0002408,ACC00248,2025-12-16T12:00:00,agent,support_chat,usage reporting,We've had to follow up several times and this is starting to become frustrating.
MSG0002409,ACC00248,2025-11-10T10:00:00,customer,support_chat,usage reporting,The latest release has made the workflow much easier for our team.
MSG0002410,ACC00248,2025-12-28T16:00:00,customer,meeting_notes,usage reporting,We've been getting good value from the platform and adoption is steady.
MSG0002411,ACC00248,2025-09-25T13:00:00,agent,email,dashboard performance,We've been getting good value from the platform and adoption is steady.
MSG0002412,ACC00248,2025-04-15T09:00:00,customer,support_chat,invoice reconciliation,We've had to follow up several times and this is starting to become frustrating.
MSG0002413,ACC00248,2024-01-17T13:00:00,customer,email,invoice reconciliation,"The workflow is mostly fine, although there are a couple of things we'd like improved."
MSG0002414,ACC00249,2025-04-21T14:00:00,customer,email,data synchronization,We've had to follow up several times and this is starting to become frustrating.
MSG0002415,ACC00249,2025-01-27T13:00:00,customer,meeting_notes,report exports,We've had to follow up several times and this is starting to become frustrating.
MSG0002416,ACC00249,2024-06-06T14:00:00,customer,email,dashboard performance,The reporting changes are useful and the team is happy with them.
MSG0002417,ACC00249,2025-10-04T09:00:00,customer,email,permissions,The reporting changes are useful and the team is happy with them.
MSG0002418,ACC00249,2025-04-15T14:00:00,agent,support_chat,report exports,Thanks for getting this sorted so quickly. Everything is working now.
MSG0002419,ACC00249,2024-04-17T11:00:00,agent,meeting_notes,dashboard performance,Could you help us understand why this is happening?
MSG0002420,ACC00249,2024-04-25T15:00:00,agent,meeting_notes,workflow automation,The latest release has made the workflow much easier for our team.
MSG0002421,ACC00249,2024-02-03T12:00:00,customer,support_chat,renewal terms,Could you help us understand why this is happening?
MSG0002422,ACC00249,2024-12-18T08:00:00,customer,meeting_notes,data synchronization,We're reviewing the latest changes and have a few questions.
MSG0002423,ACC00250,2025-08-18T17:00:00,customer,support_chat,integration errors,This has been affecting the team for a while and we need a clearer resolution.
MSG0002424,ACC00250,2024-11-11T10:00:00,customer,email,user provisioning,The reporting changes are useful and the team is happy with them.
MSG0002425,ACC00250,2025-11-09T11:00:00,agent,support_chat,renewal terms,We're still evaluating the change internally.
MSG0002426,ACC00250,2024-03-11T15:00:00,customer,email,workflow automation,We've had to follow up several times and this is starting to become frustrating.
MSG0002427,ACC00250,2025-11-02T11:00:00,customer,support_chat,SSO,We've had to follow up several times and this is starting to become frustrating.
MSG0002428,ACC00250,2025-12-04T15:00:00,customer,email,integration errors,We've had to follow up several times and this is starting to become frustrating.
MSG0002429,ACC00250,2024-07-22T09:00:00,customer,support_chat,renewal terms,We're reviewing the latest changes and have a few questions.
MSG0002430,ACC00250,2025-12-23T17:00:00,customer,support_chat,integration errors,We're reviewing the latest changes and have a few questions.
MSG0002431,ACC00251,2024-08-25T18:00:00,agent,meeting_notes,invoice reconciliation,Could you help us understand why this is happening?
MSG0002432,ACC00251,2024-03-27T08:00:00,customer,email,SSO,"The workflow is mostly fine, although there are a couple of things we'd like improved."
MSG0002433,ACC00251,2025-05-27T16:00:00,agent,support_chat,billing configuration,This has been affecting the team for a while and we need a clearer resolution.
MSG0002434,ACC00251,2025-07-10T08:00:00,customer,support_chat,invoice reconciliation,We're reviewing the latest changes and have a few questions.
MSG0002435,ACC00251,2024-06-20T08:00:00,customer,email,mobile access,The reporting changes are useful and the team is happy with them.
MSG0002436,ACC00251,2025-02-01T17:00:00,customer,email,user provisioning,The latest release has made the workflow much easier for our team.
MSG0002437,ACC00251,2025-01-13T14:00:00,agent,meeting_notes,report exports,Could you help us understand why this is happening?
MSG0002438,ACC00251,2025-06-12T14:00:00,customer,support_chat,data synchronization,Thanks for getting this sorted so quickly. Everything is working now.
MSG0002439,ACC00251,2024-07-17T09:00:00,customer,support_chat,SSO,The latest release has made the workflow much easier for our team.
MSG0002440,ACC00251,2025-07-17T13:00:00,customer,support_chat,API reliability,"The workflow is mostly fine, although there are a couple of things we'd like improved."
MSG0002441,ACC00251,2024-08-16T17:00:00,agent,support_chat,data synchronization,We're still evaluating the change internally.
MSG0002442,ACC00251,2024-09-26T13:00:00,agent,support_chat,invoice reconciliation,We've had to follow up several times and this is starting to become frustrating.
MSG0002443,ACC00251,2024-01-05T11:00:00,customer,meeting_notes,integration errors,We're reviewing the latest changes and have a few questions.
MSG0002444,ACC00251,2024-05-16T12:00:00,agent,meeting_notes,user provisioning,"The workflow is mostly fine, although there are a couple of things we'd like improved."
MSG0002445,ACC00251,2024-06-22T09:00:00,agent,support_chat,mobile access,"The workflow is mostly fine, although there are a couple of things we'd like improved."
MSG0002446,ACC00252,2024-04-19T15:00:00,customer,email,mobile access,This has been affecting the team for a while and we need a clearer resolution.
MSG0002447,ACC00252,2024-08-27T09:00:00,customer,meeting_notes,workflow automation,"The workflow is mostly fine, although there are a couple of things we'd like improved."
MSG0002448,ACC00252,2024-10-12T11:00:00,customer,meeting_notes,workflow automation,Could you help us understand why this is happening?
MSG0002449,ACC00252,2024-10-25T15:00:00,agent,meeting_notes,user provisioning,We're still evaluating the change internally.
MSG0002450,ACC00252,2024-02-07T13:00:00,agent,meeting_notes,integration errors,Could you help us understand why this is happening?
MSG0002451,ACC00252,2024-02-21T13:00:00,customer,support_chat,data synchronization,The reporting changes are useful and the team is happy with them.
MSG0002452,ACC00252,2024-10-06T10:00:00,customer,support_chat,billing configuration,The latest release has made the workflow much easier for our team.
MSG0002453,ACC00252,2024-11-22T16:00:00,customer,meeting_notes,invoice reconciliation,This has been affecting the team for a while and we need a clearer resolution.
MSG0002454,ACC00253,2025-10-20T14:00:00,customer,email,mobile access,Could you help us understand why this is happening?
MSG0002455,ACC00253,2025-03-08T18:00:00,agent,email,billing configuration,The reporting changes are useful and the team is happy with them.
MSG0002456,ACC00253,2025-03-24T18:00:00,agent,meeting_notes,report exports,Thanks for getting this sorted so quickly. Everything is working now.
MSG0002457,ACC00253,2024-12-02T12:00:00,customer,meeting_notes,dashboard performance,"The workflow is mostly fine, although there are a couple of things we'd like improved."
MSG0002458,ACC00253,2025-01-13T14:00:00,agent,email,invoice reconciliation,Thanks for getting this sorted so quickly. Everything is working now.
MSG0002459,ACC00253,2024-03-05T12:00:00,customer,meeting_notes,SSO,The latest release has made the workflow much easier for our team.
MSG0002460,ACC00253,2025-01-12T11:00:00,customer,email,integration errors,We're still evaluating the change internally.
MSG0002461,ACC00253,2025-03-18T13:00:00,customer,support_chat,data synchronization,The latest release has made the workflow much easier for our team.
MSG0002462,ACC00253,2024-06-08T11:00:00,customer,meeting_notes,dashboard performance,Could you help us understand why this is happening?
MSG0002463,ACC00253,2025-08-20T18:00:00,customer,support_chat,workflow automation,Thanks for getting this sorted so quickly. Everything is working now.
MSG0002464,ACC00254,2025-02-02T13:00:00,customer,email,user provisioning,Thanks for getting this sorted so quickly. Everything is working now.
MSG0002465,ACC00254,2025-07-15T15:00:00,agent,email,integration errors,We've had to follow up several times and this is starting to become frustrating.
MSG0002466,ACC00254,2025-04-13T15:00:00,customer,meeting_notes,API reliability,The reporting changes are useful and the team is happy with them.
MSG0002467,ACC00254,2024-05-09T15:00:00,customer,support_chat,report exports,This has been affecting the team for a while and we need a clearer resolution.
MSG0002468,ACC00254,2024-11-22T08:00:00,agent,support_chat,data synchronization,Thanks for getting this sorted so quickly. Everything is working now.
MSG0002469,ACC00254,2024-03-11T15:00:00,agent,email,dashboard performance,Thanks for getting this sorted so quickly. Everything is working now.
MSG0002470,ACC00254,2024-12-07T14:00:00,customer,meeting_notes,billing configuration,Thanks for getting this sorted so quickly. Everything is working now.
MSG0002471,ACC00254,2025-01-08T16:00:00,agent,meeting_notes,report exports,Could you help us understand why this is happening?
MSG0002472,ACC00254,2024-12-21T11:00:00,customer,support_chat,permissions,"The workflow is mostly fine, although there are a couple of things we'd like improved."
MSG0002473,ACC00254,2025-01-12T12:00:00,agent,meeting_notes,renewal terms,We've had to follow up several times and this is starting to become frustrating.
MSG0002474,ACC00254,2024-02-04T18:00:00,customer,support_chat,mobile access,We've been getting good value from the platform and adoption is steady.
MSG0002475,ACC00254,2024-05-22T09:00:00,agent,support_chat,dashboard performance,We've been getting good value from the platform and adoption is steady.
MSG0002476,ACC00254,2024-08-22T17:00:00,customer,support_chat,workflow automation,This has been affecting the team for a while and we need a clearer resolution.
MSG0002477,ACC00254,2024-12-05T12:00:00,agent,support_chat,report exports,We're still evaluating the change internally.
MSG0002478,ACC00254,2025-04-26T18:00:00,customer,support_chat,permissions,We've been getting good value from the platform and adoption is steady.
MSG0002479,ACC00255,2024-08-27T11:00:00,customer,meeting_notes,billing configuration,This has been affecting the team for a while and we need a clearer resolution.
MSG0002480,ACC00255,2024-06-27T17:00:00,customer,meeting_notes,usage reporting,Could you help us understand why this is happening?
MSG0002481,ACC00255,2025-01-27T13:00:00,agent,meeting_notes,data synchronization,We've had to follow up several times and this is starting to become frustrating.
MSG0002482,ACC00255,2024-11-13T11:00:00,agent,email,report exports,The latest release has made the workflow much easier for our team.
MSG0002483,ACC00255,2024-02-02T11:00:00,agent,email,billing configuration,We've had to follow up several times and this is starting to become frustrating.
MSG0002484,ACC00255,2025-03-09T09:00:00,customer,meeting_notes,report exports,The experience lately hasn't been great and we're spending more time working around the product.
MSG0002485,ACC00255,2024-01-27T17:00:00,customer,email,SSO,We've been getting good value from the platform and adoption is steady.
MSG0002486,ACC00255,2025-05-02T15:00:00,customer,meeting_notes,usage reporting,"The workflow is mostly fine, although there are a couple of things we'd like improved."
MSG0002487,ACC00255,2025-03-09T14:00:00,agent,support_chat,billing configuration,The experience lately hasn't been great and we're spending more time working around the product.
MSG0002488,ACC00256,2025-02-08T10:00:00,customer,email,data synchronization,The reporting changes are useful and the team is happy with them.
MSG0002489,ACC00256,2024-07-15T16:00:00,customer,support_chat,report exports,"The workflow is mostly fine, although there are a couple of things we'd like improved."
MSG0002490,ACC00256,2024-04-21T18:00:00,agent,meeting_notes,API reliability,The reporting changes are useful and the team is happy with them.
MSG0002491,ACC00256,2024-02-08T11:00:00,customer,support_chat,dashboard performance,Thanks for getting this sorted so quickly. Everything is working now.
MSG0002492,ACC00256,2025-07-11T16:00:00,customer,meeting_notes,API reliability,"The workflow is mostly fine, although there are a couple of things we'd like improved."
MSG0002493,ACC00256,2025-04-02T13:00:00,agent,email,report exports,We've had to follow up several times and this is starting to become frustrating.
MSG0002494,ACC00256,2025-04-26T09:00:00,agent,support_chat,report exports,We're reviewing the latest changes and have a few questions.
MSG0002495,ACC00256,2024-04-02T17:00:00,customer,support_chat,SSO,This has been affecting the team for a while and we need a clearer resolution.
MSG0002496,ACC00256,2024-09-10T09:00:00,customer,email,integration errors,We've been getting good value from the platform and adoption is steady.
MSG0002497,ACC00256,2025-04-24T11:00:00,agent,email,renewal terms,The latest release has made the workflow much easier for our team.
MSG0002498,ACC00256,2024-03-26T08:00:00,agent,meeting_notes,user provisioning,Could you help us understand why this is happening?
MSG0002499,ACC00256,2025-06-03T12:00:00,agent,meeting_notes,renewal terms,"The workflow is mostly fine, although there are a couple of things we'd like improved."
MSG0002500,ACC00256,2024-04-01T15:00:00,customer,meeting_notes,SSO,"The workflow is mostly fine, although there are a couple of things we'd like improved."
MSG0002501,ACC00256,2025-01-27T11:00:00,customer,support_chat,invoice reconciliation,We've been getting good value from the platform and adoption is steady.
MSG0002502,ACC00257,2025-04-04T12:00:00,customer,email,report exports,The reporting changes are useful and the team is happy with them.
MSG0002503,ACC00257,2024-02-09T13:00:00,customer,email,usage reporting,We've been getting good value from the platform and adoption is steady.
MSG0002504,ACC00257,2025-06-10T11:00:00,customer,meeting_notes,usage reporting,"The workflow is mostly fine, although there are a couple of things we'd like improved."
MSG0002505,ACC00257,2024-12-24T16:00:00,customer,meeting_notes,dashboard performance,"The workflow is mostly fine, although there are a couple of things we'd like improved."
MSG0002506,ACC00257,2024-09-25T11:00:00,customer,meeting_notes,integration errors,The latest release has made the workflow much easier for our team.
MSG0002507,ACC00257,2024-04-03T15:00:00,customer,support_chat,API reliability,We're reviewing the latest changes and have a few questions.
MSG0002508,ACC00257,2025-09-17T13:00:00,customer,support_chat,dashboard performance,We've been getting good value from the platform and adoption is steady.
MSG0002509,ACC00257,2024-02-09T16:00:00,agent,support_chat,permissions,The reporting changes are useful and the team is happy with them.
MSG0002510,ACC00257,2025-12-15T14:00:00,customer,support_chat,dashboard performance,We've had to follow up several times and this is starting to become frustrating.
MSG0002511,ACC00257,2024-03-08T10:00:00,customer,support_chat,report exports,We've been getting good value from the platform and adoption is steady.
MSG0002512,ACC00257,2025-04-16T16:00:00,agent,meeting_notes,dashboard performance,We've been getting good value from the platform and adoption is steady.
MSG0002513,ACC00257,2024-07-20T11:00:00,agent,meeting_notes,workflow automation,This has been affecting the team for a while and we need a clearer resolution.
MSG0002514,ACC00258,2024-09-23T16:00:00,customer,meeting_notes,workflow automation,We're still evaluating the change internally.
MSG0002515,ACC00258,2024-06-17T18:00:00,customer,email,report exports,We're reviewing the latest changes and have a few questions.
MSG0002516,ACC00258,2024-09-28T18:00:00,agent,email,data synchronization,Could you help us understand why this is happening?
MSG0002517,ACC00258,2024-02-23T18:00:00,customer,email,SSO,We've been getting good value from the platform and adoption is steady.
MSG0002518,ACC00258,2024-02-12T18:00:00,customer,support_chat,permissions,The reporting changes are useful and the team is happy with them.
MSG0002519,ACC00258,2024-08-09T14:00:00,customer,email,SSO,Could you help us understand why this is happening?
MSG0002520,ACC00258,2024-10-23T08:00:00,customer,email,usage reporting,The reporting changes are useful and the team is happy with them.
MSG0002521,ACC00259,2025-04-12T13:00:00,agent,email,data synchronization,We're reviewing the latest changes and have a few questions.
MSG0002522,ACC00259,2025-09-25T18:00:00,agent,support_chat,mobile access,Could you help us understand why this is happening?
MSG0002523,ACC00259,2025-01-27T12:00:00,customer,support_chat,dashboard performance,We're reviewing the latest changes and have a few questions.
MSG0002524,ACC00259,2025-01-12T08:00:00,customer,meeting_notes,invoice reconciliation,We're still evaluating the change internally.
MSG0002525,ACC00259,2024-03-26T18:00:00,agent,email,integration errors,The reporting changes are useful and the team is happy with them.
MSG0002526,ACC00259,2024-04-21T14:00:00,agent,meeting_notes,dashboard performance,Thanks for getting this sorted so quickly. Everything is working now.
MSG0002527,ACC00259,2024-09-18T11:00:00,agent,support_chat,billing configuration,Could you help us understand why this is happening?
MSG0002528,ACC00259,2024-11-08T09:00:00,customer,email,mobile access,We're reviewing the latest changes and have a few questions.
MSG0002529,ACC00260,2024-01-05T12:00:00,customer,meeting_notes,renewal terms,The reporting changes are useful and the team is happy with them.
MSG0002530,ACC00260,2024-03-02T08:00:00,customer,email,usage reporting,This has been affecting the team for a while and we need a clearer resolution.
MSG0002531,ACC00260,2024-07-10T11:00:00,customer,meeting_notes,usage reporting,"The workflow is mostly fine, although there are a couple of things we'd like improved."
MSG0002532,ACC00260,2024-10-15T08:00:00,customer,meeting_notes,user provisioning,Thanks for getting this sorted so quickly. Everything is working now.
MSG0002533,ACC00260,2024-06-22T11:00:00,customer,meeting_notes,usage reporting,"The workflow is mostly fine, although there are a couple of things we'd like improved."
MSG0002534,ACC00260,2024-11-14T15:00:00,customer,support_chat,API reliability,This has been affecting the team for a while and we need a clearer resolution.
MSG0002535,ACC00260,2024-09-23T18:00:00,customer,meeting_notes,data synchronization,"The workflow is mostly fine, although there are a couple of things we'd like improved."
MSG0002536,ACC00260,2025-03-09T17:00:00,customer,meeting_notes,mobile access,There seems to be a discrepancy in the invoice total.
MSG0002537,ACC00261,2024-11-05T09:00:00,customer,email,usage reporting,Could you help us understand why this is happening?
MSG0002538,ACC00261,2024-08-04T12:00:00,customer,support_chat,permissions,We've had to follow up several times and this is starting to become frustrating.
MSG0002539,ACC00261,2024-11-12T13:00:00,customer,support_chat,API reliability,This has been affecting the team for a while and we need a clearer resolution.
MSG0002540,ACC00261,2024-07-18T17:00:00,agent,meeting_notes,mobile access,Thanks for getting this sorted so quickly. Everything is working now.
MSG0002541,ACC00261,2025-06-15T13:00:00,agent,meeting_notes,integration errors,"The workflow is mostly fine, although there are a couple of things we'd like improved."
MSG0002542,ACC00261,2025-08-01T16:00:00,agent,meeting_notes,user provisioning,Could you help us understand why this is happening?
MSG0002543,ACC00261,2025-08-27T10:00:00,agent,meeting_notes,permissions,The latest release has made the workflow much easier for our team.
MSG0002544,ACC00261,2024-07-11T10:00:00,customer,meeting_notes,workflow automation,We've had to follow up several times and this is starting to become frustrating.
MSG0002545,ACC00261,2024-11-13T14:00:00,customer,email,data synchronization,We're still evaluating the change internally.
MSG0002546,ACC00261,2025-09-26T16:00:00,customer,email,renewal terms,We're reviewing the latest changes and have a few questions.
MSG0002547,ACC00261,2024-09-26T15:00:00,agent,meeting_notes,data synchronization,This has been affecting the team for a while and we need a clearer resolution.
MSG0002548,ACC00261,2024-03-20T17:00:00,customer,meeting_notes,data synchronization,The latest release has made the workflow much easier for our team.
MSG0002549,ACC00261,2024-04-12T10:00:00,agent,email,data synchronization,The latest release has made the workflow much easier for our team.
MSG0002550,ACC00262,2025-08-16T08:00:00,customer,email,dashboard performance,We're still evaluating the change internally.
MSG0002551,ACC00262,2025-12-27T16:00:00,customer,support_chat,dashboard performance,We've been getting good value from the platform and adoption is steady.
MSG0002552,ACC00262,2024-04-03T09:00:00,agent,support_chat,integration errors,"The workflow is mostly fine, although there are a couple of things we'd like improved."
MSG0002553,ACC00262,2025-02-09T18:00:00,agent,meeting_notes,mobile access,This has been affecting the team for a while and we need a clearer resolution.
MSG0002554,ACC00262,2025-07-22T15:00:00,customer,meeting_notes,dashboard performance,The latest release has made the workflow much easier for our team.
MSG0002555,ACC00262,2025-07-13T13:00:00,customer,email,report exports,We're reviewing the latest changes and have a few questions.
MSG0002556,ACC00262,2024-01-21T18:00:00,customer,email,data synchronization,We've had to follow up several times and this is starting to become frustrating.
MSG0002557,ACC00262,2024-02-03T13:00:00,customer,support_chat,SSO,The reporting changes are useful and the team is happy with them.
MSG0002558,ACC00263,2024-04-25T14:00:00,agent,email,SSO,We've had to follow up several times and this is starting to become frustrating.
MSG0002559,ACC00263,2025-05-04T10:00:00,customer,support_chat,SSO,"If we can't get this resolved soon, we'll need to look at other options."
MSG0002560,ACC00263,2024-12-02T12:00:00,customer,email,user provisioning,The reporting changes are useful and the team is happy with them.
MSG0002561,ACC00263,2024-09-16T09:00:00,agent,meeting_notes,report exports,We're reviewing the latest changes and have a few questions.
MSG0002562,ACC00263,2025-05-02T12:00:00,customer,support_chat,integration errors,Could you help us understand why this is happening?
MSG0002563,ACC00263,2024-12-07T12:00:00,agent,email,user provisioning,The reporting changes are useful and the team is happy with them.
MSG0002564,ACC00263,2025-01-14T14:00:00,customer,email,billing configuration,The latest release has made the workflow much easier for our team.
MSG0002565,ACC00263,2024-08-14T17:00:00,customer,meeting_notes,SSO,Thanks for getting this sorted so quickly. Everything is working now.
MSG0002566,ACC00264,2024-11-28T12:00:00,customer,meeting_notes,report exports,"The workflow is mostly fine, although there are a couple of things we'd like improved."
MSG0002567,ACC00264,2024-12-21T12:00:00,customer,email,renewal terms,The reporting changes are useful and the team is happy with them.
MSG0002568,ACC00264,2024-07-28T10:00:00,customer,support_chat,user provisioning,Thanks for getting this sorted so quickly. Everything is working now.
MSG0002569,ACC00264,2024-02-04T08:00:00,customer,support_chat,dashboard performance,We've been getting good value from the platform and adoption is steady.
MSG0002570,ACC00264,2025-04-18T11:00:00,agent,email,workflow automation,"The workflow is mostly fine, although there are a couple of things we'd like improved."
MSG0002571,ACC00264,2024-09-17T10:00:00,agent,email,SSO,"The workflow is mostly fine, although there are a couple of things we'd like improved."
MSG0002572,ACC00264,2025-07-22T16:00:00,agent,email,mobile access,"The workflow is mostly fine, although there are a couple of things we'd like improved."
MSG0002573,ACC00264,2024-03-17T14:00:00,customer,meeting_notes,billing configuration,The reporting changes are useful and the team is happy with them.
MSG0002574,ACC00264,2024-03-05T12:00:00,customer,meeting_notes,invoice reconciliation,We're still evaluating the change internally.
MSG0002575,ACC00265,2025-01-11T15:00:00,customer,email,workflow automation,"The workflow is mostly fine, although there are a couple of things we'd like improved."
MSG0002576,ACC00265,2025-06-05T17:00:00,customer,meeting_notes,usage reporting,Thanks for getting this sorted so quickly. Everything is working now.
MSG0002577,ACC00265,2025-08-17T13:00:00,customer,meeting_notes,API reliability,We've been getting good value from the platform and adoption is steady.
MSG0002578,ACC00265,2025-07-13T13:00:00,agent,meeting_notes,API reliability,We're still evaluating the change internally.
MSG0002579,ACC00265,2025-02-21T17:00:00,agent,email,renewal terms,We've been getting good value from the platform and adoption is steady.
MSG0002580,ACC00265,2024-07-04T12:00:00,customer,support_chat,invoice reconciliation,The latest release has made the workflow much easier for our team.
MSG0002581,ACC00265,2024-12-10T16:00:00,customer,email,SSO,We've been getting good value from the platform and adoption is steady.
MSG0002582,ACC00265,2025-02-26T16:00:00,agent,email,report exports,This has been affecting the team for a while and we need a clearer resolution.
MSG0002583,ACC00265,2024-01-28T13:00:00,customer,meeting_notes,invoice reconciliation,We've had to follow up several times and this is starting to become frustrating.
MSG0002584,ACC00265,2024-12-15T12:00:00,agent,meeting_notes,API reliability,We're reviewing the latest changes and have a few questions.
MSG0002585,ACC00265,2024-10-14T17:00:00,agent,email,workflow automation,Could you help us understand why this is happening?
MSG0002586,ACC00265,2025-12-03T12:00:00,agent,meeting_notes,report exports,We've been getting good value from the platform and adoption is steady.
MSG0002587,ACC00265,2025-11-09T14:00:00,customer,email,API reliability,Could you help us understand why this is happening?
MSG0002588,ACC00266,2024-08-14T12:00:00,customer,meeting_notes,integration errors,This has been affecting the team for a while and we need a clearer resolution.
MSG0002589,ACC00266,2024-05-10T14:00:00,agent,email,usage reporting,We've been getting good value from the platform and adoption is steady.
MSG0002590,ACC00266,2024-03-17T11:00:00,agent,meeting_notes,usage reporting,We've been getting good value from the platform and adoption is steady.
MSG0002591,ACC00266,2024-07-12T09:00:00,customer,email,invoice reconciliation,We've had to follow up several times and this is starting to become frustrating.
MSG0002592,ACC00267,2024-02-23T14:00:00,customer,meeting_notes,dashboard performance,Thanks for getting this sorted so quickly. Everything is working now.
MSG0002593,ACC00267,2024-06-07T09:00:00,agent,meeting_notes,usage reporting,We're still evaluating the change internally.
MSG0002594,ACC00267,2024-04-09T15:00:00,customer,support_chat,renewal terms,We've had to follow up several times and this is starting to become frustrating.
MSG0002595,ACC00267,2024-09-18T09:00:00,agent,support_chat,dashboard performance,Could you help us understand why this is happening?
MSG0002596,ACC00267,2024-05-13T12:00:00,customer,support_chat,integration errors,The reporting changes are useful and the team is happy with them.
MSG0002597,ACC00267,2024-09-12T17:00:00,customer,meeting_notes,API reliability,We've been getting good value from the platform and adoption is steady.
MSG0002598,ACC00267,2024-04-27T12:00:00,agent,support_chat,usage reporting,We've had to follow up several times and this is starting to become frustrating.
MSG0002599,ACC00267,2024-03-24T17:00:00,customer,email,dashboard performance,Could you help us understand why this is happening?
MSG0002600,ACC00268,2024-09-05T18:00:00,agent,meeting_notes,usage reporting,We're still evaluating the change internally.
MSG0002601,ACC00268,2024-03-28T08:00:00,customer,email,billing configuration,We've had to follow up several times and this is starting to become frustrating.
MSG0002602,ACC00268,2024-01-16T13:00:00,agent,support_chat,renewal terms,The reporting changes are useful and the team is happy with them.
MSG0002603,ACC00268,2024-03-27T12:00:00,customer,support_chat,integration errors,Thanks for getting this sorted so quickly. Everything is working now.
MSG0002604,ACC00268,2024-02-24T11:00:00,customer,support_chat,dashboard performance,"The workflow is mostly fine, although there are a couple of things we'd like improved."
MSG0002605,ACC00268,2024-08-08T10:00:00,customer,meeting_notes,data synchronization,We're still evaluating the change internally.
MSG0002606,ACC00268,2024-12-16T12:00:00,customer,support_chat,billing configuration,This has been affecting the team for a while and we need a clearer resolution.
MSG0002607,ACC00268,2024-05-16T15:00:00,customer,meeting_notes,SSO,We're still evaluating the change internally.
MSG0002608,ACC00268,2024-07-14T08:00:00,customer,support_chat,report exports,The reporting changes are useful and the team is happy with them.
MSG0002609,ACC00268,2025-05-25T15:00:00,customer,email,workflow automation,Could you help us understand why this is happening?
MSG0002610,ACC00268,2024-08-27T17:00:00,agent,meeting_notes,report exports,This has been affecting the team for a while and we need a clearer resolution.
MSG0002611,ACC00268,2024-11-27T09:00:00,agent,support_chat,API reliability,We're still evaluating the change internally.
MSG0002612,ACC00268,2025-05-18T16:00:00,customer,support_chat,dashboard performance,We're still evaluating the change internally.
MSG0002613,ACC00268,2024-04-17T09:00:00,customer,meeting_notes,permissions,We've been getting good value from the platform and adoption is steady.
MSG0002614,ACC00269,2024-09-04T16:00:00,customer,email,workflow automation,The latest release has made the workflow much easier for our team.
MSG0002615,ACC00269,2024-10-06T13:00:00,customer,email,user provisioning,We've had to follow up several times and this is starting to become frustrating.
MSG0002616,ACC00269,2024-10-04T08:00:00,customer,meeting_notes,workflow automation,This has been affecting the team for a while and we need a clearer resolution.
MSG0002617,ACC00269,2024-05-01T14:00:00,customer,email,SSO,"The workflow is mostly fine, although there are a couple of things we'd like improved."
MSG0002618,ACC00269,2024-09-20T12:00:00,customer,meeting_notes,billing configuration,We're reviewing the latest changes and have a few questions.
MSG0002619,ACC00269,2024-05-01T17:00:00,customer,support_chat,report exports,We've had to follow up several times and this is starting to become frustrating.
MSG0002620,ACC00269,2024-09-23T18:00:00,customer,meeting_notes,invoice reconciliation,We've had to follow up several times and this is starting to become frustrating.
MSG0002621,ACC00270,2025-10-07T15:00:00,agent,support_chat,permissions,We've had to follow up several times and this is starting to become frustrating.
MSG0002622,ACC00270,2024-10-02T12:00:00,agent,support_chat,workflow automation,We're still evaluating the change internally.
MSG0002623,ACC00270,2025-07-08T10:00:00,customer,email,mobile access,The latest release has made the workflow much easier for our team.
MSG0002624,ACC00270,2025-11-10T09:00:00,customer,meeting_notes,dashboard performance,We've had to follow up several times and this is starting to become frustrating.
MSG0002625,ACC00270,2025-02-19T13:00:00,agent,support_chat,workflow automation,We've had to follow up several times and this is starting to become frustrating.
MSG0002626,ACC00270,2024-04-07T14:00:00,customer,meeting_notes,invoice reconciliation,We've had to follow up several times and this is starting to become frustrating.
MSG0002627,ACC00270,2025-02-18T09:00:00,customer,meeting_notes,API reliability,Thanks for getting this sorted so quickly. Everything is working now.
MSG0002628,ACC00270,2025-04-07T18:00:00,agent,support_chat,SSO,We've been getting good value from the platform and adoption is steady.
MSG0002629,ACC00270,2025-10-24T09:00:00,customer,support_chat,mobile access,Could you help us understand why this is happening?
MSG0002630,ACC00270,2025-12-07T09:00:00,customer,support_chat,SSO,Thanks for getting this sorted so quickly. Everything is working now.
MSG0002631,ACC00270,2025-08-22T18:00:00,customer,support_chat,renewal terms,This has been affecting the team for a while and we need a clearer resolution.
MSG0002632,ACC00270,2025-04-13T18:00:00,customer,email,invoice reconciliation,This has been affecting the team for a while and we need a clearer resolution.
MSG0002633,ACC00270,2024-01-03T16:00:00,customer,meeting_notes,workflow automation,Could you help us understand why this is happening?
MSG0002634,ACC00270,2024-07-01T17:00:00,customer,meeting_notes,usage reporting,Could you help us understand why this is happening?
MSG0002635,ACC00270,2025-04-15T18:00:00,customer,meeting_notes,billing configuration,We've been getting good value from the platform and adoption is steady.
MSG0002636,ACC00270,2025-09-23T14:00:00,agent,support_chat,API reliability,This has been affecting the team for a while and we need a clearer resolution.
MSG0002637,ACC00270,2024-11-20T18:00:00,agent,email,dashboard performance,We've been getting good value from the platform and adoption is steady.
MSG0002638,ACC00271,2024-01-14T10:00:00,agent,meeting_notes,SSO,We've been getting good value from the platform and adoption is steady.
MSG0002639,ACC00271,2024-07-25T13:00:00,customer,support_chat,invoice reconciliation,We've had to follow up several times and this is starting to become frustrating.
MSG0002640,ACC00271,2025-12-18T15:00:00,customer,email,permissions,We've had to follow up several times and this is starting to become frustrating.
MSG0002641,ACC00271,2024-09-23T16:00:00,customer,support_chat,integration errors,This has been affecting the team for a while and we need a clearer resolution.
MSG0002642,ACC00271,2024-11-06T14:00:00,agent,support_chat,data synchronization,"The workflow is mostly fine, although there are a couple of things we'd like improved."
MSG0002643,ACC00271,2025-03-02T18:00:00,agent,support_chat,permissions,Thanks for getting this sorted so quickly. Everything is working now.
MSG0002644,ACC00271,2025-08-04T12:00:00,agent,support_chat,report exports,We've had to follow up several times and this is starting to become frustrating.
MSG0002645,ACC00271,2024-12-09T09:00:00,customer,email,dashboard performance,Thanks for getting this sorted so quickly. Everything is working now.
MSG0002646,ACC00271,2024-12-02T13:00:00,agent,support_chat,invoice reconciliation,"The workflow is mostly fine, although there are a couple of things we'd like improved."
MSG0002647,ACC00271,2025-09-17T12:00:00,agent,support_chat,SSO,We're still evaluating the change internally.
MSG0002648,ACC00271,2024-07-13T10:00:00,customer,email,permissions,Thanks for getting this sorted so quickly. Everything is working now.
MSG0002649,ACC00271,2025-08-13T18:00:00,customer,email,data synchronization,The latest release has made the workflow much easier for our team.
MSG0002650,ACC00271,2025-04-20T18:00:00,customer,meeting_notes,integration errors,"The workflow is mostly fine, although there are a couple of things we'd like improved."
MSG0002651,ACC00271,2024-10-08T13:00:00,customer,support_chat,usage reporting,"The workflow is mostly fine, although there are a couple of things we'd like improved."
MSG0002652,ACC00271,2025-10-04T11:00:00,customer,support_chat,integration errors,This has been affecting the team for a while and we need a clearer resolution.
MSG0002653,ACC00271,2024-10-08T12:00:00,customer,support_chat,workflow automation,This has been affecting the team for a while and we need a clearer resolution.
MSG0002654,ACC00271,2025-06-16T18:00:00,customer,meeting_notes,data synchronization,The reporting changes are useful and the team is happy with them.
MSG0002655,ACC00271,2024-06-23T15:00:00,customer,email,permissions,The reporting changes are useful and the team is happy with them.
MSG0002656,ACC00272,2025-05-19T14:00:00,customer,email,SSO,The reporting changes are useful and the team is happy with them.
MSG0002657,ACC00272,2025-12-22T18:00:00,customer,support_chat,permissions,We've been getting good value from the platform and adoption is steady.
MSG0002658,ACC00272,2024-08-21T17:00:00,customer,email,billing configuration,We're still evaluating the change internally.
MSG0002659,ACC00272,2025-09-13T11:00:00,agent,support_chat,SSO,We're still evaluating the change internally.
MSG0002660,ACC00272,2025-04-07T08:00:00,customer,meeting_notes,data synchronization,We've been getting good value from the platform and adoption is steady.
MSG0002661,ACC00272,2024-01-21T15:00:00,customer,email,workflow automation,The latest release has made the workflow much easier for our team.
MSG0002662,ACC00272,2025-01-15T13:00:00,agent,support_chat,API reliability,We've been getting good value from the platform and adoption is steady.
MSG0002663,ACC00272,2024-01-05T15:00:00,customer,meeting_notes,renewal terms,We're still evaluating the change internally.
MSG0002664,ACC00272,2025-05-26T13:00:00,customer,meeting_notes,user provisioning,The reporting changes are useful and the team is happy with them.
MSG0002665,ACC00272,2024-03-20T11:00:00,customer,email,workflow automation,We've had to follow up several times and this is starting to become frustrating.
MSG0002666,ACC00273,2024-01-09T13:00:00,customer,support_chat,renewal terms,"The workflow is mostly fine, although there are a couple of things we'd like improved."
MSG0002667,ACC00273,2025-04-15T13:00:00,customer,meeting_notes,API reliability,"The workflow is mostly fine, although there are a couple of things we'd like improved."
MSG0002668,ACC00273,2024-10-06T10:00:00,customer,email,report exports,This has been affecting the team for a while and we need a clearer resolution.
MSG0002669,ACC00273,2025-01-26T17:00:00,customer,support_chat,data synchronization,We're still evaluating the change internally.
MSG0002670,ACC00273,2025-12-27T13:00:00,customer,email,API reliability,We've had to follow up several times and this is starting to become frustrating.
MSG0002671,ACC00273,2024-02-18T09:00:00,customer,meeting_notes,integration errors,Thanks for getting this sorted so quickly. Everything is working now.
MSG0002672,ACC00273,2024-08-27T10:00:00,customer,meeting_notes,data synchronization,The reporting changes are useful and the team is happy with them.
MSG0002673,ACC00273,2024-03-22T09:00:00,agent,support_chat,integration errors,We've had to follow up several times and this is starting to become frustrating.
MSG0002674,ACC00273,2025-05-21T09:00:00,agent,support_chat,report exports,We're still evaluating the change internally.
MSG0002675,ACC00273,2025-06-24T18:00:00,customer,support_chat,renewal terms,The latest release has made the workflow much easier for our team.
MSG0002676,ACC00273,2025-01-14T09:00:00,customer,email,usage reporting,The reporting changes are useful and the team is happy with them.
MSG0002677,ACC00273,2024-08-26T13:00:00,customer,meeting_notes,SSO,"The workflow is mostly fine, although there are a couple of things we'd like improved."
MSG0002678,ACC00273,2024-03-07T13:00:00,agent,support_chat,workflow automation,The latest release has made the workflow much easier for our team.
MSG0002679,ACC00273,2024-05-22T08:00:00,customer,support_chat,user provisioning,This has been affecting the team for a while and we need a clearer resolution.
MSG0002680,ACC00273,2024-01-22T09:00:00,agent,meeting_notes,API reliability,Thanks for getting this sorted so quickly. Everything is working now.
MSG0002681,ACC00273,2024-08-23T11:00:00,agent,support_chat,permissions,The latest release has made the workflow much easier for our team.
MSG0002682,ACC00273,2024-03-26T13:00:00,customer,support_chat,integration errors,We've been getting good value from the platform and adoption is steady.
MSG0002683,ACC00273,2024-08-07T15:00:00,customer,email,renewal terms,Thanks for getting this sorted so quickly. Everything is working now.
MSG0002684,ACC00274,2024-05-24T16:00:00,agent,email,SSO,The reporting changes are useful and the team is happy with them.
MSG0002685,ACC00274,2024-12-24T14:00:00,customer,meeting_notes,mobile access,Thanks for getting this sorted so quickly. Everything is working now.
MSG0002686,ACC00274,2024-08-26T13:00:00,customer,meeting_notes,report exports,"The workflow is mostly fine, although there are a couple of things we'd like improved."
MSG0002687,ACC00274,2024-10-08T16:00:00,agent,email,report exports,This has been affecting the team for a while and we need a clearer resolution.
MSG0002688,ACC00274,2024-11-09T09:00:00,agent,support_chat,data synchronization,The reporting changes are useful and the team is happy with them.
MSG0002689,ACC00274,2025-05-23T15:00:00,customer,support_chat,report exports,We've been getting good value from the platform and adoption is steady.
MSG0002690,ACC00274,2024-04-05T10:00:00,agent,support_chat,API reliability,The reporting changes are useful and the team is happy with them.
MSG0002691,ACC00274,2025-12-08T10:00:00,customer,support_chat,renewal terms,The latest release has made the workflow much easier for our team.
MSG0002692,ACC00274,2025-01-13T09:00:00,customer,email,API reliability,Thanks for getting this sorted so quickly. Everything is working now.
MSG0002693,ACC00275,2025-12-02T14:00:00,customer,email,SSO,Could you help us understand why this is happening?
MSG0002694,ACC00275,2025-08-28T10:00:00,agent,support_chat,renewal terms,"The workflow is mostly fine, although there are a couple of things we'd like improved."
MSG0002695,ACC00275,2025-10-07T09:00:00,customer,meeting_notes,data synchronization,"The workflow is mostly fine, although there are a couple of things we'd like improved."
MSG0002696,ACC00275,2024-01-10T11:00:00,agent,support_chat,dashboard performance,We're still evaluating the change internally.
MSG0002697,ACC00275,2024-08-03T17:00:00,agent,support_chat,SSO,We're still evaluating the change internally.
MSG0002698,ACC00275,2024-08-19T15:00:00,customer,email,usage reporting,Thanks for getting this sorted so quickly. Everything is working now.
MSG0002699,ACC00275,2025-12-25T16:00:00,customer,support_chat,usage reporting,We're still evaluating the change internally.
MSG0002700,ACC00275,2024-06-17T12:00:00,customer,email,API reliability,Could you help us understand why this is happening?
MSG0002701,ACC00275,2024-12-25T16:00:00,customer,meeting_notes,API reliability,We're still evaluating the change internally.
MSG0002702,ACC00275,2025-10-22T12:00:00,agent,meeting_notes,permissions,We've had to follow up several times and this is starting to become frustrating.
MSG0002703,ACC00275,2024-07-20T16:00:00,customer,email,permissions,Thanks for getting this sorted so quickly. Everything is working now.
MSG0002704,ACC00275,2024-01-24T16:00:00,customer,support_chat,permissions,"The workflow is mostly fine, although there are a couple of things we'd like improved."
MSG0002705,ACC00276,2024-11-14T15:00:00,customer,support_chat,permissions,The reporting changes are useful and the team is happy with them.
MSG0002706,ACC00276,2024-04-25T15:00:00,agent,support_chat,workflow automation,Could you help us understand why this is happening?
MSG0002707,ACC00276,2024-05-01T08:00:00,customer,support_chat,user provisioning,Could you help us understand why this is happening?
MSG0002708,ACC00276,2024-09-06T14:00:00,customer,meeting_notes,data synchronization,Thanks for getting this sorted so quickly. Everything is working now.
MSG0002709,ACC00276,2024-07-09T15:00:00,customer,support_chat,dashboard performance,"The workflow is mostly fine, although there are a couple of things we'd like improved."
MSG0002710,ACC00276,2024-01-01T09:00:00,customer,meeting_notes,report exports,Thanks for getting this sorted so quickly. Everything is working now.
MSG0002711,ACC00276,2024-03-10T11:00:00,customer,meeting_notes,SSO,We're reviewing the latest changes and have a few questions.
MSG0002712,ACC00276,2024-10-12T11:00:00,customer,support_chat,workflow automation,We've had to follow up several times and this is starting to become frustrating.
MSG0002713,ACC00277,2024-03-21T11:00:00,customer,support_chat,invoice reconciliation,"The workflow is mostly fine, although there are a couple of things we'd like improved."
MSG0002714,ACC00277,2024-01-01T12:00:00,customer,email,SSO,"The workflow is mostly fine, although there are a couple of things we'd like improved."
MSG0002715,ACC00277,2025-08-15T16:00:00,customer,support_chat,data synchronization,Thanks for getting this sorted so quickly. Everything is working now.
MSG0002716,ACC00277,2024-08-12T18:00:00,customer,email,workflow automation,This has been affecting the team for a while and we need a clearer resolution.
MSG0002717,ACC00277,2024-03-25T18:00:00,customer,email,API reliability,"The workflow is mostly fine, although there are a couple of things we'd like improved."
MSG0002718,ACC00277,2024-08-08T16:00:00,customer,support_chat,user provisioning,Could you help us understand why this is happening?
MSG0002719,ACC00277,2024-07-26T09:00:00,customer,meeting_notes,invoice reconciliation,We've had to follow up several times and this is starting to become frustrating.
MSG0002720,ACC00277,2024-10-04T11:00:00,customer,support_chat,renewal terms,We're reviewing the latest changes and have a few questions.
MSG0002721,ACC00278,2024-01-17T14:00:00,customer,support_chat,user provisioning,The reporting changes are useful and the team is happy with them.
MSG0002722,ACC00278,2024-08-04T17:00:00,agent,email,user provisioning,We're still evaluating the change internally.
MSG0002723,ACC00278,2024-05-16T09:00:00,agent,email,permissions,We're reviewing the latest changes and have a few questions.
MSG0002724,ACC00278,2024-05-05T16:00:00,customer,meeting_notes,user provisioning,The reporting changes are useful and the team is happy with them.
MSG0002725,ACC00278,2024-05-17T16:00:00,customer,meeting_notes,mobile access,Could you help us understand why this is happening?
MSG0002726,ACC00278,2024-08-17T18:00:00,agent,support_chat,integration errors,We've been getting good value from the platform and adoption is steady.
MSG0002727,ACC00278,2024-08-21T12:00:00,agent,email,API reliability,The latest release has made the workflow much easier for our team.
MSG0002728,ACC00278,2025-01-09T14:00:00,agent,support_chat,API reliability,"The workflow is mostly fine, although there are a couple of things we'd like improved."
MSG0002729,ACC00279,2024-06-11T18:00:00,customer,meeting_notes,SSO,We've been getting good value from the platform and adoption is steady.
MSG0002730,ACC00279,2024-06-14T12:00:00,customer,support_chat,invoice reconciliation,We've had to follow up several times and this is starting to become frustrating.
MSG0002731,ACC00279,2024-06-07T09:00:00,agent,meeting_notes,data synchronization,This has been affecting the team for a while and we need a clearer resolution.
MSG0002732,ACC00280,2025-10-12T18:00:00,agent,email,report exports,We've had to follow up several times and this is starting to become frustrating.
MSG0002733,ACC00280,2025-02-06T14:00:00,agent,email,user provisioning,We've been getting good value from the platform and adoption is steady.
MSG0002734,ACC00280,2024-05-10T08:00:00,agent,email,permissions,We've had to follow up several times and this is starting to become frustrating.
MSG0002735,ACC00280,2025-01-27T08:00:00,agent,meeting_notes,user provisioning,Thanks for getting this sorted so quickly. Everything is working now.
MSG0002736,ACC00280,2025-10-24T10:00:00,agent,meeting_notes,mobile access,We're reviewing the latest changes and have a few questions.
MSG0002737,ACC00280,2025-04-27T10:00:00,customer,meeting_notes,report exports,We're reviewing the latest changes and have a few questions.
MSG0002738,ACC00280,2025-02-20T13:00:00,customer,email,permissions,The reporting changes are useful and the team is happy with them.
MSG0002739,ACC00280,2024-07-07T09:00:00,customer,email,integration errors,Could you help us understand why this is happening?
MSG0002740,ACC00280,2024-07-17T13:00:00,agent,support_chat,integration errors,The latest release has made the workflow much easier for our team.
MSG0002741,ACC00280,2025-04-25T08:00:00,customer,meeting_notes,API reliability,The reporting changes are useful and the team is happy with them.
MSG0002742,ACC00280,2024-12-23T15:00:00,customer,support_chat,usage reporting,Could you help us understand why this is happening?
MSG0002743,ACC00280,2024-01-28T12:00:00,customer,support_chat,permissions,We're reviewing the latest changes and have a few questions.
MSG0002744,ACC00280,2024-07-16T14:00:00,agent,email,user provisioning,The latest release has made the workflow much easier for our team.
MSG0002745,ACC00280,2025-04-15T11:00:00,customer,support_chat,data synchronization,The reporting changes are useful and the team is happy with them.
MSG0002746,ACC00280,2024-12-14T10:00:00,customer,email,invoice reconciliation,We've been getting good value from the platform and adoption is steady.
MSG0002747,ACC00280,2025-03-03T14:00:00,customer,email,billing configuration,We're reviewing the latest changes and have a few questions.
MSG0002748,ACC00281,2025-05-13T14:00:00,agent,email,permissions,We're reviewing the latest changes and have a few questions.
MSG0002749,ACC00281,2025-07-17T14:00:00,customer,support_chat,integration errors,The reporting changes are useful and the team is happy with them.
MSG0002750,ACC00281,2024-09-07T11:00:00,customer,meeting_notes,data synchronization,This has been affecting the team for a while and we need a clearer resolution.
MSG0002751,ACC00281,2025-12-13T12:00:00,customer,email,dashboard performance,Thanks for getting this sorted so quickly. Everything is working now.
MSG0002752,ACC00281,2024-10-19T08:00:00,agent,support_chat,SSO,We've had to follow up several times and this is starting to become frustrating.
MSG0002753,ACC00281,2024-05-26T13:00:00,customer,email,usage reporting,We've had to follow up several times and this is starting to become frustrating.
MSG0002754,ACC00281,2025-07-23T15:00:00,customer,email,integration errors,Thanks for getting this sorted so quickly. Everything is working now.
MSG0002755,ACC00281,2025-02-06T11:00:00,agent,meeting_notes,data synchronization,"The workflow is mostly fine, although there are a couple of things we'd like improved."
MSG0002756,ACC00281,2025-01-20T09:00:00,customer,meeting_notes,dashboard performance,We're still evaluating the change internally.
MSG0002757,ACC00281,2025-11-02T09:00:00,agent,support_chat,SSO,The reporting changes are useful and the team is happy with them.
MSG0002758,ACC00281,2024-05-02T14:00:00,customer,email,user provisioning,The reporting changes are useful and the team is happy with them.
MSG0002759,ACC00282,2024-11-08T10:00:00,customer,email,invoice reconciliation,The reporting changes are useful and the team is happy with them.
MSG0002760,ACC00282,2024-11-27T08:00:00,agent,email,user provisioning,Thanks for getting this sorted so quickly. Everything is working now.
MSG0002761,ACC00282,2025-01-12T10:00:00,agent,email,billing configuration,We've had to follow up several times and this is starting to become frustrating.
MSG0002762,ACC00282,2025-01-10T16:00:00,customer,email,SSO,We've been getting good value from the platform and adoption is steady.
MSG0002763,ACC00282,2024-05-09T11:00:00,agent,meeting_notes,dashboard performance,The latest release has made the workflow much easier for our team.
MSG0002764,ACC00282,2025-01-17T13:00:00,agent,support_chat,permissions,"The workflow is mostly fine, although there are a couple of things we'd like improved."
MSG0002765,ACC00282,2024-10-22T09:00:00,customer,email,usage reporting,The reporting changes are useful and the team is happy with them.
MSG0002766,ACC00282,2024-02-27T15:00:00,customer,support_chat,SSO,We've been getting good value from the platform and adoption is steady.
MSG0002767,ACC00282,2024-12-13T13:00:00,customer,email,mobile access,We've had to follow up several times and this is starting to become frustrating.
MSG0002768,ACC00282,2024-10-25T16:00:00,agent,support_chat,integration errors,We've had to follow up several times and this is starting to become frustrating.
MSG0002769,ACC00283,2024-04-15T17:00:00,agent,email,invoice reconciliation,We've had to follow up several times and this is starting to become frustrating.
MSG0002770,ACC00283,2024-05-07T09:00:00,customer,email,mobile access,We've been getting good value from the platform and adoption is steady.
MSG0002771,ACC00283,2025-04-18T16:00:00,agent,email,usage reporting,We've been getting good value from the platform and adoption is steady.
MSG0002772,ACC00283,2025-07-12T14:00:00,agent,email,data synchronization,Could you help us understand why this is happening?
MSG0002773,ACC00283,2025-07-16T10:00:00,customer,email,renewal terms,This has been affecting the team for a while and we need a clearer resolution.
MSG0002774,ACC00283,2024-06-22T11:00:00,agent,meeting_notes,renewal terms,"The workflow is mostly fine, although there are a couple of things we'd like improved."
MSG0002775,ACC00283,2024-06-20T15:00:00,agent,meeting_notes,renewal terms,Could you help us understand why this is happening?
MSG0002776,ACC00283,2025-05-18T14:00:00,customer,email,permissions,We're reviewing the latest changes and have a few questions.
MSG0002777,ACC00283,2024-10-21T17:00:00,customer,support_chat,billing configuration,We're reviewing the latest changes and have a few questions.
MSG0002778,ACC00283,2025-01-19T10:00:00,agent,support_chat,billing configuration,The reporting changes are useful and the team is happy with them.
MSG0002779,ACC00283,2024-01-03T15:00:00,agent,email,dashboard performance,This has been affecting the team for a while and we need a clearer resolution.
MSG0002780,ACC00283,2024-08-25T11:00:00,customer,meeting_notes,report exports,We're still evaluating the change internally.
MSG0002781,ACC00283,2024-09-18T17:00:00,customer,email,integration errors,The latest release has made the workflow much easier for our team.
MSG0002782,ACC00283,2025-05-25T14:00:00,customer,email,billing configuration,We've had to follow up several times and this is starting to become frustrating.
MSG0002783,ACC00283,2024-05-27T08:00:00,agent,meeting_notes,SSO,We're reviewing the latest changes and have a few questions.
MSG0002784,ACC00284,2025-07-06T14:00:00,customer,email,integration errors,There seems to be a discrepancy in the invoice total.
MSG0002785,ACC00284,2025-07-28T09:00:00,customer,email,renewal terms,There seems to be a discrepancy in the invoice total.
MSG0002786,ACC00284,2024-10-07T12:00:00,customer,meeting_notes,API reliability,We're still evaluating the change internally.
MSG0002787,ACC00284,2024-07-11T18:00:00,customer,support_chat,renewal terms,We've been getting good value from the platform and adoption is steady.
MSG0002788,ACC00284,2025-04-24T12:00:00,customer,support_chat,SSO,"The workflow is mostly fine, although there are a couple of things we'd like improved."
MSG0002789,ACC00284,2024-01-05T14:00:00,customer,meeting_notes,invoice reconciliation,We've had to follow up several times and this is starting to become frustrating.
MSG0002790,ACC00284,2025-03-27T09:00:00,customer,email,renewal terms,Could you help us understand why this is happening?
MSG0002791,ACC00284,2024-09-01T14:00:00,customer,support_chat,renewal terms,This has been affecting the team for a while and we need a clearer resolution.
MSG0002792,ACC00284,2025-04-04T09:00:00,customer,email,workflow automation,Thanks for getting this sorted so quickly. Everything is working now.
MSG0002793,ACC00284,2024-08-11T17:00:00,customer,email,dashboard performance,Could you help us understand why this is happening?
MSG0002794,ACC00284,2024-10-25T17:00:00,agent,support_chat,user provisioning,The reporting changes are useful and the team is happy with them.
MSG0002795,ACC00284,2025-09-07T09:00:00,customer,meeting_notes,data synchronization,Our payment was rejected again and we'd like help resolving the billing issue.
MSG0002796,ACC00284,2025-09-12T14:00:00,customer,meeting_notes,integration errors,The invoice amount doesn't match our purchase order. Can someone review it?
MSG0002797,ACC00284,2024-03-16T14:00:00,customer,meeting_notes,integration errors,Could you help us understand why this is happening?
MSG0002798,ACC00284,2024-10-03T15:00:00,customer,meeting_notes,SSO,We're still evaluating the change internally.
MSG0002799,ACC00284,2024-08-04T14:00:00,agent,support_chat,dashboard performance,Could you help us understand why this is happening?
MSG0002800,ACC00284,2025-03-02T10:00:00,customer,support_chat,mobile access,"The workflow is mostly fine, although there are a couple of things we'd like improved."
MSG0002801,ACC00285,2025-08-05T08:00:00,customer,email,workflow automation,"The workflow is mostly fine, although there are a couple of things we'd like improved."
MSG0002802,ACC00285,2025-01-19T14:00:00,agent,email,integration errors,This has been affecting the team for a while and we need a clearer resolution.
MSG0002803,ACC00285,2024-02-02T14:00:00,customer,meeting_notes,billing configuration,We're reviewing the latest changes and have a few questions.
MSG0002804,ACC00285,2025-06-27T18:00:00,customer,email,invoice reconciliation,We're reviewing the latest changes and have a few questions.
MSG0002805,ACC00285,2025-07-26T14:00:00,customer,support_chat,renewal terms,The reporting changes are useful and the team is happy with them.
MSG0002806,ACC00285,2025-11-08T16:00:00,agent,meeting_notes,permissions,We've had to follow up several times and this is starting to become frustrating.
MSG0002807,ACC00285,2025-05-15T08:00:00,customer,support_chat,mobile access,Could you help us understand why this is happening?
MSG0002808,ACC00285,2024-07-15T18:00:00,agent,support_chat,renewal terms,The reporting changes are useful and the team is happy with them.
MSG0002809,ACC00285,2025-05-27T18:00:00,customer,meeting_notes,API reliability,"The workflow is mostly fine, although there are a couple of things we'd like improved."
MSG0002810,ACC00285,2024-10-26T10:00:00,agent,support_chat,dashboard performance,Could you help us understand why this is happening?
MSG0002811,ACC00285,2024-05-11T18:00:00,customer,meeting_notes,integration errors,Could you help us understand why this is happening?
MSG0002812,ACC00285,2024-05-26T16:00:00,agent,email,invoice reconciliation,Could you help us understand why this is happening?
MSG0002813,ACC00285,2025-10-18T15:00:00,customer,support_chat,data synchronization,"The workflow is mostly fine, although there are a couple of things we'd like improved."
MSG0002814,ACC00285,2025-06-05T12:00:00,customer,support_chat,API reliability,The latest release has made the workflow much easier for our team.
MSG0002815,ACC00285,2024-12-17T13:00:00,customer,email,user provisioning,We've had to follow up several times and this is starting to become frustrating.
MSG0002816,ACC00286,2024-04-27T11:00:00,agent,meeting_notes,billing configuration,The latest release has made the workflow much easier for our team.
MSG0002817,ACC00286,2024-04-12T18:00:00,customer,email,invoice reconciliation,Could you help us understand why this is happening?
MSG0002818,ACC00286,2024-10-04T10:00:00,agent,meeting_notes,API reliability,The reporting changes are useful and the team is happy with them.
MSG0002819,ACC00286,2024-12-02T18:00:00,customer,meeting_notes,workflow automation,I'm concerned that we're not getting the level of support we expected.
MSG0002820,ACC00286,2024-09-24T15:00:00,agent,support_chat,workflow automation,We're reviewing the latest changes and have a few questions.
MSG0002821,ACC00286,2024-08-24T16:00:00,customer,email,report exports,This has been affecting the team for a while and we need a clearer resolution.
MSG0002822,ACC00286,2024-02-07T10:00:00,customer,email,API reliability,The latest release has made the workflow much easier for our team.
MSG0002823,ACC00287,2025-02-21T12:00:00,customer,support_chat,SSO,We've been getting good value from the platform and adoption is steady.
MSG0002824,ACC00287,2025-08-09T16:00:00,agent,support_chat,dashboard performance,We've had to follow up several times and this is starting to become frustrating.
MSG0002825,ACC00287,2025-09-25T18:00:00,customer,support_chat,mobile access,The latest release has made the workflow much easier for our team.
MSG0002826,ACC00287,2024-01-22T18:00:00,agent,meeting_notes,renewal terms,"The workflow is mostly fine, although there are a couple of things we'd like improved."
MSG0002827,ACC00287,2025-06-25T12:00:00,agent,meeting_notes,integration errors,The reporting changes are useful and the team is happy with them.
MSG0002828,ACC00287,2024-12-20T15:00:00,customer,email,permissions,This has been affecting the team for a while and we need a clearer resolution.
MSG0002829,ACC00287,2024-08-05T12:00:00,agent,email,dashboard performance,We're still evaluating the change internally.
MSG0002830,ACC00287,2025-02-05T18:00:00,customer,email,mobile access,We're still evaluating the change internally.
MSG0002831,ACC00287,2025-10-02T15:00:00,agent,meeting_notes,billing configuration,This has been affecting the team for a while and we need a clearer resolution.
MSG0002832,ACC00287,2024-07-11T13:00:00,agent,email,report exports,The reporting changes are useful and the team is happy with them.
MSG0002833,ACC00287,2025-01-14T14:00:00,customer,email,renewal terms,We've been getting good value from the platform and adoption is steady.
MSG0002834,ACC00287,2025-01-09T09:00:00,customer,meeting_notes,report exports,The reporting changes are useful and the team is happy with them.
MSG0002835,ACC00287,2025-07-23T18:00:00,customer,meeting_notes,billing configuration,"The workflow is mostly fine, although there are a couple of things we'd like improved."
MSG0002836,ACC00287,2024-11-18T15:00:00,customer,email,SSO,This has been affecting the team for a while and we need a clearer resolution.
MSG0002837,ACC00288,2024-01-11T17:00:00,agent,email,usage reporting,We're reviewing the latest changes and have a few questions.
MSG0002838,ACC00288,2025-08-06T17:00:00,customer,meeting_notes,invoice reconciliation,We've had to follow up several times and this is starting to become frustrating.
MSG0002839,ACC00288,2024-11-01T09:00:00,agent,email,integration errors,"The workflow is mostly fine, although there are a couple of things we'd like improved."
MSG0002840,ACC00288,2024-07-26T18:00:00,customer,meeting_notes,report exports,"The workflow is mostly fine, although there are a couple of things we'd like improved."
MSG0002841,ACC00288,2025-03-06T14:00:00,agent,meeting_notes,usage reporting,"The workflow is mostly fine, although there are a couple of things we'd like improved."
MSG0002842,ACC00288,2024-03-14T10:00:00,customer,support_chat,renewal terms,Could you help us understand why this is happening?
MSG0002843,ACC00288,2025-02-24T13:00:00,agent,email,user provisioning,We're still evaluating the change internally.
MSG0002844,ACC00288,2024-12-15T12:00:00,agent,meeting_notes,report exports,Could you help us understand why this is happening?
MSG0002845,ACC00288,2024-05-17T18:00:00,agent,email,usage reporting,Thanks for getting this sorted so quickly. Everything is working now.
MSG0002846,ACC00288,2025-09-05T18:00:00,customer,meeting_notes,billing configuration,We've been getting good value from the platform and adoption is steady.
MSG0002847,ACC00288,2025-10-06T11:00:00,customer,support_chat,user provisioning,We're still evaluating the change internally.
MSG0002848,ACC00288,2025-07-22T09:00:00,agent,email,data synchronization,This has been affecting the team for a while and we need a clearer resolution.
MSG0002849,ACC00288,2025-04-06T14:00:00,customer,meeting_notes,permissions,Could you help us understand why this is happening?
MSG0002850,ACC00289,2024-10-01T09:00:00,customer,support_chat,data synchronization,We're still evaluating the change internally.
MSG0002851,ACC00289,2025-07-17T18:00:00,customer,support_chat,invoice reconciliation,This has been affecting the team for a while and we need a clearer resolution.
MSG0002852,ACC00289,2025-04-02T10:00:00,agent,email,data synchronization,We're reviewing the latest changes and have a few questions.
MSG0002853,ACC00289,2024-06-17T11:00:00,customer,meeting_notes,invoice reconciliation,Could you help us understand why this is happening?
MSG0002854,ACC00289,2024-07-02T08:00:00,agent,support_chat,dashboard performance,The reporting changes are useful and the team is happy with them.
MSG0002855,ACC00289,2024-04-16T10:00:00,agent,email,dashboard performance,We're still evaluating the change internally.
MSG0002856,ACC00289,2025-04-15T16:00:00,customer,email,SSO,The latest release has made the workflow much easier for our team.
MSG0002857,ACC00289,2024-03-12T16:00:00,agent,meeting_notes,mobile access,We've been getting good value from the platform and adoption is steady.
MSG0002858,ACC00289,2025-04-02T12:00:00,agent,meeting_notes,usage reporting,We're still evaluating the change internally.
MSG0002859,ACC00289,2025-10-07T10:00:00,agent,email,usage reporting,The latest release has made the workflow much easier for our team.
MSG0002860,ACC00289,2024-09-05T14:00:00,agent,email,SSO,The reporting changes are useful and the team is happy with them.
MSG0002861,ACC00289,2025-01-03T16:00:00,customer,meeting_notes,billing configuration,We're reviewing the latest changes and have a few questions.
MSG0002862,ACC00290,2024-10-15T15:00:00,customer,meeting_notes,SSO,The latest release has made the workflow much easier for our team.
MSG0002863,ACC00290,2024-06-07T16:00:00,agent,email,permissions,We've had to follow up several times and this is starting to become frustrating.
MSG0002864,ACC00290,2024-07-19T11:00:00,customer,meeting_notes,mobile access,We're still evaluating the change internally.
MSG0002865,ACC00290,2024-04-18T15:00:00,customer,email,permissions,"The workflow is mostly fine, although there are a couple of things we'd like improved."
MSG0002866,ACC00290,2024-04-28T08:00:00,agent,email,renewal terms,We've had to follow up several times and this is starting to become frustrating.
MSG0002867,ACC00290,2024-02-27T17:00:00,agent,support_chat,billing configuration,The reporting changes are useful and the team is happy with them.
MSG0002868,ACC00290,2025-06-06T15:00:00,agent,support_chat,renewal terms,Thanks for getting this sorted so quickly. Everything is working now.
MSG0002869,ACC00290,2025-05-10T14:00:00,customer,email,workflow automation,The reporting changes are useful and the team is happy with them.
MSG0002870,ACC00291,2025-10-05T14:00:00,customer,support_chat,mobile access,We're still evaluating the change internally.
MSG0002871,ACC00291,2025-02-20T14:00:00,agent,meeting_notes,data synchronization,"The workflow is mostly fine, although there are a couple of things we'd like improved."
MSG0002872,ACC00291,2025-04-07T12:00:00,customer,email,billing configuration,"The workflow is mostly fine, although there are a couple of things we'd like improved."
MSG0002873,ACC00291,2025-01-17T10:00:00,agent,email,integration errors,We're reviewing the latest changes and have a few questions.
MSG0002874,ACC00291,2025-03-11T11:00:00,agent,meeting_notes,billing configuration,The reporting changes are useful and the team is happy with them.
MSG0002875,ACC00291,2024-09-02T17:00:00,agent,meeting_notes,dashboard performance,The reporting changes are useful and the team is happy with them.
MSG0002876,ACC00291,2024-05-26T11:00:00,agent,email,invoice reconciliation,Could you help us understand why this is happening?
MSG0002877,ACC00291,2024-07-14T13:00:00,customer,meeting_notes,renewal terms,"The workflow is mostly fine, although there are a couple of things we'd like improved."
MSG0002878,ACC00291,2024-04-13T10:00:00,customer,meeting_notes,SSO,The reporting changes are useful and the team is happy with them.
MSG0002879,ACC00291,2025-03-02T15:00:00,agent,meeting_notes,permissions,We've had to follow up several times and this is starting to become frustrating.
MSG0002880,ACC00291,2025-01-18T17:00:00,customer,meeting_notes,report exports,We've been getting good value from the platform and adoption is steady.
MSG0002881,ACC00291,2025-06-26T15:00:00,customer,email,dashboard performance,The experience lately hasn't been great and we're spending more time working around the product.
MSG0002882,ACC00292,2024-08-28T15:00:00,agent,support_chat,workflow automation,The reporting changes are useful and the team is happy with them.
MSG0002883,ACC00292,2024-09-01T08:00:00,agent,email,user provisioning,We've been getting good value from the platform and adoption is steady.
MSG0002884,ACC00292,2024-08-08T18:00:00,customer,email,integration errors,The latest release has made the workflow much easier for our team.
MSG0002885,ACC00292,2025-05-02T17:00:00,customer,meeting_notes,renewal terms,The experience lately hasn't been great and we're spending more time working around the product.
MSG0002886,ACC00292,2024-05-02T08:00:00,customer,meeting_notes,data synchronization,Could you help us understand why this is happening?
MSG0002887,ACC00293,2024-06-13T13:00:00,customer,support_chat,billing configuration,We've had to follow up several times and this is starting to become frustrating.
MSG0002888,ACC00293,2024-05-22T13:00:00,agent,meeting_notes,API reliability,"The workflow is mostly fine, although there are a couple of things we'd like improved."
MSG0002889,ACC00293,2024-01-18T13:00:00,agent,meeting_notes,renewal terms,We're still evaluating the change internally.
MSG0002890,ACC00293,2025-05-02T08:00:00,customer,meeting_notes,mobile access,We're reviewing the latest changes and have a few questions.
MSG0002891,ACC00293,2025-12-17T17:00:00,customer,meeting_notes,integration errors,The reporting changes are useful and the team is happy with them.
MSG0002892,ACC00293,2025-01-27T09:00:00,agent,support_chat,dashboard performance,We're still evaluating the change internally.
MSG0002893,ACC00293,2024-08-05T17:00:00,customer,support_chat,mobile access,The latest release has made the workflow much easier for our team.
MSG0002894,ACC00293,2024-05-09T12:00:00,customer,meeting_notes,workflow automation,We've had to follow up several times and this is starting to become frustrating.
MSG0002895,ACC00293,2025-03-26T12:00:00,agent,support_chat,dashboard performance,This has been affecting the team for a while and we need a clearer resolution.
MSG0002896,ACC00293,2025-12-18T13:00:00,customer,support_chat,permissions,The latest release has made the workflow much easier for our team.
MSG0002897,ACC00293,2025-05-26T09:00:00,customer,support_chat,renewal terms,We're reviewing the latest changes and have a few questions.
MSG0002898,ACC00293,2024-09-27T18:00:00,agent,support_chat,permissions,This has been affecting the team for a while and we need a clearer resolution.
MSG0002899,ACC00293,2024-12-26T17:00:00,customer,meeting_notes,permissions,This has been affecting the team for a while and we need a clearer resolution.
MSG0002900,ACC00293,2024-12-20T18:00:00,agent,support_chat,API reliability,We've been getting good value from the platform and adoption is steady.
MSG0002901,ACC00294,2025-04-17T08:00:00,customer,email,permissions,The reporting changes are useful and the team is happy with them.
MSG0002902,ACC00294,2025-07-16T09:00:00,customer,email,dashboard performance,"The workflow is mostly fine, although there are a couple of things we'd like improved."
MSG0002903,ACC00294,2025-04-11T12:00:00,customer,email,integration errors,We've had to follow up several times and this is starting to become frustrating.
MSG0002904,ACC00294,2024-03-09T14:00:00,customer,email,mobile access,We're still evaluating the change internally.
MSG0002905,ACC00294,2025-06-14T08:00:00,agent,email,workflow automation,We've been getting good value from the platform and adoption is steady.
MSG0002906,ACC00294,2024-05-06T11:00:00,agent,meeting_notes,workflow automation,We've had to follow up several times and this is starting to become frustrating.
MSG0002907,ACC00294,2024-02-18T17:00:00,customer,email,permissions,Could you help us understand why this is happening?
MSG0002908,ACC00294,2025-10-20T16:00:00,agent,meeting_notes,billing configuration,We've been getting good value from the platform and adoption is steady.
MSG0002909,ACC00294,2024-10-20T08:00:00,agent,email,usage reporting,The latest release has made the workflow much easier for our team.
MSG0002910,ACC00294,2025-06-15T09:00:00,agent,email,SSO,The latest release has made the workflow much easier for our team.
MSG0002911,ACC00294,2025-09-14T18:00:00,customer,meeting_notes,API reliability,We're still evaluating the change internally.
MSG0002912,ACC00294,2025-06-06T16:00:00,agent,email,usage reporting,The reporting changes are useful and the team is happy with them.
MSG0002913,ACC00294,2024-07-04T17:00:00,customer,meeting_notes,permissions,The reporting changes are useful and the team is happy with them.
MSG0002914,ACC00294,2025-09-03T08:00:00,customer,support_chat,dashboard performance,The reporting changes are useful and the team is happy with them.
MSG0002915,ACC00294,2024-04-06T11:00:00,customer,meeting_notes,workflow automation,We've been getting good value from the platform and adoption is steady.
MSG0002916,ACC00294,2025-03-01T15:00:00,customer,email,API reliability,The reporting changes are useful and the team is happy with them.
MSG0002917,ACC00295,2024-07-07T11:00:00,customer,meeting_notes,user provisioning,We're reviewing the latest changes and have a few questions.
MSG0002918,ACC00295,2024-01-02T14:00:00,agent,email,billing configuration,The latest release has made the workflow much easier for our team.
MSG0002919,ACC00295,2024-01-18T14:00:00,customer,support_chat,integration errors,The reporting changes are useful and the team is happy with them.
MSG0002920,ACC00295,2024-06-16T17:00:00,customer,meeting_notes,mobile access,Thanks for getting this sorted so quickly. Everything is working now.
MSG0002921,ACC00295,2024-04-17T13:00:00,agent,meeting_notes,API reliability,"The workflow is mostly fine, although there are a couple of things we'd like improved."
MSG0002922,ACC00295,2024-09-09T10:00:00,customer,email,permissions,The latest release has made the workflow much easier for our team.
MSG0002923,ACC00295,2024-12-05T17:00:00,customer,email,data synchronization,This has been affecting the team for a while and we need a clearer resolution.
MSG0002924,ACC00295,2024-09-23T15:00:00,agent,meeting_notes,workflow automation,Thanks for getting this sorted so quickly. Everything is working now.
MSG0002925,ACC00295,2024-02-09T12:00:00,customer,email,integration errors,Thanks for getting this sorted so quickly. Everything is working now.
MSG0002926,ACC00296,2024-02-13T18:00:00,customer,support_chat,invoice reconciliation,We're still evaluating the change internally.
MSG0002927,ACC00296,2024-06-28T18:00:00,agent,email,report exports,We're reviewing the latest changes and have a few questions.
MSG0002928,ACC00296,2024-07-14T14:00:00,customer,meeting_notes,SSO,We're still evaluating the change internally.
MSG0002929,ACC00296,2024-02-03T14:00:00,customer,email,billing configuration,Could you help us understand why this is happening?
MSG0002930,ACC00296,2024-04-14T12:00:00,customer,support_chat,billing configuration,Thanks for getting this sorted so quickly. Everything is working now.
MSG0002931,ACC00297,2025-12-11T18:00:00,customer,email,workflow automation,We've had to follow up several times and this is starting to become frustrating.
MSG0002932,ACC00297,2025-02-14T13:00:00,agent,meeting_notes,invoice reconciliation,The latest release has made the workflow much easier for our team.
MSG0002933,ACC00297,2025-10-10T11:00:00,customer,meeting_notes,usage reporting,We're reviewing the latest changes and have a few questions.
MSG0002934,ACC00297,2024-07-09T16:00:00,customer,support_chat,API reliability,The reporting changes are useful and the team is happy with them.
MSG0002935,ACC00297,2024-06-11T16:00:00,agent,meeting_notes,renewal terms,We're reviewing the latest changes and have a few questions.
MSG0002936,ACC00297,2024-10-24T11:00:00,agent,meeting_notes,invoice reconciliation,We've been getting good value from the platform and adoption is steady.
MSG0002937,ACC00297,2025-04-25T12:00:00,agent,email,SSO,Thanks for getting this sorted so quickly. Everything is working now.
MSG0002938,ACC00297,2025-10-28T18:00:00,customer,email,renewal terms,We've had to follow up several times and this is starting to become frustrating.
MSG0002939,ACC00298,2024-10-01T18:00:00,customer,support_chat,data synchronization,We're still evaluating the change internally.
MSG0002940,ACC00298,2024-11-28T12:00:00,agent,meeting_notes,user provisioning,This has been affecting the team for a while and we need a clearer resolution.
MSG0002941,ACC00298,2024-01-17T17:00:00,customer,support_chat,workflow automation,The latest release has made the workflow much easier for our team.
MSG0002942,ACC00298,2024-05-28T12:00:00,customer,meeting_notes,API reliability,Thanks for getting this sorted so quickly. Everything is working now.
MSG0002943,ACC00298,2024-08-25T09:00:00,customer,meeting_notes,integration errors,Could you help us understand why this is happening?
MSG0002944,ACC00298,2024-02-06T11:00:00,customer,meeting_notes,data synchronization,The latest release has made the workflow much easier for our team.
MSG0002945,ACC00299,2024-04-28T11:00:00,customer,email,mobile access,We've had to follow up several times and this is starting to become frustrating.
MSG0002946,ACC00299,2024-10-09T17:00:00,customer,support_chat,data synchronization,Thanks for getting this sorted so quickly. Everything is working now.
MSG0002947,ACC00299,2024-11-24T08:00:00,customer,support_chat,invoice reconciliation,We've had to follow up several times and this is starting to become frustrating.
MSG0002948,ACC00299,2024-09-04T11:00:00,agent,support_chat,workflow automation,The latest release has made the workflow much easier for our team.
MSG0002949,ACC00299,2024-06-11T08:00:00,agent,email,permissions,We're still evaluating the change internally.
MSG0002950,ACC00299,2024-07-28T16:00:00,customer,support_chat,permissions,We're still evaluating the change internally.
MSG0002951,ACC00299,2024-01-07T11:00:00,customer,email,permissions,"The workflow is mostly fine, although there are a couple of things we'd like improved."
MSG0002952,ACC00299,2024-09-23T17:00:00,customer,email,mobile access,We're reviewing the latest changes and have a few questions.
MSG0002953,ACC00299,2024-01-04T18:00:00,customer,email,data synchronization,We've had to follow up several times and this is starting to become frustrating.
MSG0002954,ACC00300,2024-03-06T15:00:00,customer,meeting_notes,dashboard performance,Thanks for getting this sorted so quickly. Everything is working now.
MSG0002955,ACC00300,2024-04-10T14:00:00,customer,email,SSO,Thanks for getting this sorted so quickly. Everything is working now.
MSG0002956,ACC00300,2024-08-17T09:00:00,customer,email,workflow automation,We're considering reducing the footprint at renewal unless things improve.
MSG0002957,ACC00300,2024-01-26T11:00:00,customer,support_chat,billing configuration,We've been getting good value from the platform and adoption is steady.
MSG0002958,ACC00300,2024-03-17T18:00:00,agent,support_chat,mobile access,This has been affecting the team for a while and we need a clearer resolution.
MSG0002959,ACC00301,2025-06-09T14:00:00,customer,meeting_notes,billing configuration,"The workflow is mostly fine, although there are a couple of things we'd like improved."
MSG0002960,ACC00301,2024-12-15T14:00:00,agent,email,mobile access,The latest release has made the workflow much easier for our team.
MSG0002961,ACC00301,2025-06-14T18:00:00,customer,meeting_notes,permissions,We're considering reducing the footprint at renewal unless things improve.
MSG0002962,ACC00301,2025-02-11T09:00:00,customer,meeting_notes,data synchronization,"If we can't get this resolved soon, we'll need to look at other options."
MSG0002963,ACC00301,2025-05-20T11:00:00,customer,meeting_notes,invoice reconciliation,"If we can't get this resolved soon, we'll need to look at other options."
MSG0002964,ACC00301,2024-04-26T12:00:00,agent,support_chat,user provisioning,We're still evaluating the change internally.
MSG0002965,ACC00301,2024-10-11T12:00:00,customer,email,usage reporting,Thanks for getting this sorted so quickly. Everything is working now.
MSG0002966,ACC00301,2024-06-03T12:00:00,customer,meeting_notes,invoice reconciliation,We're reviewing the latest changes and have a few questions.
MSG0002967,ACC00301,2025-04-11T18:00:00,customer,support_chat,renewal terms,"The workflow is mostly fine, although there are a couple of things we'd like improved."
MSG0002968,ACC00301,2024-06-12T12:00:00,customer,email,integration errors,We're still evaluating the change internally.
MSG0002969,ACC00302,2024-04-15T12:00:00,customer,email,usage reporting,We're still evaluating the change internally.
MSG0002970,ACC00302,2024-08-13T15:00:00,customer,meeting_notes,workflow automation,"The workflow is mostly fine, although there are a couple of things we'd like improved."
MSG0002971,ACC00302,2024-04-14T15:00:00,customer,meeting_notes,API reliability,"The workflow is mostly fine, although there are a couple of things we'd like improved."
MSG0002972,ACC00302,2024-04-26T16:00:00,customer,email,report exports,We're still evaluating the change internally.
MSG0002973,ACC00302,2024-04-15T16:00:00,agent,support_chat,data synchronization,We've had to follow up several times and this is starting to become frustrating.
MSG0002974,ACC00302,2024-06-16T17:00:00,customer,support_chat,workflow automation,The reporting changes are useful and the team is happy with them.
MSG0002975,ACC00302,2024-07-13T11:00:00,agent,email,API reliability,"The workflow is mostly fine, although there are a couple of things we'd like improved."
MSG0002976,ACC00302,2024-07-16T17:00:00,agent,email,API reliability,"The workflow is mostly fine, although there are a couple of things we'd like improved."
MSG0002977,ACC00302,2024-04-16T15:00:00,agent,support_chat,data synchronization,The reporting changes are useful and the team is happy with them.
MSG0002978,ACC00303,2025-06-04T18:00:00,agent,email,report exports,The latest release has made the workflow much easier for our team.
MSG0002979,ACC00303,2024-06-12T09:00:00,customer,email,billing configuration,We've had to follow up several times and this is starting to become frustrating.
MSG0002980,ACC00303,2025-08-04T16:00:00,customer,support_chat,workflow automation,Could you help us understand why this is happening?
MSG0002981,ACC00303,2025-05-09T10:00:00,agent,email,permissions,We're still evaluating the change internally.
MSG0002982,ACC00303,2025-03-21T17:00:00,agent,support_chat,renewal terms,We've had to follow up several times and this is starting to become frustrating.
MSG0002983,ACC00303,2024-02-15T13:00:00,customer,meeting_notes,billing configuration,The reporting changes are useful and the team is happy with them.
MSG0002984,ACC00303,2025-11-18T09:00:00,agent,meeting_notes,invoice reconciliation,Could you help us understand why this is happening?
MSG0002985,ACC00303,2025-09-16T11:00:00,customer,meeting_notes,renewal terms,We're reviewing the latest changes and have a few questions.
MSG0002986,ACC00303,2024-07-24T11:00:00,customer,meeting_notes,user provisioning,Could you help us understand why this is happening?
MSG0002987,ACC00303,2024-11-07T14:00:00,customer,email,usage reporting,Could you help us understand why this is happening?
MSG0002988,ACC00304,2024-02-23T14:00:00,customer,email,report exports,The reporting changes are useful and the team is happy with them.
MSG0002989,ACC00304,2024-03-26T08:00:00,customer,meeting_notes,permissions,Thanks for getting this sorted so quickly. Everything is working now.
MSG0002990,ACC00305,2024-03-02T09:00:00,customer,meeting_notes,billing configuration,"The workflow is mostly fine, although there are a couple of things we'd like improved."
MSG0002991,ACC00305,2024-03-04T15:00:00,agent,support_chat,data synchronization,"The workflow is mostly fine, although there are a couple of things we'd like improved."
MSG0002992,ACC00305,2025-10-06T15:00:00,agent,email,integration errors,"The workflow is mostly fine, although there are a couple of things we'd like improved."
MSG0002993,ACC00305,2025-02-12T08:00:00,agent,email,API reliability,The latest release has made the workflow much easier for our team.
MSG0002994,ACC00305,2024-03-14T12:00:00,customer,email,billing configuration,Could you help us understand why this is happening?
MSG0002995,ACC00305,2025-03-21T17:00:00,agent,meeting_notes,SSO,We're still evaluating the change internally.
MSG0002996,ACC00305,2024-05-19T12:00:00,customer,support_chat,API reliability,We've been getting good value from the platform and adoption is steady.
MSG0002997,ACC00305,2024-05-23T18:00:00,customer,support_chat,usage reporting,The reporting changes are useful and the team is happy with them.
MSG0002998,ACC00305,2024-05-09T09:00:00,agent,email,invoice reconciliation,The reporting changes are useful and the team is happy with them.
MSG0002999,ACC00305,2025-05-19T15:00:00,customer,email,SSO,We're still evaluating the change internally.
MSG0003000,ACC00306,2025-12-25T14:00:00,customer,meeting_notes,dashboard performance,We're still evaluating the change internally.
MSG0003001,ACC00306,2025-04-23T13:00:00,customer,email,renewal terms,The latest release has made the workflow much easier for our team.
MSG0003002,ACC00306,2024-09-13T10:00:00,customer,meeting_notes,workflow automation,We've been getting good value from the platform and adoption is steady.
MSG0003003,ACC00306,2024-02-02T18:00:00,customer,email,mobile access,We've had to follow up several times and this is starting to become frustrating.
MSG0003004,ACC00306,2025-12-08T10:00:00,customer,email,API reliability,We're still evaluating the change internally.
MSG0003005,ACC00306,2025-11-16T13:00:00,agent,meeting_notes,API reliability,Could you help us understand why this is happening?
MSG0003006,ACC00306,2024-08-10T16:00:00,customer,meeting_notes,workflow automation,Thanks for getting this sorted so quickly. Everything is working now.
MSG0003007,ACC00306,2025-10-14T17:00:00,agent,support_chat,API reliability,This has been affecting the team for a while and we need a clearer resolution.
MSG0003008,ACC00306,2025-04-01T15:00:00,customer,email,integration errors,The latest release has made the workflow much easier for our team.
MSG0003009,ACC00306,2025-03-14T12:00:00,customer,email,permissions,The latest release has made the workflow much easier for our team.
MSG0003010,ACC00306,2025-07-19T11:00:00,agent,support_chat,renewal terms,"The workflow is mostly fine, although there are a couple of things we'd like improved."
MSG0003011,ACC00306,2024-03-08T18:00:00,customer,support_chat,report exports,We're reviewing the latest changes and have a few questions.
MSG0003012,ACC00306,2024-05-14T12:00:00,agent,meeting_notes,workflow automation,We've been getting good value from the platform and adoption is steady.
MSG0003013,ACC00307,2024-06-05T15:00:00,customer,support_chat,renewal terms,We're still evaluating the change internally.
MSG0003014,ACC00307,2024-10-01T10:00:00,customer,email,permissions,Thanks for getting this sorted so quickly. Everything is working now.
MSG0003015,ACC00307,2024-02-17T09:00:00,customer,email,usage reporting,We've been getting good value from the platform and adoption is steady.
MSG0003016,ACC00307,2024-04-12T10:00:00,customer,meeting_notes,API reliability,The latest release has made the workflow much easier for our team.
MSG0003017,ACC00307,2024-12-25T14:00:00,customer,support_chat,usage reporting,We've had to follow up several times and this is starting to become frustrating.
MSG0003018,ACC00307,2025-05-07T12:00:00,agent,meeting_notes,usage reporting,We're reviewing the latest changes and have a few questions.
MSG0003019,ACC00307,2025-08-16T09:00:00,agent,support_chat,renewal terms,Thanks for getting this sorted so quickly. Everything is working now.
MSG0003020,ACC00307,2025-03-21T14:00:00,customer,email,usage reporting,We're still evaluating the change internally.
MSG0003021,ACC00308,2024-08-26T14:00:00,agent,email,data synchronization,The latest release has made the workflow much easier for our team.
MSG0003022,ACC00308,2024-06-25T12:00:00,agent,meeting_notes,invoice reconciliation,This has been affecting the team for a while and we need a clearer resolution.
MSG0003023,ACC00308,2024-12-02T17:00:00,customer,email,API reliability,The latest release has made the workflow much easier for our team.
MSG0003024,ACC00308,2024-12-28T16:00:00,customer,support_chat,API reliability,"The workflow is mostly fine, although there are a couple of things we'd like improved."
MSG0003025,ACC00308,2024-02-26T09:00:00,customer,meeting_notes,usage reporting,The reporting changes are useful and the team is happy with them.
MSG0003026,ACC00308,2024-12-11T15:00:00,customer,support_chat,integration errors,The reporting changes are useful and the team is happy with them.
MSG0003027,ACC00308,2024-02-23T18:00:00,customer,support_chat,API reliability,We're still evaluating the change internally.
MSG0003028,ACC00308,2024-09-26T13:00:00,agent,email,invoice reconciliation,We've had to follow up several times and this is starting to become frustrating.
MSG0003029,ACC00308,2024-07-16T08:00:00,agent,meeting_notes,report exports,The reporting changes are useful and the team is happy with them.
MSG0003030,ACC00308,2025-08-12T08:00:00,customer,meeting_notes,workflow automation,We've had to follow up several times and this is starting to become frustrating.
MSG0003031,ACC00308,2024-04-28T18:00:00,customer,support_chat,integration errors,The latest release has made the workflow much easier for our team.
MSG0003032,ACC00308,2024-11-11T17:00:00,customer,support_chat,integration errors,We've been getting good value from the platform and adoption is steady.
MSG0003033,ACC00308,2025-04-02T11:00:00,customer,meeting_notes,permissions,We're still evaluating the change internally.
MSG0003034,ACC00308,2025-12-09T08:00:00,agent,meeting_notes,data synchronization,We've had to follow up several times and this is starting to become frustrating.
MSG0003035,ACC00308,2025-10-20T12:00:00,customer,support_chat,API reliability,"The workflow is mostly fine, although there are a couple of things we'd like improved."
MSG0003036,ACC00308,2025-07-24T11:00:00,agent,support_chat,usage reporting,The reporting changes are useful and the team is happy with them.
MSG0003037,ACC00308,2024-11-11T10:00:00,customer,email,billing configuration,We've been getting good value from the platform and adoption is steady.
MSG0003038,ACC00308,2025-09-06T15:00:00,customer,support_chat,integration errors,We're still evaluating the change internally.
MSG0003039,ACC00309,2025-02-23T10:00:00,customer,email,SSO,"The workflow is mostly fine, although there are a couple of things we'd like improved."
MSG0003040,ACC00309,2025-11-11T13:00:00,agent,meeting_notes,invoice reconciliation,The reporting changes are useful and the team is happy with them.
MSG0003041,ACC00309,2024-03-22T13:00:00,agent,support_chat,billing configuration,The latest release has made the workflow much easier for our team.
MSG0003042,ACC00309,2025-09-16T14:00:00,customer,email,dashboard performance,The reporting changes are useful and the team is happy with them.
MSG0003043,ACC00309,2024-06-13T10:00:00,customer,support_chat,invoice reconciliation,We've had to follow up several times and this is starting to become frustrating.
MSG0003044,ACC00309,2025-03-11T14:00:00,agent,support_chat,integration errors,We've had to follow up several times and this is starting to become frustrating.
MSG0003045,ACC00309,2025-01-05T13:00:00,agent,email,mobile access,We've been getting good value from the platform and adoption is steady.
MSG0003046,ACC00309,2025-09-02T10:00:00,customer,meeting_notes,permissions,We're reviewing the latest changes and have a few questions.
MSG0003047,ACC00309,2024-03-14T10:00:00,agent,email,workflow automation,We're reviewing the latest changes and have a few questions.
MSG0003048,ACC00310,2025-12-07T16:00:00,customer,support_chat,report exports,This has been affecting the team for a while and we need a clearer resolution.
MSG0003049,ACC00310,2024-01-07T14:00:00,customer,meeting_notes,SSO,This has been affecting the team for a while and we need a clearer resolution.
MSG0003050,ACC00310,2025-01-02T13:00:00,customer,email,data synchronization,The latest release has made the workflow much easier for our team.
MSG0003051,ACC00310,2024-03-26T14:00:00,customer,support_chat,permissions,We've had to follow up several times and this is starting to become frustrating.
MSG0003052,ACC00310,2024-08-03T12:00:00,agent,meeting_notes,SSO,"The workflow is mostly fine, although there are a couple of things we'd like improved."
MSG0003053,ACC00310,2024-12-16T18:00:00,customer,support_chat,invoice reconciliation,The latest release has made the workflow much easier for our team.
MSG0003054,ACC00310,2024-06-01T08:00:00,customer,support_chat,SSO,The reporting changes are useful and the team is happy with them.
MSG0003055,ACC00310,2024-02-22T17:00:00,agent,support_chat,integration errors,We've been getting good value from the platform and adoption is steady.
MSG0003056,ACC00310,2024-02-18T09:00:00,customer,meeting_notes,integration errors,Could you help us understand why this is happening?
MSG0003057,ACC00310,2024-07-26T17:00:00,agent,meeting_notes,SSO,Thanks for getting this sorted so quickly. Everything is working now.
MSG0003058,ACC00311,2024-08-04T08:00:00,customer,email,dashboard performance,We're still evaluating the change internally.
MSG0003059,ACC00311,2024-01-24T17:00:00,customer,email,report exports,We're still evaluating the change internally.
MSG0003060,ACC00311,2024-06-01T11:00:00,customer,email,user provisioning,Thanks for getting this sorted so quickly. Everything is working now.
MSG0003061,ACC00311,2024-08-09T12:00:00,customer,email,integration errors,The reporting changes are useful and the team is happy with them.
MSG0003062,ACC00312,2025-07-04T11:00:00,customer,email,SSO,"If we can't get this resolved soon, we'll need to look at other options."
MSG0003063,ACC00312,2024-08-22T13:00:00,customer,support_chat,permissions,This has been affecting the team for a while and we need a clearer resolution.
MSG0003064,ACC00312,2025-01-22T09:00:00,customer,support_chat,user provisioning,The latest release has made the workflow much easier for our team.
MSG0003065,ACC00312,2024-10-25T12:00:00,customer,meeting_notes,billing configuration,The reporting changes are useful and the team is happy with them.
MSG0003066,ACC00312,2024-05-01T14:00:00,agent,email,dashboard performance,We've been getting good value from the platform and adoption is steady.
MSG0003067,ACC00312,2025-01-11T15:00:00,customer,meeting_notes,data synchronization,We've had to follow up several times and this is starting to become frustrating.
MSG0003068,ACC00312,2025-03-18T15:00:00,customer,email,workflow automation,We're considering reducing the footprint at renewal unless things improve.
MSG0003069,ACC00312,2024-04-17T09:00:00,customer,support_chat,permissions,The latest release has made the workflow much easier for our team.
MSG0003070,ACC00312,2024-10-25T11:00:00,customer,support_chat,integration errors,Thanks for getting this sorted so quickly. Everything is working now.
MSG0003071,ACC00312,2025-03-26T10:00:00,agent,meeting_notes,data synchronization,We're considering reducing the footprint at renewal unless things improve.
MSG0003072,ACC00312,2024-11-14T15:00:00,customer,email,integration errors,The latest release has made the workflow much easier for our team.
MSG0003073,ACC00312,2024-03-23T18:00:00,customer,email,billing configuration,"The workflow is mostly fine, although there are a couple of things we'd like improved."
MSG0003074,ACC00312,2025-06-26T12:00:00,customer,support_chat,billing configuration,Our leadership team is questioning whether we should continue with the platform.
MSG0003075,ACC00312,2024-12-13T15:00:00,customer,meeting_notes,integration errors,Could you help us understand why this is happening?
MSG0003076,ACC00313,2024-03-11T10:00:00,agent,meeting_notes,mobile access,The latest release has made the workflow much easier for our team.
MSG0003077,ACC00313,2024-05-19T10:00:00,customer,email,user provisioning,"The workflow is mostly fine, although there are a couple of things we'd like improved."
MSG0003078,ACC00313,2024-05-03T11:00:00,customer,support_chat,report exports,The latest release has made the workflow much easier for our team.
MSG0003079,ACC00313,2024-10-17T16:00:00,agent,support_chat,integration errors,We're still evaluating the change internally.
MSG0003080,ACC00313,2025-02-04T08:00:00,customer,email,SSO,Could you help us understand why this is happening?
MSG0003081,ACC00313,2024-08-16T14:00:00,customer,support_chat,usage reporting,We're still evaluating the change internally.
MSG0003082,ACC00313,2024-02-11T15:00:00,agent,support_chat,data synchronization,We've had to follow up several times and this is starting to become frustrating.
MSG0003083,ACC00313,2024-01-11T12:00:00,customer,support_chat,user provisioning,We've had to follow up several times and this is starting to become frustrating.
MSG0003084,ACC00313,2024-02-14T12:00:00,agent,support_chat,report exports,We're still evaluating the change internally.
MSG0003085,ACC00313,2024-12-20T08:00:00,customer,meeting_notes,mobile access,We're reviewing the latest changes and have a few questions.
MSG0003086,ACC00314,2025-03-15T15:00:00,customer,meeting_notes,invoice reconciliation,We've had to follow up several times and this is starting to become frustrating.
MSG0003087,ACC00314,2025-06-18T09:00:00,customer,support_chat,user provisioning,Thanks for getting this sorted so quickly. Everything is working now.
MSG0003088,ACC00314,2024-05-08T09:00:00,customer,support_chat,renewal terms,We've been getting good value from the platform and adoption is steady.
MSG0003089,ACC00314,2025-08-12T08:00:00,customer,support_chat,workflow automation,Thanks for getting this sorted so quickly. Everything is working now.
MSG0003090,ACC00314,2025-07-13T18:00:00,customer,email,workflow automation,This has been affecting the team for a while and we need a clearer resolution.
MSG0003091,ACC00314,2025-07-03T14:00:00,agent,support_chat,integration errors,We're reviewing the latest changes and have a few questions.
MSG0003092,ACC00314,2024-10-18T15:00:00,customer,support_chat,user provisioning,We've been getting good value from the platform and adoption is steady.
MSG0003093,ACC00314,2025-03-08T18:00:00,customer,support_chat,workflow automation,We've had to follow up several times and this is starting to become frustrating.
MSG0003094,ACC00314,2024-10-07T13:00:00,customer,meeting_notes,invoice reconciliation,We're still evaluating the change internally.
MSG0003095,ACC00314,2025-07-22T18:00:00,customer,meeting_notes,invoice reconciliation,"The workflow is mostly fine, although there are a couple of things we'd like improved."
MSG0003096,ACC00315,2024-10-06T17:00:00,customer,support_chat,dashboard performance,The reporting changes are useful and the team is happy with them.
MSG0003097,ACC00315,2025-02-06T14:00:00,agent,support_chat,data synchronization,"The workflow is mostly fine, although there are a couple of things we'd like improved."
MSG0003098,ACC00315,2024-10-01T09:00:00,agent,email,integration errors,We're still evaluating the change internally.
MSG0003099,ACC00315,2024-10-10T08:00:00,customer,email,data synchronization,The reporting changes are useful and the team is happy with them.
MSG0003100,ACC00315,2024-12-20T12:00:00,agent,support_chat,API reliability,Thanks for getting this sorted so quickly. Everything is working now.
MSG0003101,ACC00315,2024-01-14T15:00:00,customer,email,invoice reconciliation,This has been affecting the team for a while and we need a clearer resolution.
MSG0003102,ACC00315,2024-05-02T11:00:00,customer,email,usage reporting,We've been getting good value from the platform and adoption is steady.
MSG0003103,ACC00315,2025-01-21T13:00:00,agent,email,API reliability,Thanks for getting this sorted so quickly. Everything is working now.
MSG0003104,ACC00315,2024-04-08T10:00:00,agent,support_chat,usage reporting,The reporting changes are useful and the team is happy with them.
MSG0003105,ACC00315,2024-06-10T12:00:00,customer,email,workflow automation,We've been getting good value from the platform and adoption is steady.
MSG0003106,ACC00315,2024-04-16T17:00:00,customer,email,permissions,Thanks for getting this sorted so quickly. Everything is working now.
MSG0003107,ACC00315,2025-08-23T11:00:00,customer,meeting_notes,billing configuration,This has been affecting the team for a while and we need a clearer resolution.
MSG0003108,ACC00316,2024-02-23T08:00:00,customer,support_chat,mobile access,We're reviewing the latest changes and have a few questions.
MSG0003109,ACC00316,2024-03-11T15:00:00,agent,meeting_notes,user provisioning,We're reviewing the latest changes and have a few questions.
MSG0003110,ACC00316,2025-03-24T18:00:00,customer,meeting_notes,usage reporting,We've been getting good value from the platform and adoption is steady.
MSG0003111,ACC00316,2024-07-21T10:00:00,customer,email,user provisioning,"The workflow is mostly fine, although there are a couple of things we'd like improved."
MSG0003112,ACC00316,2025-08-05T10:00:00,agent,support_chat,report exports,"The workflow is mostly fine, although there are a couple of things we'd like improved."
MSG0003113,ACC00316,2024-02-20T09:00:00,agent,email,workflow automation,We're reviewing the latest changes and have a few questions.
MSG0003114,ACC00316,2025-01-06T13:00:00,agent,email,SSO,"The workflow is mostly fine, although there are a couple of things we'd like improved."
MSG0003115,ACC00316,2024-01-03T17:00:00,customer,email,integration errors,The latest release has made the workflow much easier for our team.
MSG0003116,ACC00316,2025-08-13T15:00:00,customer,email,integration errors,"The workflow is mostly fine, although there are a couple of things we'd like improved."
MSG0003117,ACC00316,2025-01-13T15:00:00,customer,meeting_notes,integration errors,We've been getting good value from the platform and adoption is steady.
MSG0003118,ACC00317,2024-02-26T17:00:00,customer,support_chat,invoice reconciliation,We've had to follow up several times and this is starting to become frustrating.
MSG0003119,ACC00318,2025-03-17T18:00:00,customer,meeting_notes,usage reporting,"The workflow is mostly fine, although there are a couple of things we'd like improved."
MSG0003120,ACC00318,2025-09-15T09:00:00,customer,email,data synchronization,Thanks for getting this sorted so quickly. Everything is working now.
MSG0003121,ACC00318,2024-12-11T12:00:00,customer,meeting_notes,usage reporting,Thanks for getting this sorted so quickly. Everything is working now.
MSG0003122,ACC00318,2025-04-06T17:00:00,customer,support_chat,mobile access,We're still evaluating the change internally.
MSG0003123,ACC00318,2025-01-09T17:00:00,customer,email,API reliability,We've been getting good value from the platform and adoption is steady.
MSG0003124,ACC00318,2024-07-24T16:00:00,customer,email,data synchronization,We're still evaluating the change internally.
MSG0003125,ACC00318,2024-11-17T17:00:00,agent,support_chat,dashboard performance,This has been affecting the team for a while and we need a clearer resolution.
MSG0003126,ACC00318,2024-02-06T14:00:00,agent,support_chat,renewal terms,We're reviewing the latest changes and have a few questions.
MSG0003127,ACC00318,2025-10-03T16:00:00,customer,email,dashboard performance,"The workflow is mostly fine, although there are a couple of things we'd like improved."
MSG0003128,ACC00318,2024-12-08T15:00:00,customer,meeting_notes,user provisioning,The reporting changes are useful and the team is happy with them.
MSG0003129,ACC00319,2024-04-14T09:00:00,customer,support_chat,SSO,We've had to follow up several times and this is starting to become frustrating.
MSG0003130,ACC00319,2024-10-16T10:00:00,agent,meeting_notes,mobile access,We're still evaluating the change internally.
MSG0003131,ACC00319,2025-11-03T17:00:00,agent,meeting_notes,usage reporting,We've had to follow up several times and this is starting to become frustrating.
MSG0003132,ACC00319,2024-03-11T12:00:00,customer,email,permissions,We've had to follow up several times and this is starting to become frustrating.
MSG0003133,ACC00319,2024-01-07T09:00:00,customer,support_chat,usage reporting,The latest release has made the workflow much easier for our team.
MSG0003134,ACC00319,2025-03-08T09:00:00,customer,email,integration errors,"The workflow is mostly fine, although there are a couple of things we'd like improved."
MSG0003135,ACC00319,2025-04-11T13:00:00,customer,email,report exports,"The workflow is mostly fine, although there are a couple of things we'd like improved."
MSG0003136,ACC00319,2024-01-07T12:00:00,agent,support_chat,mobile access,The latest release has made the workflow much easier for our team.
MSG0003137,ACC00319,2025-05-10T12:00:00,customer,support_chat,permissions,We've had to follow up several times and this is starting to become frustrating.
MSG0003138,ACC00319,2025-03-08T09:00:00,customer,meeting_notes,renewal terms,This has been affecting the team for a while and we need a clearer resolution.
MSG0003139,ACC00319,2025-03-18T13:00:00,customer,support_chat,user provisioning,The reporting changes are useful and the team is happy with them.
MSG0003140,ACC00319,2025-05-06T11:00:00,customer,meeting_notes,billing configuration,We're still evaluating the change internally.
MSG0003141,ACC00319,2025-11-16T13:00:00,customer,email,permissions,We're still evaluating the change internally.
MSG0003142,ACC00319,2025-07-12T11:00:00,customer,email,API reliability,"The workflow is mostly fine, although there are a couple of things we'd like improved."
MSG0003143,ACC00320,2024-02-20T12:00:00,customer,email,permissions,We're still evaluating the change internally.
MSG0003144,ACC00320,2024-01-12T09:00:00,customer,support_chat,renewal terms,We're still evaluating the change internally.
MSG0003145,ACC00320,2024-06-13T11:00:00,customer,email,invoice reconciliation,We're still evaluating the change internally.
MSG0003146,ACC00320,2024-11-11T11:00:00,customer,email,API reliability,The reporting changes are useful and the team is happy with them.
MSG0003147,ACC00320,2024-11-16T08:00:00,customer,support_chat,API reliability,Thanks for getting this sorted so quickly. Everything is working now.
MSG0003148,ACC00320,2024-11-25T08:00:00,customer,email,user provisioning,This has been affecting the team for a while and we need a clearer resolution.
MSG0003149,ACC00320,2024-04-04T11:00:00,customer,meeting_notes,integration errors,The reporting changes are useful and the team is happy with them.
MSG0003150,ACC00320,2024-05-01T09:00:00,customer,support_chat,billing configuration,"The workflow is mostly fine, although there are a couple of things we'd like improved."
MSG0003151,ACC00320,2024-01-10T11:00:00,customer,support_chat,renewal terms,The latest release has made the workflow much easier for our team.
MSG0003152,ACC00320,2024-07-27T10:00:00,agent,email,integration errors,"The workflow is mostly fine, although there are a couple of things we'd like improved."
MSG0003153,ACC00320,2024-03-15T11:00:00,agent,email,billing configuration,We've been getting good value from the platform and adoption is steady.
MSG0003154,ACC00321,2024-01-04T15:00:00,customer,meeting_notes,API reliability,We're still evaluating the change internally.
MSG0003155,ACC00321,2024-09-22T12:00:00,customer,meeting_notes,integration errors,"The workflow is mostly fine, although there are a couple of things we'd like improved."
MSG0003156,ACC00321,2024-03-06T11:00:00,customer,email,integration errors,We've had to follow up several times and this is starting to become frustrating.
MSG0003157,ACC00321,2025-03-06T15:00:00,agent,support_chat,user provisioning,"The workflow is mostly fine, although there are a couple of things we'd like improved."
MSG0003158,ACC00321,2025-04-25T16:00:00,agent,meeting_notes,SSO,We're reviewing the latest changes and have a few questions.
MSG0003159,ACC00321,2024-08-04T13:00:00,customer,meeting_notes,usage reporting,"The workflow is mostly fine, although there are a couple of things we'd like improved."
MSG0003160,ACC00321,2024-08-08T12:00:00,customer,email,billing configuration,We've had to follow up several times and this is starting to become frustrating.
MSG0003161,ACC00321,2025-03-02T18:00:00,customer,support_chat,usage reporting,The latest release has made the workflow much easier for our team.
MSG0003162,ACC00321,2025-02-09T09:00:00,customer,meeting_notes,usage reporting,This has been affecting the team for a while and we need a clearer resolution.
MSG0003163,ACC00321,2024-01-17T09:00:00,agent,support_chat,renewal terms,Could you help us understand why this is happening?
MSG0003164,ACC00321,2024-10-08T17:00:00,customer,meeting_notes,SSO,Thanks for getting this sorted so quickly. Everything is working now.
MSG0003165,ACC00321,2024-04-07T11:00:00,customer,meeting_notes,usage reporting,The latest release has made the workflow much easier for our team.
MSG0003166,ACC00321,2024-02-13T15:00:00,customer,meeting_notes,usage reporting,We're still evaluating the change internally.
MSG0003167,ACC00321,2024-02-07T17:00:00,customer,support_chat,user provisioning,The latest release has made the workflow much easier for our team.
MSG0003168,ACC00322,2024-07-25T14:00:00,customer,meeting_notes,API reliability,We're reviewing the latest changes and have a few questions.
MSG0003169,ACC00322,2024-03-15T18:00:00,customer,meeting_notes,mobile access,This has been affecting the team for a while and we need a clearer resolution.
MSG0003170,ACC00322,2024-11-16T15:00:00,customer,support_chat,dashboard performance,We're still evaluating the change internally.
MSG0003171,ACC00322,2024-01-13T08:00:00,customer,email,report exports,This has been affecting the team for a while and we need a clearer resolution.
MSG0003172,ACC00322,2024-02-27T17:00:00,agent,meeting_notes,billing configuration,This has been affecting the team for a while and we need a clearer resolution.
MSG0003173,ACC00322,2024-12-01T17:00:00,agent,support_chat,renewal terms,We've been getting good value from the platform and adoption is steady.
MSG0003174,ACC00322,2024-10-18T12:00:00,agent,meeting_notes,billing configuration,We're still evaluating the change internally.
MSG0003175,ACC00322,2024-01-09T15:00:00,agent,support_chat,renewal terms,Thanks for getting this sorted so quickly. Everything is working now.
MSG0003176,ACC00322,2024-12-16T09:00:00,customer,support_chat,workflow automation,Thanks for getting this sorted so quickly. Everything is working now.
MSG0003177,ACC00323,2024-02-04T17:00:00,customer,email,SSO,The latest release has made the workflow much easier for our team.
MSG0003178,ACC00323,2025-02-13T12:00:00,agent,email,dashboard performance,We've been getting good value from the platform and adoption is steady.
MSG0003179,ACC00323,2024-05-28T11:00:00,customer,support_chat,mobile access,The latest release has made the workflow much easier for our team.
MSG0003180,ACC00323,2024-04-04T17:00:00,customer,meeting_notes,dashboard performance,We're reviewing the latest changes and have a few questions.
MSG0003181,ACC00323,2025-05-18T08:00:00,agent,meeting_notes,workflow automation,We've had to follow up several times and this is starting to become frustrating.
MSG0003182,ACC00323,2024-08-24T14:00:00,customer,meeting_notes,user provisioning,We've been getting good value from the platform and adoption is steady.
MSG0003183,ACC00323,2024-04-06T14:00:00,customer,email,invoice reconciliation,The reporting changes are useful and the team is happy with them.
MSG0003184,ACC00323,2024-12-02T12:00:00,customer,support_chat,workflow automation,This has been affecting the team for a while and we need a clearer resolution.
MSG0003185,ACC00323,2025-03-14T11:00:00,customer,support_chat,renewal terms,This has been affecting the team for a while and we need a clearer resolution.
MSG0003186,ACC00323,2024-05-14T10:00:00,customer,support_chat,API reliability,"The workflow is mostly fine, although there are a couple of things we'd like improved."
MSG0003187,ACC00323,2024-09-04T16:00:00,customer,support_chat,API reliability,This has been affecting the team for a while and we need a clearer resolution.
MSG0003188,ACC00324,2024-10-11T15:00:00,customer,email,renewal terms,"The workflow is mostly fine, although there are a couple of things we'd like improved."
MSG0003189,ACC00324,2024-11-18T14:00:00,agent,support_chat,API reliability,We're still evaluating the change internally.
MSG0003190,ACC00324,2024-04-21T09:00:00,customer,meeting_notes,billing configuration,We're still evaluating the change internally.
MSG0003191,ACC00324,2024-03-06T17:00:00,agent,email,user provisioning,We've had to follow up several times and this is starting to become frustrating.
MSG0003192,ACC00324,2025-08-09T13:00:00,customer,meeting_notes,dashboard performance,Could you help us understand why this is happening?
MSG0003193,ACC00324,2025-06-04T10:00:00,customer,email,SSO,We're reviewing the latest changes and have a few questions.
MSG0003194,ACC00324,2024-06-28T18:00:00,agent,meeting_notes,permissions,The latest release has made the workflow much easier for our team.
MSG0003195,ACC00324,2025-05-16T15:00:00,customer,meeting_notes,usage reporting,Could you help us understand why this is happening?
MSG0003196,ACC00324,2024-05-19T14:00:00,agent,support_chat,workflow automation,This has been affecting the team for a while and we need a clearer resolution.
MSG0003197,ACC00324,2024-06-03T13:00:00,customer,email,API reliability,The latest release has made the workflow much easier for our team.
MSG0003198,ACC00324,2024-09-12T09:00:00,agent,meeting_notes,workflow automation,The latest release has made the workflow much easier for our team.
MSG0003199,ACC00324,2025-12-07T13:00:00,customer,email,user provisioning,Thanks for getting this sorted so quickly. Everything is working now.
MSG0003200,ACC00324,2024-07-07T11:00:00,agent,meeting_notes,workflow automation,We've had to follow up several times and this is starting to become frustrating.
MSG0003201,ACC00324,2024-01-02T08:00:00,agent,email,API reliability,We're still evaluating the change internally.
MSG0003202,ACC00324,2024-07-04T17:00:00,customer,email,dashboard performance,We've had to follow up several times and this is starting to become frustrating.
MSG0003203,ACC00324,2024-12-05T08:00:00,agent,support_chat,API reliability,Could you help us understand why this is happening?
MSG0003204,ACC00324,2025-06-15T18:00:00,agent,email,mobile access,We're reviewing the latest changes and have a few questions.
MSG0003205,ACC00324,2024-12-25T09:00:00,agent,support_chat,workflow automation,This has been affecting the team for a while and we need a clearer resolution.
MSG0003206,ACC00325,2025-04-18T13:00:00,customer,email,invoice reconciliation,This has been affecting the team for a while and we need a clearer resolution.
MSG0003207,ACC00325,2025-01-19T14:00:00,customer,meeting_notes,report exports,"The workflow is mostly fine, although there are a couple of things we'd like improved."
MSG0003208,ACC00325,2025-07-07T18:00:00,customer,support_chat,invoice reconciliation,The reporting changes are useful and the team is happy with them.
MSG0003209,ACC00325,2025-01-04T10:00:00,customer,meeting_notes,workflow automation,The reporting changes are useful and the team is happy with them.
MSG0003210,ACC00325,2024-09-26T14:00:00,customer,meeting_notes,billing configuration,We've been getting good value from the platform and adoption is steady.
MSG0003211,ACC00325,2025-04-05T10:00:00,agent,meeting_notes,workflow automation,We're reviewing the latest changes and have a few questions.
MSG0003212,ACC00325,2025-07-11T16:00:00,customer,meeting_notes,billing configuration,We're reviewing the latest changes and have a few questions.
MSG0003213,ACC00325,2024-08-17T10:00:00,customer,support_chat,user provisioning,The reporting changes are useful and the team is happy with them.
MSG0003214,ACC00325,2025-04-22T18:00:00,agent,support_chat,invoice reconciliation,Could you help us understand why this is happening?
MSG0003215,ACC00325,2024-01-28T08:00:00,agent,support_chat,mobile access,Could you help us understand why this is happening?
MSG0003216,ACC00325,2024-12-25T12:00:00,agent,email,permissions,Could you help us understand why this is happening?
MSG0003217,ACC00325,2025-07-23T15:00:00,customer,meeting_notes,invoice reconciliation,We're still evaluating the change internally.
MSG0003218,ACC00326,2024-01-19T15:00:00,agent,support_chat,API reliability,The reporting changes are useful and the team is happy with them.
MSG0003219,ACC00326,2024-03-10T17:00:00,agent,support_chat,mobile access,"The workflow is mostly fine, although there are a couple of things we'd like improved."
MSG0003220,ACC00326,2024-07-14T18:00:00,agent,support_chat,integration errors,We've been getting good value from the platform and adoption is steady.
MSG0003221,ACC00326,2024-11-19T15:00:00,agent,email,dashboard performance,We've had to follow up several times and this is starting to become frustrating.
MSG0003222,ACC00326,2024-04-05T15:00:00,customer,support_chat,usage reporting,We're reviewing the latest changes and have a few questions.
MSG0003223,ACC00326,2024-01-11T08:00:00,agent,support_chat,data synchronization,We're reviewing the latest changes and have a few questions.
MSG0003224,ACC00326,2024-03-28T17:00:00,customer,email,API reliability,We're still evaluating the change internally.
MSG0003225,ACC00326,2024-05-16T10:00:00,customer,support_chat,workflow automation,We're still evaluating the change internally.
MSG0003226,ACC00327,2024-10-02T16:00:00,customer,email,invoice reconciliation,Thanks for getting this sorted so quickly. Everything is working now.
MSG0003227,ACC00327,2024-04-11T09:00:00,customer,meeting_notes,dashboard performance,Could you help us understand why this is happening?
MSG0003228,ACC00327,2024-02-23T08:00:00,customer,email,integration errors,"The workflow is mostly fine, although there are a couple of things we'd like improved."
MSG0003229,ACC00327,2024-02-03T10:00:00,customer,support_chat,billing configuration,We're still evaluating the change internally.
MSG0003230,ACC00327,2024-02-05T11:00:00,agent,email,permissions,We're reviewing the latest changes and have a few questions.
MSG0003231,ACC00327,2024-03-12T15:00:00,agent,support_chat,data synchronization,Could you help us understand why this is happening?
MSG0003232,ACC00328,2024-03-19T08:00:00,agent,support_chat,dashboard performance,Thanks for getting this sorted so quickly. Everything is working now.
MSG0003233,ACC00328,2024-02-13T10:00:00,customer,meeting_notes,integration errors,We've been getting good value from the platform and adoption is steady.
MSG0003234,ACC00328,2024-08-02T14:00:00,customer,support_chat,integration errors,Could you help us understand why this is happening?
MSG0003235,ACC00328,2024-06-10T09:00:00,customer,meeting_notes,usage reporting,We've been getting good value from the platform and adoption is steady.
MSG0003236,ACC00328,2024-08-17T12:00:00,customer,meeting_notes,API reliability,We've had to follow up several times and this is starting to become frustrating.
MSG0003237,ACC00329,2024-07-04T14:00:00,agent,meeting_notes,SSO,"The workflow is mostly fine, although there are a couple of things we'd like improved."
MSG0003238,ACC00329,2024-01-22T18:00:00,customer,email,data synchronization,We've had to follow up several times and this is starting to become frustrating.
MSG0003239,ACC00329,2024-04-28T09:00:00,customer,meeting_notes,SSO,The latest release has made the workflow much easier for our team.
MSG0003240,ACC00330,2024-06-04T11:00:00,agent,meeting_notes,API reliability,"The workflow is mostly fine, although there are a couple of things we'd like improved."
MSG0003241,ACC00330,2024-03-16T16:00:00,customer,meeting_notes,invoice reconciliation,"The workflow is mostly fine, although there are a couple of things we'd like improved."
MSG0003242,ACC00331,2024-06-19T17:00:00,customer,email,user provisioning,The latest release has made the workflow much easier for our team.
MSG0003243,ACC00331,2025-06-24T10:00:00,customer,support_chat,renewal terms,The latest release has made the workflow much easier for our team.
MSG0003244,ACC00331,2024-11-13T18:00:00,customer,meeting_notes,user provisioning,This has been affecting the team for a while and we need a clearer resolution.
MSG0003245,ACC00331,2025-03-02T15:00:00,customer,email,permissions,Thanks for getting this sorted so quickly. Everything is working now.
MSG0003246,ACC00331,2024-07-10T18:00:00,agent,email,renewal terms,We're reviewing the latest changes and have a few questions.
MSG0003247,ACC00331,2025-04-14T08:00:00,customer,support_chat,billing configuration,We're still evaluating the change internally.
MSG0003248,ACC00331,2025-02-05T10:00:00,customer,support_chat,data synchronization,This has been affecting the team for a while and we need a clearer resolution.
MSG0003249,ACC00331,2025-09-06T15:00:00,customer,support_chat,mobile access,We're still evaluating the change internally.
MSG0003250,ACC00331,2025-05-16T08:00:00,customer,support_chat,integration errors,"The workflow is mostly fine, although there are a couple of things we'd like improved."
MSG0003251,ACC00331,2024-03-24T11:00:00,customer,meeting_notes,renewal terms,Thanks for getting this sorted so quickly. Everything is working now.
MSG0003252,ACC00331,2024-05-24T11:00:00,agent,support_chat,permissions,We're still evaluating the change internally.
MSG0003253,ACC00332,2024-02-01T15:00:00,customer,meeting_notes,API reliability,We've been getting good value from the platform and adoption is steady.
MSG0003254,ACC00332,2024-04-22T16:00:00,agent,support_chat,workflow automation,Could you help us understand why this is happening?
MSG0003255,ACC00332,2024-07-10T17:00:00,customer,support_chat,report exports,The latest release has made the workflow much easier for our team.
MSG0003256,ACC00332,2025-02-06T15:00:00,customer,support_chat,mobile access,The reporting changes are useful and the team is happy with them.
MSG0003257,ACC00332,2024-12-10T08:00:00,agent,support_chat,dashboard performance,Could you help us understand why this is happening?
MSG0003258,ACC00332,2024-12-07T15:00:00,customer,email,permissions,The reporting changes are useful and the team is happy with them.
MSG0003259,ACC00332,2024-05-05T16:00:00,customer,email,integration errors,This has been affecting the team for a while and we need a clearer resolution.
MSG0003260,ACC00332,2025-06-24T15:00:00,agent,support_chat,usage reporting,"The workflow is mostly fine, although there are a couple of things we'd like improved."
MSG0003261,ACC00332,2025-09-08T13:00:00,customer,meeting_notes,mobile access,We're reviewing the latest changes and have a few questions.
MSG0003262,ACC00332,2024-10-23T15:00:00,agent,meeting_notes,mobile access,The latest release has made the workflow much easier for our team.
MSG0003263,ACC00332,2024-05-03T18:00:00,customer,email,usage reporting,We're still evaluating the change internally.
MSG0003264,ACC00332,2024-06-22T15:00:00,customer,email,permissions,We've been getting good value from the platform and adoption is steady.
MSG0003265,ACC00332,2024-03-21T09:00:00,agent,support_chat,API reliability,Thanks for getting this sorted so quickly. Everything is working now.
MSG0003266,ACC00332,2024-01-16T08:00:00,agent,support_chat,usage reporting,This has been affecting the team for a while and we need a clearer resolution.
MSG0003267,ACC00332,2024-04-10T14:00:00,agent,email,permissions,Thanks for getting this sorted so quickly. Everything is working now.
MSG0003268,ACC00333,2024-04-11T16:00:00,customer,meeting_notes,SSO,Thanks for getting this sorted so quickly. Everything is working now.
MSG0003269,ACC00333,2024-10-07T17:00:00,customer,support_chat,API reliability,The reporting changes are useful and the team is happy with them.
MSG0003270,ACC00333,2024-02-19T08:00:00,customer,meeting_notes,workflow automation,We've had to follow up several times and this is starting to become frustrating.
MSG0003271,ACC00333,2025-04-15T13:00:00,agent,support_chat,integration errors,Could you help us understand why this is happening?
MSG0003272,ACC00333,2025-08-21T11:00:00,customer,meeting_notes,user provisioning,"The workflow is mostly fine, although there are a couple of things we'd like improved."
MSG0003273,ACC00333,2025-05-08T11:00:00,agent,meeting_notes,integration errors,The latest release has made the workflow much easier for our team.
MSG0003274,ACC00333,2024-07-08T13:00:00,customer,meeting_notes,user provisioning,The reporting changes are useful and the team is happy with them.
MSG0003275,ACC00333,2024-04-26T08:00:00,customer,meeting_notes,permissions,This has been affecting the team for a while and we need a clearer resolution.
MSG0003276,ACC00333,2025-04-21T13:00:00,customer,support_chat,invoice reconciliation,The reporting changes are useful and the team is happy with them.
MSG0003277,ACC00333,2025-11-17T17:00:00,agent,meeting_notes,usage reporting,"The workflow is mostly fine, although there are a couple of things we'd like improved."
MSG0003278,ACC00333,2024-08-01T18:00:00,customer,support_chat,renewal terms,We've had to follow up several times and this is starting to become frustrating.
MSG0003279,ACC00333,2024-09-26T09:00:00,customer,meeting_notes,usage reporting,Thanks for getting this sorted so quickly. Everything is working now.
MSG0003280,ACC00333,2025-09-03T13:00:00,customer,support_chat,integration errors,"The workflow is mostly fine, although there are a couple of things we'd like improved."
MSG0003281,ACC00333,2024-06-02T17:00:00,agent,support_chat,permissions,We've had to follow up several times and this is starting to become frustrating.
MSG0003282,ACC00333,2024-06-02T10:00:00,customer,email,invoice reconciliation,We're still evaluating the change internally.
MSG0003283,ACC00333,2024-05-19T14:00:00,customer,email,report exports,We've been getting good value from the platform and adoption is steady.
MSG0003284,ACC00334,2024-02-09T11:00:00,customer,meeting_notes,billing configuration,We're still evaluating the change internally.
MSG0003285,ACC00334,2024-10-06T08:00:00,customer,support_chat,integration errors,We've had to follow up several times and this is starting to become frustrating.
MSG0003286,ACC00334,2024-07-13T10:00:00,customer,meeting_notes,data synchronization,We've had to follow up several times and this is starting to become frustrating.
MSG0003287,ACC00334,2024-07-13T11:00:00,customer,meeting_notes,dashboard performance,The invoice amount doesn't match our purchase order. Can someone review it?
MSG0003288,ACC00334,2024-05-28T13:00:00,agent,meeting_notes,data synchronization,We've had to follow up several times and this is starting to become frustrating.
MSG0003289,ACC00334,2024-11-05T14:00:00,customer,email,usage reporting,The invoice amount doesn't match our purchase order. Can someone review it?
MSG0003290,ACC00334,2024-08-20T15:00:00,agent,support_chat,data synchronization,Our payment was rejected again and we'd like help resolving the billing issue.
MSG0003291,ACC00335,2024-05-20T10:00:00,agent,email,mobile access,We're still evaluating the change internally.
MSG0003292,ACC00335,2025-04-11T17:00:00,customer,support_chat,SSO,We're reviewing the latest changes and have a few questions.
MSG0003293,ACC00335,2024-06-08T09:00:00,agent,meeting_notes,integration errors,Thanks for getting this sorted so quickly. Everything is working now.
MSG0003294,ACC00335,2024-07-26T14:00:00,customer,meeting_notes,renewal terms,We're still evaluating the change internally.
MSG0003295,ACC00335,2024-07-04T14:00:00,customer,email,dashboard performance,The reporting changes are useful and the team is happy with them.
MSG0003296,ACC00335,2024-02-04T10:00:00,customer,email,report exports,We're still evaluating the change internally.
MSG0003297,ACC00335,2025-03-21T18:00:00,customer,support_chat,user provisioning,Could you help us understand why this is happening?
MSG0003298,ACC00335,2024-07-03T11:00:00,customer,email,invoice reconciliation,Could you help us understand why this is happening?
MSG0003299,ACC00335,2024-05-08T14:00:00,customer,email,renewal terms,We're reviewing the latest changes and have a few questions.
MSG0003300,ACC00335,2024-05-10T08:00:00,customer,support_chat,user provisioning,"The workflow is mostly fine, although there are a couple of things we'd like improved."
MSG0003301,ACC00335,2024-09-25T15:00:00,customer,email,billing configuration,We're still evaluating the change internally.
MSG0003302,ACC00336,2024-02-21T18:00:00,customer,meeting_notes,usage reporting,"The workflow is mostly fine, although there are a couple of things we'd like improved."
MSG0003303,ACC00336,2024-03-19T10:00:00,customer,support_chat,dashboard performance,Thanks for getting this sorted so quickly. Everything is working now.
MSG0003304,ACC00336,2024-06-18T08:00:00,agent,meeting_notes,renewal terms,This has been affecting the team for a while and we need a clearer resolution.
MSG0003305,ACC00336,2024-08-15T17:00:00,customer,support_chat,dashboard performance,We're considering reducing the footprint at renewal unless things improve.
MSG0003306,ACC00336,2024-01-20T10:00:00,agent,email,billing configuration,Thanks for getting this sorted so quickly. Everything is working now.
MSG0003307,ACC00336,2024-04-27T12:00:00,agent,meeting_notes,permissions,We're reviewing the latest changes and have a few questions.
MSG0003308,ACC00337,2024-05-20T13:00:00,agent,email,permissions,This has been affecting the team for a while and we need a clearer resolution.
MSG0003309,ACC00337,2025-04-18T18:00:00,agent,meeting_notes,API reliability,We've had to follow up several times and this is starting to become frustrating.
MSG0003310,ACC00337,2024-04-11T13:00:00,agent,email,data synchronization,We've been getting good value from the platform and adoption is steady.
MSG0003311,ACC00337,2024-02-28T17:00:00,agent,support_chat,API reliability,This has been affecting the team for a while and we need a clearer resolution.
MSG0003312,ACC00337,2024-12-14T15:00:00,customer,support_chat,invoice reconciliation,This has been affecting the team for a while and we need a clearer resolution.
MSG0003313,ACC00337,2024-12-20T10:00:00,customer,support_chat,usage reporting,We're still evaluating the change internally.
MSG0003314,ACC00337,2025-12-07T09:00:00,customer,support_chat,data synchronization,The latest release has made the workflow much easier for our team.
MSG0003315,ACC00337,2025-12-02T11:00:00,customer,email,mobile access,We're reviewing the latest changes and have a few questions.
MSG0003316,ACC00337,2024-01-20T17:00:00,customer,email,user provisioning,Could you help us understand why this is happening?
MSG0003317,ACC00337,2024-05-22T14:00:00,customer,meeting_notes,integration errors,We've been getting good value from the platform and adoption is steady.
MSG0003318,ACC00337,2024-07-03T13:00:00,customer,support_chat,dashboard performance,We've been getting good value from the platform and adoption is steady.
MSG0003319,ACC00338,2024-01-22T15:00:00,agent,meeting_notes,workflow automation,We've had to follow up several times and this is starting to become frustrating.
MSG0003320,ACC00338,2024-06-28T08:00:00,customer,email,dashboard performance,The reporting changes are useful and the team is happy with them.
MSG0003321,ACC00338,2024-03-20T16:00:00,customer,meeting_notes,permissions,Thanks for getting this sorted so quickly. Everything is working now.
MSG0003322,ACC00338,2024-05-26T13:00:00,agent,email,data synchronization,The latest release has made the workflow much easier for our team.
MSG0003323,ACC00338,2024-01-16T10:00:00,customer,email,billing configuration,We're still evaluating the change internally.
MSG0003324,ACC00339,2024-01-21T17:00:00,customer,email,dashboard performance,We're still evaluating the change internally.
MSG0003325,ACC00339,2024-01-21T17:00:00,customer,support_chat,renewal terms,"The workflow is mostly fine, although there are a couple of things we'd like improved."
MSG0003326,ACC00339,2024-09-28T09:00:00,agent,email,usage reporting,The reporting changes are useful and the team is happy with them.
MSG0003327,ACC00340,2024-09-16T08:00:00,customer,meeting_notes,renewal terms,We've been getting good value from the platform and adoption is steady.
MSG0003328,ACC00340,2024-11-09T16:00:00,customer,meeting_notes,mobile access,This has been affecting the team for a while and we need a clearer resolution.
MSG0003329,ACC00340,2024-11-11T15:00:00,customer,email,invoice reconciliation,We've had to follow up several times and this is starting to become frustrating.
MSG0003330,ACC00340,2024-07-10T10:00:00,customer,support_chat,user provisioning,We've had to follow up several times and this is starting to become frustrating.
MSG0003331,ACC00340,2024-12-23T16:00:00,agent,meeting_notes,report exports,"The workflow is mostly fine, although there are a couple of things we'd like improved."
MSG0003332,ACC00340,2024-11-06T10:00:00,customer,meeting_notes,SSO,Thanks for getting this sorted so quickly. Everything is working now.
MSG0003333,ACC00340,2024-06-13T15:00:00,customer,support_chat,billing configuration,Could you help us understand why this is happening?
MSG0003334,ACC00340,2024-02-27T16:00:00,customer,email,billing configuration,"The workflow is mostly fine, although there are a couple of things we'd like improved."
MSG0003335,ACC00340,2025-04-10T10:00:00,customer,email,API reliability,This has been affecting the team for a while and we need a clearer resolution.
MSG0003336,ACC00340,2025-05-20T17:00:00,customer,email,workflow automation,We've had to follow up several times and this is starting to become frustrating.
MSG0003337,ACC00340,2024-04-19T14:00:00,agent,support_chat,report exports,This has been affecting the team for a while and we need a clearer resolution.
MSG0003338,ACC00341,2024-10-21T16:00:00,customer,support_chat,integration errors,This has been affecting the team for a while and we need a clearer resolution.
MSG0003339,ACC00341,2024-06-21T18:00:00,customer,meeting_notes,mobile access,"The workflow is mostly fine, although there are a couple of things we'd like improved."
MSG0003340,ACC00341,2024-08-02T11:00:00,customer,meeting_notes,usage reporting,The reporting changes are useful and the team is happy with them.
MSG0003341,ACC00341,2024-03-19T09:00:00,customer,support_chat,dashboard performance,We're still evaluating the change internally.
MSG0003342,ACC00341,2024-04-25T14:00:00,customer,meeting_notes,SSO,Thanks for getting this sorted so quickly. Everything is working now.
MSG0003343,ACC00341,2024-07-17T18:00:00,customer,email,report exports,Thanks for getting this sorted so quickly. Everything is working now.
MSG0003344,ACC00342,2025-06-16T11:00:00,customer,support_chat,permissions,The latest release has made the workflow much easier for our team.
MSG0003345,ACC00342,2024-12-06T16:00:00,customer,support_chat,mobile access,"The workflow is mostly fine, although there are a couple of things we'd like improved."
MSG0003346,ACC00342,2024-10-28T09:00:00,customer,email,billing configuration,This has been affecting the team for a while and we need a clearer resolution.
MSG0003347,ACC00342,2025-03-05T08:00:00,agent,support_chat,invoice reconciliation,We've been getting good value from the platform and adoption is steady.
MSG0003348,ACC00342,2024-02-18T08:00:00,agent,email,API reliability,We're still evaluating the change internally.
MSG0003349,ACC00342,2024-08-01T17:00:00,customer,email,user provisioning,We're reviewing the latest changes and have a few questions.
MSG0003350,ACC00342,2024-06-01T09:00:00,customer,meeting_notes,renewal terms,Thanks for getting this sorted so quickly. Everything is working now.
MSG0003351,ACC00342,2024-05-12T08:00:00,customer,meeting_notes,report exports,We've been getting good value from the platform and adoption is steady.
MSG0003352,ACC00342,2024-11-11T17:00:00,agent,support_chat,integration errors,This has been affecting the team for a while and we need a clearer resolution.
MSG0003353,ACC00342,2025-03-07T15:00:00,agent,email,user provisioning,We're reviewing the latest changes and have a few questions.
MSG0003354,ACC00342,2025-03-23T11:00:00,customer,meeting_notes,workflow automation,Could you help us understand why this is happening?
MSG0003355,ACC00342,2025-02-23T09:00:00,customer,email,data synchronization,Thanks for getting this sorted so quickly. Everything is working now.
MSG0003356,ACC00342,2024-03-14T18:00:00,customer,support_chat,usage reporting,We've been getting good value from the platform and adoption is steady.
MSG0003357,ACC00342,2024-02-12T13:00:00,customer,meeting_notes,usage reporting,"The workflow is mostly fine, although there are a couple of things we'd like improved."
MSG0003358,ACC00343,2025-04-08T16:00:00,agent,support_chat,invoice reconciliation,We're reviewing the latest changes and have a few questions.
MSG0003359,ACC00343,2024-04-02T13:00:00,agent,support_chat,SSO,"The workflow is mostly fine, although there are a couple of things we'd like improved."
MSG0003360,ACC00343,2024-10-25T10:00:00,agent,support_chat,API reliability,Thanks for getting this sorted so quickly. Everything is working now.
MSG0003361,ACC00343,2025-09-16T14:00:00,customer,meeting_notes,API reliability,Thanks for getting this sorted so quickly. Everything is working now.
MSG0003362,ACC00343,2025-07-23T10:00:00,agent,support_chat,mobile access,The latest release has made the workflow much easier for our team.
MSG0003363,ACC00343,2024-12-10T10:00:00,agent,support_chat,renewal terms,Thanks for getting this sorted so quickly. Everything is working now.
MSG0003364,ACC00343,2024-06-12T08:00:00,agent,email,dashboard performance,We've been getting good value from the platform and adoption is steady.
MSG0003365,ACC00343,2025-08-18T15:00:00,agent,meeting_notes,usage reporting,"The workflow is mostly fine, although there are a couple of things we'd like improved."
MSG0003366,ACC00343,2024-07-06T10:00:00,customer,support_chat,SSO,We've had to follow up several times and this is starting to become frustrating.
MSG0003367,ACC00343,2024-02-26T12:00:00,customer,meeting_notes,mobile access,We've been getting good value from the platform and adoption is steady.
MSG0003368,ACC00343,2025-04-27T15:00:00,agent,email,invoice reconciliation,This has been affecting the team for a while and we need a clearer resolution.
MSG0003369,ACC00343,2025-09-01T13:00:00,agent,email,data synchronization,We've been getting good value from the platform and adoption is steady.
MSG0003370,ACC00343,2024-02-19T12:00:00,customer,email,renewal terms,This has been affecting the team for a while and we need a clearer resolution.
MSG0003371,ACC00344,2024-03-24T15:00:00,customer,support_chat,billing configuration,Thanks for getting this sorted so quickly. Everything is working now.
MSG0003372,ACC00344,2024-02-14T15:00:00,agent,email,invoice reconciliation,The latest release has made the workflow much easier for our team.
MSG0003373,ACC00344,2024-02-14T14:00:00,agent,support_chat,dashboard performance,Thanks for getting this sorted so quickly. Everything is working now.
MSG0003374,ACC00345,2024-01-27T14:00:00,agent,meeting_notes,usage reporting,We've had to follow up several times and this is starting to become frustrating.
MSG0003375,ACC00345,2024-02-27T14:00:00,customer,meeting_notes,invoice reconciliation,Thanks for getting this sorted so quickly. Everything is working now.
MSG0003376,ACC00345,2024-04-27T11:00:00,customer,meeting_notes,user provisioning,The latest release has made the workflow much easier for our team.
MSG0003377,ACC00345,2024-05-10T10:00:00,agent,support_chat,invoice reconciliation,We're reviewing the latest changes and have a few questions.
MSG0003378,ACC00345,2024-09-17T14:00:00,agent,meeting_notes,permissions,"The workflow is mostly fine, although there are a couple of things we'd like improved."
MSG0003379,ACC00345,2024-04-18T15:00:00,customer,email,permissions,Could you help us understand why this is happening?
MSG0003380,ACC00346,2025-05-28T15:00:00,customer,meeting_notes,workflow automation,We've been getting good value from the platform and adoption is steady.
MSG0003381,ACC00346,2025-11-02T10:00:00,agent,meeting_notes,invoice reconciliation,The reporting changes are useful and the team is happy with them.
MSG0003382,ACC00346,2025-07-23T10:00:00,customer,email,workflow automation,We've been getting good value from the platform and adoption is steady.
MSG0003383,ACC00346,2025-11-02T11:00:00,customer,email,workflow automation,The latest release has made the workflow much easier for our team.
MSG0003384,ACC00346,2024-06-22T18:00:00,customer,meeting_notes,report exports,Thanks for getting this sorted so quickly. Everything is working now.
MSG0003385,ACC00346,2025-08-21T14:00:00,agent,email,workflow automation,We've had to follow up several times and this is starting to become frustrating.
MSG0003386,ACC00346,2024-12-19T11:00:00,agent,meeting_notes,SSO,We've had to follow up several times and this is starting to become frustrating.
MSG0003387,ACC00346,2025-01-07T10:00:00,customer,email,mobile access,Could you help us understand why this is happening?
MSG0003388,ACC00346,2025-01-18T18:00:00,agent,support_chat,report exports,Thanks for getting this sorted so quickly. Everything is working now.
MSG0003389,ACC00346,2025-08-08T17:00:00,agent,email,invoice reconciliation,We've had to follow up several times and this is starting to become frustrating.
MSG0003390,ACC00346,2024-10-19T16:00:00,agent,email,data synchronization,Could you help us understand why this is happening?
MSG0003391,ACC00346,2025-03-07T14:00:00,agent,support_chat,billing configuration,We're reviewing the latest changes and have a few questions.
MSG0003392,ACC00346,2024-03-12T08:00:00,agent,email,SSO,Thanks for getting this sorted so quickly. Everything is working now.
MSG0003393,ACC00346,2024-05-06T12:00:00,customer,meeting_notes,renewal terms,The reporting changes are useful and the team is happy with them.
MSG0003394,ACC00346,2024-10-12T16:00:00,customer,meeting_notes,renewal terms,We've been getting good value from the platform and adoption is steady.
MSG0003395,ACC00346,2024-12-25T16:00:00,customer,support_chat,invoice reconciliation,Could you help us understand why this is happening?
MSG0003396,ACC00346,2025-07-09T15:00:00,agent,email,mobile access,We've had to follow up several times and this is starting to become frustrating.
MSG0003397,ACC00346,2024-09-15T16:00:00,agent,meeting_notes,invoice reconciliation,We're reviewing the latest changes and have a few questions.
MSG0003398,ACC00347,2025-03-12T09:00:00,customer,email,permissions,The reporting changes are useful and the team is happy with them.
MSG0003399,ACC00347,2024-10-13T16:00:00,agent,email,integration errors,We've been getting good value from the platform and adoption is steady.
MSG0003400,ACC00347,2024-11-05T08:00:00,customer,meeting_notes,API reliability,Could you help us understand why this is happening?
MSG0003401,ACC00347,2025-09-25T15:00:00,agent,email,mobile access,We've had to follow up several times and this is starting to become frustrating.
MSG0003402,ACC00347,2025-08-27T18:00:00,customer,meeting_notes,user provisioning,We're reviewing the latest changes and have a few questions.
MSG0003403,ACC00347,2024-11-11T13:00:00,customer,support_chat,API reliability,We've had to follow up several times and this is starting to become frustrating.
MSG0003404,ACC00347,2024-08-08T14:00:00,customer,meeting_notes,billing configuration,We've been getting good value from the platform and adoption is steady.
MSG0003405,ACC00347,2025-11-03T09:00:00,customer,support_chat,invoice reconciliation,Could you help us understand why this is happening?
MSG0003406,ACC00347,2024-01-13T13:00:00,customer,email,permissions,We're still evaluating the change internally.
MSG0003407,ACC00348,2024-03-03T11:00:00,agent,meeting_notes,invoice reconciliation,This has been affecting the team for a while and we need a clearer resolution.
MSG0003408,ACC00348,2024-07-17T08:00:00,agent,email,workflow automation,The experience lately hasn't been great and we're spending more time working around the product.
MSG0003409,ACC00348,2024-07-05T08:00:00,customer,meeting_notes,data synchronization,We've had to follow up several times and this is starting to become frustrating.
MSG0003410,ACC00348,2024-03-10T17:00:00,customer,email,mobile access,We've had to follow up several times and this is starting to become frustrating.
MSG0003411,ACC00349,2024-03-22T18:00:00,agent,support_chat,dashboard performance,This has been affecting the team for a while and we need a clearer resolution.
MSG0003412,ACC00349,2024-01-02T08:00:00,customer,meeting_notes,invoice reconciliation,The reporting changes are useful and the team is happy with them.
MSG0003413,ACC00349,2024-06-08T11:00:00,agent,email,mobile access,We've been getting good value from the platform and adoption is steady.
MSG0003414,ACC00349,2024-05-19T08:00:00,customer,meeting_notes,permissions,We've been getting good value from the platform and adoption is steady.
MSG0003415,ACC00349,2024-04-26T12:00:00,agent,support_chat,usage reporting,"The workflow is mostly fine, although there are a couple of things we'd like improved."
MSG0003416,ACC00349,2024-11-10T16:00:00,agent,support_chat,permissions,We've been getting good value from the platform and adoption is steady.
MSG0003417,ACC00349,2024-07-17T13:00:00,customer,meeting_notes,user provisioning,We've been getting good value from the platform and adoption is steady.
MSG0003418,ACC00349,2024-04-27T13:00:00,customer,email,usage reporting,We've been getting good value from the platform and adoption is steady.
MSG0003419,ACC00349,2024-04-02T13:00:00,customer,meeting_notes,data synchronization,Could you help us understand why this is happening?
MSG0003420,ACC00350,2024-05-06T17:00:00,customer,support_chat,mobile access,We're reviewing the latest changes and have a few questions.
MSG0003421,ACC00350,2024-08-06T09:00:00,customer,meeting_notes,dashboard performance,Could you help us understand why this is happening?
MSG0003422,ACC00350,2024-10-12T14:00:00,customer,support_chat,billing configuration,This has been affecting the team for a while and we need a clearer resolution.
MSG0003423,ACC00350,2024-03-26T10:00:00,customer,support_chat,invoice reconciliation,The latest release has made the workflow much easier for our team.
MSG0003424,ACC00351,2024-10-23T16:00:00,customer,email,report exports,We've been getting good value from the platform and adoption is steady.
MSG0003425,ACC00352,2025-11-18T08:00:00,agent,meeting_notes,invoice reconciliation,We've had to follow up several times and this is starting to become frustrating.
MSG0003426,ACC00352,2025-09-24T18:00:00,customer,meeting_notes,usage reporting,The latest release has made the workflow much easier for our team.
MSG0003427,ACC00352,2024-05-28T18:00:00,agent,email,SSO,This has been affecting the team for a while and we need a clearer resolution.
MSG0003428,ACC00352,2025-03-20T17:00:00,agent,meeting_notes,user provisioning,We're reviewing the latest changes and have a few questions.
MSG0003429,ACC00352,2024-06-21T14:00:00,customer,email,usage reporting,We're still evaluating the change internally.
MSG0003430,ACC00352,2024-08-14T13:00:00,customer,meeting_notes,integration errors,This has been affecting the team for a while and we need a clearer resolution.
MSG0003431,ACC00352,2025-06-04T16:00:00,agent,meeting_notes,mobile access,Thanks for getting this sorted so quickly. Everything is working now.
MSG0003432,ACC00352,2024-01-24T15:00:00,customer,email,usage reporting,We're reviewing the latest changes and have a few questions.
MSG0003433,ACC00352,2024-06-02T17:00:00,customer,meeting_notes,dashboard performance,We're reviewing the latest changes and have a few questions.
MSG0003434,ACC00352,2025-05-15T10:00:00,customer,email,dashboard performance,The latest release has made the workflow much easier for our team.
MSG0003435,ACC00352,2025-04-01T16:00:00,agent,support_chat,usage reporting,Thanks for getting this sorted so quickly. Everything is working now.
MSG0003436,ACC00352,2025-06-14T10:00:00,agent,support_chat,report exports,We've been getting good value from the platform and adoption is steady.
MSG0003437,ACC00352,2024-08-24T16:00:00,agent,email,permissions,The latest release has made the workflow much easier for our team.
MSG0003438,ACC00352,2025-04-14T11:00:00,agent,support_chat,mobile access,Could you help us understand why this is happening?
MSG0003439,ACC00353,2024-06-20T14:00:00,customer,support_chat,API reliability,We're reviewing the latest changes and have a few questions.
MSG0003440,ACC00353,2024-10-23T17:00:00,customer,support_chat,usage reporting,The reporting changes are useful and the team is happy with them.
MSG0003441,ACC00353,2024-05-05T13:00:00,customer,meeting_notes,API reliability,We're still evaluating the change internally.
MSG0003442,ACC00353,2024-04-06T18:00:00,agent,support_chat,usage reporting,We've been getting good value from the platform and adoption is steady.
MSG0003443,ACC00353,2024-05-01T18:00:00,customer,meeting_notes,user provisioning,We've been getting good value from the platform and adoption is steady.
MSG0003444,ACC00353,2024-08-23T12:00:00,agent,support_chat,user provisioning,We're reviewing the latest changes and have a few questions.
MSG0003445,ACC00353,2024-04-20T13:00:00,agent,support_chat,SSO,The reporting changes are useful and the team is happy with them.
MSG0003446,ACC00354,2024-06-03T17:00:00,customer,email,API reliability,We're reviewing the latest changes and have a few questions.
MSG0003447,ACC00354,2024-08-26T17:00:00,customer,support_chat,integration errors,"The workflow is mostly fine, although there are a couple of things we'd like improved."
MSG0003448,ACC00354,2024-01-06T08:00:00,customer,meeting_notes,billing configuration,The reporting changes are useful and the team is happy with them.
MSG0003449,ACC00354,2024-08-23T18:00:00,customer,email,data synchronization,We're considering reducing the footprint at renewal unless things improve.
MSG0003450,ACC00354,2024-05-19T14:00:00,agent,support_chat,report exports,We're reviewing the latest changes and have a few questions.
MSG0003451,ACC00354,2024-04-15T18:00:00,agent,email,usage reporting,This has been affecting the team for a while and we need a clearer resolution.
MSG0003452,ACC00355,2024-07-14T14:00:00,customer,support_chat,data synchronization,We've had to follow up several times and this is starting to become frustrating.
MSG0003453,ACC00355,2024-06-15T11:00:00,agent,meeting_notes,permissions,Thanks for getting this sorted so quickly. Everything is working now.
MSG0003454,ACC00355,2024-02-10T10:00:00,customer,support_chat,invoice reconciliation,We're reviewing the latest changes and have a few questions.
MSG0003455,ACC00355,2024-10-21T11:00:00,customer,meeting_notes,billing configuration,We're reviewing alternatives because this is becoming difficult to justify internally.
MSG0003456,ACC00355,2025-01-08T16:00:00,agent,email,mobile access,"The workflow is mostly fine, although there are a couple of things we'd like improved."
MSG0003457,ACC00355,2024-07-21T08:00:00,customer,support_chat,dashboard performance,Thanks for getting this sorted so quickly. Everything is working now.
MSG0003458,ACC00355,2025-01-11T08:00:00,agent,email,permissions,I'm concerned that we're not getting the level of support we expected.
MSG0003459,ACC00355,2024-10-18T09:00:00,agent,email,report exports,We're reviewing the latest changes and have a few questions.
MSG0003460,ACC00356,2024-07-14T16:00:00,customer,email,dashboard performance,Could you help us understand why this is happening?
MSG0003461,ACC00356,2024-06-02T13:00:00,agent,support_chat,report exports,The reporting changes are useful and the team is happy with them.
MSG0003462,ACC00356,2024-08-22T16:00:00,agent,meeting_notes,usage reporting,The reporting changes are useful and the team is happy with them.
MSG0003463,ACC00356,2024-01-07T18:00:00,customer,meeting_notes,SSO,The reporting changes are useful and the team is happy with them.
MSG0003464,ACC00356,2024-09-19T14:00:00,customer,meeting_notes,workflow automation,We've had to follow up several times and this is starting to become frustrating.
MSG0003465,ACC00356,2024-03-05T14:00:00,customer,meeting_notes,API reliability,We're reviewing the latest changes and have a few questions.
MSG0003466,ACC00356,2024-01-08T18:00:00,customer,email,dashboard performance,The reporting changes are useful and the team is happy with them.
MSG0003467,ACC00356,2024-07-20T13:00:00,customer,support_chat,integration errors,"The workflow is mostly fine, although there are a couple of things we'd like improved."
MSG0003468,ACC00356,2024-09-11T10:00:00,customer,meeting_notes,renewal terms,"The workflow is mostly fine, although there are a couple of things we'd like improved."
MSG0003469,ACC00357,2025-04-07T18:00:00,customer,meeting_notes,permissions,We're reviewing the latest changes and have a few questions.
MSG0003470,ACC00357,2024-01-06T18:00:00,agent,email,SSO,We've had to follow up several times and this is starting to become frustrating.
MSG0003471,ACC00357,2025-06-26T17:00:00,customer,support_chat,user provisioning,We're still evaluating the change internally.
MSG0003472,ACC00357,2024-08-20T16:00:00,customer,meeting_notes,workflow automation,We've had to follow up several times and this is starting to become frustrating.
MSG0003473,ACC00357,2025-03-27T16:00:00,customer,support_chat,mobile access,Thanks for getting this sorted so quickly. Everything is working now.
MSG0003474,ACC00357,2024-02-22T09:00:00,customer,email,user provisioning,"The workflow is mostly fine, although there are a couple of things we'd like improved."
MSG0003475,ACC00357,2024-05-21T09:00:00,customer,meeting_notes,user provisioning,We've been getting good value from the platform and adoption is steady.
MSG0003476,ACC00357,2025-04-25T12:00:00,customer,support_chat,renewal terms,We're still evaluating the change internally.
MSG0003477,ACC00357,2024-11-17T16:00:00,agent,email,renewal terms,We've been getting good value from the platform and adoption is steady.
MSG0003478,ACC00357,2024-09-14T11:00:00,customer,email,integration errors,"The workflow is mostly fine, although there are a couple of things we'd like improved."
MSG0003479,ACC00358,2024-08-21T10:00:00,customer,email,API reliability,The latest release has made the workflow much easier for our team.
MSG0003480,ACC00358,2024-08-03T13:00:00,customer,support_chat,API reliability,The reporting changes are useful and the team is happy with them.
MSG0003481,ACC00358,2024-05-03T08:00:00,agent,support_chat,API reliability,We've been getting good value from the platform and adoption is steady.
MSG0003482,ACC00358,2024-01-17T18:00:00,customer,support_chat,usage reporting,Could you help us understand why this is happening?
MSG0003483,ACC00358,2024-01-15T17:00:00,agent,meeting_notes,workflow automation,The latest release has made the workflow much easier for our team.
MSG0003484,ACC00358,2024-07-23T15:00:00,agent,email,invoice reconciliation,This has been affecting the team for a while and we need a clearer resolution.
MSG0003485,ACC00358,2024-03-02T18:00:00,agent,meeting_notes,integration errors,The latest release has made the workflow much easier for our team.
MSG0003486,ACC00358,2024-08-25T14:00:00,customer,meeting_notes,invoice reconciliation,We've been getting good value from the platform and adoption is steady.
MSG0003487,ACC00359,2025-09-10T15:00:00,agent,support_chat,user provisioning,We're still evaluating the change internally.
MSG0003488,ACC00359,2025-02-21T16:00:00,customer,email,billing configuration,We've been getting good value from the platform and adoption is steady.
MSG0003489,ACC00359,2025-03-01T12:00:00,agent,support_chat,invoice reconciliation,We've had to follow up several times and this is starting to become frustrating.
MSG0003490,ACC00359,2025-10-12T09:00:00,agent,meeting_notes,data synchronization,We've been getting good value from the platform and adoption is steady.
MSG0003491,ACC00359,2025-05-16T17:00:00,agent,support_chat,SSO,We've been getting good value from the platform and adoption is steady.
MSG0003492,ACC00359,2025-04-11T10:00:00,customer,meeting_notes,data synchronization,The latest release has made the workflow much easier for our team.
MSG0003493,ACC00359,2025-06-09T13:00:00,customer,meeting_notes,dashboard performance,Thanks for getting this sorted so quickly. Everything is working now.
MSG0003494,ACC00359,2025-07-16T14:00:00,agent,support_chat,invoice reconciliation,We're still evaluating the change internally.
MSG0003495,ACC00359,2025-10-05T14:00:00,customer,support_chat,report exports,We've been getting good value from the platform and adoption is steady.
MSG0003496,ACC00359,2024-03-23T11:00:00,agent,email,billing configuration,Could you help us understand why this is happening?
MSG0003497,ACC00359,2025-11-14T10:00:00,agent,email,API reliability,We're still evaluating the change internally.
MSG0003498,ACC00359,2024-09-25T16:00:00,customer,email,dashboard performance,We've had to follow up several times and this is starting to become frustrating.
MSG0003499,ACC00359,2024-02-03T16:00:00,agent,email,integration errors,Could you help us understand why this is happening?
MSG0003500,ACC00359,2025-04-19T13:00:00,customer,meeting_notes,permissions,We're reviewing the latest changes and have a few questions.
MSG0003501,ACC00359,2024-02-27T18:00:00,agent,meeting_notes,mobile access,We're still evaluating the change internally.
MSG0003502,ACC00360,2025-11-12T14:00:00,agent,meeting_notes,report exports,We've been getting good value from the platform and adoption is steady.
MSG0003503,ACC00360,2025-09-28T15:00:00,customer,support_chat,user provisioning,This has been affecting the team for a while and we need a clearer resolution.
MSG0003504,ACC00360,2025-10-17T17:00:00,customer,email,dashboard performance,We've had to follow up several times and this is starting to become frustrating.
MSG0003505,ACC00360,2025-04-10T15:00:00,customer,email,renewal terms,Thanks for getting this sorted so quickly. Everything is working now.
MSG0003506,ACC00360,2025-06-27T18:00:00,agent,meeting_notes,SSO,Thanks for getting this sorted so quickly. Everything is working now.
MSG0003507,ACC00360,2024-02-04T11:00:00,customer,meeting_notes,integration errors,We're still evaluating the change internally.
MSG0003508,ACC00360,2025-04-15T16:00:00,customer,email,billing configuration,Could you help us understand why this is happening?
MSG0003509,ACC00360,2024-06-14T13:00:00,customer,support_chat,mobile access,We're still evaluating the change internally.
MSG0003510,ACC00360,2024-06-05T16:00:00,customer,email,usage reporting,We're still evaluating the change internally.
MSG0003511,ACC00360,2025-11-07T09:00:00,customer,meeting_notes,API reliability,We're still evaluating the change internally.
MSG0003512,ACC00361,2024-08-17T15:00:00,customer,support_chat,dashboard performance,The reporting changes are useful and the team is happy with them.
MSG0003513,ACC00361,2025-06-20T09:00:00,agent,support_chat,workflow automation,We're still evaluating the change internally.
MSG0003514,ACC00361,2024-11-11T11:00:00,agent,support_chat,usage reporting,We've had to follow up several times and this is starting to become frustrating.
MSG0003515,ACC00361,2025-03-20T16:00:00,customer,meeting_notes,report exports,The reporting changes are useful and the team is happy with them.
MSG0003516,ACC00361,2024-11-22T14:00:00,customer,email,integration errors,We're reviewing the latest changes and have a few questions.
MSG0003517,ACC00361,2025-04-24T10:00:00,customer,meeting_notes,renewal terms,We're still evaluating the change internally.
MSG0003518,ACC00361,2025-07-25T17:00:00,customer,meeting_notes,SSO,The latest release has made the workflow much easier for our team.
MSG0003519,ACC00361,2025-07-26T15:00:00,customer,meeting_notes,data synchronization,"The workflow is mostly fine, although there are a couple of things we'd like improved."
MSG0003520,ACC00361,2024-10-28T14:00:00,customer,email,invoice reconciliation,The reporting changes are useful and the team is happy with them.
MSG0003521,ACC00361,2025-05-09T10:00:00,customer,meeting_notes,integration errors,Could you help us understand why this is happening?
MSG0003522,ACC00361,2025-02-12T10:00:00,agent,support_chat,mobile access,"The workflow is mostly fine, although there are a couple of things we'd like improved."
MSG0003523,ACC00361,2024-06-18T15:00:00,agent,support_chat,user provisioning,We're still evaluating the change internally.
MSG0003524,ACC00361,2025-08-06T09:00:00,customer,support_chat,report exports,We're reviewing the latest changes and have a few questions.
MSG0003525,ACC00361,2024-09-11T08:00:00,agent,meeting_notes,dashboard performance,This has been affecting the team for a while and we need a clearer resolution.
MSG0003526,ACC00361,2024-07-24T18:00:00,agent,meeting_notes,user provisioning,"The workflow is mostly fine, although there are a couple of things we'd like improved."
MSG0003527,ACC00361,2024-12-28T09:00:00,customer,meeting_notes,invoice reconciliation,We've had to follow up several times and this is starting to become frustrating.
MSG0003528,ACC00362,2024-02-27T08:00:00,customer,support_chat,workflow automation,The reporting changes are useful and the team is happy with them.
MSG0003529,ACC00362,2024-01-26T11:00:00,customer,meeting_notes,mobile access,We've had to follow up several times and this is starting to become frustrating.
MSG0003530,ACC00362,2024-06-09T11:00:00,customer,support_chat,permissions,"The workflow is mostly fine, although there are a couple of things we'd like improved."
MSG0003531,ACC00362,2024-04-27T11:00:00,agent,meeting_notes,data synchronization,The latest release has made the workflow much easier for our team.
MSG0003532,ACC00363,2024-01-24T15:00:00,customer,email,mobile access,We're still evaluating the change internally.
MSG0003533,ACC00363,2024-02-19T09:00:00,customer,email,invoice reconciliation,We've had to follow up several times and this is starting to become frustrating.
MSG0003534,ACC00363,2024-05-19T12:00:00,agent,support_chat,user provisioning,"The workflow is mostly fine, although there are a couple of things we'd like improved."
MSG0003535,ACC00363,2024-10-19T14:00:00,agent,support_chat,report exports,We've been getting good value from the platform and adoption is steady.
MSG0003536,ACC00363,2024-07-16T12:00:00,customer,email,SSO,We've had to follow up several times and this is starting to become frustrating.
MSG0003537,ACC00363,2024-01-22T16:00:00,agent,email,dashboard performance,The latest release has made the workflow much easier for our team.
MSG0003538,ACC00363,2024-08-27T11:00:00,agent,meeting_notes,billing configuration,We've had to follow up several times and this is starting to become frustrating.
MSG0003539,ACC00363,2024-07-03T15:00:00,agent,email,invoice reconciliation,We're still evaluating the change internally.
MSG0003540,ACC00364,2024-04-15T16:00:00,customer,support_chat,billing configuration,"The workflow is mostly fine, although there are a couple of things we'd like improved."
MSG0003541,ACC00364,2025-01-04T18:00:00,customer,email,billing configuration,Thanks for getting this sorted so quickly. Everything is working now.
MSG0003542,ACC00364,2024-03-07T15:00:00,agent,email,API reliability,"The workflow is mostly fine, although there are a couple of things we'd like improved."
MSG0003543,ACC00364,2025-07-07T11:00:00,agent,meeting_notes,billing configuration,We're reviewing the latest changes and have a few questions.
MSG0003544,ACC00364,2024-11-02T11:00:00,customer,support_chat,workflow automation,We're still evaluating the change internally.
MSG0003545,ACC00364,2025-02-18T13:00:00,customer,support_chat,renewal terms,This has been affecting the team for a while and we need a clearer resolution.
MSG0003546,ACC00364,2025-06-10T13:00:00,customer,support_chat,API reliability,Thanks for getting this sorted so quickly. Everything is working now.
MSG0003547,ACC00364,2024-05-24T18:00:00,customer,support_chat,mobile access,Thanks for getting this sorted so quickly. Everything is working now.
MSG0003548,ACC00365,2024-11-09T08:00:00,customer,meeting_notes,dashboard performance,We've had to follow up several times and this is starting to become frustrating.
MSG0003549,ACC00365,2025-07-06T13:00:00,customer,meeting_notes,mobile access,We've been getting good value from the platform and adoption is steady.
MSG0003550,ACC00365,2024-01-27T14:00:00,customer,meeting_notes,renewal terms,Thanks for getting this sorted so quickly. Everything is working now.
MSG0003551,ACC00365,2024-10-18T11:00:00,agent,email,API reliability,We've been getting good value from the platform and adoption is steady.
MSG0003552,ACC00365,2025-02-27T08:00:00,customer,support_chat,usage reporting,We've had to follow up several times and this is starting to become frustrating.
MSG0003553,ACC00365,2025-02-25T16:00:00,agent,support_chat,API reliability,We've been getting good value from the platform and adoption is steady.
MSG0003554,ACC00365,2025-08-25T08:00:00,customer,email,workflow automation,"The workflow is mostly fine, although there are a couple of things we'd like improved."
MSG0003555,ACC00365,2025-04-17T17:00:00,agent,support_chat,report exports,The latest release has made the workflow much easier for our team.
MSG0003556,ACC00365,2024-04-05T18:00:00,customer,meeting_notes,API reliability,We're still evaluating the change internally.
MSG0003557,ACC00365,2025-04-26T17:00:00,customer,meeting_notes,billing configuration,"The workflow is mostly fine, although there are a couple of things we'd like improved."
MSG0003558,ACC00365,2024-05-02T16:00:00,customer,meeting_notes,report exports,Could you help us understand why this is happening?
MSG0003559,ACC00365,2025-03-26T08:00:00,customer,meeting_notes,report exports,We've been getting good value from the platform and adoption is steady.
MSG0003560,ACC00365,2024-06-26T16:00:00,customer,support_chat,API reliability,The reporting changes are useful and the team is happy with them.
MSG0003561,ACC00365,2024-01-01T09:00:00,customer,email,SSO,We're still evaluating the change internally.
MSG0003562,ACC00366,2024-11-02T12:00:00,customer,meeting_notes,user provisioning,We're reviewing the latest changes and have a few questions.
MSG0003563,ACC00366,2024-02-05T08:00:00,agent,support_chat,usage reporting,We're still evaluating the change internally.
MSG0003564,ACC00366,2024-01-05T09:00:00,customer,email,invoice reconciliation,This has been affecting the team for a while and we need a clearer resolution.
MSG0003565,ACC00366,2025-04-08T09:00:00,customer,support_chat,report exports,"The workflow is mostly fine, although there are a couple of things we'd like improved."
MSG0003566,ACC00366,2025-06-01T17:00:00,customer,meeting_notes,permissions,The reporting changes are useful and the team is happy with them.
MSG0003567,ACC00366,2025-07-23T13:00:00,customer,email,data synchronization,We've had to follow up several times and this is starting to become frustrating.
MSG0003568,ACC00366,2025-01-09T13:00:00,customer,meeting_notes,user provisioning,"The workflow is mostly fine, although there are a couple of things we'd like improved."
MSG0003569,ACC00366,2025-06-01T08:00:00,agent,email,mobile access,We're reviewing the latest changes and have a few questions.
MSG0003570,ACC00367,2025-09-12T14:00:00,agent,email,mobile access,"The workflow is mostly fine, although there are a couple of things we'd like improved."
MSG0003571,ACC00367,2024-07-16T12:00:00,customer,support_chat,dashboard performance,The latest release has made the workflow much easier for our team.
MSG0003572,ACC00367,2024-03-15T16:00:00,agent,email,billing configuration,This has been affecting the team for a while and we need a clearer resolution.
MSG0003573,ACC00367,2025-01-14T16:00:00,agent,support_chat,SSO,The latest release has made the workflow much easier for our team.
MSG0003574,ACC00367,2024-09-06T16:00:00,customer,meeting_notes,user provisioning,The latest release has made the workflow much easier for our team.
MSG0003575,ACC00367,2024-04-14T15:00:00,customer,email,report exports,This has been affecting the team for a while and we need a clearer resolution.
MSG0003576,ACC00367,2024-04-14T17:00:00,agent,meeting_notes,data synchronization,The latest release has made the workflow much easier for our team.
MSG0003577,ACC00367,2024-10-27T18:00:00,agent,support_chat,API reliability,We've had to follow up several times and this is starting to become frustrating.
MSG0003578,ACC00367,2024-06-22T14:00:00,customer,support_chat,permissions,We're still evaluating the change internally.
MSG0003579,ACC00367,2024-01-10T11:00:00,customer,email,user provisioning,This has been affecting the team for a while and we need a clearer resolution.
MSG0003580,ACC00367,2024-06-08T12:00:00,agent,email,report exports,We're still evaluating the change internally.
MSG0003581,ACC00367,2024-04-08T18:00:00,customer,support_chat,SSO,We've had to follow up several times and this is starting to become frustrating.
MSG0003582,ACC00367,2024-10-06T08:00:00,agent,meeting_notes,user provisioning,This has been affecting the team for a while and we need a clearer resolution.
MSG0003583,ACC00367,2025-11-05T10:00:00,customer,support_chat,API reliability,This has been affecting the team for a while and we need a clearer resolution.
MSG0003584,ACC00367,2025-01-15T13:00:00,customer,support_chat,mobile access,This has been affecting the team for a while and we need a clearer resolution.
MSG0003585,ACC00367,2025-04-17T13:00:00,customer,support_chat,API reliability,"The workflow is mostly fine, although there are a couple of things we'd like improved."
MSG0003586,ACC00367,2025-07-16T11:00:00,customer,support_chat,integration errors,We've had to follow up several times and this is starting to become frustrating.
MSG0003587,ACC00368,2025-04-15T10:00:00,customer,meeting_notes,permissions,The reporting changes are useful and the team is happy with them.
MSG0003588,ACC00368,2025-11-13T10:00:00,customer,meeting_notes,SSO,Could you help us understand why this is happening?
MSG0003589,ACC00368,2024-06-19T17:00:00,customer,email,mobile access,We're still evaluating the change internally.
MSG0003590,ACC00368,2025-11-21T18:00:00,agent,support_chat,usage reporting,Could you help us understand why this is happening?
MSG0003591,ACC00368,2025-06-18T11:00:00,customer,meeting_notes,integration errors,We've had to follow up several times and this is starting to become frustrating.
MSG0003592,ACC00368,2024-05-23T15:00:00,customer,email,permissions,"The workflow is mostly fine, although there are a couple of things we'd like improved."
MSG0003593,ACC00368,2025-04-20T17:00:00,customer,meeting_notes,mobile access,Could you help us understand why this is happening?
MSG0003594,ACC00368,2025-08-18T10:00:00,customer,support_chat,billing configuration,The reporting changes are useful and the team is happy with them.
MSG0003595,ACC00368,2025-06-01T12:00:00,customer,meeting_notes,invoice reconciliation,The latest release has made the workflow much easier for our team.
MSG0003596,ACC00368,2025-05-15T18:00:00,customer,meeting_notes,user provisioning,This has been affecting the team for a while and we need a clearer resolution.
MSG0003597,ACC00368,2025-02-06T16:00:00,customer,email,dashboard performance,Could you help us understand why this is happening?
MSG0003598,ACC00368,2024-02-05T11:00:00,agent,support_chat,usage reporting,The reporting changes are useful and the team is happy with them.
MSG0003599,ACC00368,2024-02-16T15:00:00,customer,meeting_notes,workflow automation,Thanks for getting this sorted so quickly. Everything is working now.
MSG0003600,ACC00368,2024-08-13T13:00:00,customer,email,workflow automation,We've had to follow up several times and this is starting to become frustrating.
MSG0003601,ACC00369,2024-11-05T09:00:00,agent,support_chat,report exports,"The workflow is mostly fine, although there are a couple of things we'd like improved."
MSG0003602,ACC00369,2024-04-28T17:00:00,customer,meeting_notes,report exports,Thanks for getting this sorted so quickly. Everything is working now.
MSG0003603,ACC00369,2024-02-09T11:00:00,agent,meeting_notes,renewal terms,We're still evaluating the change internally.
MSG0003604,ACC00370,2025-01-23T14:00:00,agent,meeting_notes,mobile access,We're still evaluating the change internally.
MSG0003605,ACC00370,2025-03-28T15:00:00,customer,meeting_notes,data synchronization,This has been affecting the team for a while and we need a clearer resolution.
MSG0003606,ACC00370,2024-08-01T17:00:00,agent,meeting_notes,report exports,"The workflow is mostly fine, although there are a couple of things we'd like improved."
MSG0003607,ACC00370,2025-07-27T15:00:00,agent,email,workflow automation,The experience lately hasn't been great and we're spending more time working around the product.
MSG0003608,ACC00370,2024-02-17T12:00:00,agent,support_chat,renewal terms,Thanks for getting this sorted so quickly. Everything is working now.
MSG0003609,ACC00370,2024-06-13T08:00:00,agent,email,mobile access,We're reviewing the latest changes and have a few questions.
MSG0003610,ACC00370,2024-01-14T18:00:00,customer,support_chat,usage reporting,We've been getting good value from the platform and adoption is steady.
MSG0003611,ACC00370,2025-08-07T14:00:00,customer,support_chat,renewal terms,I'm concerned that we're not getting the level of support we expected.
MSG0003612,ACC00370,2025-06-18T14:00:00,customer,email,API reliability,We've had to follow up several times and this is starting to become frustrating.
MSG0003613,ACC00370,2025-02-08T13:00:00,customer,meeting_notes,usage reporting,This has been affecting the team for a while and we need a clearer resolution.
MSG0003614,ACC00370,2025-10-16T10:00:00,customer,email,dashboard performance,"The workflow is mostly fine, although there are a couple of things we'd like improved."
MSG0003615,ACC00370,2025-11-10T12:00:00,customer,meeting_notes,user provisioning,The experience lately hasn't been great and we're spending more time working around the product.
MSG0003616,ACC00371,2024-02-08T14:00:00,agent,support_chat,dashboard performance,Could you help us understand why this is happening?
MSG0003617,ACC00371,2024-12-18T16:00:00,customer,email,permissions,There seems to be a discrepancy in the invoice total.
MSG0003618,ACC00371,2025-04-04T10:00:00,customer,meeting_notes,mobile access,Our payment was rejected again and we'd like help resolving the billing issue.
MSG0003619,ACC00371,2024-12-28T16:00:00,customer,email,billing configuration,The invoice amount doesn't match our purchase order. Can someone review it?
MSG0003620,ACC00371,2024-08-23T12:00:00,agent,email,SSO,This has been affecting the team for a while and we need a clearer resolution.
MSG0003621,ACC00371,2024-05-25T17:00:00,customer,meeting_notes,report exports,The latest release has made the workflow much easier for our team.
MSG0003622,ACC00371,2025-02-10T17:00:00,agent,support_chat,usage reporting,There seems to be a discrepancy in the invoice total.
MSG0003623,ACC00371,2024-06-06T09:00:00,customer,email,integration errors,The reporting changes are useful and the team is happy with them.
MSG0003624,ACC00371,2024-10-26T17:00:00,customer,email,billing configuration,This has been affecting the team for a while and we need a clearer resolution.
MSG0003625,ACC00372,2024-03-13T13:00:00,agent,meeting_notes,usage reporting,The latest release has made the workflow much easier for our team.
MSG0003626,ACC00372,2024-08-24T15:00:00,customer,email,workflow automation,Could you help us understand why this is happening?
MSG0003627,ACC00372,2024-09-08T11:00:00,agent,email,report exports,We've been getting good value from the platform and adoption is steady.
MSG0003628,ACC00372,2024-07-14T17:00:00,customer,email,data synchronization,We've been getting good value from the platform and adoption is steady.
MSG0003629,ACC00372,2025-08-11T16:00:00,customer,support_chat,mobile access,This has been affecting the team for a while and we need a clearer resolution.
MSG0003630,ACC00372,2025-08-11T16:00:00,customer,support_chat,integration errors,We're considering reducing the footprint at renewal unless things improve.
MSG0003631,ACC00372,2025-04-01T12:00:00,customer,email,renewal terms,"If we can't get this resolved soon, we'll need to look at other options."
MSG0003632,ACC00372,2025-04-11T08:00:00,customer,email,API reliability,We're still evaluating the change internally.
MSG0003633,ACC00372,2025-05-07T11:00:00,customer,meeting_notes,user provisioning,This has been affecting the team for a while and we need a clearer resolution.
MSG0003634,ACC00372,2024-01-20T08:00:00,customer,email,permissions,This has been affecting the team for a while and we need a clearer resolution.
MSG0003635,ACC00372,2025-05-24T13:00:00,agent,email,permissions,We're still evaluating the change internally.
MSG0003636,ACC00372,2024-02-22T08:00:00,customer,meeting_notes,user provisioning,The latest release has made the workflow much easier for our team.
MSG0003637,ACC00372,2024-11-10T14:00:00,customer,email,workflow automation,We've had to follow up several times and this is starting to become frustrating.
MSG0003638,ACC00372,2024-11-01T08:00:00,customer,support_chat,workflow automation,This has been affecting the team for a while and we need a clearer resolution.
MSG0003639,ACC00373,2025-04-10T14:00:00,customer,meeting_notes,mobile access,"The workflow is mostly fine, although there are a couple of things we'd like improved."
MSG0003640,ACC00373,2025-02-08T09:00:00,agent,email,permissions,Thanks for getting this sorted so quickly. Everything is working now.
MSG0003641,ACC00373,2025-05-19T15:00:00,agent,support_chat,data synchronization,We've had to follow up several times and this is starting to become frustrating.
MSG0003642,ACC00373,2024-09-15T11:00:00,agent,meeting_notes,report exports,The reporting changes are useful and the team is happy with them.
MSG0003643,ACC00373,2024-07-15T16:00:00,agent,support_chat,billing configuration,We're reviewing the latest changes and have a few questions.
MSG0003644,ACC00373,2024-03-27T09:00:00,customer,email,report exports,"The workflow is mostly fine, although there are a couple of things we'd like improved."
MSG0003645,ACC00373,2025-02-16T13:00:00,customer,meeting_notes,renewal terms,We've been getting good value from the platform and adoption is steady.
MSG0003646,ACC00373,2025-08-25T12:00:00,customer,support_chat,integration errors,Our payment was rejected again and we'd like help resolving the billing issue.
MSG0003647,ACC00373,2025-03-01T10:00:00,agent,support_chat,renewal terms,We're reviewing the latest changes and have a few questions.
MSG0003648,ACC00373,2024-02-04T11:00:00,customer,meeting_notes,renewal terms,Could you help us understand why this is happening?
MSG0003649,ACC00373,2024-12-22T10:00:00,customer,support_chat,data synchronization,This has been affecting the team for a while and we need a clearer resolution.
MSG0003650,ACC00374,2024-01-18T13:00:00,customer,email,mobile access,Could you help us understand why this is happening?
MSG0003651,ACC00374,2024-07-12T17:00:00,customer,email,billing configuration,We're still evaluating the change internally.
MSG0003652,ACC00374,2025-03-19T11:00:00,agent,meeting_notes,dashboard performance,Could you help us understand why this is happening?
MSG0003653,ACC00374,2025-05-03T11:00:00,agent,meeting_notes,workflow automation,We're reviewing the latest changes and have a few questions.
MSG0003654,ACC00374,2024-05-14T13:00:00,customer,support_chat,invoice reconciliation,Thanks for getting this sorted so quickly. Everything is working now.
MSG0003655,ACC00374,2024-09-20T18:00:00,customer,support_chat,report exports,The reporting changes are useful and the team is happy with them.
MSG0003656,ACC00374,2025-05-07T09:00:00,agent,email,invoice reconciliation,Thanks for getting this sorted so quickly. Everything is working now.
MSG0003657,ACC00374,2024-01-20T15:00:00,customer,meeting_notes,SSO,"The workflow is mostly fine, although there are a couple of things we'd like improved."
MSG0003658,ACC00374,2024-09-06T15:00:00,customer,email,permissions,This has been affecting the team for a while and we need a clearer resolution.
MSG0003659,ACC00374,2024-11-28T09:00:00,agent,support_chat,permissions,Could you help us understand why this is happening?
MSG0003660,ACC00374,2025-06-21T10:00:00,agent,email,renewal terms,We've had to follow up several times and this is starting to become frustrating.
MSG0003661,ACC00374,2024-11-12T13:00:00,agent,email,report exports,We're still evaluating the change internally.
MSG0003662,ACC00374,2025-01-21T10:00:00,agent,email,workflow automation,We've had to follow up several times and this is starting to become frustrating.
MSG0003663,ACC00374,2024-08-17T14:00:00,customer,email,dashboard performance,Thanks for getting this sorted so quickly. Everything is working now.
MSG0003664,ACC00374,2025-04-22T10:00:00,customer,email,integration errors,We've had to follow up several times and this is starting to become frustrating.
MSG0003665,ACC00375,2024-03-16T17:00:00,agent,email,data synchronization,Could you help us understand why this is happening?
MSG0003666,ACC00375,2024-06-27T10:00:00,agent,meeting_notes,SSO,We've been getting good value from the platform and adoption is steady.
MSG0003667,ACC00375,2025-05-06T08:00:00,customer,support_chat,mobile access,We've had to follow up several times and this is starting to become frustrating.
MSG0003668,ACC00375,2025-05-18T15:00:00,customer,meeting_notes,invoice reconciliation,Could you help us understand why this is happening?
MSG0003669,ACC00375,2025-01-12T08:00:00,customer,meeting_notes,API reliability,The reporting changes are useful and the team is happy with them.
MSG0003670,ACC00375,2025-03-23T18:00:00,customer,support_chat,SSO,Our leadership team is questioning whether we should continue with the platform.
MSG0003671,ACC00375,2024-07-18T13:00:00,agent,email,SSO,"The workflow is mostly fine, although there are a couple of things we'd like improved."
MSG0003672,ACC00376,2024-03-07T13:00:00,customer,email,usage reporting,We're still evaluating the change internally.
MSG0003673,ACC00376,2025-07-16T10:00:00,agent,support_chat,integration errors,Could you help us understand why this is happening?
MSG0003674,ACC00376,2024-09-16T14:00:00,agent,meeting_notes,invoice reconciliation,We've had to follow up several times and this is starting to become frustrating.
MSG0003675,ACC00376,2025-05-07T16:00:00,customer,support_chat,workflow automation,We've been getting good value from the platform and adoption is steady.
MSG0003676,ACC00376,2024-07-25T09:00:00,customer,support_chat,billing configuration,We've been getting good value from the platform and adoption is steady.
MSG0003677,ACC00376,2024-01-13T14:00:00,customer,support_chat,integration errors,The latest release has made the workflow much easier for our team.
MSG0003678,ACC00376,2024-09-02T08:00:00,customer,support_chat,integration errors,We've been getting good value from the platform and adoption is steady.
MSG0003679,ACC00376,2024-05-15T11:00:00,customer,meeting_notes,renewal terms,The reporting changes are useful and the team is happy with them.
MSG0003680,ACC00376,2025-04-14T11:00:00,customer,meeting_notes,API reliability,The reporting changes are useful and the team is happy with them.
MSG0003681,ACC00376,2025-01-26T09:00:00,customer,email,invoice reconciliation,We're reviewing the latest changes and have a few questions.
MSG0003682,ACC00377,2025-02-22T12:00:00,customer,email,API reliability,Thanks for getting this sorted so quickly. Everything is working now.
MSG0003683,ACC00377,2024-05-09T08:00:00,customer,support_chat,report exports,Could you help us understand why this is happening?
MSG0003684,ACC00377,2024-03-21T14:00:00,customer,email,SSO,Could you help us understand why this is happening?
MSG0003685,ACC00377,2025-04-02T13:00:00,agent,email,data synchronization,We've had to follow up several times and this is starting to become frustrating.
MSG0003686,ACC00377,2025-12-26T13:00:00,agent,meeting_notes,usage reporting,We're reviewing the latest changes and have a few questions.
MSG0003687,ACC00377,2025-05-19T16:00:00,agent,meeting_notes,permissions,The reporting changes are useful and the team is happy with them.
MSG0003688,ACC00377,2024-07-06T12:00:00,customer,meeting_notes,dashboard performance,Could you help us understand why this is happening?
MSG0003689,ACC00377,2024-01-11T08:00:00,customer,support_chat,dashboard performance,We're reviewing the latest changes and have a few questions.
MSG0003690,ACC00378,2024-08-02T17:00:00,customer,meeting_notes,report exports,We're reviewing the latest changes and have a few questions.
MSG0003691,ACC00378,2024-02-10T08:00:00,customer,support_chat,mobile access,The latest release has made the workflow much easier for our team.
MSG0003692,ACC00378,2024-05-02T08:00:00,customer,meeting_notes,user provisioning,We're still evaluating the change internally.
MSG0003693,ACC00378,2024-12-11T08:00:00,customer,support_chat,data synchronization,The reporting changes are useful and the team is happy with them.
MSG0003694,ACC00378,2024-07-13T13:00:00,agent,support_chat,user provisioning,Could you help us understand why this is happening?
MSG0003695,ACC00378,2024-11-11T14:00:00,customer,support_chat,data synchronization,Thanks for getting this sorted so quickly. Everything is working now.
MSG0003696,ACC00378,2025-03-15T14:00:00,customer,meeting_notes,data synchronization,The experience lately hasn't been great and we're spending more time working around the product.
MSG0003697,ACC00378,2024-11-17T12:00:00,agent,meeting_notes,mobile access,We've had to follow up several times and this is starting to become frustrating.
MSG0003698,ACC00378,2024-03-09T10:00:00,agent,support_chat,usage reporting,The latest release has made the workflow much easier for our team.
MSG0003699,ACC00378,2024-11-04T09:00:00,customer,support_chat,workflow automation,We've had to follow up several times and this is starting to become frustrating.
MSG0003700,ACC00379,2024-07-26T18:00:00,agent,meeting_notes,dashboard performance,We're reviewing the latest changes and have a few questions.
MSG0003701,ACC00379,2025-04-01T14:00:00,customer,meeting_notes,mobile access,"The workflow is mostly fine, although there are a couple of things we'd like improved."
MSG0003702,ACC00379,2024-09-18T13:00:00,agent,email,mobile access,We've been getting good value from the platform and adoption is steady.
MSG0003703,ACC00379,2024-01-09T08:00:00,agent,meeting_notes,report exports,We're still evaluating the change internally.
MSG0003704,ACC00379,2025-03-23T18:00:00,customer,meeting_notes,data synchronization,This has been affecting the team for a while and we need a clearer resolution.
MSG0003705,ACC00379,2024-06-26T12:00:00,customer,email,usage reporting,Thanks for getting this sorted so quickly. Everything is working now.
MSG0003706,ACC00379,2024-04-08T09:00:00,agent,email,permissions,"The workflow is mostly fine, although there are a couple of things we'd like improved."
MSG0003707,ACC00379,2024-12-28T10:00:00,customer,email,user provisioning,This has been affecting the team for a while and we need a clearer resolution.
MSG0003708,ACC00379,2024-06-26T13:00:00,customer,support_chat,data synchronization,The latest release has made the workflow much easier for our team.
MSG0003709,ACC00379,2024-12-02T11:00:00,customer,meeting_notes,integration errors,The reporting changes are useful and the team is happy with them.
MSG0003710,ACC00379,2024-09-17T09:00:00,customer,meeting_notes,renewal terms,We've had to follow up several times and this is starting to become frustrating.
MSG0003711,ACC00379,2024-11-05T14:00:00,agent,email,usage reporting,We're still evaluating the change internally.
MSG0003712,ACC00379,2024-01-05T08:00:00,customer,meeting_notes,report exports,"The workflow is mostly fine, although there are a couple of things we'd like improved."
MSG0003713,ACC00379,2024-03-11T16:00:00,agent,meeting_notes,billing configuration,We've had to follow up several times and this is starting to become frustrating.
MSG0003714,ACC00379,2025-10-01T11:00:00,agent,meeting_notes,dashboard performance,We're still evaluating the change internally.
MSG0003715,ACC00379,2024-02-22T08:00:00,agent,email,renewal terms,We've had to follow up several times and this is starting to become frustrating.
MSG0003716,ACC00379,2024-12-04T10:00:00,agent,support_chat,SSO,We're still evaluating the change internally.
MSG0003717,ACC00380,2024-09-02T13:00:00,customer,support_chat,permissions,We've had to follow up several times and this is starting to become frustrating.
MSG0003718,ACC00380,2024-07-27T10:00:00,agent,support_chat,mobile access,We're still evaluating the change internally.
MSG0003719,ACC00380,2024-09-12T10:00:00,agent,email,workflow automation,Thanks for getting this sorted so quickly. Everything is working now.
MSG0003720,ACC00380,2024-10-06T18:00:00,customer,support_chat,billing configuration,"The workflow is mostly fine, although there are a couple of things we'd like improved."
MSG0003721,ACC00380,2024-06-11T10:00:00,agent,support_chat,data synchronization,We've been getting good value from the platform and adoption is steady.
MSG0003722,ACC00380,2024-07-27T17:00:00,customer,support_chat,billing configuration,We're reviewing the latest changes and have a few questions.
MSG0003723,ACC00381,2024-10-01T18:00:00,customer,email,invoice reconciliation,There seems to be a discrepancy in the invoice total.
MSG0003724,ACC00381,2024-03-19T09:00:00,customer,email,data synchronization,We've been getting good value from the platform and adoption is steady.
MSG0003725,ACC00381,2024-05-04T17:00:00,customer,support_chat,SSO,We've been getting good value from the platform and adoption is steady.
MSG0003726,ACC00381,2024-04-09T15:00:00,agent,email,integration errors,The reporting changes are useful and the team is happy with them.
MSG0003727,ACC00381,2024-11-22T12:00:00,customer,support_chat,billing configuration,We've had to follow up several times and this is starting to become frustrating.
MSG0003728,ACC00381,2024-12-07T08:00:00,customer,meeting_notes,integration errors,There seems to be a discrepancy in the invoice total.
MSG0003729,ACC00381,2024-06-25T11:00:00,agent,meeting_notes,usage reporting,We're reviewing the latest changes and have a few questions.
MSG0003730,ACC00382,2025-04-02T08:00:00,agent,support_chat,renewal terms,We're still evaluating the change internally.
MSG0003731,ACC00382,2025-10-02T15:00:00,customer,email,dashboard performance,We're still evaluating the change internally.
MSG0003732,ACC00382,2025-03-03T14:00:00,customer,meeting_notes,data synchronization,"The workflow is mostly fine, although there are a couple of things we'd like improved."
MSG0003733,ACC00382,2024-01-16T16:00:00,customer,email,mobile access,"The workflow is mostly fine, although there are a couple of things we'd like improved."
MSG0003734,ACC00382,2025-11-07T08:00:00,agent,meeting_notes,invoice reconciliation,We're still evaluating the change internally.
MSG0003735,ACC00382,2025-03-12T09:00:00,customer,support_chat,API reliability,Thanks for getting this sorted so quickly. Everything is working now.
MSG0003736,ACC00382,2025-01-12T16:00:00,agent,support_chat,dashboard performance,We've had to follow up several times and this is starting to become frustrating.
MSG0003737,ACC00382,2024-05-02T09:00:00,customer,support_chat,report exports,We've been getting good value from the platform and adoption is steady.
MSG0003738,ACC00382,2025-11-18T08:00:00,customer,support_chat,billing configuration,We're reviewing the latest changes and have a few questions.
MSG0003739,ACC00383,2024-03-14T13:00:00,customer,email,billing configuration,The reporting changes are useful and the team is happy with them.
MSG0003740,ACC00383,2024-07-19T08:00:00,agent,support_chat,user provisioning,Could you help us understand why this is happening?
MSG0003741,ACC00383,2024-01-27T16:00:00,customer,support_chat,SSO,"The workflow is mostly fine, although there are a couple of things we'd like improved."
MSG0003742,ACC00383,2024-06-15T12:00:00,customer,meeting_notes,API reliability,The reporting changes are useful and the team is happy with them.
MSG0003743,ACC00384,2024-03-20T15:00:00,customer,support_chat,SSO,"The workflow is mostly fine, although there are a couple of things we'd like improved."
MSG0003744,ACC00384,2025-07-10T09:00:00,customer,email,SSO,We're still evaluating the change internally.
MSG0003745,ACC00384,2025-06-22T11:00:00,customer,support_chat,user provisioning,The latest release has made the workflow much easier for our team.
MSG0003746,ACC00384,2024-07-06T15:00:00,agent,email,user provisioning,The reporting changes are useful and the team is happy with them.
MSG0003747,ACC00384,2024-06-25T14:00:00,agent,support_chat,mobile access,This has been affecting the team for a while and we need a clearer resolution.
MSG0003748,ACC00384,2024-12-28T12:00:00,agent,meeting_notes,integration errors,We're reviewing the latest changes and have a few questions.
MSG0003749,ACC00384,2025-03-16T17:00:00,customer,email,renewal terms,We're reviewing the latest changes and have a few questions.
MSG0003750,ACC00384,2025-09-03T14:00:00,customer,meeting_notes,user provisioning,Thanks for getting this sorted so quickly. Everything is working now.
MSG0003751,ACC00384,2025-09-07T12:00:00,customer,email,report exports,This has been affecting the team for a while and we need a clearer resolution.
MSG0003752,ACC00384,2025-03-03T09:00:00,customer,email,renewal terms,Thanks for getting this sorted so quickly. Everything is working now.
MSG0003753,ACC00385,2024-05-12T16:00:00,customer,meeting_notes,report exports,"The workflow is mostly fine, although there are a couple of things we'd like improved."
MSG0003754,ACC00385,2024-02-21T18:00:00,agent,meeting_notes,integration errors,Thanks for getting this sorted so quickly. Everything is working now.
MSG0003755,ACC00385,2024-07-20T12:00:00,customer,support_chat,workflow automation,We're reviewing the latest changes and have a few questions.
MSG0003756,ACC00385,2024-07-26T17:00:00,customer,support_chat,integration errors,This has been affecting the team for a while and we need a clearer resolution.
MSG0003757,ACC00386,2025-02-07T15:00:00,agent,meeting_notes,dashboard performance,Could you help us understand why this is happening?
MSG0003758,ACC00386,2025-09-20T13:00:00,customer,meeting_notes,API reliability,Could you help us understand why this is happening?
MSG0003759,ACC00386,2025-12-26T15:00:00,agent,support_chat,permissions,Could you help us understand why this is happening?
MSG0003760,ACC00386,2024-03-12T17:00:00,agent,meeting_notes,API reliability,The latest release has made the workflow much easier for our team.
MSG0003761,ACC00386,2024-03-25T17:00:00,customer,meeting_notes,SSO,This has been affecting the team for a while and we need a clearer resolution.
MSG0003762,ACC00386,2024-03-13T10:00:00,customer,support_chat,API reliability,This has been affecting the team for a while and we need a clearer resolution.
MSG0003763,ACC00386,2024-09-27T16:00:00,customer,meeting_notes,billing configuration,This has been affecting the team for a while and we need a clearer resolution.
MSG0003764,ACC00386,2024-01-24T09:00:00,customer,support_chat,invoice reconciliation,Thanks for getting this sorted so quickly. Everything is working now.
MSG0003765,ACC00386,2024-01-07T12:00:00,agent,meeting_notes,invoice reconciliation,We've been getting good value from the platform and adoption is steady.
MSG0003766,ACC00386,2025-03-01T17:00:00,customer,meeting_notes,invoice reconciliation,We've been getting good value from the platform and adoption is steady.
MSG0003767,ACC00386,2025-01-21T11:00:00,customer,support_chat,permissions,Could you help us understand why this is happening?
MSG0003768,ACC00386,2024-07-10T18:00:00,agent,support_chat,user provisioning,Could you help us understand why this is happening?
MSG0003769,ACC00387,2025-11-27T14:00:00,customer,meeting_notes,data synchronization,The latest release has made the workflow much easier for our team.
MSG0003770,ACC00387,2025-03-13T18:00:00,agent,email,SSO,We've been getting good value from the platform and adoption is steady.
MSG0003771,ACC00387,2025-08-07T10:00:00,customer,support_chat,permissions,This has been affecting the team for a while and we need a clearer resolution.
MSG0003772,ACC00387,2025-07-16T10:00:00,customer,email,invoice reconciliation,This has been affecting the team for a while and we need a clearer resolution.
MSG0003773,ACC00387,2025-09-12T11:00:00,customer,meeting_notes,data synchronization,This has been affecting the team for a while and we need a clearer resolution.
MSG0003774,ACC00387,2025-11-03T14:00:00,customer,meeting_notes,billing configuration,We've had to follow up several times and this is starting to become frustrating.
MSG0003775,ACC00387,2025-04-25T14:00:00,agent,meeting_notes,renewal terms,"The workflow is mostly fine, although there are a couple of things we'd like improved."
MSG0003776,ACC00387,2025-06-24T10:00:00,agent,meeting_notes,data synchronization,We're reviewing the latest changes and have a few questions.
MSG0003777,ACC00387,2024-01-28T11:00:00,customer,support_chat,dashboard performance,The reporting changes are useful and the team is happy with them.
MSG0003778,ACC00387,2025-03-24T09:00:00,customer,meeting_notes,renewal terms,The reporting changes are useful and the team is happy with them.
MSG0003779,ACC00387,2025-03-12T10:00:00,customer,meeting_notes,permissions,We've had to follow up several times and this is starting to become frustrating.
MSG0003780,ACC00387,2025-02-11T10:00:00,customer,meeting_notes,usage reporting,We're reviewing the latest changes and have a few questions.
MSG0003781,ACC00387,2024-06-08T10:00:00,agent,meeting_notes,API reliability,We've had to follow up several times and this is starting to become frustrating.
MSG0003782,ACC00387,2024-12-15T18:00:00,customer,support_chat,invoice reconciliation,Thanks for getting this sorted so quickly. Everything is working now.
MSG0003783,ACC00387,2024-10-03T18:00:00,agent,meeting_notes,workflow automation,We're still evaluating the change internally.
MSG0003784,ACC00387,2025-06-09T16:00:00,agent,email,integration errors,"The workflow is mostly fine, although there are a couple of things we'd like improved."
MSG0003785,ACC00387,2024-11-10T12:00:00,customer,support_chat,data synchronization,We're reviewing the latest changes and have a few questions.
MSG0003786,ACC00387,2024-11-28T11:00:00,agent,support_chat,data synchronization,The latest release has made the workflow much easier for our team.
MSG0003787,ACC00388,2024-08-01T11:00:00,customer,support_chat,dashboard performance,Could you help us understand why this is happening?
MSG0003788,ACC00388,2024-02-21T09:00:00,agent,meeting_notes,data synchronization,"The workflow is mostly fine, although there are a couple of things we'd like improved."
MSG0003789,ACC00388,2024-01-24T17:00:00,customer,meeting_notes,renewal terms,Thanks for getting this sorted so quickly. Everything is working now.
MSG0003790,ACC00388,2024-03-05T08:00:00,agent,email,permissions,The latest release has made the workflow much easier for our team.
MSG0003791,ACC00388,2024-06-24T08:00:00,customer,meeting_notes,permissions,The reporting changes are useful and the team is happy with them.
MSG0003792,ACC00389,2024-08-03T09:00:00,customer,email,API reliability,The latest release has made the workflow much easier for our team.
MSG0003793,ACC00389,2024-08-20T09:00:00,customer,support_chat,permissions,The latest release has made the workflow much easier for our team.
MSG0003794,ACC00389,2024-05-27T12:00:00,agent,support_chat,billing configuration,We've had to follow up several times and this is starting to become frustrating.
MSG0003795,ACC00389,2024-02-06T18:00:00,customer,email,dashboard performance,The reporting changes are useful and the team is happy with them.
MSG0003796,ACC00389,2024-08-26T14:00:00,agent,meeting_notes,report exports,We've had to follow up several times and this is starting to become frustrating.
MSG0003797,ACC00389,2024-02-11T13:00:00,customer,email,permissions,Could you help us understand why this is happening?
MSG0003798,ACC00389,2024-08-01T13:00:00,customer,email,renewal terms,"The workflow is mostly fine, although there are a couple of things we'd like improved."
MSG0003799,ACC00389,2024-03-14T16:00:00,agent,email,permissions,The latest release has made the workflow much easier for our team.
MSG0003800,ACC00389,2024-03-14T15:00:00,customer,email,SSO,We've had to follow up several times and this is starting to become frustrating.
MSG0003801,ACC00390,2024-02-14T10:00:00,agent,support_chat,dashboard performance,We've had to follow up several times and this is starting to become frustrating.
MSG0003802,ACC00390,2025-03-12T17:00:00,customer,email,dashboard performance,Could you help us understand why this is happening?
MSG0003803,ACC00390,2024-07-05T13:00:00,customer,email,invoice reconciliation,Thanks for getting this sorted so quickly. Everything is working now.
MSG0003804,ACC00390,2024-07-28T13:00:00,customer,support_chat,SSO,Thanks for getting this sorted so quickly. Everything is working now.
MSG0003805,ACC00390,2024-07-21T08:00:00,customer,email,usage reporting,"The workflow is mostly fine, although there are a couple of things we'd like improved."
MSG0003806,ACC00390,2024-12-21T12:00:00,customer,email,renewal terms,"The workflow is mostly fine, although there are a couple of things we'd like improved."
MSG0003807,ACC00390,2024-08-04T18:00:00,agent,email,user provisioning,This has been affecting the team for a while and we need a clearer resolution.
MSG0003808,ACC00390,2025-01-14T17:00:00,customer,support_chat,permissions,"The workflow is mostly fine, although there are a couple of things we'd like improved."
MSG0003809,ACC00390,2025-02-09T17:00:00,agent,meeting_notes,API reliability,We're still evaluating the change internally.
MSG0003810,ACC00391,2025-06-21T12:00:00,customer,meeting_notes,user provisioning,The reporting changes are useful and the team is happy with them.
MSG0003811,ACC00391,2025-03-02T08:00:00,customer,support_chat,SSO,We're reviewing the latest changes and have a few questions.
MSG0003812,ACC00391,2025-10-27T17:00:00,agent,meeting_notes,workflow automation,We're still evaluating the change internally.
MSG0003813,ACC00391,2025-03-17T13:00:00,agent,support_chat,billing configuration,We've had to follow up several times and this is starting to become frustrating.
MSG0003814,ACC00391,2024-07-08T12:00:00,agent,support_chat,permissions,"The workflow is mostly fine, although there are a couple of things we'd like improved."
MSG0003815,ACC00391,2025-04-23T08:00:00,agent,meeting_notes,billing configuration,We're reviewing the latest changes and have a few questions.
MSG0003816,ACC00391,2025-12-17T08:00:00,agent,email,permissions,This has been affecting the team for a while and we need a clearer resolution.
MSG0003817,ACC00391,2025-02-24T16:00:00,customer,meeting_notes,permissions,This has been affecting the team for a while and we need a clearer resolution.
MSG0003818,ACC00391,2025-08-28T15:00:00,customer,support_chat,user provisioning,The reporting changes are useful and the team is happy with them.
MSG0003819,ACC00391,2024-09-15T12:00:00,agent,email,permissions,Could you help us understand why this is happening?
MSG0003820,ACC00391,2024-07-08T13:00:00,agent,email,workflow automation,Could you help us understand why this is happening?
MSG0003821,ACC00391,2024-07-06T15:00:00,agent,support_chat,user provisioning,We're reviewing the latest changes and have a few questions.
MSG0003822,ACC00391,2024-04-06T08:00:00,customer,email,integration errors,The latest release has made the workflow much easier for our team.
MSG0003823,ACC00391,2024-09-10T14:00:00,customer,support_chat,report exports,We're still evaluating the change internally.
MSG0003824,ACC00391,2024-02-06T16:00:00,customer,email,renewal terms,We've had to follow up several times and this is starting to become frustrating.
MSG0003825,ACC00392,2024-07-08T15:00:00,agent,email,renewal terms,Could you help us understand why this is happening?
MSG0003826,ACC00392,2024-05-09T11:00:00,agent,meeting_notes,usage reporting,Thanks for getting this sorted so quickly. Everything is working now.
MSG0003827,ACC00392,2024-04-20T11:00:00,agent,support_chat,mobile access,We're reviewing the latest changes and have a few questions.
MSG0003828,ACC00392,2024-10-28T17:00:00,customer,meeting_notes,permissions,We're still evaluating the change internally.
MSG0003829,ACC00392,2024-10-15T16:00:00,agent,meeting_notes,invoice reconciliation,The latest release has made the workflow much easier for our team.
MSG0003830,ACC00392,2024-02-19T14:00:00,agent,email,integration errors,Thanks for getting this sorted so quickly. Everything is working now.
MSG0003831,ACC00392,2024-03-14T18:00:00,customer,meeting_notes,integration errors,"The workflow is mostly fine, although there are a couple of things we'd like improved."
MSG0003832,ACC00393,2024-08-23T13:00:00,agent,support_chat,data synchronization,We've been getting good value from the platform and adoption is steady.
MSG0003833,ACC00393,2024-01-18T14:00:00,customer,meeting_notes,renewal terms,The latest release has made the workflow much easier for our team.
MSG0003834,ACC00393,2025-09-18T16:00:00,agent,email,SSO,"The workflow is mostly fine, although there are a couple of things we'd like improved."
MSG0003835,ACC00393,2025-05-25T11:00:00,customer,email,billing configuration,This has been affecting the team for a while and we need a clearer resolution.
MSG0003836,ACC00393,2025-06-11T16:00:00,customer,meeting_notes,invoice reconciliation,We've been getting good value from the platform and adoption is steady.
MSG0003837,ACC00393,2024-09-17T16:00:00,customer,email,invoice reconciliation,We're reviewing the latest changes and have a few questions.
MSG0003838,ACC00393,2024-02-12T08:00:00,agent,meeting_notes,integration errors,The reporting changes are useful and the team is happy with them.
MSG0003839,ACC00393,2025-02-23T13:00:00,agent,support_chat,report exports,The latest release has made the workflow much easier for our team.
MSG0003840,ACC00393,2024-11-28T16:00:00,customer,meeting_notes,renewal terms,We're reviewing the latest changes and have a few questions.
MSG0003841,ACC00393,2024-11-18T13:00:00,customer,support_chat,billing configuration,We're reviewing the latest changes and have a few questions.
MSG0003842,ACC00394,2024-03-08T16:00:00,agent,email,SSO,"The workflow is mostly fine, although there are a couple of things we'd like improved."
MSG0003843,ACC00394,2025-08-19T17:00:00,agent,email,mobile access,We've been getting good value from the platform and adoption is steady.
MSG0003844,ACC00394,2025-11-17T08:00:00,agent,meeting_notes,usage reporting,"The workflow is mostly fine, although there are a couple of things we'd like improved."
MSG0003845,ACC00394,2025-07-17T14:00:00,customer,email,permissions,We're reviewing the latest changes and have a few questions.
MSG0003846,ACC00394,2024-07-11T09:00:00,customer,email,report exports,The reporting changes are useful and the team is happy with them.
MSG0003847,ACC00394,2025-04-27T11:00:00,customer,meeting_notes,mobile access,The latest release has made the workflow much easier for our team.
MSG0003848,ACC00394,2025-07-26T14:00:00,agent,meeting_notes,API reliability,We've been getting good value from the platform and adoption is steady.
MSG0003849,ACC00394,2024-05-21T13:00:00,agent,meeting_notes,user provisioning,"The workflow is mostly fine, although there are a couple of things we'd like improved."
MSG0003850,ACC00394,2024-12-10T15:00:00,agent,support_chat,invoice reconciliation,We've been getting good value from the platform and adoption is steady.
MSG0003851,ACC00394,2025-08-27T18:00:00,customer,support_chat,mobile access,Could you help us understand why this is happening?
MSG0003852,ACC00394,2024-01-12T08:00:00,agent,support_chat,usage reporting,"The workflow is mostly fine, although there are a couple of things we'd like improved."
MSG0003853,ACC00394,2025-12-15T08:00:00,customer,support_chat,API reliability,We're still evaluating the change internally.
MSG0003854,ACC00394,2024-06-06T16:00:00,customer,meeting_notes,report exports,We've been getting good value from the platform and adoption is steady.
MSG0003855,ACC00394,2024-11-12T15:00:00,customer,email,renewal terms,We're still evaluating the change internally.
MSG0003856,ACC00394,2025-11-04T15:00:00,customer,email,workflow automation,Thanks for getting this sorted so quickly. Everything is working now.
MSG0003857,ACC00394,2024-01-05T15:00:00,customer,support_chat,usage reporting,We're reviewing the latest changes and have a few questions.
MSG0003858,ACC00395,2024-12-08T15:00:00,customer,email,usage reporting,We're still evaluating the change internally.
MSG0003859,ACC00395,2024-09-06T16:00:00,customer,support_chat,data synchronization,We're still evaluating the change internally.
MSG0003860,ACC00395,2025-06-08T08:00:00,agent,email,user provisioning,This has been affecting the team for a while and we need a clearer resolution.
MSG0003861,ACC00395,2024-03-22T10:00:00,customer,meeting_notes,usage reporting,We've been getting good value from the platform and adoption is steady.
MSG0003862,ACC00395,2024-10-03T08:00:00,customer,meeting_notes,usage reporting,Thanks for getting this sorted so quickly. Everything is working now.
MSG0003863,ACC00395,2025-10-11T13:00:00,agent,email,user provisioning,"The workflow is mostly fine, although there are a couple of things we'd like improved."
MSG0003864,ACC00395,2024-02-16T18:00:00,customer,email,SSO,The reporting changes are useful and the team is happy with them.
MSG0003865,ACC00395,2024-04-06T18:00:00,customer,support_chat,workflow automation,We're still evaluating the change internally.
MSG0003866,ACC00395,2024-09-27T10:00:00,customer,support_chat,permissions,The reporting changes are useful and the team is happy with them.
MSG0003867,ACC00395,2024-10-04T10:00:00,agent,meeting_notes,report exports,The reporting changes are useful and the team is happy with them.
MSG0003868,ACC00395,2025-10-15T16:00:00,customer,email,usage reporting,Could you help us understand why this is happening?
MSG0003869,ACC00395,2025-06-11T11:00:00,customer,support_chat,user provisioning,We've had to follow up several times and this is starting to become frustrating.
MSG0003870,ACC00395,2025-10-01T17:00:00,agent,meeting_notes,user provisioning,This has been affecting the team for a while and we need a clearer resolution.
MSG0003871,ACC00395,2025-11-09T14:00:00,customer,support_chat,renewal terms,Could you help us understand why this is happening?
MSG0003872,ACC00395,2024-06-16T11:00:00,customer,email,billing configuration,We've been getting good value from the platform and adoption is steady.
MSG0003873,ACC00395,2024-04-25T10:00:00,agent,email,workflow automation,The reporting changes are useful and the team is happy with them.
MSG0003874,ACC00395,2024-01-20T15:00:00,customer,support_chat,renewal terms,We're reviewing the latest changes and have a few questions.
MSG0003875,ACC00395,2025-02-23T10:00:00,agent,support_chat,API reliability,"The workflow is mostly fine, although there are a couple of things we'd like improved."
MSG0003876,ACC00396,2025-09-25T11:00:00,customer,email,workflow automation,We've had to follow up several times and this is starting to become frustrating.
MSG0003877,ACC00396,2025-01-09T15:00:00,customer,email,SSO,Thanks for getting this sorted so quickly. Everything is working now.
MSG0003878,ACC00396,2025-03-05T11:00:00,customer,support_chat,report exports,The latest release has made the workflow much easier for our team.
MSG0003879,ACC00396,2024-11-04T08:00:00,agent,meeting_notes,billing configuration,We've had to follow up several times and this is starting to become frustrating.
MSG0003880,ACC00396,2025-11-16T10:00:00,agent,meeting_notes,integration errors,Thanks for getting this sorted so quickly. Everything is working now.
MSG0003881,ACC00396,2025-12-25T11:00:00,customer,support_chat,dashboard performance,Could you help us understand why this is happening?
MSG0003882,ACC00396,2024-09-22T14:00:00,customer,meeting_notes,dashboard performance,We're reviewing the latest changes and have a few questions.
MSG0003883,ACC00396,2024-11-16T08:00:00,agent,meeting_notes,renewal terms,The latest release has made the workflow much easier for our team.
MSG0003884,ACC00396,2024-01-12T10:00:00,customer,support_chat,workflow automation,The latest release has made the workflow much easier for our team.
MSG0003885,ACC00396,2024-06-17T12:00:00,agent,support_chat,invoice reconciliation,We're still evaluating the change internally.
MSG0003886,ACC00397,2025-06-07T16:00:00,agent,meeting_notes,invoice reconciliation,We're reviewing the latest changes and have a few questions.
MSG0003887,ACC00397,2025-10-26T13:00:00,customer,email,dashboard performance,Thanks for getting this sorted so quickly. Everything is working now.
MSG0003888,ACC00397,2024-01-05T11:00:00,customer,email,renewal terms,"The workflow is mostly fine, although there are a couple of things we'd like improved."
MSG0003889,ACC00397,2025-01-13T15:00:00,customer,email,dashboard performance,The reporting changes are useful and the team is happy with them.
MSG0003890,ACC00397,2025-12-04T10:00:00,agent,support_chat,dashboard performance,Could you help us understand why this is happening?
MSG0003891,ACC00397,2025-10-22T11:00:00,customer,support_chat,usage reporting,Could you help us understand why this is happening?
MSG0003892,ACC00397,2025-04-21T10:00:00,customer,meeting_notes,data synchronization,This has been affecting the team for a while and we need a clearer resolution.
MSG0003893,ACC00397,2024-10-21T15:00:00,customer,email,billing configuration,Thanks for getting this sorted so quickly. Everything is working now.
MSG0003894,ACC00397,2024-01-23T10:00:00,agent,support_chat,report exports,We've been getting good value from the platform and adoption is steady.
MSG0003895,ACC00397,2025-11-08T10:00:00,customer,support_chat,user provisioning,The latest release has made the workflow much easier for our team.
MSG0003896,ACC00398,2024-08-26T16:00:00,customer,meeting_notes,user provisioning,We've been getting good value from the platform and adoption is steady.
MSG0003897,ACC00398,2025-02-21T15:00:00,customer,support_chat,usage reporting,We've had to follow up several times and this is starting to become frustrating.
MSG0003898,ACC00398,2025-10-13T14:00:00,agent,meeting_notes,renewal terms,We've been getting good value from the platform and adoption is steady.
MSG0003899,ACC00398,2024-11-12T18:00:00,customer,meeting_notes,mobile access,We're still evaluating the change internally.
MSG0003900,ACC00398,2024-10-17T17:00:00,agent,support_chat,integration errors,The reporting changes are useful and the team is happy with them.
MSG0003901,ACC00398,2025-07-15T14:00:00,customer,support_chat,data synchronization,We're reviewing the latest changes and have a few questions.
MSG0003902,ACC00398,2024-09-13T12:00:00,agent,email,integration errors,Could you help us understand why this is happening?
MSG0003903,ACC00398,2024-06-17T13:00:00,customer,email,workflow automation,We're reviewing the latest changes and have a few questions.
MSG0003904,ACC00398,2024-01-25T16:00:00,customer,support_chat,permissions,We're still evaluating the change internally.
MSG0003905,ACC00398,2025-07-10T14:00:00,customer,email,SSO,Could you help us understand why this is happening?
MSG0003906,ACC00398,2024-10-03T16:00:00,customer,meeting_notes,mobile access,This has been affecting the team for a while and we need a clearer resolution.
MSG0003907,ACC00398,2025-03-26T13:00:00,customer,support_chat,user provisioning,"The workflow is mostly fine, although there are a couple of things we'd like improved."
MSG0003908,ACC00398,2024-08-19T09:00:00,agent,meeting_notes,integration errors,Could you help us understand why this is happening?
MSG0003909,ACC00398,2025-08-28T08:00:00,agent,support_chat,user provisioning,We've been getting good value from the platform and adoption is steady.
MSG0003910,ACC00398,2024-07-09T11:00:00,customer,meeting_notes,permissions,Thanks for getting this sorted so quickly. Everything is working now.
MSG0003911,ACC00399,2024-09-01T16:00:00,customer,meeting_notes,mobile access,Thanks for getting this sorted so quickly. Everything is working now.
MSG0003912,ACC00399,2024-11-06T09:00:00,agent,email,billing configuration,This has been affecting the team for a while and we need a clearer resolution.
MSG0003913,ACC00399,2024-04-09T11:00:00,customer,support_chat,invoice reconciliation,Could you help us understand why this is happening?
MSG0003914,ACC00399,2024-01-02T12:00:00,agent,email,permissions,Could you help us understand why this is happening?
MSG0003915,ACC00399,2024-04-24T08:00:00,customer,meeting_notes,usage reporting,We've had to follow up several times and this is starting to become frustrating.
MSG0003916,ACC00399,2024-08-10T10:00:00,customer,meeting_notes,API reliability,We're still evaluating the change internally.
MSG0003917,ACC00399,2024-01-15T15:00:00,customer,meeting_notes,user provisioning,Thanks for getting this sorted so quickly. Everything is working now.
MSG0003918,ACC00399,2024-05-20T10:00:00,customer,meeting_notes,data synchronization,We're reviewing the latest changes and have a few questions.
MSG0003919,ACC00399,2024-01-12T09:00:00,customer,meeting_notes,report exports,This has been affecting the team for a while and we need a clearer resolution.
MSG0003920,ACC00400,2024-07-01T16:00:00,customer,meeting_notes,user provisioning,We're reviewing the latest changes and have a few questions.
MSG0003921,ACC00400,2024-03-25T16:00:00,agent,meeting_notes,report exports,We've been getting good value from the platform and adoption is steady.
MSG0003922,ACC00400,2024-02-18T18:00:00,customer,meeting_notes,integration errors,The latest release has made the workflow much easier for our team.
MSG0003923,ACC00401,2024-03-14T12:00:00,customer,email,renewal terms,We've had to follow up several times and this is starting to become frustrating.
MSG0003924,ACC00401,2024-07-02T11:00:00,agent,support_chat,renewal terms,Our payment was rejected again and we'd like help resolving the billing issue.
MSG0003925,ACC00401,2024-03-10T15:00:00,agent,support_chat,integration errors,We've been getting good value from the platform and adoption is steady.
MSG0003926,ACC00402,2024-10-20T14:00:00,customer,email,user provisioning,"The workflow is mostly fine, although there are a couple of things we'd like improved."
MSG0003927,ACC00402,2025-07-27T14:00:00,customer,support_chat,integration errors,We've been getting good value from the platform and adoption is steady.
MSG0003928,ACC00402,2025-10-28T12:00:00,agent,email,data synchronization,This has been affecting the team for a while and we need a clearer resolution.
MSG0003929,ACC00402,2025-10-21T11:00:00,agent,email,invoice reconciliation,The reporting changes are useful and the team is happy with them.
MSG0003930,ACC00402,2025-02-24T14:00:00,customer,meeting_notes,report exports,The reporting changes are useful and the team is happy with them.
MSG0003931,ACC00402,2025-05-16T12:00:00,customer,meeting_notes,permissions,The reporting changes are useful and the team is happy with them.
MSG0003932,ACC00402,2025-08-28T16:00:00,agent,meeting_notes,API reliability,Could you help us understand why this is happening?
MSG0003933,ACC00402,2024-12-22T10:00:00,customer,email,permissions,We've been getting good value from the platform and adoption is steady.
MSG0003934,ACC00402,2024-01-27T18:00:00,customer,email,user provisioning,This has been affecting the team for a while and we need a clearer resolution.
MSG0003935,ACC00403,2024-02-25T14:00:00,customer,email,mobile access,This has been affecting the team for a while and we need a clearer resolution.
MSG0003936,ACC00403,2024-05-06T13:00:00,customer,support_chat,user provisioning,We've had to follow up several times and this is starting to become frustrating.
MSG0003937,ACC00403,2024-06-21T16:00:00,agent,meeting_notes,report exports,Thanks for getting this sorted so quickly. Everything is working now.
MSG0003938,ACC00403,2024-06-03T09:00:00,agent,email,billing configuration,"The workflow is mostly fine, although there are a couple of things we'd like improved."
MSG0003939,ACC00403,2024-02-16T11:00:00,agent,email,renewal terms,Could you help us understand why this is happening?
MSG0003940,ACC00403,2024-04-20T15:00:00,customer,support_chat,billing configuration,"The workflow is mostly fine, although there are a couple of things we'd like improved."
MSG0003941,ACC00404,2025-10-23T08:00:00,customer,email,billing configuration,The reporting changes are useful and the team is happy with them.
MSG0003942,ACC00404,2024-02-07T15:00:00,agent,email,billing configuration,We're reviewing the latest changes and have a few questions.
MSG0003943,ACC00404,2024-09-03T10:00:00,agent,email,billing configuration,The latest release has made the workflow much easier for our team.
MSG0003944,ACC00404,2025-07-10T18:00:00,agent,support_chat,usage reporting,This has been affecting the team for a while and we need a clearer resolution.
MSG0003945,ACC00404,2024-09-11T15:00:00,agent,support_chat,workflow automation,Could you help us understand why this is happening?
MSG0003946,ACC00404,2024-05-06T10:00:00,customer,support_chat,billing configuration,This has been affecting the team for a while and we need a clearer resolution.
MSG0003947,ACC00404,2025-03-28T09:00:00,agent,meeting_notes,billing configuration,Thanks for getting this sorted so quickly. Everything is working now.
MSG0003948,ACC00404,2025-06-26T13:00:00,agent,email,renewal terms,Could you help us understand why this is happening?
MSG0003949,ACC00404,2024-01-22T15:00:00,agent,meeting_notes,usage reporting,Thanks for getting this sorted so quickly. Everything is working now.
MSG0003950,ACC00404,2024-07-11T11:00:00,agent,support_chat,data synchronization,We've been getting good value from the platform and adoption is steady.
MSG0003951,ACC00404,2024-04-27T14:00:00,customer,support_chat,renewal terms,The reporting changes are useful and the team is happy with them.
MSG0003952,ACC00405,2024-07-24T18:00:00,agent,support_chat,billing configuration,We've been getting good value from the platform and adoption is steady.
MSG0003953,ACC00405,2024-05-14T12:00:00,customer,support_chat,user provisioning,The latest release has made the workflow much easier for our team.
MSG0003954,ACC00405,2024-01-07T11:00:00,agent,email,dashboard performance,We're still evaluating the change internally.
MSG0003955,ACC00405,2024-04-28T08:00:00,customer,email,usage reporting,The latest release has made the workflow much easier for our team.
MSG0003956,ACC00406,2024-09-05T18:00:00,agent,meeting_notes,usage reporting,Could you help us understand why this is happening?
MSG0003957,ACC00406,2025-05-21T15:00:00,customer,support_chat,permissions,Thanks for getting this sorted so quickly. Everything is working now.
MSG0003958,ACC00406,2024-06-27T13:00:00,customer,support_chat,renewal terms,Thanks for getting this sorted so quickly. Everything is working now.
MSG0003959,ACC00406,2024-07-17T08:00:00,customer,support_chat,invoice reconciliation,"The workflow is mostly fine, although there are a couple of things we'd like improved."
MSG0003960,ACC00406,2025-10-18T12:00:00,agent,email,permissions,Could you help us understand why this is happening?
MSG0003961,ACC00406,2024-12-23T09:00:00,customer,meeting_notes,invoice reconciliation,This has been affecting the team for a while and we need a clearer resolution.
MSG0003962,ACC00406,2025-11-02T18:00:00,customer,meeting_notes,workflow automation,"The workflow is mostly fine, although there are a couple of things we'd like improved."
MSG0003963,ACC00406,2024-09-10T10:00:00,agent,email,permissions,Could you help us understand why this is happening?
MSG0003964,ACC00406,2024-08-14T16:00:00,agent,support_chat,workflow automation,We're reviewing the latest changes and have a few questions.
MSG0003965,ACC00407,2024-05-26T18:00:00,agent,meeting_notes,mobile access,We're reviewing the latest changes and have a few questions.
MSG0003966,ACC00407,2024-03-27T08:00:00,agent,email,permissions,The reporting changes are useful and the team is happy with them.
MSG0003967,ACC00407,2024-05-12T08:00:00,agent,support_chat,SSO,This has been affecting the team for a while and we need a clearer resolution.
MSG0003968,ACC00407,2024-06-13T16:00:00,agent,support_chat,report exports,Thanks for getting this sorted so quickly. Everything is working now.
MSG0003969,ACC00408,2024-05-19T16:00:00,agent,email,user provisioning,Could you help us understand why this is happening?
MSG0003970,ACC00408,2024-12-14T11:00:00,customer,email,permissions,The reporting changes are useful and the team is happy with them.
MSG0003971,ACC00408,2024-04-06T16:00:00,customer,support_chat,permissions,The latest release has made the workflow much easier for our team.
MSG0003972,ACC00408,2024-10-16T08:00:00,agent,email,report exports,We're still evaluating the change internally.
MSG0003973,ACC00408,2024-03-14T17:00:00,customer,support_chat,usage reporting,The latest release has made the workflow much easier for our team.
MSG0003974,ACC00408,2024-04-08T08:00:00,agent,email,permissions,Could you help us understand why this is happening?
MSG0003975,ACC00408,2024-11-18T12:00:00,customer,meeting_notes,renewal terms,This has been affecting the team for a while and we need a clearer resolution.
MSG0003976,ACC00408,2025-06-07T14:00:00,agent,email,permissions,"The workflow is mostly fine, although there are a couple of things we'd like improved."
MSG0003977,ACC00408,2024-01-07T17:00:00,customer,email,dashboard performance,"The workflow is mostly fine, although there are a couple of things we'd like improved."
MSG0003978,ACC00408,2024-08-23T09:00:00,agent,email,renewal terms,"The workflow is mostly fine, although there are a couple of things we'd like improved."
MSG0003979,ACC00408,2024-03-20T09:00:00,agent,support_chat,mobile access,Thanks for getting this sorted so quickly. Everything is working now.
MSG0003980,ACC00408,2025-06-05T10:00:00,customer,support_chat,billing configuration,We're reviewing the latest changes and have a few questions.
MSG0003981,ACC00409,2025-03-12T11:00:00,customer,support_chat,workflow automation,We've had to follow up several times and this is starting to become frustrating.
MSG0003982,ACC00409,2024-03-21T16:00:00,customer,meeting_notes,mobile access,Could you help us understand why this is happening?
MSG0003983,ACC00409,2024-03-02T11:00:00,agent,support_chat,renewal terms,This has been affecting the team for a while and we need a clearer resolution.
MSG0003984,ACC00409,2025-05-26T15:00:00,agent,email,dashboard performance,Could you help us understand why this is happening?
MSG0003985,ACC00409,2024-11-24T18:00:00,customer,support_chat,user provisioning,Thanks for getting this sorted so quickly. Everything is working now.
MSG0003986,ACC00409,2025-09-10T14:00:00,customer,email,permissions,Could you help us understand why this is happening?
MSG0003987,ACC00409,2024-09-01T08:00:00,customer,support_chat,SSO,We're still evaluating the change internally.
MSG0003988,ACC00409,2025-09-01T13:00:00,customer,meeting_notes,user provisioning,We've been getting good value from the platform and adoption is steady.
MSG0003989,ACC00409,2024-04-26T08:00:00,customer,meeting_notes,usage reporting,Could you help us understand why this is happening?
MSG0003990,ACC00409,2024-05-16T14:00:00,customer,support_chat,invoice reconciliation,Could you help us understand why this is happening?
MSG0003991,ACC00409,2024-06-15T17:00:00,agent,email,report exports,The reporting changes are useful and the team is happy with them.
MSG0003992,ACC00409,2025-06-23T08:00:00,agent,email,workflow automation,"The workflow is mostly fine, although there are a couple of things we'd like improved."
MSG0003993,ACC00409,2024-05-03T16:00:00,customer,meeting_notes,report exports,Could you help us understand why this is happening?
MSG0003994,ACC00409,2024-01-07T14:00:00,customer,meeting_notes,renewal terms,The reporting changes are useful and the team is happy with them.
MSG0003995,ACC00409,2025-06-06T08:00:00,agent,meeting_notes,permissions,We're still evaluating the change internally.
MSG0003996,ACC00410,2024-06-17T14:00:00,agent,meeting_notes,dashboard performance,Thanks for getting this sorted so quickly. Everything is working now.
MSG0003997,ACC00410,2024-04-15T09:00:00,customer,meeting_notes,usage reporting,The reporting changes are useful and the team is happy with them.
MSG0003998,ACC00410,2024-05-21T15:00:00,customer,support_chat,permissions,We've been getting good value from the platform and adoption is steady.
MSG0003999,ACC00410,2024-06-07T17:00:00,agent,support_chat,usage reporting,We've been getting good value from the platform and adoption is steady.
MSG0004000,ACC00410,2024-12-12T16:00:00,agent,email,usage reporting,This has been affecting the team for a while and we need a clearer resolution.
MSG0004001,ACC00410,2025-06-18T08:00:00,customer,meeting_notes,API reliability,This has been affecting the team for a while and we need a clearer resolution.
MSG0004002,ACC00411,2024-01-23T10:00:00,agent,meeting_notes,user provisioning,This has been affecting the team for a while and we need a clearer resolution.
MSG0004003,ACC00411,2024-03-14T09:00:00,agent,support_chat,invoice reconciliation,Thanks for getting this sorted so quickly. Everything is working now.
MSG0004004,ACC00411,2024-06-18T18:00:00,customer,email,SSO,"The workflow is mostly fine, although there are a couple of things we'd like improved."
MSG0004005,ACC00411,2024-02-03T11:00:00,customer,meeting_notes,mobile access,This has been affecting the team for a while and we need a clearer resolution.
MSG0004006,ACC00411,2024-05-09T11:00:00,customer,meeting_notes,report exports,We're reviewing the latest changes and have a few questions.
MSG0004007,ACC00412,2024-06-01T08:00:00,customer,email,billing configuration,We're still evaluating the change internally.
MSG0004008,ACC00412,2025-06-07T12:00:00,customer,meeting_notes,mobile access,The latest release has made the workflow much easier for our team.
MSG0004009,ACC00412,2024-09-11T08:00:00,customer,email,mobile access,Thanks for getting this sorted so quickly. Everything is working now.
MSG0004010,ACC00412,2024-12-06T17:00:00,customer,support_chat,report exports,"The workflow is mostly fine, although there are a couple of things we'd like improved."
MSG0004011,ACC00412,2024-11-28T16:00:00,customer,support_chat,mobile access,Thanks for getting this sorted so quickly. Everything is working now.
MSG0004012,ACC00412,2025-04-23T18:00:00,customer,email,integration errors,"The workflow is mostly fine, although there are a couple of things we'd like improved."
MSG0004013,ACC00412,2024-09-06T16:00:00,agent,meeting_notes,SSO,We've had to follow up several times and this is starting to become frustrating.
MSG0004014,ACC00412,2025-10-02T11:00:00,customer,email,user provisioning,We're reviewing the latest changes and have a few questions.
MSG0004015,ACC00412,2025-07-11T08:00:00,customer,email,data synchronization,Could you help us understand why this is happening?
MSG0004016,ACC00412,2024-08-21T14:00:00,customer,support_chat,workflow automation,The reporting changes are useful and the team is happy with them.
MSG0004017,ACC00412,2025-08-18T11:00:00,customer,meeting_notes,billing configuration,Thanks for getting this sorted so quickly. Everything is working now.
MSG0004018,ACC00412,2025-11-16T12:00:00,agent,meeting_notes,usage reporting,This has been affecting the team for a while and we need a clearer resolution.
MSG0004019,ACC00412,2025-11-13T08:00:00,agent,support_chat,mobile access,We're still evaluating the change internally.
MSG0004020,ACC00412,2024-08-21T08:00:00,customer,support_chat,billing configuration,Thanks for getting this sorted so quickly. Everything is working now.
MSG0004021,ACC00412,2024-07-18T12:00:00,customer,support_chat,usage reporting,We're reviewing the latest changes and have a few questions.
MSG0004022,ACC00412,2025-05-13T11:00:00,customer,email,SSO,We're reviewing the latest changes and have a few questions.
MSG0004023,ACC00412,2024-09-08T08:00:00,customer,support_chat,dashboard performance,Could you help us understand why this is happening?
MSG0004024,ACC00412,2025-08-16T18:00:00,agent,meeting_notes,invoice reconciliation,We're reviewing the latest changes and have a few questions.
MSG0004025,ACC00413,2025-05-06T14:00:00,agent,email,dashboard performance,The reporting changes are useful and the team is happy with them.
MSG0004026,ACC00413,2025-09-20T13:00:00,customer,meeting_notes,API reliability,Thanks for getting this sorted so quickly. Everything is working now.
MSG0004027,ACC00413,2024-03-25T12:00:00,customer,meeting_notes,SSO,The reporting changes are useful and the team is happy with them.
MSG0004028,ACC00413,2025-10-08T08:00:00,customer,meeting_notes,renewal terms,The reporting changes are useful and the team is happy with them.
MSG0004029,ACC00413,2025-11-16T11:00:00,customer,meeting_notes,permissions,We're reviewing the latest changes and have a few questions.
MSG0004030,ACC00413,2025-07-03T12:00:00,agent,support_chat,workflow automation,Could you help us understand why this is happening?
MSG0004031,ACC00413,2024-12-03T15:00:00,customer,support_chat,report exports,We've had to follow up several times and this is starting to become frustrating.
MSG0004032,ACC00413,2025-11-03T14:00:00,agent,meeting_notes,dashboard performance,The latest release has made the workflow much easier for our team.
MSG0004033,ACC00413,2024-03-09T12:00:00,customer,email,usage reporting,The latest release has made the workflow much easier for our team.
MSG0004034,ACC00413,2024-06-21T14:00:00,customer,email,invoice reconciliation,Thanks for getting this sorted so quickly. Everything is working now.
MSG0004035,ACC00413,2025-08-08T13:00:00,customer,email,mobile access,Could you help us understand why this is happening?
MSG0004036,ACC00413,2024-06-01T09:00:00,customer,meeting_notes,invoice reconciliation,We've had to follow up several times and this is starting to become frustrating.
MSG0004037,ACC00413,2025-01-21T10:00:00,agent,email,renewal terms,We've been getting good value from the platform and adoption is steady.
MSG0004038,ACC00413,2024-02-22T15:00:00,agent,meeting_notes,renewal terms,This has been affecting the team for a while and we need a clearer resolution.
MSG0004039,ACC00413,2025-12-09T16:00:00,agent,support_chat,report exports,The latest release has made the workflow much easier for our team.
MSG0004040,ACC00413,2025-04-19T16:00:00,agent,email,renewal terms,This has been affecting the team for a while and we need a clearer resolution.
MSG0004041,ACC00413,2024-07-16T14:00:00,customer,email,billing configuration,We've had to follow up several times and this is starting to become frustrating.
MSG0004042,ACC00414,2024-10-26T15:00:00,customer,support_chat,report exports,We're still evaluating the change internally.
MSG0004043,ACC00414,2025-05-13T10:00:00,agent,support_chat,billing configuration,"The workflow is mostly fine, although there are a couple of things we'd like improved."
MSG0004044,ACC00414,2024-02-10T12:00:00,agent,meeting_notes,report exports,We've had to follow up several times and this is starting to become frustrating.
MSG0004045,ACC00414,2024-06-27T09:00:00,agent,support_chat,report exports,Could you help us understand why this is happening?
MSG0004046,ACC00414,2024-08-02T16:00:00,customer,meeting_notes,usage reporting,This has been affecting the team for a while and we need a clearer resolution.
MSG0004047,ACC00414,2024-04-23T17:00:00,customer,support_chat,API reliability,We're still evaluating the change internally.
MSG0004048,ACC00414,2025-06-14T18:00:00,customer,email,usage reporting,The latest release has made the workflow much easier for our team.
MSG0004049,ACC00414,2024-11-16T12:00:00,agent,email,mobile access,We've had to follow up several times and this is starting to become frustrating.
MSG0004050,ACC00414,2024-01-04T18:00:00,agent,support_chat,dashboard performance,The latest release has made the workflow much easier for our team.
MSG0004051,ACC00414,2024-09-21T12:00:00,customer,email,dashboard performance,We're still evaluating the change internally.
MSG0004052,ACC00415,2024-06-11T18:00:00,customer,email,dashboard performance,We're reviewing the latest changes and have a few questions.
MSG0004053,ACC00415,2024-05-27T15:00:00,agent,email,permissions,"The workflow is mostly fine, although there are a couple of things we'd like improved."
MSG0004054,ACC00415,2025-05-05T14:00:00,customer,meeting_notes,usage reporting,Could you help us understand why this is happening?
MSG0004055,ACC00415,2025-11-12T11:00:00,customer,email,data synchronization,"The workflow is mostly fine, although there are a couple of things we'd like improved."
MSG0004056,ACC00415,2024-08-21T09:00:00,agent,meeting_notes,report exports,We're still evaluating the change internally.
MSG0004057,ACC00415,2024-04-22T17:00:00,customer,meeting_notes,billing configuration,We're reviewing the latest changes and have a few questions.
MSG0004058,ACC00415,2025-06-18T18:00:00,customer,email,report exports,The reporting changes are useful and the team is happy with them.
MSG0004059,ACC00415,2025-08-26T13:00:00,customer,email,API reliability,"The workflow is mostly fine, although there are a couple of things we'd like improved."
MSG0004060,ACC00415,2024-02-16T12:00:00,agent,email,permissions,Could you help us understand why this is happening?
MSG0004061,ACC00415,2024-04-12T15:00:00,customer,email,workflow automation,"The workflow is mostly fine, although there are a couple of things we'd like improved."
MSG0004062,ACC00415,2025-01-15T17:00:00,agent,meeting_notes,workflow automation,This has been affecting the team for a while and we need a clearer resolution.
MSG0004063,ACC00415,2025-06-11T13:00:00,agent,email,SSO,This has been affecting the team for a while and we need a clearer resolution.
MSG0004064,ACC00415,2025-08-05T14:00:00,customer,meeting_notes,invoice reconciliation,Thanks for getting this sorted so quickly. Everything is working now.
MSG0004065,ACC00415,2025-09-28T14:00:00,agent,meeting_notes,renewal terms,Could you help us understand why this is happening?
MSG0004066,ACC00415,2024-12-24T09:00:00,agent,meeting_notes,integration errors,The reporting changes are useful and the team is happy with them.
MSG0004067,ACC00415,2025-03-28T18:00:00,agent,support_chat,report exports,"The workflow is mostly fine, although there are a couple of things we'd like improved."
MSG0004068,ACC00416,2025-02-04T17:00:00,customer,meeting_notes,data synchronization,We're reviewing the latest changes and have a few questions.
MSG0004069,ACC00416,2024-04-02T15:00:00,customer,meeting_notes,billing configuration,This has been affecting the team for a while and we need a clearer resolution.
MSG0004070,ACC00416,2024-01-20T11:00:00,agent,meeting_notes,renewal terms,Could you help us understand why this is happening?
MSG0004071,ACC00416,2024-11-07T16:00:00,customer,email,usage reporting,We've been getting good value from the platform and adoption is steady.
MSG0004072,ACC00416,2025-03-23T15:00:00,customer,support_chat,workflow automation,This has been affecting the team for a while and we need a clearer resolution.
MSG0004073,ACC00416,2025-03-11T17:00:00,agent,email,mobile access,We've had to follow up several times and this is starting to become frustrating.
MSG0004074,ACC00416,2024-10-21T16:00:00,agent,meeting_notes,mobile access,We've had to follow up several times and this is starting to become frustrating.
MSG0004075,ACC00416,2025-07-27T16:00:00,customer,meeting_notes,data synchronization,We're still evaluating the change internally.
MSG0004076,ACC00416,2024-05-18T17:00:00,customer,support_chat,user provisioning,"The workflow is mostly fine, although there are a couple of things we'd like improved."
MSG0004077,ACC00416,2024-10-04T14:00:00,agent,support_chat,SSO,This has been affecting the team for a while and we need a clearer resolution.
MSG0004078,ACC00416,2024-11-10T13:00:00,customer,meeting_notes,report exports,We're reviewing the latest changes and have a few questions.
MSG0004079,ACC00416,2025-01-18T11:00:00,customer,meeting_notes,usage reporting,We're still evaluating the change internally.
MSG0004080,ACC00416,2025-08-17T18:00:00,agent,meeting_notes,workflow automation,The reporting changes are useful and the team is happy with them.
MSG0004081,ACC00417,2024-09-07T14:00:00,customer,meeting_notes,API reliability,Thanks for getting this sorted so quickly. Everything is working now.
MSG0004082,ACC00417,2025-03-13T12:00:00,customer,email,user provisioning,Could you help us understand why this is happening?
MSG0004083,ACC00417,2024-12-01T12:00:00,customer,email,usage reporting,We've had to follow up several times and this is starting to become frustrating.
MSG0004084,ACC00417,2025-05-28T11:00:00,agent,support_chat,integration errors,We've had to follow up several times and this is starting to become frustrating.
MSG0004085,ACC00417,2024-04-06T14:00:00,customer,meeting_notes,billing configuration,This has been affecting the team for a while and we need a clearer resolution.
MSG0004086,ACC00417,2025-02-03T12:00:00,customer,support_chat,user provisioning,Thanks for getting this sorted so quickly. Everything is working now.
MSG0004087,ACC00417,2025-06-18T13:00:00,customer,meeting_notes,report exports,The reporting changes are useful and the team is happy with them.
MSG0004088,ACC00417,2024-08-18T14:00:00,customer,support_chat,dashboard performance,We've been getting good value from the platform and adoption is steady.
MSG0004089,ACC00417,2024-02-25T14:00:00,customer,support_chat,data synchronization,Thanks for getting this sorted so quickly. Everything is working now.
MSG0004090,ACC00418,2025-03-10T11:00:00,customer,support_chat,data synchronization,The reporting changes are useful and the team is happy with them.
MSG0004091,ACC00418,2024-06-02T14:00:00,customer,meeting_notes,report exports,The reporting changes are useful and the team is happy with them.
MSG0004092,ACC00418,2024-10-15T18:00:00,agent,support_chat,mobile access,Thanks for getting this sorted so quickly. Everything is working now.
MSG0004093,ACC00418,2024-03-21T13:00:00,agent,support_chat,invoice reconciliation,The latest release has made the workflow much easier for our team.
MSG0004094,ACC00418,2025-04-03T12:00:00,customer,support_chat,permissions,This has been affecting the team for a while and we need a clearer resolution.
MSG0004095,ACC00418,2024-11-17T09:00:00,customer,email,usage reporting,Thanks for getting this sorted so quickly. Everything is working now.
MSG0004096,ACC00418,2025-03-24T09:00:00,agent,meeting_notes,invoice reconciliation,This has been affecting the team for a while and we need a clearer resolution.
MSG0004097,ACC00418,2024-12-04T17:00:00,agent,support_chat,SSO,"The workflow is mostly fine, although there are a couple of things we'd like improved."
MSG0004098,ACC00418,2024-05-03T09:00:00,customer,meeting_notes,user provisioning,We've been getting good value from the platform and adoption is steady.
MSG0004099,ACC00418,2024-02-07T14:00:00,customer,meeting_notes,report exports,We're still evaluating the change internally.
MSG0004100,ACC00419,2024-07-10T11:00:00,customer,support_chat,API reliability,Could you help us understand why this is happening?
MSG0004101,ACC00419,2024-10-13T18:00:00,customer,support_chat,billing configuration,We're still evaluating the change internally.
MSG0004102,ACC00419,2024-03-06T16:00:00,customer,support_chat,SSO,"The workflow is mostly fine, although there are a couple of things we'd like improved."
MSG0004103,ACC00419,2024-12-22T11:00:00,agent,meeting_notes,dashboard performance,Could you help us understand why this is happening?
MSG0004104,ACC00419,2024-03-07T17:00:00,customer,email,permissions,The reporting changes are useful and the team is happy with them.
MSG0004105,ACC00419,2024-01-19T08:00:00,agent,meeting_notes,data synchronization,"The workflow is mostly fine, although there are a couple of things we'd like improved."
MSG0004106,ACC00419,2025-05-22T08:00:00,customer,meeting_notes,renewal terms,The reporting changes are useful and the team is happy with them.
MSG0004107,ACC00419,2024-11-11T08:00:00,agent,meeting_notes,usage reporting,"The workflow is mostly fine, although there are a couple of things we'd like improved."
MSG0004108,ACC00419,2024-04-04T17:00:00,customer,email,renewal terms,We've been getting good value from the platform and adoption is steady.
MSG0004109,ACC00420,2024-01-08T10:00:00,agent,support_chat,invoice reconciliation,We're still evaluating the change internally.
MSG0004110,ACC00420,2024-06-03T12:00:00,customer,meeting_notes,user provisioning,The latest release has made the workflow much easier for our team.
MSG0004111,ACC00420,2024-03-01T18:00:00,agent,meeting_notes,report exports,The reporting changes are useful and the team is happy with them.
MSG0004112,ACC00421,2024-09-11T16:00:00,customer,email,billing configuration,We've had to follow up several times and this is starting to become frustrating.
MSG0004113,ACC00421,2024-05-08T14:00:00,customer,email,usage reporting,The latest release has made the workflow much easier for our team.
MSG0004114,ACC00421,2024-11-28T15:00:00,customer,support_chat,workflow automation,We've had to follow up several times and this is starting to become frustrating.
MSG0004115,ACC00421,2025-01-01T10:00:00,agent,meeting_notes,invoice reconciliation,We're still evaluating the change internally.
MSG0004116,ACC00421,2024-03-19T17:00:00,customer,support_chat,permissions,We've been getting good value from the platform and adoption is steady.
MSG0004117,ACC00421,2025-10-10T12:00:00,customer,meeting_notes,permissions,We're still evaluating the change internally.
MSG0004118,ACC00421,2024-09-27T10:00:00,customer,meeting_notes,report exports,The latest release has made the workflow much easier for our team.
MSG0004119,ACC00421,2024-06-04T17:00:00,customer,support_chat,dashboard performance,The reporting changes are useful and the team is happy with them.
MSG0004120,ACC00421,2024-06-24T11:00:00,customer,support_chat,billing configuration,We're still evaluating the change internally.
MSG0004121,ACC00421,2025-12-01T08:00:00,agent,email,report exports,This has been affecting the team for a while and we need a clearer resolution.
MSG0004122,ACC00421,2025-11-21T10:00:00,customer,support_chat,report exports,"The workflow is mostly fine, although there are a couple of things we'd like improved."
MSG0004123,ACC00421,2025-09-21T11:00:00,customer,email,billing configuration,We're reviewing the latest changes and have a few questions.
MSG0004124,ACC00421,2024-04-26T14:00:00,agent,email,integration errors,We've been getting good value from the platform and adoption is steady.
MSG0004125,ACC00422,2025-09-03T15:00:00,customer,support_chat,usage reporting,The reporting changes are useful and the team is happy with them.
MSG0004126,ACC00422,2024-10-20T15:00:00,customer,support_chat,data synchronization,We've been getting good value from the platform and adoption is steady.
MSG0004127,ACC00422,2025-02-24T10:00:00,customer,support_chat,user provisioning,This has been affecting the team for a while and we need a clearer resolution.
MSG0004128,ACC00422,2025-12-08T14:00:00,customer,email,API reliability,Thanks for getting this sorted so quickly. Everything is working now.
MSG0004129,ACC00422,2024-12-17T14:00:00,customer,meeting_notes,billing configuration,We're reviewing the latest changes and have a few questions.
MSG0004130,ACC00422,2025-07-26T13:00:00,customer,meeting_notes,permissions,The latest release has made the workflow much easier for our team.
MSG0004131,ACC00422,2024-11-26T09:00:00,customer,meeting_notes,invoice reconciliation,Could you help us understand why this is happening?
MSG0004132,ACC00422,2025-02-01T09:00:00,customer,email,mobile access,The latest release has made the workflow much easier for our team.
MSG0004133,ACC00422,2024-10-01T14:00:00,customer,support_chat,dashboard performance,"The workflow is mostly fine, although there are a couple of things we'd like improved."
MSG0004134,ACC00422,2024-11-26T08:00:00,customer,meeting_notes,usage reporting,Could you help us understand why this is happening?
MSG0004135,ACC00422,2025-01-27T13:00:00,agent,email,SSO,This has been affecting the team for a while and we need a clearer resolution.
MSG0004136,ACC00423,2024-10-16T12:00:00,customer,support_chat,mobile access,We've had to follow up several times and this is starting to become frustrating.
MSG0004137,ACC00423,2024-09-16T14:00:00,customer,support_chat,data synchronization,This has been affecting the team for a while and we need a clearer resolution.
MSG0004138,ACC00423,2024-11-05T10:00:00,agent,meeting_notes,user provisioning,The latest release has made the workflow much easier for our team.
MSG0004139,ACC00423,2025-05-22T09:00:00,agent,email,permissions,The reporting changes are useful and the team is happy with them.
MSG0004140,ACC00423,2025-06-19T11:00:00,agent,support_chat,usage reporting,We've been getting good value from the platform and adoption is steady.
MSG0004141,ACC00423,2025-06-08T09:00:00,agent,meeting_notes,mobile access,Thanks for getting this sorted so quickly. Everything is working now.
MSG0004142,ACC00423,2024-06-02T12:00:00,customer,meeting_notes,API reliability,We're still evaluating the change internally.
MSG0004143,ACC00423,2025-04-12T18:00:00,customer,support_chat,dashboard performance,We've been getting good value from the platform and adoption is steady.
MSG0004144,ACC00423,2024-11-25T18:00:00,agent,meeting_notes,user provisioning,"The workflow is mostly fine, although there are a couple of things we'd like improved."
MSG0004145,ACC00424,2025-02-12T15:00:00,agent,support_chat,billing configuration,Thanks for getting this sorted so quickly. Everything is working now.
MSG0004146,ACC00424,2025-06-11T15:00:00,customer,support_chat,billing configuration,"The workflow is mostly fine, although there are a couple of things we'd like improved."
MSG0004147,ACC00424,2025-05-06T16:00:00,agent,support_chat,usage reporting,Could you help us understand why this is happening?
MSG0004148,ACC00424,2024-02-05T14:00:00,customer,support_chat,user provisioning,Thanks for getting this sorted so quickly. Everything is working now.
MSG0004149,ACC00424,2024-01-03T12:00:00,customer,meeting_notes,user provisioning,The latest release has made the workflow much easier for our team.
MSG0004150,ACC00424,2025-06-13T10:00:00,agent,email,user provisioning,We're still evaluating the change internally.
MSG0004151,ACC00424,2024-06-03T18:00:00,customer,email,report exports,Could you help us understand why this is happening?
MSG0004152,ACC00424,2024-12-12T09:00:00,agent,email,workflow automation,We've been getting good value from the platform and adoption is steady.
MSG0004153,ACC00424,2024-03-20T17:00:00,customer,meeting_notes,SSO,Thanks for getting this sorted so quickly. Everything is working now.
MSG0004154,ACC00424,2024-10-06T13:00:00,agent,support_chat,integration errors,We're reviewing the latest changes and have a few questions.
MSG0004155,ACC00424,2025-03-10T13:00:00,customer,support_chat,integration errors,The latest release has made the workflow much easier for our team.
MSG0004156,ACC00424,2024-12-23T14:00:00,agent,support_chat,SSO,The latest release has made the workflow much easier for our team.
MSG0004157,ACC00424,2024-07-03T10:00:00,customer,support_chat,permissions,We're reviewing the latest changes and have a few questions.
MSG0004158,ACC00424,2025-07-07T14:00:00,customer,support_chat,report exports,We're still evaluating the change internally.
MSG0004159,ACC00424,2025-10-24T10:00:00,agent,email,usage reporting,"The workflow is mostly fine, although there are a couple of things we'd like improved."
MSG0004160,ACC00424,2025-09-21T17:00:00,customer,meeting_notes,SSO,We're reviewing the latest changes and have a few questions.
MSG0004161,ACC00425,2024-06-03T08:00:00,customer,meeting_notes,report exports,The latest release has made the workflow much easier for our team.
MSG0004162,ACC00425,2024-08-19T12:00:00,customer,email,workflow automation,Could you help us understand why this is happening?
MSG0004163,ACC00425,2024-03-25T16:00:00,customer,meeting_notes,renewal terms,We've had to follow up several times and this is starting to become frustrating.
MSG0004164,ACC00425,2024-10-14T09:00:00,customer,meeting_notes,report exports,We're considering reducing the footprint at renewal unless things improve.
MSG0004165,ACC00426,2025-04-22T17:00:00,customer,meeting_notes,renewal terms,Could you help us understand why this is happening?
MSG0004166,ACC00426,2025-09-07T16:00:00,customer,email,integration errors,We've had to follow up several times and this is starting to become frustrating.
MSG0004167,ACC00426,2025-01-22T12:00:00,customer,meeting_notes,API reliability,The latest release has made the workflow much easier for our team.
MSG0004168,ACC00426,2025-01-08T15:00:00,agent,email,usage reporting,Thanks for getting this sorted so quickly. Everything is working now.
MSG0004169,ACC00426,2024-02-15T08:00:00,agent,email,permissions,We're still evaluating the change internally.
MSG0004170,ACC00426,2025-02-23T15:00:00,agent,email,renewal terms,"The workflow is mostly fine, although there are a couple of things we'd like improved."
MSG0004171,ACC00426,2024-03-24T12:00:00,customer,email,integration errors,We're still evaluating the change internally.
MSG0004172,ACC00426,2025-04-02T14:00:00,customer,meeting_notes,renewal terms,This has been affecting the team for a while and we need a clearer resolution.
MSG0004173,ACC00426,2024-11-26T09:00:00,customer,email,billing configuration,The reporting changes are useful and the team is happy with them.
MSG0004174,ACC00426,2025-04-17T10:00:00,customer,email,usage reporting,We're still evaluating the change internally.
MSG0004175,ACC00426,2024-08-08T18:00:00,agent,support_chat,invoice reconciliation,The reporting changes are useful and the team is happy with them.
MSG0004176,ACC00427,2024-08-23T17:00:00,agent,email,dashboard performance,The reporting changes are useful and the team is happy with them.
MSG0004177,ACC00427,2024-03-04T18:00:00,customer,meeting_notes,integration errors,We're reviewing the latest changes and have a few questions.
MSG0004178,ACC00427,2024-08-04T11:00:00,customer,email,dashboard performance,We've had to follow up several times and this is starting to become frustrating.
MSG0004179,ACC00428,2025-06-13T13:00:00,agent,meeting_notes,user provisioning,We've been getting good value from the platform and adoption is steady.
MSG0004180,ACC00428,2025-03-19T13:00:00,customer,email,usage reporting,We're still evaluating the change internally.
MSG0004181,ACC00428,2025-06-02T09:00:00,customer,meeting_notes,integration errors,The latest release has made the workflow much easier for our team.
MSG0004182,ACC00428,2025-01-06T13:00:00,customer,meeting_notes,usage reporting,This has been affecting the team for a while and we need a clearer resolution.
MSG0004183,ACC00428,2025-02-21T12:00:00,customer,support_chat,report exports,We're still evaluating the change internally.
MSG0004184,ACC00428,2024-12-10T12:00:00,customer,meeting_notes,workflow automation,We've been getting good value from the platform and adoption is steady.
MSG0004185,ACC00428,2025-07-02T11:00:00,customer,meeting_notes,SSO,Could you help us understand why this is happening?
MSG0004186,ACC00428,2024-03-15T15:00:00,agent,support_chat,renewal terms,We've been getting good value from the platform and adoption is steady.
MSG0004187,ACC00429,2024-06-10T10:00:00,agent,meeting_notes,API reliability,This has been affecting the team for a while and we need a clearer resolution.
MSG0004188,ACC00429,2024-04-04T14:00:00,customer,meeting_notes,integration errors,Could you help us understand why this is happening?
MSG0004189,ACC00429,2024-02-26T13:00:00,customer,meeting_notes,renewal terms,We've been getting good value from the platform and adoption is steady.
MSG0004190,ACC00429,2024-03-28T11:00:00,agent,support_chat,workflow automation,We've been getting good value from the platform and adoption is steady.
MSG0004191,ACC00429,2024-06-19T15:00:00,agent,email,user provisioning,Could you help us understand why this is happening?
MSG0004192,ACC00429,2024-05-01T11:00:00,agent,email,data synchronization,"The workflow is mostly fine, although there are a couple of things we'd like improved."
MSG0004193,ACC00429,2024-02-11T08:00:00,customer,meeting_notes,renewal terms,This has been affecting the team for a while and we need a clearer resolution.
MSG0004194,ACC00430,2025-09-24T14:00:00,customer,support_chat,invoice reconciliation,We've had to follow up several times and this is starting to become frustrating.
MSG0004195,ACC00430,2025-05-22T17:00:00,customer,meeting_notes,billing configuration,"The workflow is mostly fine, although there are a couple of things we'd like improved."
MSG0004196,ACC00430,2024-08-06T11:00:00,customer,email,renewal terms,We've had to follow up several times and this is starting to become frustrating.
MSG0004197,ACC00430,2025-08-08T13:00:00,agent,email,data synchronization,Our payment was rejected again and we'd like help resolving the billing issue.
MSG0004198,ACC00430,2024-05-14T15:00:00,customer,support_chat,data synchronization,Thanks for getting this sorted so quickly. Everything is working now.
MSG0004199,ACC00430,2025-06-20T13:00:00,customer,meeting_notes,workflow automation,We're reviewing the latest changes and have a few questions.
MSG0004200,ACC00430,2024-07-27T08:00:00,agent,meeting_notes,usage reporting,We've had to follow up several times and this is starting to become frustrating.
MSG0004201,ACC00430,2025-07-11T09:00:00,agent,email,workflow automation,Our payment was rejected again and we'd like help resolving the billing issue.
MSG0004202,ACC00430,2024-09-21T16:00:00,customer,email,data synchronization,"The workflow is mostly fine, although there are a couple of things we'd like improved."
MSG0004203,ACC00430,2025-02-05T18:00:00,agent,email,usage reporting,The reporting changes are useful and the team is happy with them.
MSG0004204,ACC00430,2025-09-09T15:00:00,customer,support_chat,API reliability,There seems to be a discrepancy in the invoice total.
MSG0004205,ACC00430,2024-06-01T10:00:00,agent,support_chat,workflow automation,We're reviewing the latest changes and have a few questions.
MSG0004206,ACC00430,2024-06-23T14:00:00,customer,email,user provisioning,We're still evaluating the change internally.
MSG0004207,ACC00430,2024-03-12T12:00:00,customer,support_chat,workflow automation,The latest release has made the workflow much easier for our team.
MSG0004208,ACC00430,2024-11-06T16:00:00,customer,meeting_notes,usage reporting,The reporting changes are useful and the team is happy with them.
MSG0004209,ACC00430,2025-09-18T15:00:00,customer,email,mobile access,This has been affecting the team for a while and we need a clearer resolution.
MSG0004210,ACC00430,2024-05-07T11:00:00,agent,email,billing configuration,The latest release has made the workflow much easier for our team.
MSG0004211,ACC00431,2024-07-14T11:00:00,customer,meeting_notes,SSO,"The workflow is mostly fine, although there are a couple of things we'd like improved."
MSG0004212,ACC00431,2024-10-18T12:00:00,customer,email,renewal terms,"If we can't get this resolved soon, we'll need to look at other options."
MSG0004213,ACC00431,2025-01-19T11:00:00,customer,meeting_notes,data synchronization,We're considering reducing the footprint at renewal unless things improve.
MSG0004214,ACC00431,2024-02-21T11:00:00,customer,support_chat,dashboard performance,This has been affecting the team for a while and we need a clearer resolution.
MSG0004215,ACC00431,2025-02-19T10:00:00,customer,support_chat,invoice reconciliation,We're still evaluating the change internally.
MSG0004216,ACC00431,2024-09-15T12:00:00,agent,support_chat,renewal terms,Thanks for getting this sorted so quickly. Everything is working now.
MSG0004217,ACC00431,2024-05-02T09:00:00,customer,support_chat,API reliability,We've been getting good value from the platform and adoption is steady.
MSG0004218,ACC00431,2024-01-03T08:00:00,customer,meeting_notes,usage reporting,The reporting changes are useful and the team is happy with them.
MSG0004219,ACC00431,2025-02-25T10:00:00,customer,support_chat,workflow automation,We're reviewing the latest changes and have a few questions.
MSG0004220,ACC00431,2024-03-12T12:00:00,customer,meeting_notes,user provisioning,This has been affecting the team for a while and we need a clearer resolution.
MSG0004221,ACC00431,2024-11-14T18:00:00,customer,email,renewal terms,"The workflow is mostly fine, although there are a couple of things we'd like improved."
MSG0004222,ACC00431,2024-07-03T11:00:00,customer,email,user provisioning,We're still evaluating the change internally.
MSG0004223,ACC00431,2024-08-01T11:00:00,agent,support_chat,renewal terms,This has been affecting the team for a while and we need a clearer resolution.
MSG0004224,ACC00432,2025-12-10T15:00:00,customer,support_chat,data synchronization,The latest release has made the workflow much easier for our team.
MSG0004225,ACC00432,2025-12-11T10:00:00,customer,meeting_notes,billing configuration,The reporting changes are useful and the team is happy with them.
MSG0004226,ACC00432,2025-10-02T09:00:00,agent,support_chat,invoice reconciliation,We're reviewing the latest changes and have a few questions.
MSG0004227,ACC00432,2025-04-15T17:00:00,customer,email,data synchronization,We've had to follow up several times and this is starting to become frustrating.
MSG0004228,ACC00432,2025-10-12T15:00:00,agent,email,report exports,We've been getting good value from the platform and adoption is steady.
MSG0004229,ACC00432,2025-03-04T12:00:00,customer,support_chat,dashboard performance,We're still evaluating the change internally.
MSG0004230,ACC00432,2025-03-02T15:00:00,customer,support_chat,report exports,This has been affecting the team for a while and we need a clearer resolution.
MSG0004231,ACC00432,2024-12-16T13:00:00,customer,meeting_notes,permissions,This has been affecting the team for a while and we need a clearer resolution.
MSG0004232,ACC00432,2024-01-23T14:00:00,agent,email,mobile access,"The workflow is mostly fine, although there are a couple of things we'd like improved."
MSG0004233,ACC00432,2025-10-19T08:00:00,customer,meeting_notes,permissions,Thanks for getting this sorted so quickly. Everything is working now.
MSG0004234,ACC00432,2025-02-23T11:00:00,customer,support_chat,renewal terms,This has been affecting the team for a while and we need a clearer resolution.
MSG0004235,ACC00432,2024-12-23T13:00:00,agent,meeting_notes,SSO,Could you help us understand why this is happening?
MSG0004236,ACC00432,2025-04-05T18:00:00,customer,email,invoice reconciliation,Could you help us understand why this is happening?
MSG0004237,ACC00432,2025-07-01T13:00:00,customer,email,mobile access,Thanks for getting this sorted so quickly. Everything is working now.
MSG0004238,ACC00432,2025-02-08T08:00:00,agent,support_chat,integration errors,Thanks for getting this sorted so quickly. Everything is working now.
MSG0004239,ACC00433,2024-06-24T10:00:00,agent,email,data synchronization,The reporting changes are useful and the team is happy with them.
MSG0004240,ACC00433,2024-04-04T09:00:00,agent,meeting_notes,report exports,The reporting changes are useful and the team is happy with them.
MSG0004241,ACC00433,2024-08-18T11:00:00,customer,meeting_notes,report exports,The latest release has made the workflow much easier for our team.
MSG0004242,ACC00433,2024-07-05T09:00:00,customer,support_chat,billing configuration,"The workflow is mostly fine, although there are a couple of things we'd like improved."
MSG0004243,ACC00433,2024-04-14T12:00:00,customer,email,SSO,We're reviewing the latest changes and have a few questions.
MSG0004244,ACC00433,2024-04-09T09:00:00,agent,meeting_notes,data synchronization,The reporting changes are useful and the team is happy with them.
MSG0004245,ACC00433,2024-10-11T18:00:00,agent,email,report exports,The reporting changes are useful and the team is happy with them.
MSG0004246,ACC00434,2024-08-10T14:00:00,agent,email,SSO,We've been getting good value from the platform and adoption is steady.
MSG0004247,ACC00434,2025-01-14T10:00:00,customer,meeting_notes,data synchronization,We've had to follow up several times and this is starting to become frustrating.
MSG0004248,ACC00434,2024-02-19T13:00:00,customer,meeting_notes,API reliability,Could you help us understand why this is happening?
MSG0004249,ACC00434,2024-09-04T11:00:00,customer,meeting_notes,mobile access,The latest release has made the workflow much easier for our team.
MSG0004250,ACC00434,2024-07-12T08:00:00,agent,support_chat,data synchronization,The latest release has made the workflow much easier for our team.
MSG0004251,ACC00434,2025-05-07T12:00:00,agent,support_chat,user provisioning,We've had to follow up several times and this is starting to become frustrating.
MSG0004252,ACC00434,2025-05-10T15:00:00,customer,email,workflow automation,The invoice amount doesn't match our purchase order. Can someone review it?
MSG0004253,ACC00435,2024-06-04T08:00:00,customer,support_chat,billing configuration,The reporting changes are useful and the team is happy with them.
MSG0004254,ACC00435,2024-04-16T15:00:00,customer,meeting_notes,dashboard performance,We're reviewing the latest changes and have a few questions.
MSG0004255,ACC00435,2025-04-07T10:00:00,customer,email,mobile access,Could you help us understand why this is happening?
MSG0004256,ACC00435,2025-03-12T14:00:00,customer,email,API reliability,"If we can't get this resolved soon, we'll need to look at other options."
MSG0004257,ACC00435,2025-05-05T17:00:00,customer,support_chat,invoice reconciliation,We're still evaluating the change internally.
MSG0004258,ACC00435,2024-07-18T08:00:00,customer,email,report exports,"The workflow is mostly fine, although there are a couple of things we'd like improved."
MSG0004259,ACC00435,2024-04-23T16:00:00,customer,support_chat,billing configuration,We've been getting good value from the platform and adoption is steady.
MSG0004260,ACC00435,2024-11-08T15:00:00,customer,meeting_notes,usage reporting,Could you help us understand why this is happening?
MSG0004261,ACC00435,2024-06-20T11:00:00,agent,support_chat,report exports,This has been affecting the team for a while and we need a clearer resolution.
MSG0004262,ACC00435,2025-02-03T10:00:00,customer,meeting_notes,usage reporting,We're reviewing the latest changes and have a few questions.
MSG0004263,ACC00435,2025-02-22T08:00:00,customer,meeting_notes,SSO,We've had to follow up several times and this is starting to become frustrating.
MSG0004264,ACC00436,2024-09-19T17:00:00,customer,support_chat,usage reporting,Thanks for getting this sorted so quickly. Everything is working now.
MSG0004265,ACC00436,2024-05-12T09:00:00,agent,email,report exports,The latest release has made the workflow much easier for our team.
MSG0004266,ACC00436,2024-02-17T13:00:00,customer,meeting_notes,permissions,"The workflow is mostly fine, although there are a couple of things we'd like improved."
MSG0004267,ACC00436,2024-07-25T16:00:00,agent,support_chat,integration errors,We're reviewing the latest changes and have a few questions.
MSG0004268,ACC00437,2024-08-14T08:00:00,customer,email,billing configuration,We're reviewing alternatives because this is becoming difficult to justify internally.
MSG0004269,ACC00437,2024-02-25T12:00:00,agent,meeting_notes,integration errors,Could you help us understand why this is happening?
MSG0004270,ACC00437,2024-01-05T13:00:00,agent,meeting_notes,user provisioning,We've been getting good value from the platform and adoption is steady.
MSG0004271,ACC00438,2025-08-15T17:00:00,agent,meeting_notes,mobile access,The latest release has made the workflow much easier for our team.
MSG0004272,ACC00438,2024-09-11T15:00:00,customer,support_chat,workflow automation,This has been affecting the team for a while and we need a clearer resolution.
MSG0004273,ACC00438,2024-01-25T13:00:00,customer,meeting_notes,usage reporting,The latest release has made the workflow much easier for our team.
MSG0004274,ACC00438,2024-08-07T13:00:00,customer,meeting_notes,billing configuration,We're reviewing the latest changes and have a few questions.
MSG0004275,ACC00438,2025-11-17T11:00:00,agent,email,permissions,"The workflow is mostly fine, although there are a couple of things we'd like improved."
MSG0004276,ACC00438,2025-10-28T12:00:00,customer,meeting_notes,invoice reconciliation,This has been affecting the team for a while and we need a clearer resolution.
MSG0004277,ACC00438,2024-11-11T16:00:00,agent,email,billing configuration,Thanks for getting this sorted so quickly. Everything is working now.
MSG0004278,ACC00438,2025-01-28T08:00:00,customer,email,workflow automation,We're still evaluating the change internally.
MSG0004279,ACC00438,2024-07-06T14:00:00,agent,meeting_notes,API reliability,The latest release has made the workflow much easier for our team.
MSG0004280,ACC00438,2025-08-16T09:00:00,agent,email,SSO,We're still evaluating the change internally.
MSG0004281,ACC00438,2025-05-08T09:00:00,customer,email,workflow automation,This has been affecting the team for a while and we need a clearer resolution.
MSG0004282,ACC00438,2025-08-19T14:00:00,customer,email,API reliability,"The workflow is mostly fine, although there are a couple of things we'd like improved."
MSG0004283,ACC00438,2024-11-25T08:00:00,customer,support_chat,SSO,The latest release has made the workflow much easier for our team.
MSG0004284,ACC00438,2025-10-22T09:00:00,customer,support_chat,dashboard performance,We've been getting good value from the platform and adoption is steady.
MSG0004285,ACC00438,2025-07-18T16:00:00,customer,support_chat,SSO,The reporting changes are useful and the team is happy with them.
MSG0004286,ACC00438,2024-10-08T16:00:00,agent,email,billing configuration,Could you help us understand why this is happening?
MSG0004287,ACC00439,2025-02-07T09:00:00,agent,support_chat,dashboard performance,We've had to follow up several times and this is starting to become frustrating.
MSG0004288,ACC00439,2025-03-09T14:00:00,customer,meeting_notes,billing configuration,Thanks for getting this sorted so quickly. Everything is working now.
MSG0004289,ACC00439,2025-06-21T15:00:00,agent,meeting_notes,renewal terms,We've been getting good value from the platform and adoption is steady.
MSG0004290,ACC00439,2024-10-01T18:00:00,customer,support_chat,API reliability,This has been affecting the team for a while and we need a clearer resolution.
MSG0004291,ACC00439,2024-11-14T09:00:00,customer,email,data synchronization,The reporting changes are useful and the team is happy with them.
MSG0004292,ACC00439,2025-05-18T08:00:00,customer,email,data synchronization,The reporting changes are useful and the team is happy with them.
MSG0004293,ACC00439,2024-11-06T10:00:00,agent,meeting_notes,billing configuration,The latest release has made the workflow much easier for our team.
MSG0004294,ACC00439,2025-05-21T17:00:00,agent,email,API reliability,Thanks for getting this sorted so quickly. Everything is working now.
MSG0004295,ACC00439,2024-03-12T14:00:00,customer,support_chat,mobile access,We're still evaluating the change internally.
MSG0004296,ACC00439,2024-08-28T08:00:00,agent,meeting_notes,SSO,This has been affecting the team for a while and we need a clearer resolution.
MSG0004297,ACC00439,2024-11-16T17:00:00,agent,email,workflow automation,This has been affecting the team for a while and we need a clearer resolution.
MSG0004298,ACC00439,2024-05-13T10:00:00,agent,email,API reliability,The reporting changes are useful and the team is happy with them.
MSG0004299,ACC00440,2025-01-15T16:00:00,customer,support_chat,usage reporting,"The workflow is mostly fine, although there are a couple of things we'd like improved."
MSG0004300,ACC00440,2024-10-09T10:00:00,customer,support_chat,invoice reconciliation,We're still evaluating the change internally.
MSG0004301,ACC00440,2024-12-17T16:00:00,customer,email,user provisioning,This has been affecting the team for a while and we need a clearer resolution.
MSG0004302,ACC00440,2024-04-06T13:00:00,agent,meeting_notes,renewal terms,"The workflow is mostly fine, although there are a couple of things we'd like improved."
MSG0004303,ACC00440,2025-03-09T14:00:00,agent,meeting_notes,SSO,"The workflow is mostly fine, although there are a couple of things we'd like improved."
MSG0004304,ACC00440,2025-05-06T18:00:00,agent,meeting_notes,billing configuration,We're still evaluating the change internally.
MSG0004305,ACC00440,2025-07-08T12:00:00,customer,support_chat,report exports,We're reviewing alternatives because this is becoming difficult to justify internally.
MSG0004306,ACC00440,2024-04-24T13:00:00,customer,support_chat,integration errors,"The workflow is mostly fine, although there are a couple of things we'd like improved."
MSG0004307,ACC00440,2024-10-02T17:00:00,customer,meeting_notes,report exports,"The workflow is mostly fine, although there are a couple of things we'd like improved."
MSG0004308,ACC00440,2024-03-21T09:00:00,customer,meeting_notes,SSO,Thanks for getting this sorted so quickly. Everything is working now.
MSG0004309,ACC00441,2024-10-06T17:00:00,customer,support_chat,API reliability,Could you help us understand why this is happening?
MSG0004310,ACC00441,2024-04-23T09:00:00,customer,meeting_notes,user provisioning,"The workflow is mostly fine, although there are a couple of things we'd like improved."
MSG0004311,ACC00441,2024-02-28T09:00:00,customer,meeting_notes,user provisioning,We've had to follow up several times and this is starting to become frustrating.
MSG0004312,ACC00441,2025-03-13T14:00:00,customer,meeting_notes,dashboard performance,We've been getting good value from the platform and adoption is steady.
MSG0004313,ACC00441,2024-05-05T09:00:00,customer,email,billing configuration,Thanks for getting this sorted so quickly. Everything is working now.
MSG0004314,ACC00441,2025-05-07T10:00:00,customer,meeting_notes,workflow automation,"If we can't get this resolved soon, we'll need to look at other options."
MSG0004315,ACC00441,2025-04-22T11:00:00,customer,support_chat,integration errors,We're reviewing alternatives because this is becoming difficult to justify internally.
MSG0004316,ACC00441,2024-07-04T11:00:00,agent,support_chat,report exports,Could you help us understand why this is happening?
MSG0004317,ACC00441,2025-07-16T17:00:00,customer,email,dashboard performance,We're considering reducing the footprint at renewal unless things improve.
MSG0004318,ACC00442,2025-12-14T08:00:00,customer,support_chat,user provisioning,We've been getting good value from the platform and adoption is steady.
MSG0004319,ACC00442,2025-11-23T13:00:00,customer,email,integration errors,This has been affecting the team for a while and we need a clearer resolution.
MSG0004320,ACC00442,2025-06-27T09:00:00,customer,meeting_notes,invoice reconciliation,We've been getting good value from the platform and adoption is steady.
MSG0004321,ACC00442,2025-06-15T12:00:00,customer,meeting_notes,data synchronization,The latest release has made the workflow much easier for our team.
MSG0004322,ACC00442,2024-09-23T16:00:00,customer,meeting_notes,API reliability,We've had to follow up several times and this is starting to become frustrating.
MSG0004323,ACC00442,2025-09-26T18:00:00,customer,email,permissions,"The workflow is mostly fine, although there are a couple of things we'd like improved."
MSG0004324,ACC00442,2025-04-25T16:00:00,customer,email,permissions,We've been getting good value from the platform and adoption is steady.
MSG0004325,ACC00442,2024-02-04T17:00:00,customer,meeting_notes,invoice reconciliation,Thanks for getting this sorted so quickly. Everything is working now.
MSG0004326,ACC00442,2025-09-19T15:00:00,customer,meeting_notes,report exports,The reporting changes are useful and the team is happy with them.
MSG0004327,ACC00442,2025-07-28T12:00:00,agent,email,invoice reconciliation,We've had to follow up several times and this is starting to become frustrating.
MSG0004328,ACC00442,2024-02-23T18:00:00,customer,email,workflow automation,The reporting changes are useful and the team is happy with them.
MSG0004329,ACC00442,2024-10-11T13:00:00,customer,meeting_notes,dashboard performance,We've been getting good value from the platform and adoption is steady.
MSG0004330,ACC00442,2025-08-13T11:00:00,customer,meeting_notes,API reliability,Could you help us understand why this is happening?
MSG0004331,ACC00442,2024-07-20T13:00:00,agent,email,usage reporting,This has been affecting the team for a while and we need a clearer resolution.
MSG0004332,ACC00442,2025-10-27T18:00:00,agent,email,data synchronization,We've been getting good value from the platform and adoption is steady.
MSG0004333,ACC00443,2024-04-06T09:00:00,agent,email,billing configuration,The reporting changes are useful and the team is happy with them.
MSG0004334,ACC00443,2024-05-05T08:00:00,customer,email,invoice reconciliation,Could you help us understand why this is happening?
MSG0004335,ACC00443,2024-03-04T14:00:00,customer,email,renewal terms,The latest release has made the workflow much easier for our team.
MSG0004336,ACC00443,2024-11-28T16:00:00,agent,meeting_notes,usage reporting,The latest release has made the workflow much easier for our team.
MSG0004337,ACC00444,2024-08-28T17:00:00,customer,email,data synchronization,Could you help us understand why this is happening?
MSG0004338,ACC00444,2024-05-16T12:00:00,customer,meeting_notes,billing configuration,The latest release has made the workflow much easier for our team.
MSG0004339,ACC00444,2024-05-14T09:00:00,agent,meeting_notes,user provisioning,We've had to follow up several times and this is starting to become frustrating.
MSG0004340,ACC00444,2024-08-08T11:00:00,customer,meeting_notes,billing configuration,"The workflow is mostly fine, although there are a couple of things we'd like improved."
MSG0004341,ACC00444,2025-02-17T13:00:00,customer,meeting_notes,API reliability,Could you help us understand why this is happening?
MSG0004342,ACC00444,2025-10-24T13:00:00,customer,support_chat,SSO,We're still evaluating the change internally.
MSG0004343,ACC00444,2024-11-25T13:00:00,agent,meeting_notes,billing configuration,The reporting changes are useful and the team is happy with them.
MSG0004344,ACC00444,2025-11-08T14:00:00,agent,meeting_notes,SSO,We're still evaluating the change internally.
MSG0004345,ACC00445,2025-07-14T12:00:00,customer,support_chat,user provisioning,The reporting changes are useful and the team is happy with them.
MSG0004346,ACC00445,2024-01-15T18:00:00,customer,email,data synchronization,We've had to follow up several times and this is starting to become frustrating.
MSG0004347,ACC00445,2024-09-25T10:00:00,agent,email,usage reporting,Could you help us understand why this is happening?
MSG0004348,ACC00445,2024-05-02T16:00:00,agent,email,SSO,Thanks for getting this sorted so quickly. Everything is working now.
MSG0004349,ACC00445,2025-08-04T11:00:00,customer,email,mobile access,We're still evaluating the change internally.
MSG0004350,ACC00445,2025-04-02T17:00:00,agent,support_chat,report exports,We've had to follow up several times and this is starting to become frustrating.
MSG0004351,ACC00445,2024-04-20T14:00:00,customer,email,renewal terms,We've had to follow up several times and this is starting to become frustrating.
MSG0004352,ACC00445,2024-10-23T16:00:00,agent,meeting_notes,integration errors,The latest release has made the workflow much easier for our team.
MSG0004353,ACC00445,2025-10-27T18:00:00,agent,email,billing configuration,The latest release has made the workflow much easier for our team.
MSG0004354,ACC00445,2025-10-25T09:00:00,customer,email,API reliability,The latest release has made the workflow much easier for our team.
MSG0004355,ACC00445,2024-11-03T18:00:00,customer,email,billing configuration,We've been getting good value from the platform and adoption is steady.
MSG0004356,ACC00445,2024-01-01T16:00:00,customer,support_chat,user provisioning,We've been getting good value from the platform and adoption is steady.
MSG0004357,ACC00445,2024-02-10T17:00:00,agent,meeting_notes,integration errors,We've been getting good value from the platform and adoption is steady.
MSG0004358,ACC00446,2025-03-14T08:00:00,agent,support_chat,report exports,We've been getting good value from the platform and adoption is steady.
MSG0004359,ACC00446,2025-08-16T09:00:00,customer,email,mobile access,Thanks for getting this sorted so quickly. Everything is working now.
MSG0004360,ACC00446,2025-11-23T11:00:00,agent,support_chat,data synchronization,The latest release has made the workflow much easier for our team.
MSG0004361,ACC00446,2024-11-18T10:00:00,customer,support_chat,permissions,We're reviewing the latest changes and have a few questions.
MSG0004362,ACC00446,2024-02-18T16:00:00,customer,email,workflow automation,The latest release has made the workflow much easier for our team.
MSG0004363,ACC00446,2025-04-02T17:00:00,agent,meeting_notes,permissions,We're reviewing the latest changes and have a few questions.
MSG0004364,ACC00446,2025-07-07T11:00:00,agent,email,data synchronization,The latest release has made the workflow much easier for our team.
MSG0004365,ACC00446,2024-07-03T09:00:00,agent,support_chat,dashboard performance,Thanks for getting this sorted so quickly. Everything is working now.
MSG0004366,ACC00446,2024-10-08T12:00:00,agent,meeting_notes,usage reporting,The reporting changes are useful and the team is happy with them.
MSG0004367,ACC00446,2024-06-13T09:00:00,agent,email,mobile access,We're reviewing the latest changes and have a few questions.
MSG0004368,ACC00446,2024-11-23T18:00:00,customer,support_chat,billing configuration,We've been getting good value from the platform and adoption is steady.
MSG0004369,ACC00447,2025-05-12T09:00:00,customer,email,mobile access,Could you help us understand why this is happening?
MSG0004370,ACC00447,2025-03-15T15:00:00,agent,meeting_notes,permissions,The latest release has made the workflow much easier for our team.
MSG0004371,ACC00447,2024-05-02T12:00:00,agent,email,integration errors,This has been affecting the team for a while and we need a clearer resolution.
MSG0004372,ACC00447,2024-05-10T12:00:00,agent,email,SSO,The latest release has made the workflow much easier for our team.
MSG0004373,ACC00447,2025-05-23T18:00:00,agent,email,mobile access,Thanks for getting this sorted so quickly. Everything is working now.
MSG0004374,ACC00447,2024-12-21T12:00:00,agent,support_chat,invoice reconciliation,Thanks for getting this sorted so quickly. Everything is working now.
MSG0004375,ACC00447,2025-09-05T16:00:00,agent,support_chat,permissions,The reporting changes are useful and the team is happy with them.
MSG0004376,ACC00447,2025-03-11T14:00:00,agent,support_chat,data synchronization,This has been affecting the team for a while and we need a clearer resolution.
MSG0004377,ACC00447,2024-05-04T08:00:00,customer,meeting_notes,renewal terms,We've had to follow up several times and this is starting to become frustrating.
MSG0004378,ACC00447,2024-09-05T15:00:00,customer,support_chat,data synchronization,We're still evaluating the change internally.
MSG0004379,ACC00447,2025-08-14T15:00:00,customer,support_chat,report exports,Could you help us understand why this is happening?
MSG0004380,ACC00447,2024-02-09T18:00:00,customer,support_chat,billing configuration,Could you help us understand why this is happening?
MSG0004381,ACC00447,2024-06-15T09:00:00,customer,email,permissions,The latest release has made the workflow much easier for our team.
MSG0004382,ACC00447,2024-02-05T14:00:00,agent,meeting_notes,renewal terms,Could you help us understand why this is happening?
MSG0004383,ACC00447,2024-09-28T17:00:00,customer,support_chat,permissions,Thanks for getting this sorted so quickly. Everything is working now.
MSG0004384,ACC00448,2024-11-09T15:00:00,customer,meeting_notes,SSO,We've had to follow up several times and this is starting to become frustrating.
MSG0004385,ACC00448,2025-09-11T14:00:00,agent,support_chat,report exports,Thanks for getting this sorted so quickly. Everything is working now.
MSG0004386,ACC00448,2024-05-11T12:00:00,agent,email,dashboard performance,We've had to follow up several times and this is starting to become frustrating.
MSG0004387,ACC00448,2025-05-13T16:00:00,customer,meeting_notes,workflow automation,We've been getting good value from the platform and adoption is steady.
MSG0004388,ACC00448,2025-06-01T15:00:00,customer,meeting_notes,integration errors,Could you help us understand why this is happening?
MSG0004389,ACC00448,2025-03-03T14:00:00,customer,email,renewal terms,The reporting changes are useful and the team is happy with them.
MSG0004390,ACC00448,2024-03-11T08:00:00,customer,email,integration errors,The reporting changes are useful and the team is happy with them.
MSG0004391,ACC00448,2025-08-11T10:00:00,agent,meeting_notes,dashboard performance,We're reviewing the latest changes and have a few questions.
MSG0004392,ACC00448,2024-11-06T10:00:00,customer,meeting_notes,user provisioning,"The workflow is mostly fine, although there are a couple of things we'd like improved."
MSG0004393,ACC00448,2025-08-14T14:00:00,agent,meeting_notes,data synchronization,The latest release has made the workflow much easier for our team.
MSG0004394,ACC00448,2025-06-20T16:00:00,customer,email,permissions,Could you help us understand why this is happening?
MSG0004395,ACC00448,2025-02-24T16:00:00,customer,support_chat,SSO,We're still evaluating the change internally.
MSG0004396,ACC00448,2024-01-04T10:00:00,customer,meeting_notes,API reliability,Could you help us understand why this is happening?
MSG0004397,ACC00449,2025-04-24T16:00:00,agent,meeting_notes,usage reporting,The reporting changes are useful and the team is happy with them.
MSG0004398,ACC00449,2024-12-04T08:00:00,agent,meeting_notes,integration errors,We've had to follow up several times and this is starting to become frustrating.
MSG0004399,ACC00449,2024-12-27T16:00:00,customer,email,billing configuration,The reporting changes are useful and the team is happy with them.
MSG0004400,ACC00449,2024-06-18T12:00:00,customer,email,mobile access,"The workflow is mostly fine, although there are a couple of things we'd like improved."
MSG0004401,ACC00449,2025-12-12T10:00:00,customer,meeting_notes,workflow automation,Could you help us understand why this is happening?
MSG0004402,ACC00449,2025-12-03T10:00:00,agent,meeting_notes,data synchronization,This has been affecting the team for a while and we need a clearer resolution.
MSG0004403,ACC00449,2024-06-26T12:00:00,customer,meeting_notes,report exports,Could you help us understand why this is happening?
MSG0004404,ACC00449,2025-04-25T15:00:00,agent,support_chat,data synchronization,This has been affecting the team for a while and we need a clearer resolution.
MSG0004405,ACC00449,2024-08-11T09:00:00,customer,support_chat,data synchronization,We've been getting good value from the platform and adoption is steady.
MSG0004406,ACC00449,2025-02-21T08:00:00,customer,meeting_notes,data synchronization,The reporting changes are useful and the team is happy with them.
MSG0004407,ACC00449,2025-09-15T14:00:00,customer,support_chat,billing configuration,This has been affecting the team for a while and we need a clearer resolution.
MSG0004408,ACC00449,2025-08-11T15:00:00,agent,meeting_notes,data synchronization,We're reviewing the latest changes and have a few questions.
MSG0004409,ACC00449,2025-12-15T16:00:00,agent,email,billing configuration,Thanks for getting this sorted so quickly. Everything is working now.
MSG0004410,ACC00449,2024-03-14T16:00:00,customer,meeting_notes,API reliability,The reporting changes are useful and the team is happy with them.
MSG0004411,ACC00449,2025-09-24T11:00:00,agent,support_chat,integration errors,This has been affecting the team for a while and we need a clearer resolution.
MSG0004412,ACC00450,2024-05-17T18:00:00,agent,meeting_notes,permissions,We've had to follow up several times and this is starting to become frustrating.
MSG0004413,ACC00450,2024-05-11T11:00:00,customer,meeting_notes,API reliability,Could you help us understand why this is happening?
MSG0004414,ACC00450,2024-09-28T14:00:00,customer,email,mobile access,The latest release has made the workflow much easier for our team.
MSG0004415,ACC00450,2024-07-23T17:00:00,customer,meeting_notes,integration errors,We're reviewing the latest changes and have a few questions.
MSG0004416,ACC00450,2024-06-15T11:00:00,customer,support_chat,API reliability,We're still evaluating the change internally.
MSG0004417,ACC00450,2024-02-16T14:00:00,customer,email,mobile access,The reporting changes are useful and the team is happy with them.
MSG0004418,ACC00450,2024-12-26T12:00:00,customer,meeting_notes,user provisioning,We've been getting good value from the platform and adoption is steady.
MSG0004419,ACC00450,2024-10-24T18:00:00,agent,support_chat,billing configuration,Could you help us understand why this is happening?
MSG0004420,ACC00450,2024-11-23T17:00:00,customer,meeting_notes,workflow automation,We're still evaluating the change internally.
MSG0004421,ACC00450,2025-04-03T13:00:00,customer,email,workflow automation,We've had to follow up several times and this is starting to become frustrating.
MSG0004422,ACC00451,2024-07-08T10:00:00,agent,email,user provisioning,We're reviewing the latest changes and have a few questions.
MSG0004423,ACC00451,2025-11-06T09:00:00,customer,email,usage reporting,The reporting changes are useful and the team is happy with them.
MSG0004424,ACC00451,2025-05-18T09:00:00,customer,email,invoice reconciliation,The latest release has made the workflow much easier for our team.
MSG0004425,ACC00451,2024-12-17T10:00:00,customer,email,billing configuration,We're still evaluating the change internally.
MSG0004426,ACC00451,2025-01-25T16:00:00,customer,support_chat,API reliability,This has been affecting the team for a while and we need a clearer resolution.
MSG0004427,ACC00451,2025-10-20T17:00:00,customer,email,permissions,"The workflow is mostly fine, although there are a couple of things we'd like improved."
MSG0004428,ACC00451,2025-10-26T11:00:00,customer,meeting_notes,data synchronization,We're still evaluating the change internally.
MSG0004429,ACC00451,2024-05-14T14:00:00,customer,meeting_notes,permissions,We're reviewing the latest changes and have a few questions.
MSG0004430,ACC00451,2024-07-19T16:00:00,agent,email,workflow automation,"The workflow is mostly fine, although there are a couple of things we'd like improved."
MSG0004431,ACC00451,2024-03-04T08:00:00,customer,email,billing configuration,We're reviewing the latest changes and have a few questions.
MSG0004432,ACC00451,2024-09-17T11:00:00,customer,support_chat,workflow automation,"The workflow is mostly fine, although there are a couple of things we'd like improved."
MSG0004433,ACC00452,2024-10-04T10:00:00,agent,email,usage reporting,We've been getting good value from the platform and adoption is steady.
MSG0004434,ACC00452,2024-07-19T16:00:00,agent,support_chat,dashboard performance,"The workflow is mostly fine, although there are a couple of things we'd like improved."
MSG0004435,ACC00452,2024-03-20T11:00:00,customer,support_chat,invoice reconciliation,We've had to follow up several times and this is starting to become frustrating.
MSG0004436,ACC00452,2024-01-14T09:00:00,customer,support_chat,renewal terms,Could you help us understand why this is happening?
MSG0004437,ACC00452,2024-01-04T12:00:00,customer,meeting_notes,mobile access,"The workflow is mostly fine, although there are a couple of things we'd like improved."
MSG0004438,ACC00452,2024-10-20T13:00:00,customer,support_chat,report exports,Could you help us understand why this is happening?
MSG0004439,ACC00452,2024-05-14T16:00:00,customer,email,data synchronization,We're reviewing the latest changes and have a few questions.
MSG0004440,ACC00452,2024-02-07T12:00:00,agent,meeting_notes,billing configuration,Could you help us understand why this is happening?
MSG0004441,ACC00452,2024-02-05T15:00:00,agent,email,permissions,This has been affecting the team for a while and we need a clearer resolution.
MSG0004442,ACC00453,2024-06-15T17:00:00,agent,support_chat,renewal terms,We've had to follow up several times and this is starting to become frustrating.
MSG0004443,ACC00453,2024-04-05T10:00:00,customer,meeting_notes,integration errors,This has been affecting the team for a while and we need a clearer resolution.
MSG0004444,ACC00453,2024-06-14T17:00:00,agent,meeting_notes,data synchronization,We're reviewing the latest changes and have a few questions.
MSG0004445,ACC00453,2024-02-01T09:00:00,agent,support_chat,permissions,We're still evaluating the change internally.
MSG0004446,ACC00454,2024-05-05T12:00:00,customer,support_chat,invoice reconciliation,We're still evaluating the change internally.
MSG0004447,ACC00454,2024-07-15T09:00:00,customer,email,integration errors,We've had to follow up several times and this is starting to become frustrating.
MSG0004448,ACC00454,2024-01-13T16:00:00,customer,meeting_notes,data synchronization,The latest release has made the workflow much easier for our team.
MSG0004449,ACC00454,2024-12-15T11:00:00,agent,email,workflow automation,We've been getting good value from the platform and adoption is steady.
MSG0004450,ACC00454,2025-06-12T14:00:00,customer,meeting_notes,invoice reconciliation,Thanks for getting this sorted so quickly. Everything is working now.
MSG0004451,ACC00454,2025-02-25T11:00:00,customer,meeting_notes,usage reporting,The latest release has made the workflow much easier for our team.
MSG0004452,ACC00454,2025-06-03T12:00:00,agent,support_chat,data synchronization,Thanks for getting this sorted so quickly. Everything is working now.
MSG0004453,ACC00454,2025-11-24T17:00:00,customer,email,workflow automation,We've been getting good value from the platform and adoption is steady.
MSG0004454,ACC00454,2024-12-13T10:00:00,customer,meeting_notes,invoice reconciliation,This has been affecting the team for a while and we need a clearer resolution.
MSG0004455,ACC00455,2024-05-01T12:00:00,customer,support_chat,integration errors,We've had to follow up several times and this is starting to become frustrating.
MSG0004456,ACC00455,2025-08-25T18:00:00,customer,email,renewal terms,The invoice amount doesn't match our purchase order. Can someone review it?
MSG0004457,ACC00455,2025-07-16T08:00:00,customer,email,invoice reconciliation,We've had to follow up several times and this is starting to become frustrating.
MSG0004458,ACC00455,2024-05-14T14:00:00,customer,email,renewal terms,We're still evaluating the change internally.
MSG0004459,ACC00455,2024-02-16T11:00:00,agent,support_chat,SSO,We've had to follow up several times and this is starting to become frustrating.
MSG0004460,ACC00455,2025-03-02T11:00:00,customer,meeting_notes,API reliability,The reporting changes are useful and the team is happy with them.
MSG0004461,ACC00455,2025-03-19T16:00:00,customer,email,permissions,"The workflow is mostly fine, although there are a couple of things we'd like improved."
MSG0004462,ACC00455,2025-08-12T16:00:00,customer,email,SSO,We've had to follow up several times and this is starting to become frustrating.
MSG0004463,ACC00456,2024-01-21T10:00:00,customer,meeting_notes,SSO,We're reviewing the latest changes and have a few questions.
MSG0004464,ACC00456,2024-03-03T13:00:00,customer,email,renewal terms,The reporting changes are useful and the team is happy with them.
MSG0004465,ACC00456,2024-03-02T15:00:00,agent,support_chat,dashboard performance,We're reviewing the latest changes and have a few questions.
MSG0004466,ACC00456,2024-04-08T17:00:00,customer,support_chat,permissions,Could you help us understand why this is happening?
MSG0004467,ACC00456,2024-06-03T16:00:00,customer,meeting_notes,workflow automation,The reporting changes are useful and the team is happy with them.
MSG0004468,ACC00456,2024-07-20T13:00:00,agent,meeting_notes,usage reporting,We've had to follow up several times and this is starting to become frustrating.
MSG0004469,ACC00456,2024-05-23T11:00:00,agent,support_chat,dashboard performance,We're reviewing the latest changes and have a few questions.
MSG0004470,ACC00457,2024-09-20T15:00:00,customer,email,workflow automation,We've had to follow up several times and this is starting to become frustrating.
MSG0004471,ACC00457,2024-11-09T11:00:00,customer,support_chat,integration errors,The latest release has made the workflow much easier for our team.
MSG0004472,ACC00457,2024-11-15T10:00:00,customer,support_chat,invoice reconciliation,We've been getting good value from the platform and adoption is steady.
MSG0004473,ACC00457,2024-02-23T09:00:00,customer,email,dashboard performance,We're still evaluating the change internally.
MSG0004474,ACC00457,2024-05-25T08:00:00,customer,email,permissions,The latest release has made the workflow much easier for our team.
MSG0004475,ACC00457,2024-08-22T13:00:00,customer,support_chat,report exports,"The workflow is mostly fine, although there are a couple of things we'd like improved."
MSG0004476,ACC00457,2024-03-07T13:00:00,customer,meeting_notes,API reliability,We're reviewing the latest changes and have a few questions.
MSG0004477,ACC00457,2024-06-28T18:00:00,agent,meeting_notes,API reliability,Thanks for getting this sorted so quickly. Everything is working now.
MSG0004478,ACC00457,2025-04-19T16:00:00,customer,support_chat,SSO,We're still evaluating the change internally.
MSG0004479,ACC00457,2025-04-06T12:00:00,customer,support_chat,billing configuration,I'm concerned that we're not getting the level of support we expected.
MSG0004480,ACC00457,2024-08-17T09:00:00,customer,support_chat,data synchronization,Could you help us understand why this is happening?
MSG0004481,ACC00457,2024-12-09T16:00:00,customer,support_chat,invoice reconciliation,We're reviewing the latest changes and have a few questions.
MSG0004482,ACC00457,2024-11-02T17:00:00,agent,support_chat,data synchronization,Could you help us understand why this is happening?
MSG0004483,ACC00457,2024-12-04T08:00:00,customer,email,billing configuration,The reporting changes are useful and the team is happy with them.
MSG0004484,ACC00457,2024-08-09T15:00:00,customer,meeting_notes,invoice reconciliation,We're reviewing the latest changes and have a few questions.
MSG0004485,ACC00458,2024-04-01T14:00:00,customer,support_chat,SSO,This has been affecting the team for a while and we need a clearer resolution.
MSG0004486,ACC00458,2024-07-09T17:00:00,customer,email,invoice reconciliation,This has been affecting the team for a while and we need a clearer resolution.
MSG0004487,ACC00458,2024-05-12T14:00:00,agent,email,user provisioning,The latest release has made the workflow much easier for our team.
MSG0004488,ACC00458,2024-08-13T09:00:00,customer,support_chat,data synchronization,We're reviewing the latest changes and have a few questions.
MSG0004489,ACC00458,2024-03-18T18:00:00,customer,meeting_notes,dashboard performance,We're reviewing the latest changes and have a few questions.
MSG0004490,ACC00459,2024-03-03T14:00:00,customer,email,dashboard performance,The latest release has made the workflow much easier for our team.
MSG0004491,ACC00459,2024-05-27T18:00:00,agent,meeting_notes,user provisioning,We've had to follow up several times and this is starting to become frustrating.
MSG0004492,ACC00459,2024-08-28T10:00:00,customer,email,renewal terms,"If we can't get this resolved soon, we'll need to look at other options."
MSG0004493,ACC00460,2024-01-20T16:00:00,agent,support_chat,report exports,The reporting changes are useful and the team is happy with them.
MSG0004494,ACC00460,2025-04-10T12:00:00,customer,meeting_notes,invoice reconciliation,Could you help us understand why this is happening?
MSG0004495,ACC00460,2024-12-22T17:00:00,customer,support_chat,billing configuration,We've had to follow up several times and this is starting to become frustrating.
MSG0004496,ACC00460,2024-02-01T13:00:00,agent,email,renewal terms,Could you help us understand why this is happening?
MSG0004497,ACC00460,2024-10-13T08:00:00,customer,support_chat,renewal terms,We've had to follow up several times and this is starting to become frustrating.
MSG0004498,ACC00460,2025-09-02T13:00:00,agent,support_chat,mobile access,There seems to be a discrepancy in the invoice total.
MSG0004499,ACC00460,2025-01-17T08:00:00,customer,email,usage reporting,The latest release has made the workflow much easier for our team.
MSG0004500,ACC00460,2024-07-15T14:00:00,customer,email,data synchronization,The reporting changes are useful and the team is happy with them.
MSG0004501,ACC00460,2025-01-27T14:00:00,customer,support_chat,API reliability,The reporting changes are useful and the team is happy with them.
MSG0004502,ACC00460,2024-01-25T10:00:00,agent,meeting_notes,data synchronization,The reporting changes are useful and the team is happy with them.
MSG0004503,ACC00460,2024-02-28T12:00:00,customer,email,permissions,The reporting changes are useful and the team is happy with them.
MSG0004504,ACC00460,2024-03-13T18:00:00,customer,meeting_notes,data synchronization,Could you help us understand why this is happening?
MSG0004505,ACC00460,2024-06-20T15:00:00,agent,support_chat,dashboard performance,The reporting changes are useful and the team is happy with them.
MSG0004506,ACC00460,2024-07-07T18:00:00,agent,meeting_notes,renewal terms,Thanks for getting this sorted so quickly. Everything is working now.
MSG0004507,ACC00461,2025-07-01T16:00:00,customer,meeting_notes,mobile access,The reporting changes are useful and the team is happy with them.
MSG0004508,ACC00461,2025-04-16T11:00:00,customer,meeting_notes,invoice reconciliation,Could you help us understand why this is happening?
MSG0004509,ACC00461,2025-10-14T08:00:00,agent,support_chat,data synchronization,There seems to be a discrepancy in the invoice total.
MSG0004510,ACC00461,2025-05-01T12:00:00,customer,support_chat,integration errors,We're still evaluating the change internally.
MSG0004511,ACC00461,2025-10-21T09:00:00,customer,email,report exports,There seems to be a discrepancy in the invoice total.
MSG0004512,ACC00461,2025-05-06T17:00:00,customer,support_chat,permissions,Thanks for getting this sorted so quickly. Everything is working now.
MSG0004513,ACC00461,2025-10-11T15:00:00,customer,meeting_notes,dashboard performance,We've had to follow up several times and this is starting to become frustrating.
MSG0004514,ACC00461,2025-02-25T15:00:00,customer,email,data synchronization,We're reviewing the latest changes and have a few questions.
MSG0004515,ACC00461,2024-12-02T17:00:00,agent,email,SSO,We've had to follow up several times and this is starting to become frustrating.
MSG0004516,ACC00461,2024-02-21T09:00:00,customer,email,mobile access,We've had to follow up several times and this is starting to become frustrating.
MSG0004517,ACC00461,2025-02-17T15:00:00,agent,support_chat,dashboard performance,The reporting changes are useful and the team is happy with them.
MSG0004518,ACC00461,2025-10-20T13:00:00,customer,email,mobile access,This has been affecting the team for a while and we need a clearer resolution.
MSG0004519,ACC00461,2025-11-28T12:00:00,customer,meeting_notes,integration errors,The invoice amount doesn't match our purchase order. Can someone review it?
MSG0004520,ACC00461,2025-09-07T17:00:00,agent,email,integration errors,There seems to be a discrepancy in the invoice total.
MSG0004521,ACC00461,2024-03-26T18:00:00,agent,support_chat,billing configuration,We've been getting good value from the platform and adoption is steady.
MSG0004522,ACC00461,2024-11-05T18:00:00,customer,meeting_notes,user provisioning,We're reviewing the latest changes and have a few questions.
MSG0004523,ACC00462,2024-05-12T16:00:00,customer,meeting_notes,invoice reconciliation,We're still evaluating the change internally.
MSG0004524,ACC00462,2024-05-26T15:00:00,customer,email,report exports,The reporting changes are useful and the team is happy with them.
MSG0004525,ACC00462,2024-08-26T12:00:00,agent,support_chat,report exports,Thanks for getting this sorted so quickly. Everything is working now.
MSG0004526,ACC00462,2024-05-26T08:00:00,customer,email,billing configuration,The latest release has made the workflow much easier for our team.
MSG0004527,ACC00462,2024-01-04T15:00:00,customer,support_chat,invoice reconciliation,We've had to follow up several times and this is starting to become frustrating.
MSG0004528,ACC00462,2024-06-27T14:00:00,customer,meeting_notes,usage reporting,This has been affecting the team for a while and we need a clearer resolution.
MSG0004529,ACC00463,2024-07-07T12:00:00,customer,meeting_notes,data synchronization,We've had to follow up several times and this is starting to become frustrating.
MSG0004530,ACC00463,2025-08-12T12:00:00,agent,email,dashboard performance,Could you help us understand why this is happening?
MSG0004531,ACC00463,2024-10-15T16:00:00,customer,support_chat,renewal terms,We're still evaluating the change internally.
MSG0004532,ACC00463,2025-07-21T17:00:00,customer,support_chat,user provisioning,We're reviewing the latest changes and have a few questions.
MSG0004533,ACC00463,2024-05-06T15:00:00,customer,email,permissions,The latest release has made the workflow much easier for our team.
MSG0004534,ACC00463,2025-09-18T16:00:00,customer,meeting_notes,workflow automation,We're still evaluating the change internally.
MSG0004535,ACC00463,2025-04-06T12:00:00,agent,meeting_notes,data synchronization,Could you help us understand why this is happening?
MSG0004536,ACC00463,2024-07-15T17:00:00,agent,support_chat,API reliability,The latest release has made the workflow much easier for our team.
MSG0004537,ACC00463,2024-02-12T08:00:00,agent,email,renewal terms,The reporting changes are useful and the team is happy with them.
MSG0004538,ACC00463,2025-08-05T13:00:00,customer,meeting_notes,billing configuration,The reporting changes are useful and the team is happy with them.
MSG0004539,ACC00463,2025-06-14T08:00:00,agent,meeting_notes,API reliability,We've been getting good value from the platform and adoption is steady.
MSG0004540,ACC00463,2024-02-10T17:00:00,agent,email,mobile access,We've had to follow up several times and this is starting to become frustrating.
MSG0004541,ACC00464,2024-05-14T18:00:00,agent,support_chat,invoice reconciliation,We're reviewing the latest changes and have a few questions.
MSG0004542,ACC00464,2025-01-02T13:00:00,customer,meeting_notes,dashboard performance,We've been getting good value from the platform and adoption is steady.
MSG0004543,ACC00464,2024-10-12T08:00:00,customer,email,workflow automation,This has been affecting the team for a while and we need a clearer resolution.
MSG0004544,ACC00464,2024-10-18T08:00:00,customer,support_chat,report exports,This has been affecting the team for a while and we need a clearer resolution.
MSG0004545,ACC00464,2025-08-28T11:00:00,customer,support_chat,renewal terms,We're reviewing the latest changes and have a few questions.
MSG0004546,ACC00464,2024-03-09T14:00:00,customer,email,renewal terms,"The workflow is mostly fine, although there are a couple of things we'd like improved."
MSG0004547,ACC00464,2024-06-04T15:00:00,agent,support_chat,usage reporting,We're reviewing the latest changes and have a few questions.
MSG0004548,ACC00464,2024-01-10T16:00:00,agent,email,integration errors,We've been getting good value from the platform and adoption is steady.
MSG0004549,ACC00464,2024-09-13T11:00:00,customer,meeting_notes,permissions,Could you help us understand why this is happening?
MSG0004550,ACC00464,2024-01-12T08:00:00,customer,support_chat,dashboard performance,Could you help us understand why this is happening?
MSG0004551,ACC00464,2024-05-27T13:00:00,customer,email,API reliability,We've been getting good value from the platform and adoption is steady.
MSG0004552,ACC00464,2025-04-12T09:00:00,customer,meeting_notes,data synchronization,The reporting changes are useful and the team is happy with them.
MSG0004553,ACC00465,2025-01-12T13:00:00,customer,meeting_notes,renewal terms,We're reviewing the latest changes and have a few questions.
MSG0004554,ACC00465,2025-05-04T12:00:00,customer,email,invoice reconciliation,"The workflow is mostly fine, although there are a couple of things we'd like improved."
MSG0004555,ACC00465,2024-05-04T15:00:00,customer,meeting_notes,API reliability,The latest release has made the workflow much easier for our team.
MSG0004556,ACC00465,2025-07-22T10:00:00,customer,email,permissions,We're still evaluating the change internally.
MSG0004557,ACC00465,2024-12-02T16:00:00,customer,meeting_notes,invoice reconciliation,We've had to follow up several times and this is starting to become frustrating.
MSG0004558,ACC00465,2025-04-14T13:00:00,customer,email,permissions,"The workflow is mostly fine, although there are a couple of things we'd like improved."
MSG0004559,ACC00465,2024-02-16T09:00:00,agent,email,integration errors,We've been getting good value from the platform and adoption is steady.
MSG0004560,ACC00465,2025-09-08T12:00:00,agent,email,permissions,Could you help us understand why this is happening?
MSG0004561,ACC00465,2025-09-16T12:00:00,agent,meeting_notes,invoice reconciliation,We're still evaluating the change internally.
MSG0004562,ACC00465,2025-09-20T16:00:00,customer,support_chat,user provisioning,This has been affecting the team for a while and we need a clearer resolution.
MSG0004563,ACC00465,2025-04-01T09:00:00,agent,email,workflow automation,The latest release has made the workflow much easier for our team.
MSG0004564,ACC00465,2024-05-16T14:00:00,customer,support_chat,mobile access,We're reviewing the latest changes and have a few questions.
MSG0004565,ACC00465,2025-10-19T11:00:00,agent,email,SSO,"The workflow is mostly fine, although there are a couple of things we'd like improved."
MSG0004566,ACC00465,2024-07-23T09:00:00,customer,email,SSO,We're reviewing the latest changes and have a few questions.
MSG0004567,ACC00465,2025-06-14T08:00:00,agent,support_chat,integration errors,The reporting changes are useful and the team is happy with them.
MSG0004568,ACC00465,2025-03-24T12:00:00,customer,meeting_notes,SSO,This has been affecting the team for a while and we need a clearer resolution.
MSG0004569,ACC00465,2024-09-22T10:00:00,customer,email,renewal terms,We've had to follow up several times and this is starting to become frustrating.
MSG0004570,ACC00466,2024-03-14T09:00:00,agent,support_chat,user provisioning,We've had to follow up several times and this is starting to become frustrating.
MSG0004571,ACC00466,2024-10-21T13:00:00,customer,email,user provisioning,This has been affecting the team for a while and we need a clearer resolution.
MSG0004572,ACC00466,2024-06-17T09:00:00,agent,support_chat,mobile access,We've been getting good value from the platform and adoption is steady.
MSG0004573,ACC00466,2024-07-10T12:00:00,customer,email,billing configuration,We're still evaluating the change internally.
MSG0004574,ACC00466,2024-02-04T11:00:00,agent,support_chat,mobile access,We've been getting good value from the platform and adoption is steady.
MSG0004575,ACC00466,2024-11-12T14:00:00,customer,email,API reliability,Could you help us understand why this is happening?
MSG0004576,ACC00466,2024-10-27T12:00:00,customer,support_chat,report exports,We've had to follow up several times and this is starting to become frustrating.
MSG0004577,ACC00466,2024-10-09T18:00:00,customer,support_chat,permissions,The reporting changes are useful and the team is happy with them.
MSG0004578,ACC00466,2024-08-21T16:00:00,customer,support_chat,integration errors,We're reviewing the latest changes and have a few questions.
MSG0004579,ACC00466,2024-05-05T17:00:00,agent,support_chat,integration errors,We're reviewing the latest changes and have a few questions.
MSG0004580,ACC00466,2025-07-06T13:00:00,customer,meeting_notes,data synchronization,We've been getting good value from the platform and adoption is steady.
MSG0004581,ACC00466,2024-05-01T08:00:00,customer,email,SSO,This has been affecting the team for a while and we need a clearer resolution.
MSG0004582,ACC00467,2024-01-28T13:00:00,customer,support_chat,API reliability,"The workflow is mostly fine, although there are a couple of things we'd like improved."
MSG0004583,ACC00467,2024-02-20T18:00:00,customer,email,SSO,We've been getting good value from the platform and adoption is steady.
MSG0004584,ACC00468,2024-02-16T10:00:00,customer,email,workflow automation,The reporting changes are useful and the team is happy with them.
MSG0004585,ACC00468,2024-10-05T12:00:00,agent,meeting_notes,dashboard performance,We're still evaluating the change internally.
MSG0004586,ACC00468,2025-04-14T14:00:00,customer,support_chat,workflow automation,We've had to follow up several times and this is starting to become frustrating.
MSG0004587,ACC00468,2024-03-19T13:00:00,agent,support_chat,SSO,The reporting changes are useful and the team is happy with them.
MSG0004588,ACC00468,2024-10-11T18:00:00,agent,meeting_notes,usage reporting,Could you help us understand why this is happening?
MSG0004589,ACC00468,2025-06-07T18:00:00,agent,support_chat,usage reporting,We've been getting good value from the platform and adoption is steady.
MSG0004590,ACC00468,2024-12-03T17:00:00,customer,support_chat,data synchronization,The reporting changes are useful and the team is happy with them.
MSG0004591,ACC00468,2025-05-24T18:00:00,customer,email,usage reporting,We're reviewing the latest changes and have a few questions.
MSG0004592,ACC00468,2025-06-04T18:00:00,agent,support_chat,dashboard performance,We've had to follow up several times and this is starting to become frustrating.
MSG0004593,ACC00468,2025-06-15T09:00:00,customer,email,dashboard performance,The reporting changes are useful and the team is happy with them.
MSG0004594,ACC00468,2025-01-26T18:00:00,customer,email,permissions,We've had to follow up several times and this is starting to become frustrating.
MSG0004595,ACC00469,2025-01-28T10:00:00,agent,meeting_notes,workflow automation,Could you help us understand why this is happening?
MSG0004596,ACC00469,2025-03-04T10:00:00,agent,email,data synchronization,Could you help us understand why this is happening?
MSG0004597,ACC00469,2025-07-11T18:00:00,agent,support_chat,workflow automation,The latest release has made the workflow much easier for our team.
MSG0004598,ACC00469,2025-04-28T09:00:00,customer,support_chat,data synchronization,The reporting changes are useful and the team is happy with them.
MSG0004599,ACC00469,2024-07-12T12:00:00,customer,meeting_notes,permissions,The reporting changes are useful and the team is happy with them.
MSG0004600,ACC00469,2024-04-25T17:00:00,customer,support_chat,workflow automation,Could you help us understand why this is happening?
MSG0004601,ACC00469,2024-06-10T14:00:00,customer,support_chat,API reliability,The reporting changes are useful and the team is happy with them.
MSG0004602,ACC00469,2025-05-01T13:00:00,customer,email,invoice reconciliation,We're reviewing the latest changes and have a few questions.
MSG0004603,ACC00469,2024-07-11T08:00:00,customer,email,permissions,We're still evaluating the change internally.
MSG0004604,ACC00469,2024-03-07T08:00:00,customer,meeting_notes,renewal terms,The latest release has made the workflow much easier for our team.
MSG0004605,ACC00469,2024-01-07T17:00:00,customer,email,usage reporting,We're still evaluating the change internally.
MSG0004606,ACC00469,2025-08-01T10:00:00,customer,meeting_notes,invoice reconciliation,We're reviewing the latest changes and have a few questions.
MSG0004607,ACC00469,2025-04-09T17:00:00,customer,meeting_notes,workflow automation,The latest release has made the workflow much easier for our team.
MSG0004608,ACC00469,2024-02-15T16:00:00,customer,email,report exports,Could you help us understand why this is happening?
MSG0004609,ACC00469,2024-06-28T16:00:00,customer,email,integration errors,Could you help us understand why this is happening?
MSG0004610,ACC00469,2024-01-12T11:00:00,agent,support_chat,mobile access,The latest release has made the workflow much easier for our team.
MSG0004611,ACC00470,2025-12-26T10:00:00,customer,support_chat,dashboard performance,The latest release has made the workflow much easier for our team.
MSG0004612,ACC00470,2024-07-01T16:00:00,agent,support_chat,workflow automation,The latest release has made the workflow much easier for our team.
MSG0004613,ACC00470,2024-07-21T10:00:00,agent,meeting_notes,data synchronization,This has been affecting the team for a while and we need a clearer resolution.
MSG0004614,ACC00470,2025-12-22T14:00:00,customer,support_chat,renewal terms,We've been getting good value from the platform and adoption is steady.
MSG0004615,ACC00470,2024-12-10T08:00:00,customer,support_chat,SSO,We've had to follow up several times and this is starting to become frustrating.
MSG0004616,ACC00470,2024-04-10T15:00:00,customer,meeting_notes,user provisioning,We're reviewing the latest changes and have a few questions.
MSG0004617,ACC00470,2025-11-05T17:00:00,customer,email,permissions,We've been getting good value from the platform and adoption is steady.
MSG0004618,ACC00470,2025-03-18T09:00:00,agent,email,report exports,We've had to follow up several times and this is starting to become frustrating.
MSG0004619,ACC00470,2024-04-04T14:00:00,agent,email,user provisioning,This has been affecting the team for a while and we need a clearer resolution.
MSG0004620,ACC00470,2024-02-21T13:00:00,agent,support_chat,data synchronization,Could you help us understand why this is happening?
MSG0004621,ACC00470,2025-03-11T15:00:00,customer,email,billing configuration,We've been getting good value from the platform and adoption is steady.
MSG0004622,ACC00470,2025-05-02T11:00:00,agent,support_chat,workflow automation,"The workflow is mostly fine, although there are a couple of things we'd like improved."
MSG0004623,ACC00470,2024-01-26T16:00:00,customer,email,renewal terms,"The workflow is mostly fine, although there are a couple of things we'd like improved."
MSG0004624,ACC00470,2024-07-03T16:00:00,customer,email,renewal terms,"The workflow is mostly fine, although there are a couple of things we'd like improved."
MSG0004625,ACC00470,2024-09-08T18:00:00,agent,support_chat,permissions,We're still evaluating the change internally.
MSG0004626,ACC00470,2025-02-03T08:00:00,agent,support_chat,dashboard performance,The latest release has made the workflow much easier for our team.
MSG0004627,ACC00471,2025-05-06T10:00:00,customer,meeting_notes,report exports,The reporting changes are useful and the team is happy with them.
MSG0004628,ACC00471,2024-11-03T14:00:00,customer,support_chat,mobile access,We've been getting good value from the platform and adoption is steady.
MSG0004629,ACC00471,2024-08-17T14:00:00,agent,meeting_notes,integration errors,Could you help us understand why this is happening?
MSG0004630,ACC00471,2024-04-14T18:00:00,customer,meeting_notes,mobile access,The reporting changes are useful and the team is happy with them.
MSG0004631,ACC00471,2025-10-02T13:00:00,agent,support_chat,dashboard performance,Could you help us understand why this is happening?
MSG0004632,ACC00471,2025-03-04T16:00:00,customer,support_chat,dashboard performance,Could you help us understand why this is happening?
MSG0004633,ACC00471,2025-09-02T12:00:00,agent,email,permissions,We've had to follow up several times and this is starting to become frustrating.
MSG0004634,ACC00471,2024-02-19T15:00:00,agent,email,report exports,We've been getting good value from the platform and adoption is steady.
MSG0004635,ACC00471,2024-06-11T16:00:00,customer,support_chat,mobile access,The latest release has made the workflow much easier for our team.
MSG0004636,ACC00471,2024-09-26T12:00:00,customer,meeting_notes,permissions,This has been affecting the team for a while and we need a clearer resolution.
MSG0004637,ACC00471,2025-05-28T18:00:00,customer,meeting_notes,data synchronization,We're considering reducing the footprint at renewal unless things improve.
MSG0004638,ACC00471,2025-05-26T09:00:00,customer,email,renewal terms,We're still evaluating the change internally.
MSG0004639,ACC00471,2024-10-22T13:00:00,agent,email,API reliability,We've had to follow up several times and this is starting to become frustrating.
MSG0004640,ACC00472,2024-08-13T09:00:00,customer,email,report exports,The reporting changes are useful and the team is happy with them.
MSG0004641,ACC00472,2025-06-06T12:00:00,agent,meeting_notes,usage reporting,The latest release has made the workflow much easier for our team.
MSG0004642,ACC00472,2024-05-20T08:00:00,agent,meeting_notes,report exports,We're still evaluating the change internally.
MSG0004643,ACC00472,2025-01-14T08:00:00,customer,email,report exports,We've been getting good value from the platform and adoption is steady.
MSG0004644,ACC00472,2024-03-15T11:00:00,customer,email,dashboard performance,We're reviewing the latest changes and have a few questions.
MSG0004645,ACC00472,2024-09-27T13:00:00,customer,meeting_notes,billing configuration,The latest release has made the workflow much easier for our team.
MSG0004646,ACC00472,2025-09-06T15:00:00,customer,support_chat,data synchronization,The reporting changes are useful and the team is happy with them.
MSG0004647,ACC00472,2024-03-14T08:00:00,agent,support_chat,permissions,We're still evaluating the change internally.
MSG0004648,ACC00472,2025-08-09T17:00:00,customer,email,dashboard performance,"The workflow is mostly fine, although there are a couple of things we'd like improved."
MSG0004649,ACC00473,2024-03-23T09:00:00,agent,meeting_notes,invoice reconciliation,We've had to follow up several times and this is starting to become frustrating.
MSG0004650,ACC00473,2024-09-21T09:00:00,customer,support_chat,SSO,We've had to follow up several times and this is starting to become frustrating.
MSG0004651,ACC00473,2024-04-27T14:00:00,customer,support_chat,data synchronization,We're still evaluating the change internally.
MSG0004652,ACC00473,2024-01-20T15:00:00,agent,email,renewal terms,We've been getting good value from the platform and adoption is steady.
MSG0004653,ACC00473,2024-07-23T09:00:00,agent,meeting_notes,report exports,We're reviewing the latest changes and have a few questions.
MSG0004654,ACC00473,2025-03-20T14:00:00,customer,support_chat,billing configuration,We're considering reducing the footprint at renewal unless things improve.
MSG0004655,ACC00474,2024-08-06T11:00:00,customer,support_chat,renewal terms,We're still evaluating the change internally.
MSG0004656,ACC00474,2025-05-01T09:00:00,agent,email,dashboard performance,We've been getting good value from the platform and adoption is steady.
MSG0004657,ACC00474,2025-05-15T09:00:00,agent,support_chat,user provisioning,Could you help us understand why this is happening?
MSG0004658,ACC00474,2024-08-17T18:00:00,customer,support_chat,usage reporting,The latest release has made the workflow much easier for our team.
MSG0004659,ACC00474,2024-03-24T14:00:00,customer,meeting_notes,permissions,"The workflow is mostly fine, although there are a couple of things we'd like improved."
MSG0004660,ACC00474,2024-04-14T16:00:00,customer,meeting_notes,billing configuration,Thanks for getting this sorted so quickly. Everything is working now.
MSG0004661,ACC00474,2024-10-21T09:00:00,agent,meeting_notes,API reliability,This has been affecting the team for a while and we need a clearer resolution.
MSG0004662,ACC00474,2025-10-27T18:00:00,customer,meeting_notes,integration errors,We've had to follow up several times and this is starting to become frustrating.
MSG0004663,ACC00474,2025-09-13T08:00:00,customer,meeting_notes,renewal terms,The latest release has made the workflow much easier for our team.
MSG0004664,ACC00474,2025-11-15T10:00:00,customer,support_chat,SSO,We've been getting good value from the platform and adoption is steady.
MSG0004665,ACC00475,2024-10-02T15:00:00,customer,meeting_notes,usage reporting,The latest release has made the workflow much easier for our team.
MSG0004666,ACC00475,2025-02-12T08:00:00,customer,support_chat,API reliability,The latest release has made the workflow much easier for our team.
MSG0004667,ACC00475,2025-04-11T12:00:00,customer,meeting_notes,invoice reconciliation,This has been affecting the team for a while and we need a clearer resolution.
MSG0004668,ACC00475,2025-07-22T08:00:00,customer,meeting_notes,dashboard performance,"The workflow is mostly fine, although there are a couple of things we'd like improved."
MSG0004669,ACC00475,2025-09-12T10:00:00,customer,meeting_notes,SSO,"The workflow is mostly fine, although there are a couple of things we'd like improved."
MSG0004670,ACC00475,2024-10-25T08:00:00,customer,meeting_notes,usage reporting,We've been getting good value from the platform and adoption is steady.
MSG0004671,ACC00475,2025-06-23T16:00:00,customer,email,integration errors,We've had to follow up several times and this is starting to become frustrating.
MSG0004672,ACC00475,2025-10-27T13:00:00,customer,support_chat,invoice reconciliation,"The workflow is mostly fine, although there are a couple of things we'd like improved."
MSG0004673,ACC00475,2024-03-19T18:00:00,customer,support_chat,report exports,Thanks for getting this sorted so quickly. Everything is working now.
MSG0004674,ACC00475,2025-02-05T09:00:00,customer,email,billing configuration,The reporting changes are useful and the team is happy with them.
MSG0004675,ACC00475,2024-10-26T10:00:00,customer,support_chat,report exports,We've been getting good value from the platform and adoption is steady.
MSG0004676,ACC00475,2024-10-20T10:00:00,agent,email,permissions,"The workflow is mostly fine, although there are a couple of things we'd like improved."
MSG0004677,ACC00475,2025-03-09T15:00:00,agent,support_chat,renewal terms,We're still evaluating the change internally.
MSG0004678,ACC00475,2025-01-26T12:00:00,customer,support_chat,SSO,The latest release has made the workflow much easier for our team.
MSG0004679,ACC00475,2024-07-17T17:00:00,customer,support_chat,permissions,We've had to follow up several times and this is starting to become frustrating.
MSG0004680,ACC00476,2025-01-10T09:00:00,customer,email,report exports,We're still evaluating the change internally.
MSG0004681,ACC00476,2025-11-26T11:00:00,agent,meeting_notes,invoice reconciliation,The latest release has made the workflow much easier for our team.
MSG0004682,ACC00476,2024-02-20T12:00:00,agent,email,SSO,The reporting changes are useful and the team is happy with them.
MSG0004683,ACC00476,2025-07-19T15:00:00,agent,support_chat,integration errors,We've been getting good value from the platform and adoption is steady.
MSG0004684,ACC00476,2025-08-07T08:00:00,customer,email,integration errors,We're reviewing the latest changes and have a few questions.
MSG0004685,ACC00476,2025-08-07T10:00:00,customer,meeting_notes,integration errors,This has been affecting the team for a while and we need a clearer resolution.
MSG0004686,ACC00476,2025-09-25T12:00:00,agent,support_chat,usage reporting,We're reviewing the latest changes and have a few questions.
MSG0004687,ACC00476,2025-06-16T08:00:00,agent,support_chat,mobile access,We've been getting good value from the platform and adoption is steady.
MSG0004688,ACC00476,2024-04-14T12:00:00,customer,support_chat,dashboard performance,We've been getting good value from the platform and adoption is steady.
MSG0004689,ACC00477,2024-07-20T13:00:00,customer,meeting_notes,data synchronization,"The workflow is mostly fine, although there are a couple of things we'd like improved."
MSG0004690,ACC00477,2024-03-16T08:00:00,customer,meeting_notes,user provisioning,"The workflow is mostly fine, although there are a couple of things we'd like improved."
MSG0004691,ACC00477,2024-12-05T18:00:00,agent,support_chat,renewal terms,We're reviewing the latest changes and have a few questions.
MSG0004692,ACC00477,2024-05-20T18:00:00,customer,meeting_notes,permissions,We're reviewing the latest changes and have a few questions.
MSG0004693,ACC00477,2024-04-23T13:00:00,customer,support_chat,API reliability,We're still evaluating the change internally.
MSG0004694,ACC00477,2024-09-01T15:00:00,agent,meeting_notes,mobile access,We're reviewing the latest changes and have a few questions.
MSG0004695,ACC00477,2025-02-02T16:00:00,customer,meeting_notes,dashboard performance,This has been affecting the team for a while and we need a clearer resolution.
MSG0004696,ACC00477,2024-04-12T17:00:00,customer,support_chat,integration errors,Thanks for getting this sorted so quickly. Everything is working now.
MSG0004697,ACC00477,2024-03-15T08:00:00,customer,email,usage reporting,This has been affecting the team for a while and we need a clearer resolution.
MSG0004698,ACC00478,2024-07-19T14:00:00,customer,support_chat,SSO,The reporting changes are useful and the team is happy with them.
MSG0004699,ACC00478,2024-06-09T13:00:00,customer,support_chat,permissions,This has been affecting the team for a while and we need a clearer resolution.
MSG0004700,ACC00478,2025-06-06T08:00:00,agent,support_chat,permissions,"The workflow is mostly fine, although there are a couple of things we'd like improved."
MSG0004701,ACC00478,2025-04-06T13:00:00,agent,email,integration errors,Could you help us understand why this is happening?
MSG0004702,ACC00478,2024-06-26T09:00:00,agent,meeting_notes,SSO,We've been getting good value from the platform and adoption is steady.
MSG0004703,ACC00478,2024-03-02T08:00:00,customer,email,invoice reconciliation,The latest release has made the workflow much easier for our team.
MSG0004704,ACC00478,2024-02-11T09:00:00,customer,email,permissions,We're reviewing the latest changes and have a few questions.
MSG0004705,ACC00478,2025-07-27T08:00:00,customer,support_chat,data synchronization,We've had to follow up several times and this is starting to become frustrating.
MSG0004706,ACC00478,2024-07-03T15:00:00,agent,meeting_notes,integration errors,We've had to follow up several times and this is starting to become frustrating.
MSG0004707,ACC00478,2024-04-16T12:00:00,agent,support_chat,invoice reconciliation,Could you help us understand why this is happening?
MSG0004708,ACC00478,2024-06-09T09:00:00,customer,email,dashboard performance,This has been affecting the team for a while and we need a clearer resolution.
MSG0004709,ACC00478,2025-03-26T17:00:00,customer,support_chat,invoice reconciliation,Could you help us understand why this is happening?
MSG0004710,ACC00478,2024-03-28T17:00:00,customer,email,dashboard performance,The reporting changes are useful and the team is happy with them.
MSG0004711,ACC00479,2024-10-25T18:00:00,customer,meeting_notes,data synchronization,The latest release has made the workflow much easier for our team.
MSG0004712,ACC00479,2024-07-04T18:00:00,customer,email,dashboard performance,Could you help us understand why this is happening?
MSG0004713,ACC00479,2024-11-20T09:00:00,agent,email,data synchronization,Could you help us understand why this is happening?
MSG0004714,ACC00479,2024-01-03T17:00:00,agent,meeting_notes,workflow automation,We've had to follow up several times and this is starting to become frustrating.
MSG0004715,ACC00479,2025-07-15T14:00:00,customer,support_chat,billing configuration,Could you help us understand why this is happening?
MSG0004716,ACC00479,2025-06-18T14:00:00,agent,email,invoice reconciliation,This has been affecting the team for a while and we need a clearer resolution.
MSG0004717,ACC00479,2025-04-25T08:00:00,customer,meeting_notes,integration errors,This has been affecting the team for a while and we need a clearer resolution.
MSG0004718,ACC00479,2024-05-24T18:00:00,agent,meeting_notes,API reliability,We're still evaluating the change internally.
MSG0004719,ACC00479,2024-04-26T12:00:00,customer,meeting_notes,API reliability,We've been getting good value from the platform and adoption is steady.
MSG0004720,ACC00479,2025-06-20T13:00:00,customer,meeting_notes,user provisioning,Could you help us understand why this is happening?
MSG0004721,ACC00479,2024-06-17T11:00:00,agent,support_chat,permissions,The reporting changes are useful and the team is happy with them.
MSG0004722,ACC00479,2025-04-05T13:00:00,agent,support_chat,API reliability,The reporting changes are useful and the team is happy with them.
MSG0004723,ACC00479,2024-04-27T08:00:00,agent,support_chat,workflow automation,The latest release has made the workflow much easier for our team.
MSG0004724,ACC00479,2024-03-01T15:00:00,customer,email,API reliability,This has been affecting the team for a while and we need a clearer resolution.
MSG0004725,ACC00479,2025-10-27T11:00:00,agent,email,mobile access,"The workflow is mostly fine, although there are a couple of things we'd like improved."
MSG0004726,ACC00479,2025-09-18T11:00:00,agent,email,billing configuration,"The workflow is mostly fine, although there are a couple of things we'd like improved."
MSG0004727,ACC00479,2025-03-04T15:00:00,agent,support_chat,renewal terms,We're reviewing the latest changes and have a few questions.
MSG0004728,ACC00479,2024-05-12T17:00:00,agent,email,API reliability,Could you help us understand why this is happening?
MSG0004729,ACC00480,2024-03-11T18:00:00,customer,meeting_notes,user provisioning,Thanks for getting this sorted so quickly. Everything is working now.
MSG0004730,ACC00480,2024-04-06T16:00:00,customer,email,mobile access,Thanks for getting this sorted so quickly. Everything is working now.
MSG0004731,ACC00480,2025-01-13T14:00:00,customer,support_chat,data synchronization,The reporting changes are useful and the team is happy with them.
MSG0004732,ACC00480,2024-06-22T10:00:00,customer,meeting_notes,billing configuration,This has been affecting the team for a while and we need a clearer resolution.
MSG0004733,ACC00480,2025-11-07T17:00:00,customer,meeting_notes,integration errors,This has been affecting the team for a while and we need a clearer resolution.
MSG0004734,ACC00480,2025-02-28T17:00:00,customer,email,API reliability,This has been affecting the team for a while and we need a clearer resolution.
MSG0004735,ACC00480,2024-02-09T11:00:00,agent,meeting_notes,permissions,We've had to follow up several times and this is starting to become frustrating.
MSG0004736,ACC00480,2024-08-17T18:00:00,agent,support_chat,user provisioning,We've had to follow up several times and this is starting to become frustrating.
MSG0004737,ACC00480,2024-07-19T16:00:00,agent,email,report exports,We've been getting good value from the platform and adoption is steady.
MSG0004738,ACC00480,2025-04-23T08:00:00,agent,meeting_notes,billing configuration,We're reviewing the latest changes and have a few questions.
MSG0004739,ACC00480,2025-05-10T12:00:00,agent,meeting_notes,data synchronization,Thanks for getting this sorted so quickly. Everything is working now.
MSG0004740,ACC00481,2024-01-20T13:00:00,customer,email,renewal terms,The latest release has made the workflow much easier for our team.
MSG0004741,ACC00482,2024-07-16T13:00:00,agent,meeting_notes,billing configuration,The reporting changes are useful and the team is happy with them.
MSG0004742,ACC00482,2024-08-11T14:00:00,agent,email,integration errors,This has been affecting the team for a while and we need a clearer resolution.
MSG0004743,ACC00482,2025-02-07T15:00:00,customer,email,dashboard performance,We're reviewing the latest changes and have a few questions.
MSG0004744,ACC00482,2025-05-25T16:00:00,agent,meeting_notes,mobile access,We're reviewing the latest changes and have a few questions.
MSG0004745,ACC00482,2025-09-10T11:00:00,customer,support_chat,permissions,Thanks for getting this sorted so quickly. Everything is working now.
MSG0004746,ACC00482,2025-10-14T11:00:00,customer,email,user provisioning,We're reviewing the latest changes and have a few questions.
MSG0004747,ACC00482,2025-10-18T13:00:00,customer,email,user provisioning,Thanks for getting this sorted so quickly. Everything is working now.
MSG0004748,ACC00482,2025-03-07T17:00:00,agent,support_chat,user provisioning,The latest release has made the workflow much easier for our team.
MSG0004749,ACC00482,2024-11-02T08:00:00,customer,support_chat,user provisioning,We've had to follow up several times and this is starting to become frustrating.
MSG0004750,ACC00482,2025-01-02T08:00:00,customer,support_chat,invoice reconciliation,We're reviewing the latest changes and have a few questions.
MSG0004751,ACC00482,2025-01-21T10:00:00,customer,meeting_notes,report exports,The reporting changes are useful and the team is happy with them.
MSG0004752,ACC00482,2025-04-09T18:00:00,customer,support_chat,workflow automation,We've had to follow up several times and this is starting to become frustrating.
MSG0004753,ACC00482,2025-07-19T13:00:00,customer,meeting_notes,report exports,Could you help us understand why this is happening?
MSG0004754,ACC00482,2025-06-20T11:00:00,customer,support_chat,report exports,The reporting changes are useful and the team is happy with them.
MSG0004755,ACC00482,2025-04-15T10:00:00,customer,support_chat,invoice reconciliation,We've had to follow up several times and this is starting to become frustrating.
MSG0004756,ACC00483,2024-04-27T13:00:00,customer,meeting_notes,dashboard performance,"The workflow is mostly fine, although there are a couple of things we'd like improved."
MSG0004757,ACC00483,2024-01-18T13:00:00,customer,email,dashboard performance,We've been getting good value from the platform and adoption is steady.
MSG0004758,ACC00483,2024-06-17T17:00:00,agent,email,mobile access,We've had to follow up several times and this is starting to become frustrating.
MSG0004759,ACC00483,2024-07-20T12:00:00,customer,meeting_notes,billing configuration,"The workflow is mostly fine, although there are a couple of things we'd like improved."
MSG0004760,ACC00483,2024-06-28T17:00:00,customer,email,integration errors,We've been getting good value from the platform and adoption is steady.
MSG0004761,ACC00484,2024-09-11T12:00:00,customer,email,workflow automation,"The workflow is mostly fine, although there are a couple of things we'd like improved."
MSG0004762,ACC00484,2025-01-23T09:00:00,agent,meeting_notes,API reliability,We've had to follow up several times and this is starting to become frustrating.
MSG0004763,ACC00484,2025-06-19T13:00:00,agent,support_chat,SSO,We're still evaluating the change internally.
MSG0004764,ACC00484,2024-08-08T14:00:00,customer,support_chat,invoice reconciliation,"The workflow is mostly fine, although there are a couple of things we'd like improved."
MSG0004765,ACC00484,2025-08-27T16:00:00,customer,email,workflow automation,This has been affecting the team for a while and we need a clearer resolution.
MSG0004766,ACC00484,2025-05-23T13:00:00,agent,meeting_notes,usage reporting,We're still evaluating the change internally.
MSG0004767,ACC00484,2024-12-02T09:00:00,customer,meeting_notes,dashboard performance,Could you help us understand why this is happening?
MSG0004768,ACC00484,2024-01-05T17:00:00,customer,meeting_notes,permissions,"The workflow is mostly fine, although there are a couple of things we'd like improved."
MSG0004769,ACC00485,2024-05-22T14:00:00,agent,meeting_notes,renewal terms,The latest release has made the workflow much easier for our team.
MSG0004770,ACC00485,2024-03-09T12:00:00,customer,meeting_notes,SSO,"The workflow is mostly fine, although there are a couple of things we'd like improved."
MSG0004771,ACC00485,2024-01-26T18:00:00,agent,email,dashboard performance,Thanks for getting this sorted so quickly. Everything is working now.
MSG0004772,ACC00485,2024-02-10T16:00:00,agent,email,report exports,We've had to follow up several times and this is starting to become frustrating.
MSG0004773,ACC00485,2024-03-08T10:00:00,customer,support_chat,SSO,We're reviewing the latest changes and have a few questions.
MSG0004774,ACC00485,2024-01-24T16:00:00,agent,meeting_notes,user provisioning,"The workflow is mostly fine, although there are a couple of things we'd like improved."
MSG0004775,ACC00485,2024-05-26T13:00:00,customer,support_chat,invoice reconciliation,This has been affecting the team for a while and we need a clearer resolution.
MSG0004776,ACC00486,2025-04-02T17:00:00,agent,meeting_notes,user provisioning,"The workflow is mostly fine, although there are a couple of things we'd like improved."
MSG0004777,ACC00486,2024-05-23T17:00:00,agent,support_chat,user provisioning,This has been affecting the team for a while and we need a clearer resolution.
MSG0004778,ACC00486,2025-04-14T10:00:00,agent,meeting_notes,report exports,Could you help us understand why this is happening?
MSG0004779,ACC00486,2025-09-27T13:00:00,agent,support_chat,report exports,We've had to follow up several times and this is starting to become frustrating.
MSG0004780,ACC00486,2024-05-19T10:00:00,customer,meeting_notes,integration errors,Thanks for getting this sorted so quickly. Everything is working now.
MSG0004781,ACC00486,2025-04-08T17:00:00,agent,support_chat,integration errors,Thanks for getting this sorted so quickly. Everything is working now.
MSG0004782,ACC00486,2024-11-14T10:00:00,customer,meeting_notes,user provisioning,The latest release has made the workflow much easier for our team.
MSG0004783,ACC00486,2025-01-04T18:00:00,customer,meeting_notes,dashboard performance,We're reviewing the latest changes and have a few questions.
MSG0004784,ACC00486,2025-10-22T16:00:00,agent,support_chat,usage reporting,"The workflow is mostly fine, although there are a couple of things we'd like improved."
MSG0004785,ACC00486,2025-05-03T09:00:00,agent,meeting_notes,SSO,Could you help us understand why this is happening?
MSG0004786,ACC00486,2024-01-05T15:00:00,agent,email,user provisioning,We're reviewing the latest changes and have a few questions.
MSG0004787,ACC00486,2025-01-23T15:00:00,customer,support_chat,SSO,We've had to follow up several times and this is starting to become frustrating.
MSG0004788,ACC00486,2025-11-28T10:00:00,customer,support_chat,permissions,We're still evaluating the change internally.
MSG0004789,ACC00486,2024-05-19T12:00:00,customer,email,integration errors,We've had to follow up several times and this is starting to become frustrating.
MSG0004790,ACC00487,2024-12-07T12:00:00,agent,support_chat,data synchronization,Thanks for getting this sorted so quickly. Everything is working now.
MSG0004791,ACC00487,2024-06-26T10:00:00,agent,meeting_notes,mobile access,Could you help us understand why this is happening?
MSG0004792,ACC00487,2024-08-14T11:00:00,agent,support_chat,mobile access,Thanks for getting this sorted so quickly. Everything is working now.
MSG0004793,ACC00487,2024-11-14T09:00:00,customer,email,renewal terms,We've had to follow up several times and this is starting to become frustrating.
MSG0004794,ACC00487,2024-05-20T12:00:00,customer,support_chat,report exports,We're reviewing the latest changes and have a few questions.
MSG0004795,ACC00487,2024-08-18T09:00:00,customer,support_chat,SSO,"The workflow is mostly fine, although there are a couple of things we'd like improved."
MSG0004796,ACC00487,2024-05-18T10:00:00,customer,support_chat,API reliability,The reporting changes are useful and the team is happy with them.
MSG0004797,ACC00487,2025-03-10T10:00:00,customer,meeting_notes,renewal terms,I'm concerned that we're not getting the level of support we expected.
MSG0004798,ACC00487,2024-07-22T09:00:00,customer,support_chat,report exports,We're still evaluating the change internally.
MSG0004799,ACC00487,2024-02-21T15:00:00,agent,email,workflow automation,"The workflow is mostly fine, although there are a couple of things we'd like improved."
MSG0004800,ACC00487,2024-05-09T09:00:00,customer,meeting_notes,usage reporting,Could you help us understand why this is happening?
MSG0004801,ACC00487,2024-02-24T15:00:00,customer,meeting_notes,usage reporting,We're still evaluating the change internally.
MSG0004802,ACC00487,2025-04-19T14:00:00,customer,email,mobile access,This has been affecting the team for a while and we need a clearer resolution.
MSG0004803,ACC00487,2025-05-04T08:00:00,customer,email,API reliability,We're reviewing the latest changes and have a few questions.
MSG0004804,ACC00488,2024-01-26T11:00:00,customer,support_chat,mobile access,Thanks for getting this sorted so quickly. Everything is working now.
MSG0004805,ACC00488,2024-01-25T10:00:00,customer,support_chat,data synchronization,Thanks for getting this sorted so quickly. Everything is working now.
MSG0004806,ACC00488,2024-05-09T11:00:00,agent,support_chat,report exports,This has been affecting the team for a while and we need a clearer resolution.
MSG0004807,ACC00488,2024-01-11T09:00:00,customer,email,data synchronization,Thanks for getting this sorted so quickly. Everything is working now.
MSG0004808,ACC00488,2024-03-06T17:00:00,agent,email,report exports,We're reviewing the latest changes and have a few questions.
MSG0004809,ACC00488,2024-02-11T12:00:00,agent,support_chat,dashboard performance,Could you help us understand why this is happening?
MSG0004810,ACC00489,2025-03-22T17:00:00,customer,meeting_notes,report exports,This has been affecting the team for a while and we need a clearer resolution.
MSG0004811,ACC00489,2025-01-25T10:00:00,customer,support_chat,SSO,The reporting changes are useful and the team is happy with them.
MSG0004812,ACC00489,2024-12-24T17:00:00,customer,email,renewal terms,The reporting changes are useful and the team is happy with them.
MSG0004813,ACC00489,2025-06-26T16:00:00,customer,meeting_notes,workflow automation,Thanks for getting this sorted so quickly. Everything is working now.
MSG0004814,ACC00489,2025-10-14T18:00:00,customer,email,API reliability,Thanks for getting this sorted so quickly. Everything is working now.
MSG0004815,ACC00489,2024-01-26T11:00:00,customer,meeting_notes,user provisioning,Could you help us understand why this is happening?
MSG0004816,ACC00489,2024-03-20T14:00:00,customer,support_chat,workflow automation,"The workflow is mostly fine, although there are a couple of things we'd like improved."
MSG0004817,ACC00489,2024-05-02T08:00:00,customer,meeting_notes,permissions,The latest release has made the workflow much easier for our team.
MSG0004818,ACC00489,2025-10-14T10:00:00,customer,meeting_notes,permissions,The latest release has made the workflow much easier for our team.
MSG0004819,ACC00489,2025-06-14T09:00:00,customer,meeting_notes,user provisioning,We've had to follow up several times and this is starting to become frustrating.
MSG0004820,ACC00489,2025-07-27T18:00:00,customer,email,report exports,We're reviewing the latest changes and have a few questions.
MSG0004821,ACC00489,2024-08-20T13:00:00,agent,support_chat,report exports,Could you help us understand why this is happening?
MSG0004822,ACC00489,2025-04-12T16:00:00,customer,email,user provisioning,The reporting changes are useful and the team is happy with them.
MSG0004823,ACC00489,2025-03-05T15:00:00,customer,meeting_notes,report exports,We've had to follow up several times and this is starting to become frustrating.
MSG0004824,ACC00489,2025-01-07T10:00:00,customer,email,billing configuration,The reporting changes are useful and the team is happy with them.
MSG0004825,ACC00489,2025-06-17T10:00:00,agent,email,renewal terms,"The workflow is mostly fine, although there are a couple of things we'd like improved."
MSG0004826,ACC00490,2024-09-20T10:00:00,customer,meeting_notes,user provisioning,We've been getting good value from the platform and adoption is steady.
MSG0004827,ACC00490,2024-06-10T10:00:00,customer,meeting_notes,dashboard performance,"The workflow is mostly fine, although there are a couple of things we'd like improved."
MSG0004828,ACC00490,2025-07-23T14:00:00,customer,email,user provisioning,"The workflow is mostly fine, although there are a couple of things we'd like improved."
MSG0004829,ACC00490,2024-01-07T09:00:00,customer,meeting_notes,renewal terms,We've been getting good value from the platform and adoption is steady.
MSG0004830,ACC00490,2025-05-24T11:00:00,agent,support_chat,permissions,We're reviewing the latest changes and have a few questions.
MSG0004831,ACC00490,2025-11-26T17:00:00,customer,email,mobile access,We've been getting good value from the platform and adoption is steady.
MSG0004832,ACC00490,2024-12-03T15:00:00,customer,email,user provisioning,We've been getting good value from the platform and adoption is steady.
MSG0004833,ACC00490,2024-08-07T16:00:00,customer,email,renewal terms,We're reviewing the latest changes and have a few questions.
MSG0004834,ACC00490,2025-06-15T14:00:00,agent,meeting_notes,user provisioning,We've been getting good value from the platform and adoption is steady.
MSG0004835,ACC00490,2024-04-11T08:00:00,customer,support_chat,API reliability,We've been getting good value from the platform and adoption is steady.
MSG0004836,ACC00490,2025-12-12T09:00:00,customer,support_chat,report exports,Could you help us understand why this is happening?
MSG0004837,ACC00490,2025-03-01T16:00:00,agent,meeting_notes,workflow automation,This has been affecting the team for a while and we need a clearer resolution.
MSG0004838,ACC00490,2024-02-09T15:00:00,customer,email,SSO,The reporting changes are useful and the team is happy with them.
MSG0004839,ACC00491,2024-03-13T17:00:00,customer,support_chat,integration errors,We're still evaluating the change internally.
MSG0004840,ACC00491,2024-07-14T12:00:00,customer,email,SSO,This has been affecting the team for a while and we need a clearer resolution.
MSG0004841,ACC00491,2024-02-12T09:00:00,agent,email,billing configuration,We're still evaluating the change internally.
MSG0004842,ACC00491,2025-01-25T16:00:00,customer,support_chat,data synchronization,The latest release has made the workflow much easier for our team.
MSG0004843,ACC00491,2024-12-15T18:00:00,customer,email,workflow automation,We're reviewing the latest changes and have a few questions.
MSG0004844,ACC00491,2024-10-01T18:00:00,customer,meeting_notes,API reliability,Could you help us understand why this is happening?
MSG0004845,ACC00491,2024-10-06T10:00:00,customer,email,integration errors,This has been affecting the team for a while and we need a clearer resolution.
MSG0004846,ACC00491,2024-05-23T13:00:00,customer,meeting_notes,workflow automation,We've had to follow up several times and this is starting to become frustrating.
MSG0004847,ACC00491,2024-11-28T10:00:00,agent,support_chat,user provisioning,Thanks for getting this sorted so quickly. Everything is working now.
MSG0004848,ACC00491,2025-07-02T17:00:00,customer,support_chat,API reliability,This has been affecting the team for a while and we need a clearer resolution.
MSG0004849,ACC00491,2024-05-03T09:00:00,customer,meeting_notes,SSO,Thanks for getting this sorted so quickly. Everything is working now.
MSG0004850,ACC00492,2024-11-13T14:00:00,customer,meeting_notes,report exports,Thanks for getting this sorted so quickly. Everything is working now.
MSG0004851,ACC00492,2024-09-15T15:00:00,customer,support_chat,billing configuration,Could you help us understand why this is happening?
MSG0004852,ACC00492,2024-07-16T11:00:00,customer,support_chat,dashboard performance,We're still evaluating the change internally.
MSG0004853,ACC00492,2025-07-22T15:00:00,customer,email,API reliability,We've been getting good value from the platform and adoption is steady.
MSG0004854,ACC00492,2024-03-13T18:00:00,agent,support_chat,API reliability,We've had to follow up several times and this is starting to become frustrating.
MSG0004855,ACC00492,2024-10-15T15:00:00,customer,meeting_notes,billing configuration,"The workflow is mostly fine, although there are a couple of things we'd like improved."
MSG0004856,ACC00492,2024-12-27T15:00:00,customer,meeting_notes,mobile access,We've been getting good value from the platform and adoption is steady.
MSG0004857,ACC00492,2024-01-14T18:00:00,agent,meeting_notes,workflow automation,"The workflow is mostly fine, although there are a couple of things we'd like improved."
MSG0004858,ACC00492,2025-01-20T08:00:00,customer,meeting_notes,mobile access,"The workflow is mostly fine, although there are a couple of things we'd like improved."
MSG0004859,ACC00492,2025-08-16T13:00:00,customer,support_chat,workflow automation,We've had to follow up several times and this is starting to become frustrating.
MSG0004860,ACC00492,2025-04-11T13:00:00,agent,support_chat,mobile access,The latest release has made the workflow much easier for our team.
MSG0004861,ACC00492,2025-04-03T10:00:00,agent,meeting_notes,mobile access,The reporting changes are useful and the team is happy with them.
MSG0004862,ACC00492,2024-03-26T13:00:00,customer,support_chat,API reliability,Thanks for getting this sorted so quickly. Everything is working now.
MSG0004863,ACC00493,2024-05-02T12:00:00,customer,email,mobile access,We're reviewing the latest changes and have a few questions.
MSG0004864,ACC00493,2024-01-11T17:00:00,customer,email,API reliability,We're still evaluating the change internally.
MSG0004865,ACC00493,2024-02-16T18:00:00,customer,support_chat,SSO,The latest release has made the workflow much easier for our team.
MSG0004866,ACC00493,2024-01-07T13:00:00,agent,meeting_notes,invoice reconciliation,We've had to follow up several times and this is starting to become frustrating.
MSG0004867,ACC00494,2024-05-11T11:00:00,customer,email,usage reporting,Could you help us understand why this is happening?
MSG0004868,ACC00494,2024-07-15T18:00:00,agent,meeting_notes,billing configuration,Could you help us understand why this is happening?
MSG0004869,ACC00494,2024-01-23T10:00:00,customer,email,mobile access,The latest release has made the workflow much easier for our team.
MSG0004870,ACC00494,2024-06-14T16:00:00,customer,email,data synchronization,We're reviewing the latest changes and have a few questions.
MSG0004871,ACC00494,2024-07-10T17:00:00,agent,support_chat,usage reporting,We're reviewing the latest changes and have a few questions.
MSG0004872,ACC00494,2024-01-01T17:00:00,agent,support_chat,report exports,The latest release has made the workflow much easier for our team.
MSG0004873,ACC00495,2024-08-07T10:00:00,customer,meeting_notes,integration errors,The reporting changes are useful and the team is happy with them.
MSG0004874,ACC00495,2024-09-08T18:00:00,customer,email,permissions,The latest release has made the workflow much easier for our team.
MSG0004875,ACC00495,2024-05-24T17:00:00,customer,support_chat,permissions,We've been getting good value from the platform and adoption is steady.
MSG0004876,ACC00496,2024-03-25T18:00:00,customer,meeting_notes,dashboard performance,We're still evaluating the change internally.
MSG0004877,ACC00496,2024-02-25T10:00:00,customer,meeting_notes,usage reporting,The reporting changes are useful and the team is happy with them.
MSG0004878,ACC00496,2024-03-11T18:00:00,agent,email,integration errors,The reporting changes are useful and the team is happy with them.
MSG0004879,ACC00497,2025-03-15T16:00:00,customer,meeting_notes,workflow automation,Could you help us understand why this is happening?
MSG0004880,ACC00497,2025-02-15T14:00:00,customer,meeting_notes,renewal terms,This has been affecting the team for a while and we need a clearer resolution.
MSG0004881,ACC00497,2025-05-16T13:00:00,customer,support_chat,report exports,The latest release has made the workflow much easier for our team.
MSG0004882,ACC00497,2025-09-05T16:00:00,customer,meeting_notes,API reliability,We're reviewing the latest changes and have a few questions.
MSG0004883,ACC00497,2025-08-06T08:00:00,customer,email,user provisioning,We've had to follow up several times and this is starting to become frustrating.
MSG0004884,ACC00497,2024-12-08T14:00:00,customer,meeting_notes,billing configuration,Thanks for getting this sorted so quickly. Everything is working now.
MSG0004885,ACC00497,2025-05-01T18:00:00,agent,support_chat,invoice reconciliation,This has been affecting the team for a while and we need a clearer resolution.
MSG0004886,ACC00498,2024-01-12T13:00:00,agent,meeting_notes,SSO,Thanks for getting this sorted so quickly. Everything is working now.
MSG0004887,ACC00498,2024-04-05T12:00:00,agent,support_chat,user provisioning,We've been getting good value from the platform and adoption is steady.
MSG0004888,ACC00498,2024-04-06T17:00:00,agent,email,report exports,The reporting changes are useful and the team is happy with them.
MSG0004889,ACC00498,2024-05-08T09:00:00,agent,email,permissions,Could you help us understand why this is happening?
MSG0004890,ACC00498,2024-08-18T10:00:00,agent,meeting_notes,user provisioning,Thanks for getting this sorted so quickly. Everything is working now.
MSG0004891,ACC00498,2024-12-25T14:00:00,customer,support_chat,user provisioning,We've had to follow up several times and this is starting to become frustrating.
MSG0004892,ACC00498,2024-02-10T11:00:00,customer,support_chat,user provisioning,We're still evaluating the change internally.
MSG0004893,ACC00498,2024-03-19T09:00:00,agent,email,report exports,The reporting changes are useful and the team is happy with them.
MSG0004894,ACC00498,2024-11-21T14:00:00,agent,email,integration errors,Thanks for getting this sorted so quickly. Everything is working now.
MSG0004895,ACC00499,2025-04-02T15:00:00,agent,support_chat,renewal terms,This has been affecting the team for a while and we need a clearer resolution.
MSG0004896,ACC00499,2025-06-01T08:00:00,customer,meeting_notes,integration errors,The latest release has made the workflow much easier for our team.
MSG0004897,ACC00499,2025-09-21T13:00:00,agent,meeting_notes,data synchronization,"The workflow is mostly fine, although there are a couple of things we'd like improved."
MSG0004898,ACC00499,2025-08-05T16:00:00,customer,email,report exports,Could you help us understand why this is happening?
MSG0004899,ACC00499,2025-02-12T14:00:00,agent,meeting_notes,user provisioning,This has been affecting the team for a while and we need a clearer resolution.
MSG0004900,ACC00499,2024-09-21T08:00:00,customer,meeting_notes,workflow automation,Thanks for getting this sorted so quickly. Everything is working now.
MSG0004901,ACC00499,2025-07-01T12:00:00,customer,meeting_notes,renewal terms,Thanks for getting this sorted so quickly. Everything is working now.
MSG0004902,ACC00499,2024-12-24T11:00:00,customer,support_chat,SSO,We're reviewing the latest changes and have a few questions.
MSG0004903,ACC00499,2025-05-16T18:00:00,customer,meeting_notes,permissions,Could you help us understand why this is happening?
MSG0004904,ACC00499,2025-01-17T18:00:00,customer,support_chat,user provisioning,The reporting changes are useful and the team is happy with them.
MSG0004905,ACC00499,2025-08-04T11:00:00,customer,meeting_notes,renewal terms,Could you help us understand why this is happening?
MSG0004906,ACC00499,2024-08-13T16:00:00,agent,email,SSO,"The workflow is mostly fine, although there are a couple of things we'd like improved."
MSG0004907,ACC00499,2025-06-07T08:00:00,agent,support_chat,billing configuration,This has been affecting the team for a while and we need a clearer resolution.
MSG0004908,ACC00499,2025-02-15T09:00:00,customer,email,billing configuration,Thanks for getting this sorted so quickly. Everything is working now.
MSG0004909,ACC00499,2025-12-15T08:00:00,customer,meeting_notes,billing configuration,This has been affecting the team for a while and we need a clearer resolution.
MSG0004910,ACC00500,2024-11-13T10:00:00,customer,support_chat,user provisioning,Could you help us understand why this is happening?
MSG0004911,ACC00500,2025-07-27T08:00:00,agent,support_chat,SSO,We've been getting good value from the platform and adoption is steady.
MSG0004912,ACC00500,2024-02-19T10:00:00,customer,support_chat,permissions,The reporting changes are useful and the team is happy with them.
MSG0004913,ACC00500,2024-09-03T11:00:00,customer,support_chat,mobile access,We're reviewing the latest changes and have a few questions.
MSG0004914,ACC00500,2024-10-09T10:00:00,customer,meeting_notes,SSO,This has been affecting the team for a while and we need a clearer resolution.
MSG0004915,ACC00500,2024-09-22T10:00:00,customer,support_chat,data synchronization,The reporting changes are useful and the team is happy with them.
MSG0004916,ACC00500,2025-07-24T15:00:00,customer,meeting_notes,API reliability,We're still evaluating the change internally.
MSG0004917,ACC00500,2025-02-10T08:00:00,agent,support_chat,billing configuration,Thanks for getting this sorted so quickly. Everything is working now.
MSG0004918,ACC00500,2025-12-28T08:00:00,customer,meeting_notes,user provisioning,We're reviewing the latest changes and have a few questions.
MSG0004919,ACC00500,2025-12-28T13:00:00,agent,support_chat,report exports,The reporting changes are useful and the team is happy with them.
MSG0004920,ACC00500,2024-05-19T18:00:00,customer,support_chat,permissions,"The workflow is mostly fine, although there are a couple of things we'd like improved."
MSG0004921,ACC00500,2025-09-06T17:00:00,customer,email,permissions,We've had to follow up several times and this is starting to become frustrating.
MSG0004922,ACC00501,2024-03-08T15:00:00,customer,support_chat,renewal terms,We've had to follow up several times and this is starting to become frustrating.
MSG0004923,ACC00501,2024-07-28T12:00:00,agent,email,dashboard performance,The reporting changes are useful and the team is happy with them.
MSG0004924,ACC00501,2024-04-05T15:00:00,agent,email,report exports,We're reviewing the latest changes and have a few questions.
MSG0004925,ACC00501,2024-03-11T09:00:00,agent,support_chat,permissions,The latest release has made the workflow much easier for our team.
MSG0004926,ACC00501,2024-03-03T15:00:00,customer,meeting_notes,permissions,Thanks for getting this sorted so quickly. Everything is working now.
MSG0004927,ACC00501,2024-08-16T13:00:00,agent,email,SSO,The reporting changes are useful and the team is happy with them.
MSG0004928,ACC00501,2024-04-22T16:00:00,customer,meeting_notes,permissions,"The workflow is mostly fine, although there are a couple of things we'd like improved."
MSG0004929,ACC00502,2024-07-15T16:00:00,customer,meeting_notes,user provisioning,Thanks for getting this sorted so quickly. Everything is working now.
MSG0004930,ACC00502,2024-01-20T12:00:00,customer,support_chat,SSO,"The workflow is mostly fine, although there are a couple of things we'd like improved."
MSG0004931,ACC00502,2024-08-20T13:00:00,customer,support_chat,usage reporting,The latest release has made the workflow much easier for our team.
MSG0004932,ACC00502,2024-07-23T11:00:00,agent,email,SSO,This has been affecting the team for a while and we need a clearer resolution.
MSG0004933,ACC00502,2024-12-08T09:00:00,customer,support_chat,data synchronization,We're reviewing the latest changes and have a few questions.
MSG0004934,ACC00502,2024-02-24T18:00:00,agent,email,workflow automation,The latest release has made the workflow much easier for our team.
MSG0004935,ACC00502,2024-06-15T09:00:00,customer,support_chat,workflow automation,Thanks for getting this sorted so quickly. Everything is working now.
MSG0004936,ACC00502,2024-05-28T13:00:00,customer,meeting_notes,data synchronization,"The workflow is mostly fine, although there are a couple of things we'd like improved."
MSG0004937,ACC00502,2024-07-04T18:00:00,agent,email,permissions,We've been getting good value from the platform and adoption is steady.
MSG0004938,ACC00502,2024-05-16T12:00:00,agent,email,permissions,Could you help us understand why this is happening?
MSG0004939,ACC00502,2024-09-28T09:00:00,agent,email,permissions,The reporting changes are useful and the team is happy with them.
MSG0004940,ACC00502,2024-11-20T15:00:00,customer,support_chat,integration errors,We've been getting good value from the platform and adoption is steady.
MSG0004941,ACC00502,2024-04-04T16:00:00,agent,email,billing configuration,We're reviewing the latest changes and have a few questions.
MSG0004942,ACC00503,2024-11-07T11:00:00,customer,meeting_notes,dashboard performance,The latest release has made the workflow much easier for our team.
MSG0004943,ACC00503,2025-02-05T13:00:00,agent,meeting_notes,permissions,The latest release has made the workflow much easier for our team.
MSG0004944,ACC00503,2024-10-06T11:00:00,customer,email,permissions,We're reviewing the latest changes and have a few questions.
MSG0004945,ACC00503,2025-12-17T13:00:00,customer,support_chat,billing configuration,We're still evaluating the change internally.
MSG0004946,ACC00503,2024-12-07T11:00:00,agent,support_chat,API reliability,Thanks for getting this sorted so quickly. Everything is working now.
MSG0004947,ACC00503,2024-01-20T13:00:00,customer,email,integration errors,The latest release has made the workflow much easier for our team.
MSG0004948,ACC00503,2024-06-15T11:00:00,agent,email,usage reporting,This has been affecting the team for a while and we need a clearer resolution.
MSG0004949,ACC00503,2025-02-21T08:00:00,agent,support_chat,data synchronization,This has been affecting the team for a while and we need a clearer resolution.
MSG0004950,ACC00503,2025-09-24T15:00:00,agent,support_chat,workflow automation,We've had to follow up several times and this is starting to become frustrating.
MSG0004951,ACC00503,2024-09-14T10:00:00,customer,support_chat,billing configuration,We've been getting good value from the platform and adoption is steady.
MSG0004952,ACC00503,2024-06-10T10:00:00,customer,meeting_notes,usage reporting,"The workflow is mostly fine, although there are a couple of things we'd like improved."
MSG0004953,ACC00503,2025-10-23T12:00:00,agent,meeting_notes,usage reporting,We're reviewing the latest changes and have a few questions.
MSG0004954,ACC00503,2024-03-19T11:00:00,customer,meeting_notes,dashboard performance,This has been affecting the team for a while and we need a clearer resolution.
MSG0004955,ACC00504,2025-11-27T14:00:00,customer,support_chat,SSO,We've been getting good value from the platform and adoption is steady.
MSG0004956,ACC00504,2025-10-21T14:00:00,customer,meeting_notes,renewal terms,The reporting changes are useful and the team is happy with them.
MSG0004957,ACC00504,2024-04-08T10:00:00,customer,email,permissions,We're still evaluating the change internally.
MSG0004958,ACC00504,2025-06-19T10:00:00,customer,meeting_notes,mobile access,We're reviewing the latest changes and have a few questions.
MSG0004959,ACC00504,2025-12-25T11:00:00,agent,meeting_notes,mobile access,Could you help us understand why this is happening?
MSG0004960,ACC00504,2025-11-12T10:00:00,agent,meeting_notes,invoice reconciliation,We're still evaluating the change internally.
MSG0004961,ACC00504,2024-05-15T16:00:00,customer,email,mobile access,Could you help us understand why this is happening?
MSG0004962,ACC00504,2024-01-04T11:00:00,agent,email,mobile access,We're still evaluating the change internally.
MSG0004963,ACC00504,2025-06-18T13:00:00,agent,meeting_notes,usage reporting,We're reviewing the latest changes and have a few questions.
MSG0004964,ACC00504,2025-05-14T11:00:00,customer,email,billing configuration,The latest release has made the workflow much easier for our team.
MSG0004965,ACC00504,2025-08-13T13:00:00,agent,email,mobile access,"The workflow is mostly fine, although there are a couple of things we'd like improved."
MSG0004966,ACC00504,2025-03-09T16:00:00,customer,support_chat,data synchronization,We're reviewing the latest changes and have a few questions.
MSG0004967,ACC00504,2025-11-10T16:00:00,customer,meeting_notes,workflow automation,This has been affecting the team for a while and we need a clearer resolution.
MSG0004968,ACC00504,2025-08-10T13:00:00,agent,email,mobile access,Could you help us understand why this is happening?
MSG0004969,ACC00504,2024-03-04T11:00:00,customer,support_chat,user provisioning,This has been affecting the team for a while and we need a clearer resolution.
MSG0004970,ACC00504,2025-11-05T08:00:00,agent,meeting_notes,data synchronization,The reporting changes are useful and the team is happy with them.
MSG0004971,ACC00505,2024-07-26T14:00:00,customer,email,user provisioning,The reporting changes are useful and the team is happy with them.
MSG0004972,ACC00505,2024-02-13T08:00:00,customer,meeting_notes,workflow automation,The reporting changes are useful and the team is happy with them.
MSG0004973,ACC00506,2024-08-27T16:00:00,customer,email,data synchronization,We're still evaluating the change internally.
MSG0004974,ACC00506,2024-05-22T15:00:00,customer,support_chat,mobile access,Could you help us understand why this is happening?
MSG0004975,ACC00506,2024-09-02T13:00:00,agent,email,dashboard performance,The latest release has made the workflow much easier for our team.
MSG0004976,ACC00506,2024-08-24T17:00:00,agent,support_chat,billing configuration,We're still evaluating the change internally.
MSG0004977,ACC00506,2025-03-25T13:00:00,agent,meeting_notes,user provisioning,We're reviewing the latest changes and have a few questions.
MSG0004978,ACC00506,2024-04-28T08:00:00,agent,email,SSO,We've been getting good value from the platform and adoption is steady.
MSG0004979,ACC00506,2024-03-09T14:00:00,customer,email,data synchronization,We've been getting good value from the platform and adoption is steady.
MSG0004980,ACC00506,2024-10-15T09:00:00,customer,email,invoice reconciliation,We've had to follow up several times and this is starting to become frustrating.
MSG0004981,ACC00506,2024-09-22T12:00:00,customer,support_chat,user provisioning,"The workflow is mostly fine, although there are a couple of things we'd like improved."
MSG0004982,ACC00506,2025-04-28T10:00:00,customer,meeting_notes,permissions,We've had to follow up several times and this is starting to become frustrating.
MSG0004983,ACC00507,2025-07-26T12:00:00,customer,meeting_notes,report exports,Thanks for getting this sorted so quickly. Everything is working now.
MSG0004984,ACC00507,2025-02-02T12:00:00,customer,meeting_notes,billing configuration,We're reviewing the latest changes and have a few questions.
MSG0004985,ACC00507,2025-05-27T18:00:00,agent,meeting_notes,renewal terms,Thanks for getting this sorted so quickly. Everything is working now.
MSG0004986,ACC00507,2025-08-12T14:00:00,agent,support_chat,SSO,We're reviewing the latest changes and have a few questions.
MSG0004987,ACC00507,2024-09-09T17:00:00,customer,support_chat,report exports,We've had to follow up several times and this is starting to become frustrating.
MSG0004988,ACC00507,2024-04-15T12:00:00,customer,email,invoice reconciliation,The latest release has made the workflow much easier for our team.
MSG0004989,ACC00507,2025-05-15T15:00:00,customer,email,dashboard performance,We've been getting good value from the platform and adoption is steady.
MSG0004990,ACC00507,2024-04-26T11:00:00,agent,email,data synchronization,Thanks for getting this sorted so quickly. Everything is working now.
MSG0004991,ACC00507,2025-03-05T12:00:00,customer,support_chat,renewal terms,The reporting changes are useful and the team is happy with them.
MSG0004992,ACC00507,2025-08-12T08:00:00,customer,support_chat,user provisioning,We're still evaluating the change internally.
MSG0004993,ACC00507,2025-08-27T14:00:00,customer,support_chat,report exports,We've had to follow up several times and this is starting to become frustrating.
MSG0004994,ACC00508,2024-02-14T13:00:00,customer,support_chat,usage reporting,We're still evaluating the change internally.
MSG0004995,ACC00508,2025-05-26T16:00:00,customer,meeting_notes,API reliability,The reporting changes are useful and the team is happy with them.
MSG0004996,ACC00508,2025-02-11T13:00:00,customer,support_chat,integration errors,We've had to follow up several times and this is starting to become frustrating.
MSG0004997,ACC00508,2024-10-15T11:00:00,agent,email,mobile access,We've had to follow up several times and this is starting to become frustrating.
MSG0004998,ACC00508,2025-05-05T14:00:00,customer,support_chat,workflow automation,We've been getting good value from the platform and adoption is steady.
MSG0004999,ACC00508,2024-04-02T13:00:00,agent,support_chat,integration errors,This has been affecting the team for a while and we need a clearer resolution.
MSG0005000,ACC00508,2024-02-03T09:00:00,customer,support_chat,API reliability,We've had to follow up several times and this is starting to become frustrating.
MSG0005001,ACC00508,2025-09-19T18:00:00,customer,support_chat,invoice reconciliation,The latest release has made the workflow much easier for our team.
MSG0005002,ACC00509,2024-12-09T17:00:00,agent,meeting_notes,mobile access,We've had to follow up several times and this is starting to become frustrating.
MSG0005003,ACC00509,2024-04-21T08:00:00,agent,meeting_notes,integration errors,We've been getting good value from the platform and adoption is steady.
MSG0005004,ACC00509,2025-01-14T10:00:00,customer,email,API reliability,Thanks for getting this sorted so quickly. Everything is working now.
MSG0005005,ACC00509,2025-05-16T09:00:00,agent,support_chat,report exports,We've had to follow up several times and this is starting to become frustrating.
MSG0005006,ACC00509,2024-04-10T10:00:00,customer,support_chat,permissions,We've had to follow up several times and this is starting to become frustrating.
MSG0005007,ACC00509,2025-11-15T13:00:00,agent,email,dashboard performance,This has been affecting the team for a while and we need a clearer resolution.
MSG0005008,ACC00509,2025-07-07T18:00:00,agent,email,report exports,The reporting changes are useful and the team is happy with them.
MSG0005009,ACC00509,2024-10-23T08:00:00,customer,support_chat,integration errors,We're still evaluating the change internally.
MSG0005010,ACC00509,2025-04-28T08:00:00,agent,support_chat,user provisioning,Could you help us understand why this is happening?
MSG0005011,ACC00509,2024-06-23T14:00:00,customer,email,mobile access,Thanks for getting this sorted so quickly. Everything is working now.
MSG0005012,ACC00509,2025-01-21T11:00:00,agent,meeting_notes,usage reporting,The reporting changes are useful and the team is happy with them.
MSG0005013,ACC00509,2024-04-19T08:00:00,customer,email,SSO,Could you help us understand why this is happening?
MSG0005014,ACC00509,2024-11-01T09:00:00,customer,meeting_notes,report exports,Could you help us understand why this is happening?
MSG0005015,ACC00509,2025-02-15T12:00:00,agent,meeting_notes,workflow automation,The latest release has made the workflow much easier for our team.
MSG0005016,ACC00509,2024-10-26T13:00:00,customer,email,dashboard performance,We've had to follow up several times and this is starting to become frustrating.
MSG0005017,ACC00509,2024-02-16T15:00:00,customer,support_chat,data synchronization,We've had to follow up several times and this is starting to become frustrating.
MSG0005018,ACC00510,2024-03-15T08:00:00,customer,email,mobile access,We've been getting good value from the platform and adoption is steady.
MSG0005019,ACC00510,2024-03-27T14:00:00,customer,support_chat,workflow automation,"The workflow is mostly fine, although there are a couple of things we'd like improved."
MSG0005020,ACC00510,2024-05-10T11:00:00,customer,meeting_notes,SSO,We've been getting good value from the platform and adoption is steady.
MSG0005021,ACC00510,2024-09-15T15:00:00,customer,email,renewal terms,We've had to follow up several times and this is starting to become frustrating.
MSG0005022,ACC00510,2024-08-01T14:00:00,agent,email,billing configuration,The reporting changes are useful and the team is happy with them.
MSG0005023,ACC00510,2024-10-28T11:00:00,customer,email,user provisioning,We've had to follow up several times and this is starting to become frustrating.
MSG0005024,ACC00511,2024-06-25T12:00:00,customer,support_chat,data synchronization,We're reviewing the latest changes and have a few questions.
MSG0005025,ACC00511,2024-06-02T10:00:00,customer,email,workflow automation,"The workflow is mostly fine, although there are a couple of things we'd like improved."
MSG0005026,ACC00511,2024-06-17T10:00:00,customer,email,usage reporting,This has been affecting the team for a while and we need a clearer resolution.
MSG0005027,ACC00512,2024-01-04T18:00:00,customer,email,renewal terms,We're reviewing the latest changes and have a few questions.
MSG0005028,ACC00512,2024-01-16T16:00:00,agent,meeting_notes,workflow automation,This has been affecting the team for a while and we need a clearer resolution.
MSG0005029,ACC00512,2024-06-27T08:00:00,customer,email,renewal terms,The reporting changes are useful and the team is happy with them.
MSG0005030,ACC00512,2024-01-16T18:00:00,agent,email,data synchronization,Could you help us understand why this is happening?
MSG0005031,ACC00512,2024-01-05T17:00:00,agent,email,data synchronization,We're reviewing the latest changes and have a few questions.
MSG0005032,ACC00512,2024-02-27T12:00:00,customer,meeting_notes,integration errors,The reporting changes are useful and the team is happy with them.
MSG0005033,ACC00512,2024-03-27T17:00:00,agent,meeting_notes,SSO,The latest release has made the workflow much easier for our team.
MSG0005034,ACC00513,2025-07-17T11:00:00,customer,support_chat,SSO,We're still evaluating the change internally.
MSG0005035,ACC00513,2025-08-20T16:00:00,customer,support_chat,dashboard performance,Could you help us understand why this is happening?
MSG0005036,ACC00513,2024-02-19T13:00:00,customer,support_chat,invoice reconciliation,We're still evaluating the change internally.
MSG0005037,ACC00513,2025-04-10T10:00:00,agent,support_chat,report exports,We've had to follow up several times and this is starting to become frustrating.
MSG0005038,ACC00513,2025-12-03T10:00:00,agent,meeting_notes,data synchronization,We've had to follow up several times and this is starting to become frustrating.
MSG0005039,ACC00513,2025-04-22T16:00:00,customer,email,API reliability,"The workflow is mostly fine, although there are a couple of things we'd like improved."
MSG0005040,ACC00513,2025-05-04T18:00:00,customer,meeting_notes,billing configuration,"The workflow is mostly fine, although there are a couple of things we'd like improved."
MSG0005041,ACC00513,2025-06-11T17:00:00,customer,email,API reliability,The latest release has made the workflow much easier for our team.
MSG0005042,ACC00513,2024-07-06T16:00:00,customer,email,report exports,Thanks for getting this sorted so quickly. Everything is working now.
MSG0005043,ACC00513,2024-01-15T18:00:00,customer,meeting_notes,SSO,"The workflow is mostly fine, although there are a couple of things we'd like improved."
MSG0005044,ACC00513,2025-12-11T12:00:00,agent,meeting_notes,user provisioning,We're reviewing the latest changes and have a few questions.
MSG0005045,ACC00513,2024-11-20T12:00:00,customer,support_chat,data synchronization,We're reviewing the latest changes and have a few questions.
MSG0005046,ACC00513,2025-07-24T15:00:00,customer,support_chat,renewal terms,The latest release has made the workflow much easier for our team.
MSG0005047,ACC00514,2024-06-06T08:00:00,customer,email,data synchronization,We're reviewing the latest changes and have a few questions.
MSG0005048,ACC00514,2024-02-27T13:00:00,customer,email,invoice reconciliation,The latest release has made the workflow much easier for our team.
MSG0005049,ACC00514,2024-01-27T18:00:00,agent,support_chat,SSO,Could you help us understand why this is happening?
MSG0005050,ACC00514,2024-09-10T13:00:00,customer,support_chat,mobile access,Could you help us understand why this is happening?
MSG0005051,ACC00514,2025-12-01T13:00:00,customer,meeting_notes,API reliability,The reporting changes are useful and the team is happy with them.
MSG0005052,ACC00514,2024-04-20T09:00:00,customer,email,API reliability,"The workflow is mostly fine, although there are a couple of things we'd like improved."
MSG0005053,ACC00514,2024-11-02T15:00:00,customer,meeting_notes,usage reporting,Could you help us understand why this is happening?
MSG0005054,ACC00514,2024-02-02T16:00:00,customer,meeting_notes,report exports,"The workflow is mostly fine, although there are a couple of things we'd like improved."
MSG0005055,ACC00514,2024-05-28T08:00:00,customer,email,renewal terms,Could you help us understand why this is happening?
MSG0005056,ACC00514,2025-08-10T12:00:00,customer,support_chat,integration errors,We've had to follow up several times and this is starting to become frustrating.
MSG0005057,ACC00514,2025-03-11T10:00:00,customer,support_chat,report exports,Could you help us understand why this is happening?
MSG0005058,ACC00514,2024-01-06T11:00:00,agent,email,billing configuration,We've had to follow up several times and this is starting to become frustrating.
MSG0005059,ACC00514,2024-07-13T10:00:00,customer,support_chat,integration errors,We've had to follow up several times and this is starting to become frustrating.
MSG0005060,ACC00514,2024-01-26T15:00:00,customer,support_chat,permissions,We're still evaluating the change internally.
MSG0005061,ACC00514,2024-01-08T14:00:00,customer,meeting_notes,permissions,The reporting changes are useful and the team is happy with them.
MSG0005062,ACC00515,2024-12-23T18:00:00,agent,support_chat,data synchronization,The experience lately hasn't been great and we're spending more time working around the product.
MSG0005063,ACC00515,2024-02-11T13:00:00,agent,email,usage reporting,The latest release has made the workflow much easier for our team.
MSG0005064,ACC00515,2024-05-21T12:00:00,customer,meeting_notes,workflow automation,We're reviewing the latest changes and have a few questions.
MSG0005065,ACC00515,2024-05-10T15:00:00,customer,support_chat,mobile access,We've had to follow up several times and this is starting to become frustrating.
MSG0005066,ACC00515,2024-05-11T13:00:00,agent,support_chat,dashboard performance,We've been getting good value from the platform and adoption is steady.
MSG0005067,ACC00515,2025-03-16T15:00:00,agent,email,usage reporting,The experience lately hasn't been great and we're spending more time working around the product.
MSG0005068,ACC00515,2025-03-10T13:00:00,agent,meeting_notes,data synchronization,We're still evaluating the change internally.
MSG0005069,ACC00515,2025-02-26T10:00:00,customer,support_chat,renewal terms,Our leadership team is questioning whether we should continue with the platform.
MSG0005070,ACC00515,2024-02-24T17:00:00,customer,email,permissions,We've been getting good value from the platform and adoption is steady.
MSG0005071,ACC00515,2024-06-13T18:00:00,customer,support_chat,usage reporting,"The workflow is mostly fine, although there are a couple of things we'd like improved."
MSG0005072,ACC00516,2024-04-16T17:00:00,customer,email,report exports,This has been affecting the team for a while and we need a clearer resolution.
MSG0005073,ACC00516,2024-05-21T09:00:00,agent,support_chat,data synchronization,Thanks for getting this sorted so quickly. Everything is working now.
MSG0005074,ACC00516,2024-03-13T16:00:00,customer,email,renewal terms,We've had to follow up several times and this is starting to become frustrating.
MSG0005075,ACC00516,2024-01-19T08:00:00,customer,email,billing configuration,The reporting changes are useful and the team is happy with them.
MSG0005076,ACC00516,2024-04-21T16:00:00,agent,meeting_notes,user provisioning,This has been affecting the team for a while and we need a clearer resolution.
MSG0005077,ACC00516,2024-11-25T12:00:00,customer,support_chat,report exports,We've had to follow up several times and this is starting to become frustrating.
MSG0005078,ACC00516,2024-01-16T15:00:00,agent,support_chat,integration errors,We're still evaluating the change internally.
MSG0005079,ACC00516,2024-05-20T08:00:00,customer,meeting_notes,integration errors,Thanks for getting this sorted so quickly. Everything is working now.
MSG0005080,ACC00516,2024-03-27T09:00:00,customer,email,renewal terms,This has been affecting the team for a while and we need a clearer resolution.
MSG0005081,ACC00516,2024-07-09T10:00:00,agent,support_chat,API reliability,The reporting changes are useful and the team is happy with them.
MSG0005082,ACC00516,2024-10-05T15:00:00,customer,email,integration errors,I'm concerned that we're not getting the level of support we expected.
MSG0005083,ACC00517,2024-01-14T17:00:00,agent,support_chat,billing configuration,The latest release has made the workflow much easier for our team.
MSG0005084,ACC00517,2024-03-10T13:00:00,customer,email,data synchronization,This has been affecting the team for a while and we need a clearer resolution.
MSG0005085,ACC00517,2024-02-03T13:00:00,customer,meeting_notes,invoice reconciliation,"The workflow is mostly fine, although there are a couple of things we'd like improved."
MSG0005086,ACC00517,2024-05-11T09:00:00,customer,support_chat,API reliability,"The workflow is mostly fine, although there are a couple of things we'd like improved."
MSG0005087,ACC00517,2024-07-06T09:00:00,customer,support_chat,API reliability,"The workflow is mostly fine, although there are a couple of things we'd like improved."
MSG0005088,ACC00517,2024-05-06T13:00:00,customer,meeting_notes,data synchronization,We're still evaluating the change internally.
MSG0005089,ACC00518,2025-02-24T11:00:00,customer,meeting_notes,API reliability,Could you help us understand why this is happening?
MSG0005090,ACC00518,2025-11-09T09:00:00,agent,support_chat,data synchronization,We're reviewing the latest changes and have a few questions.
MSG0005091,ACC00518,2025-08-07T13:00:00,customer,email,permissions,We've been getting good value from the platform and adoption is steady.
MSG0005092,ACC00518,2025-08-09T08:00:00,customer,email,billing configuration,Could you help us understand why this is happening?
MSG0005093,ACC00518,2025-08-28T18:00:00,customer,email,dashboard performance,The latest release has made the workflow much easier for our team.
MSG0005094,ACC00518,2025-08-09T17:00:00,customer,email,mobile access,The reporting changes are useful and the team is happy with them.
MSG0005095,ACC00518,2025-03-03T14:00:00,customer,support_chat,billing configuration,"The workflow is mostly fine, although there are a couple of things we'd like improved."
MSG0005096,ACC00518,2024-05-18T14:00:00,agent,support_chat,API reliability,The latest release has made the workflow much easier for our team.
MSG0005097,ACC00518,2025-11-01T15:00:00,customer,support_chat,API reliability,The latest release has made the workflow much easier for our team.
MSG0005098,ACC00518,2025-12-12T10:00:00,customer,meeting_notes,integration errors,We're still evaluating the change internally.
MSG0005099,ACC00519,2025-07-08T17:00:00,customer,email,report exports,We've been getting good value from the platform and adoption is steady.
MSG0005100,ACC00519,2025-08-10T17:00:00,customer,email,mobile access,The latest release has made the workflow much easier for our team.
MSG0005101,ACC00519,2024-12-28T11:00:00,customer,meeting_notes,permissions,We're still evaluating the change internally.
MSG0005102,ACC00519,2025-03-03T15:00:00,customer,support_chat,renewal terms,We're still evaluating the change internally.
MSG0005103,ACC00519,2025-09-15T17:00:00,agent,email,data synchronization,Could you help us understand why this is happening?
MSG0005104,ACC00519,2025-09-03T14:00:00,agent,email,user provisioning,"The workflow is mostly fine, although there are a couple of things we'd like improved."
MSG0005105,ACC00519,2025-12-03T08:00:00,customer,email,usage reporting,Could you help us understand why this is happening?
MSG0005106,ACC00519,2025-10-13T12:00:00,agent,email,permissions,Thanks for getting this sorted so quickly. Everything is working now.
MSG0005107,ACC00519,2024-04-14T10:00:00,customer,meeting_notes,API reliability,We're reviewing the latest changes and have a few questions.
MSG0005108,ACC00519,2024-04-20T12:00:00,customer,support_chat,mobile access,Thanks for getting this sorted so quickly. Everything is working now.
MSG0005109,ACC00519,2024-07-28T16:00:00,agent,support_chat,mobile access,Could you help us understand why this is happening?
MSG0005110,ACC00519,2024-10-07T14:00:00,agent,email,report exports,The reporting changes are useful and the team is happy with them.
MSG0005111,ACC00519,2024-01-02T13:00:00,customer,meeting_notes,report exports,Could you help us understand why this is happening?
MSG0005112,ACC00519,2024-04-24T18:00:00,customer,email,API reliability,The latest release has made the workflow much easier for our team.
MSG0005113,ACC00519,2025-08-13T12:00:00,customer,support_chat,data synchronization,The reporting changes are useful and the team is happy with them.
MSG0005114,ACC00519,2024-06-19T12:00:00,customer,support_chat,invoice reconciliation,"The workflow is mostly fine, although there are a couple of things we'd like improved."
MSG0005115,ACC00519,2025-10-18T08:00:00,customer,meeting_notes,report exports,"The workflow is mostly fine, although there are a couple of things we'd like improved."
MSG0005116,ACC00520,2024-06-07T15:00:00,agent,email,workflow automation,This has been affecting the team for a while and we need a clearer resolution.
MSG0005117,ACC00520,2024-09-19T10:00:00,customer,meeting_notes,integration errors,"If we can't get this resolved soon, we'll need to look at other options."
MSG0005118,ACC00520,2024-08-14T16:00:00,agent,support_chat,integration errors,We're considering reducing the footprint at renewal unless things improve.
MSG0005119,ACC00520,2024-07-04T16:00:00,customer,meeting_notes,billing configuration,I'm concerned that we're not getting the level of support we expected.
MSG0005120,ACC00520,2024-02-21T08:00:00,agent,meeting_notes,report exports,This has been affecting the team for a while and we need a clearer resolution.
MSG0005121,ACC00520,2024-10-24T08:00:00,agent,support_chat,permissions,Our leadership team is questioning whether we should continue with the platform.
MSG0005122,ACC00521,2024-09-14T17:00:00,customer,meeting_notes,invoice reconciliation,Thanks for getting this sorted so quickly. Everything is working now.
MSG0005123,ACC00521,2024-08-28T18:00:00,customer,meeting_notes,SSO,The latest release has made the workflow much easier for our team.
MSG0005124,ACC00521,2024-03-04T15:00:00,agent,support_chat,invoice reconciliation,We've had to follow up several times and this is starting to become frustrating.
MSG0005125,ACC00521,2024-05-23T11:00:00,customer,email,workflow automation,Thanks for getting this sorted so quickly. Everything is working now.
MSG0005126,ACC00521,2024-05-22T09:00:00,customer,email,report exports,We're still evaluating the change internally.
MSG0005127,ACC00521,2024-06-01T10:00:00,agent,support_chat,mobile access,Thanks for getting this sorted so quickly. Everything is working now.
MSG0005128,ACC00521,2024-10-14T12:00:00,agent,support_chat,dashboard performance,The latest release has made the workflow much easier for our team.
MSG0005129,ACC00522,2024-07-03T10:00:00,agent,meeting_notes,invoice reconciliation,We're reviewing the latest changes and have a few questions.
MSG0005130,ACC00522,2024-12-01T14:00:00,agent,support_chat,usage reporting,The reporting changes are useful and the team is happy with them.
MSG0005131,ACC00522,2024-05-09T09:00:00,customer,meeting_notes,renewal terms,We're reviewing the latest changes and have a few questions.
MSG0005132,ACC00522,2024-01-23T10:00:00,customer,meeting_notes,SSO,We're still evaluating the change internally.
MSG0005133,ACC00522,2024-01-03T15:00:00,customer,email,report exports,We're still evaluating the change internally.
MSG0005134,ACC00522,2024-11-20T17:00:00,customer,meeting_notes,billing configuration,We've been getting good value from the platform and adoption is steady.
MSG0005135,ACC00522,2024-05-07T16:00:00,agent,meeting_notes,report exports,"The workflow is mostly fine, although there are a couple of things we'd like improved."
MSG0005136,ACC00522,2024-04-13T08:00:00,customer,email,data synchronization,"The workflow is mostly fine, although there are a couple of things we'd like improved."
MSG0005137,ACC00523,2025-09-09T11:00:00,customer,meeting_notes,integration errors,We've been getting good value from the platform and adoption is steady.
MSG0005138,ACC00523,2024-08-22T18:00:00,customer,email,SSO,The reporting changes are useful and the team is happy with them.
MSG0005139,ACC00523,2025-02-01T14:00:00,customer,meeting_notes,billing configuration,The latest release has made the workflow much easier for our team.
MSG0005140,ACC00523,2025-07-20T13:00:00,customer,support_chat,API reliability,We're still evaluating the change internally.
MSG0005141,ACC00523,2024-06-11T11:00:00,customer,meeting_notes,user provisioning,We're still evaluating the change internally.
MSG0005142,ACC00523,2024-03-02T13:00:00,customer,email,user provisioning,Thanks for getting this sorted so quickly. Everything is working now.
MSG0005143,ACC00523,2024-02-02T12:00:00,agent,support_chat,workflow automation,Thanks for getting this sorted so quickly. Everything is working now.
MSG0005144,ACC00523,2024-06-23T12:00:00,agent,email,integration errors,We're still evaluating the change internally.
MSG0005145,ACC00523,2024-04-16T16:00:00,agent,email,permissions,This has been affecting the team for a while and we need a clearer resolution.
MSG0005146,ACC00523,2024-12-18T12:00:00,customer,support_chat,permissions,The reporting changes are useful and the team is happy with them.
MSG0005147,ACC00523,2025-12-15T15:00:00,customer,support_chat,integration errors,The reporting changes are useful and the team is happy with them.
MSG0005148,ACC00523,2024-06-17T14:00:00,customer,email,SSO,We've been getting good value from the platform and adoption is steady.
MSG0005149,ACC00523,2024-11-05T17:00:00,customer,support_chat,SSO,Could you help us understand why this is happening?
MSG0005150,ACC00523,2024-11-19T15:00:00,customer,meeting_notes,renewal terms,Thanks for getting this sorted so quickly. Everything is working now.
MSG0005151,ACC00523,2024-03-18T17:00:00,customer,meeting_notes,SSO,Could you help us understand why this is happening?
MSG0005152,ACC00523,2025-07-23T12:00:00,customer,email,integration errors,Could you help us understand why this is happening?
MSG0005153,ACC00524,2024-02-20T18:00:00,customer,support_chat,report exports,We've been getting good value from the platform and adoption is steady.
MSG0005154,ACC00524,2025-04-24T16:00:00,agent,support_chat,usage reporting,Could you help us understand why this is happening?
MSG0005155,ACC00524,2024-08-11T08:00:00,customer,support_chat,usage reporting,The reporting changes are useful and the team is happy with them.
MSG0005156,ACC00524,2025-02-25T09:00:00,agent,support_chat,invoice reconciliation,The latest release has made the workflow much easier for our team.
MSG0005157,ACC00524,2024-05-01T16:00:00,customer,meeting_notes,billing configuration,We've had to follow up several times and this is starting to become frustrating.
MSG0005158,ACC00524,2025-01-28T08:00:00,customer,support_chat,dashboard performance,"The workflow is mostly fine, although there are a couple of things we'd like improved."
MSG0005159,ACC00524,2025-03-09T14:00:00,agent,support_chat,integration errors,Could you help us understand why this is happening?
MSG0005160,ACC00524,2024-07-09T10:00:00,customer,meeting_notes,user provisioning,We've had to follow up several times and this is starting to become frustrating.
MSG0005161,ACC00525,2025-09-17T11:00:00,agent,meeting_notes,mobile access,The reporting changes are useful and the team is happy with them.
MSG0005162,ACC00525,2024-09-14T11:00:00,agent,email,integration errors,This has been affecting the team for a while and we need a clearer resolution.
MSG0005163,ACC00525,2024-08-10T13:00:00,customer,email,dashboard performance,We've had to follow up several times and this is starting to become frustrating.
MSG0005164,ACC00525,2025-08-19T12:00:00,customer,support_chat,workflow automation,The latest release has made the workflow much easier for our team.
MSG0005165,ACC00525,2024-06-13T18:00:00,agent,support_chat,usage reporting,The latest release has made the workflow much easier for our team.
MSG0005166,ACC00525,2024-05-01T12:00:00,customer,email,API reliability,"The workflow is mostly fine, although there are a couple of things we'd like improved."
MSG0005167,ACC00525,2025-04-08T12:00:00,customer,meeting_notes,permissions,We're still evaluating the change internally.
MSG0005168,ACC00525,2025-09-16T09:00:00,agent,support_chat,data synchronization,We've been getting good value from the platform and adoption is steady.
MSG0005169,ACC00525,2024-02-02T13:00:00,agent,meeting_notes,usage reporting,We're still evaluating the change internally.
MSG0005170,ACC00525,2024-06-23T15:00:00,customer,meeting_notes,dashboard performance,The latest release has made the workflow much easier for our team.
MSG0005171,ACC00525,2024-06-26T12:00:00,customer,support_chat,permissions,The latest release has made the workflow much easier for our team.
MSG0005172,ACC00526,2024-04-04T16:00:00,customer,meeting_notes,dashboard performance,"The workflow is mostly fine, although there are a couple of things we'd like improved."
MSG0005173,ACC00526,2024-02-15T11:00:00,customer,email,report exports,We're reviewing the latest changes and have a few questions.
MSG0005174,ACC00526,2025-02-08T10:00:00,customer,email,invoice reconciliation,We're still evaluating the change internally.
MSG0005175,ACC00526,2025-05-23T16:00:00,customer,meeting_notes,dashboard performance,The reporting changes are useful and the team is happy with them.
MSG0005176,ACC00527,2024-09-06T13:00:00,customer,email,usage reporting,We're reviewing the latest changes and have a few questions.
MSG0005177,ACC00527,2024-05-21T12:00:00,customer,support_chat,integration errors,We've had to follow up several times and this is starting to become frustrating.
MSG0005178,ACC00527,2024-07-18T16:00:00,customer,meeting_notes,report exports,The latest release has made the workflow much easier for our team.
MSG0005179,ACC00527,2024-09-26T14:00:00,customer,email,API reliability,The reporting changes are useful and the team is happy with them.
MSG0005180,ACC00527,2024-03-18T17:00:00,customer,support_chat,data synchronization,Thanks for getting this sorted so quickly. Everything is working now.
MSG0005181,ACC00527,2025-04-03T09:00:00,agent,email,usage reporting,The latest release has made the workflow much easier for our team.
MSG0005182,ACC00527,2025-10-19T16:00:00,customer,email,SSO,Could you help us understand why this is happening?
MSG0005183,ACC00527,2025-07-15T15:00:00,customer,meeting_notes,permissions,The latest release has made the workflow much easier for our team.
MSG0005184,ACC00527,2024-10-06T13:00:00,customer,email,dashboard performance,We're reviewing the latest changes and have a few questions.
MSG0005185,ACC00527,2024-02-23T13:00:00,customer,meeting_notes,data synchronization,Could you help us understand why this is happening?
MSG0005186,ACC00528,2025-02-21T15:00:00,customer,support_chat,user provisioning,The latest release has made the workflow much easier for our team.
MSG0005187,ACC00528,2024-09-22T09:00:00,agent,support_chat,billing configuration,We're reviewing the latest changes and have a few questions.
MSG0005188,ACC00528,2025-08-08T18:00:00,agent,email,permissions,The reporting changes are useful and the team is happy with them.
MSG0005189,ACC00528,2025-07-16T09:00:00,customer,meeting_notes,billing configuration,We've had to follow up several times and this is starting to become frustrating.
MSG0005190,ACC00528,2024-10-11T12:00:00,customer,meeting_notes,user provisioning,We're reviewing the latest changes and have a few questions.
MSG0005191,ACC00528,2024-10-20T18:00:00,agent,email,integration errors,We've been getting good value from the platform and adoption is steady.
MSG0005192,ACC00528,2024-09-03T16:00:00,customer,email,data synchronization,Could you help us understand why this is happening?
MSG0005193,ACC00528,2024-01-02T14:00:00,customer,support_chat,permissions,This has been affecting the team for a while and we need a clearer resolution.
MSG0005194,ACC00528,2025-05-07T15:00:00,customer,meeting_notes,report exports,This has been affecting the team for a while and we need a clearer resolution.
MSG0005195,ACC00528,2024-07-20T10:00:00,agent,email,data synchronization,The reporting changes are useful and the team is happy with them.
MSG0005196,ACC00528,2024-08-11T14:00:00,customer,email,data synchronization,We've had to follow up several times and this is starting to become frustrating.
MSG0005197,ACC00529,2024-03-15T17:00:00,agent,support_chat,user provisioning,We've had to follow up several times and this is starting to become frustrating.
MSG0005198,ACC00529,2024-04-24T10:00:00,customer,meeting_notes,API reliability,We're still evaluating the change internally.
MSG0005199,ACC00529,2024-05-14T08:00:00,customer,email,invoice reconciliation,We've had to follow up several times and this is starting to become frustrating.
MSG0005200,ACC00529,2025-01-08T17:00:00,agent,support_chat,SSO,We're reviewing the latest changes and have a few questions.
MSG0005201,ACC00529,2024-03-24T17:00:00,customer,email,workflow automation,We've been getting good value from the platform and adoption is steady.
MSG0005202,ACC00529,2024-03-17T10:00:00,customer,email,renewal terms,"The workflow is mostly fine, although there are a couple of things we'd like improved."
MSG0005203,ACC00529,2024-09-16T09:00:00,agent,meeting_notes,report exports,"The workflow is mostly fine, although there are a couple of things we'd like improved."
MSG0005204,ACC00529,2024-11-19T17:00:00,customer,meeting_notes,renewal terms,We've been getting good value from the platform and adoption is steady.
MSG0005205,ACC00530,2025-04-18T17:00:00,agent,meeting_notes,usage reporting,Could you help us understand why this is happening?
MSG0005206,ACC00530,2025-04-14T17:00:00,customer,support_chat,report exports,The reporting changes are useful and the team is happy with them.
MSG0005207,ACC00530,2025-03-14T18:00:00,customer,email,workflow automation,Could you help us understand why this is happening?
MSG0005208,ACC00530,2024-05-09T13:00:00,agent,meeting_notes,integration errors,Thanks for getting this sorted so quickly. Everything is working now.
MSG0005209,ACC00530,2024-12-27T17:00:00,agent,email,dashboard performance,Thanks for getting this sorted so quickly. Everything is working now.
MSG0005210,ACC00530,2025-02-08T18:00:00,customer,email,SSO,We've been getting good value from the platform and adoption is steady.
MSG0005211,ACC00530,2024-07-21T09:00:00,customer,meeting_notes,integration errors,We're reviewing the latest changes and have a few questions.
MSG0005212,ACC00530,2025-04-17T17:00:00,agent,email,usage reporting,We've had to follow up several times and this is starting to become frustrating.
MSG0005213,ACC00530,2025-06-17T17:00:00,agent,meeting_notes,API reliability,We've been getting good value from the platform and adoption is steady.
MSG0005214,ACC00531,2024-06-06T10:00:00,agent,support_chat,SSO,We're still evaluating the change internally.
MSG0005215,ACC00531,2024-02-06T08:00:00,agent,support_chat,usage reporting,The reporting changes are useful and the team is happy with them.
MSG0005216,ACC00531,2025-02-01T15:00:00,customer,support_chat,data synchronization,The reporting changes are useful and the team is happy with them.
MSG0005217,ACC00531,2025-04-14T12:00:00,customer,email,integration errors,Thanks for getting this sorted so quickly. Everything is working now.
MSG0005218,ACC00531,2024-05-04T15:00:00,agent,meeting_notes,user provisioning,Could you help us understand why this is happening?
MSG0005219,ACC00531,2024-02-06T12:00:00,customer,support_chat,data synchronization,This has been affecting the team for a while and we need a clearer resolution.
MSG0005220,ACC00531,2025-10-18T18:00:00,customer,email,dashboard performance,"The workflow is mostly fine, although there are a couple of things we'd like improved."
MSG0005221,ACC00531,2025-09-16T10:00:00,customer,meeting_notes,API reliability,The reporting changes are useful and the team is happy with them.
MSG0005222,ACC00531,2024-10-25T17:00:00,customer,meeting_notes,user provisioning,We're still evaluating the change internally.
MSG0005223,ACC00531,2024-03-04T09:00:00,agent,support_chat,renewal terms,Could you help us understand why this is happening?
MSG0005224,ACC00531,2025-10-20T17:00:00,customer,email,integration errors,We're reviewing the latest changes and have a few questions.
MSG0005225,ACC00531,2024-05-26T17:00:00,customer,support_chat,SSO,This has been affecting the team for a while and we need a clearer resolution.
MSG0005226,ACC00531,2024-12-16T13:00:00,customer,support_chat,mobile access,Could you help us understand why this is happening?
MSG0005227,ACC00531,2024-03-08T11:00:00,agent,support_chat,invoice reconciliation,This has been affecting the team for a while and we need a clearer resolution.
MSG0005228,ACC00531,2025-10-13T13:00:00,agent,meeting_notes,data synchronization,"The workflow is mostly fine, although there are a couple of things we'd like improved."
MSG0005229,ACC00531,2024-12-05T13:00:00,customer,meeting_notes,mobile access,We've had to follow up several times and this is starting to become frustrating.
MSG0005230,ACC00531,2024-05-25T10:00:00,customer,support_chat,dashboard performance,We're reviewing the latest changes and have a few questions.
MSG0005231,ACC00532,2025-02-02T12:00:00,customer,support_chat,renewal terms,We're reviewing the latest changes and have a few questions.
MSG0005232,ACC00532,2025-03-11T12:00:00,customer,support_chat,report exports,We've been getting good value from the platform and adoption is steady.
MSG0005233,ACC00532,2025-11-02T14:00:00,customer,meeting_notes,invoice reconciliation,"The workflow is mostly fine, although there are a couple of things we'd like improved."
MSG0005234,ACC00532,2025-06-27T11:00:00,customer,meeting_notes,usage reporting,We're still evaluating the change internally.
MSG0005235,ACC00532,2025-06-25T17:00:00,customer,meeting_notes,dashboard performance,We're still evaluating the change internally.
MSG0005236,ACC00532,2024-09-15T13:00:00,agent,email,mobile access,This has been affecting the team for a while and we need a clearer resolution.
MSG0005237,ACC00532,2025-05-02T15:00:00,agent,email,dashboard performance,We've been getting good value from the platform and adoption is steady.
MSG0005238,ACC00532,2025-07-27T15:00:00,agent,email,invoice reconciliation,Could you help us understand why this is happening?
MSG0005239,ACC00532,2025-07-23T15:00:00,customer,email,billing configuration,Could you help us understand why this is happening?
MSG0005240,ACC00532,2025-05-10T10:00:00,customer,meeting_notes,workflow automation,This has been affecting the team for a while and we need a clearer resolution.
MSG0005241,ACC00532,2025-03-18T12:00:00,customer,email,integration errors,The latest release has made the workflow much easier for our team.
MSG0005242,ACC00532,2025-10-16T08:00:00,agent,email,workflow automation,The reporting changes are useful and the team is happy with them.
MSG0005243,ACC00532,2025-03-10T16:00:00,agent,support_chat,SSO,Could you help us understand why this is happening?
MSG0005244,ACC00532,2025-06-02T11:00:00,agent,meeting_notes,data synchronization,We're reviewing the latest changes and have a few questions.
MSG0005245,ACC00533,2025-05-21T10:00:00,customer,meeting_notes,renewal terms,We've been getting good value from the platform and adoption is steady.
MSG0005246,ACC00533,2025-06-15T12:00:00,agent,email,user provisioning,Could you help us understand why this is happening?
MSG0005247,ACC00533,2024-08-06T09:00:00,customer,meeting_notes,renewal terms,Could you help us understand why this is happening?
MSG0005248,ACC00533,2025-12-09T15:00:00,customer,email,user provisioning,"The workflow is mostly fine, although there are a couple of things we'd like improved."
MSG0005249,ACC00533,2024-08-25T11:00:00,agent,meeting_notes,mobile access,Could you help us understand why this is happening?
MSG0005250,ACC00533,2025-09-20T17:00:00,agent,support_chat,user provisioning,Thanks for getting this sorted so quickly. Everything is working now.
MSG0005251,ACC00533,2024-06-07T10:00:00,agent,meeting_notes,integration errors,We're still evaluating the change internally.
MSG0005252,ACC00533,2024-02-18T11:00:00,customer,meeting_notes,user provisioning,This has been affecting the team for a while and we need a clearer resolution.
MSG0005253,ACC00533,2024-04-15T08:00:00,agent,email,report exports,Thanks for getting this sorted so quickly. Everything is working now.
MSG0005254,ACC00533,2024-10-23T14:00:00,customer,email,data synchronization,Could you help us understand why this is happening?
MSG0005255,ACC00533,2025-05-15T12:00:00,agent,support_chat,workflow automation,The reporting changes are useful and the team is happy with them.
MSG0005256,ACC00533,2025-06-22T09:00:00,customer,support_chat,invoice reconciliation,We're still evaluating the change internally.
MSG0005257,ACC00533,2024-05-06T08:00:00,customer,support_chat,permissions,Could you help us understand why this is happening?
MSG0005258,ACC00533,2025-02-14T08:00:00,customer,email,workflow automation,We're reviewing the latest changes and have a few questions.
MSG0005259,ACC00533,2025-09-21T08:00:00,customer,meeting_notes,invoice reconciliation,We've had to follow up several times and this is starting to become frustrating.
MSG0005260,ACC00533,2024-11-10T17:00:00,customer,meeting_notes,data synchronization,The reporting changes are useful and the team is happy with them.
MSG0005261,ACC00534,2024-02-10T09:00:00,agent,email,billing configuration,The latest release has made the workflow much easier for our team.
MSG0005262,ACC00534,2024-02-14T15:00:00,customer,meeting_notes,billing configuration,We're reviewing the latest changes and have a few questions.
MSG0005263,ACC00534,2024-05-27T10:00:00,customer,meeting_notes,report exports,Could you help us understand why this is happening?
MSG0005264,ACC00534,2024-06-08T08:00:00,agent,meeting_notes,data synchronization,We're still evaluating the change internally.
MSG0005265,ACC00535,2024-06-03T13:00:00,customer,support_chat,API reliability,We're reviewing the latest changes and have a few questions.
MSG0005266,ACC00535,2025-10-04T14:00:00,customer,meeting_notes,renewal terms,Thanks for getting this sorted so quickly. Everything is working now.
MSG0005267,ACC00535,2024-03-18T11:00:00,customer,email,integration errors,Could you help us understand why this is happening?
MSG0005268,ACC00535,2024-09-06T09:00:00,customer,meeting_notes,data synchronization,We've had to follow up several times and this is starting to become frustrating.
MSG0005269,ACC00535,2024-08-22T11:00:00,customer,email,integration errors,We've been getting good value from the platform and adoption is steady.
MSG0005270,ACC00535,2024-09-19T09:00:00,customer,meeting_notes,user provisioning,The latest release has made the workflow much easier for our team.
MSG0005271,ACC00535,2025-05-15T09:00:00,customer,meeting_notes,SSO,We've had to follow up several times and this is starting to become frustrating.
MSG0005272,ACC00535,2024-11-02T10:00:00,agent,meeting_notes,mobile access,"The workflow is mostly fine, although there are a couple of things we'd like improved."
MSG0005273,ACC00536,2024-09-20T15:00:00,customer,support_chat,user provisioning,Thanks for getting this sorted so quickly. Everything is working now.
MSG0005274,ACC00536,2025-05-19T08:00:00,customer,meeting_notes,usage reporting,This has been affecting the team for a while and we need a clearer resolution.
MSG0005275,ACC00536,2024-04-17T15:00:00,customer,email,renewal terms,This has been affecting the team for a while and we need a clearer resolution.
MSG0005276,ACC00536,2025-02-02T13:00:00,customer,meeting_notes,user provisioning,We're still evaluating the change internally.
MSG0005277,ACC00536,2024-09-02T10:00:00,customer,meeting_notes,workflow automation,The latest release has made the workflow much easier for our team.
MSG0005278,ACC00536,2024-12-22T13:00:00,customer,meeting_notes,invoice reconciliation,The reporting changes are useful and the team is happy with them.
MSG0005279,ACC00536,2025-03-03T14:00:00,agent,meeting_notes,renewal terms,We're reviewing the latest changes and have a few questions.
MSG0005280,ACC00536,2024-01-22T11:00:00,agent,meeting_notes,data synchronization,The reporting changes are useful and the team is happy with them.
MSG0005281,ACC00536,2024-12-11T18:00:00,agent,email,data synchronization,"The workflow is mostly fine, although there are a couple of things we'd like improved."
MSG0005282,ACC00536,2024-11-17T08:00:00,agent,support_chat,billing configuration,The reporting changes are useful and the team is happy with them.
MSG0005283,ACC00536,2024-02-19T12:00:00,customer,support_chat,report exports,This has been affecting the team for a while and we need a clearer resolution.
MSG0005284,ACC00537,2025-01-08T12:00:00,customer,support_chat,report exports,We're reviewing the latest changes and have a few questions.
MSG0005285,ACC00537,2025-12-25T16:00:00,customer,meeting_notes,permissions,This has been affecting the team for a while and we need a clearer resolution.
MSG0005286,ACC00537,2024-03-08T08:00:00,customer,meeting_notes,user provisioning,This has been affecting the team for a while and we need a clearer resolution.
MSG0005287,ACC00537,2025-04-15T13:00:00,agent,meeting_notes,mobile access,We're reviewing the latest changes and have a few questions.
MSG0005288,ACC00537,2025-09-28T12:00:00,agent,meeting_notes,report exports,We're still evaluating the change internally.
MSG0005289,ACC00537,2025-10-14T17:00:00,agent,meeting_notes,workflow automation,Could you help us understand why this is happening?
MSG0005290,ACC00537,2025-03-19T17:00:00,agent,email,permissions,Thanks for getting this sorted so quickly. Everything is working now.
MSG0005291,ACC00537,2024-06-25T10:00:00,customer,meeting_notes,dashboard performance,Thanks for getting this sorted so quickly. Everything is working now.
MSG0005292,ACC00537,2025-05-07T11:00:00,agent,email,workflow automation,We've been getting good value from the platform and adoption is steady.
MSG0005293,ACC00537,2024-03-04T16:00:00,agent,email,usage reporting,Could you help us understand why this is happening?
MSG0005294,ACC00537,2024-07-19T09:00:00,customer,support_chat,mobile access,We're still evaluating the change internally.
MSG0005295,ACC00537,2025-10-20T10:00:00,customer,meeting_notes,integration errors,Could you help us understand why this is happening?
MSG0005296,ACC00538,2024-09-01T11:00:00,agent,email,mobile access,The reporting changes are useful and the team is happy with them.
MSG0005297,ACC00538,2024-01-05T17:00:00,customer,email,renewal terms,This has been affecting the team for a while and we need a clearer resolution.
MSG0005298,ACC00538,2024-06-10T11:00:00,agent,email,data synchronization,We're reviewing the latest changes and have a few questions.
MSG0005299,ACC00538,2024-02-06T10:00:00,agent,meeting_notes,SSO,Thanks for getting this sorted so quickly. Everything is working now.
MSG0005300,ACC00539,2024-06-15T11:00:00,agent,support_chat,permissions,"The workflow is mostly fine, although there are a couple of things we'd like improved."
MSG0005301,ACC00539,2024-03-01T10:00:00,customer,email,billing configuration,We've been getting good value from the platform and adoption is steady.
MSG0005302,ACC00539,2024-04-26T11:00:00,customer,email,dashboard performance,We've had to follow up several times and this is starting to become frustrating.
MSG0005303,ACC00540,2024-07-20T12:00:00,agent,email,invoice reconciliation,We're still evaluating the change internally.
MSG0005304,ACC00540,2024-05-26T17:00:00,customer,meeting_notes,API reliability,We're reviewing the latest changes and have a few questions.
MSG0005305,ACC00540,2024-02-19T15:00:00,agent,email,API reliability,This has been affecting the team for a while and we need a clearer resolution.
MSG0005306,ACC00540,2024-07-09T08:00:00,customer,support_chat,API reliability,The latest release has made the workflow much easier for our team.
MSG0005307,ACC00540,2024-12-19T09:00:00,agent,support_chat,workflow automation,This has been affecting the team for a while and we need a clearer resolution.
MSG0005308,ACC00540,2024-07-11T18:00:00,agent,email,usage reporting,The reporting changes are useful and the team is happy with them.
MSG0005309,ACC00541,2025-04-04T16:00:00,customer,meeting_notes,invoice reconciliation,We've been getting good value from the platform and adoption is steady.
MSG0005310,ACC00541,2024-11-06T11:00:00,agent,email,workflow automation,We're still evaluating the change internally.
MSG0005311,ACC00541,2024-03-06T17:00:00,agent,meeting_notes,report exports,We're still evaluating the change internally.
MSG0005312,ACC00541,2024-06-02T15:00:00,customer,support_chat,invoice reconciliation,The reporting changes are useful and the team is happy with them.
MSG0005313,ACC00541,2024-01-10T14:00:00,customer,support_chat,billing configuration,Could you help us understand why this is happening?
MSG0005314,ACC00541,2025-12-04T17:00:00,agent,support_chat,integration errors,The reporting changes are useful and the team is happy with them.
MSG0005315,ACC00541,2025-05-23T18:00:00,customer,email,API reliability,"The workflow is mostly fine, although there are a couple of things we'd like improved."
MSG0005316,ACC00541,2025-02-22T14:00:00,agent,support_chat,dashboard performance,Could you help us understand why this is happening?
MSG0005317,ACC00541,2024-08-19T11:00:00,customer,meeting_notes,integration errors,The reporting changes are useful and the team is happy with them.
MSG0005318,ACC00541,2025-07-02T15:00:00,customer,support_chat,mobile access,Could you help us understand why this is happening?
MSG0005319,ACC00541,2025-04-20T08:00:00,customer,meeting_notes,user provisioning,This has been affecting the team for a while and we need a clearer resolution.
MSG0005320,ACC00541,2024-08-16T17:00:00,customer,support_chat,data synchronization,The latest release has made the workflow much easier for our team.
MSG0005321,ACC00541,2024-09-18T13:00:00,customer,email,user provisioning,This has been affecting the team for a while and we need a clearer resolution.
MSG0005322,ACC00542,2024-10-13T13:00:00,customer,meeting_notes,data synchronization,The reporting changes are useful and the team is happy with them.
MSG0005323,ACC00542,2025-11-11T13:00:00,customer,email,dashboard performance,We've been getting good value from the platform and adoption is steady.
MSG0005324,ACC00542,2025-06-06T08:00:00,customer,email,report exports,We're still evaluating the change internally.
MSG0005325,ACC00542,2025-01-21T18:00:00,agent,email,workflow automation,Thanks for getting this sorted so quickly. Everything is working now.
MSG0005326,ACC00542,2025-08-15T18:00:00,customer,email,API reliability,Thanks for getting this sorted so quickly. Everything is working now.
MSG0005327,ACC00542,2024-04-26T11:00:00,agent,email,report exports,"The workflow is mostly fine, although there are a couple of things we'd like improved."
MSG0005328,ACC00542,2024-06-12T13:00:00,customer,support_chat,workflow automation,"The workflow is mostly fine, although there are a couple of things we'd like improved."
MSG0005329,ACC00542,2024-12-11T14:00:00,agent,support_chat,user provisioning,We've had to follow up several times and this is starting to become frustrating.
MSG0005330,ACC00543,2024-09-10T17:00:00,customer,email,API reliability,We're still evaluating the change internally.
MSG0005331,ACC00543,2024-05-24T12:00:00,customer,meeting_notes,data synchronization,We've had to follow up several times and this is starting to become frustrating.
MSG0005332,ACC00543,2024-01-19T13:00:00,customer,email,dashboard performance,Thanks for getting this sorted so quickly. Everything is working now.
MSG0005333,ACC00544,2024-04-17T13:00:00,agent,email,SSO,We're reviewing the latest changes and have a few questions.
MSG0005334,ACC00544,2024-05-21T10:00:00,customer,email,invoice reconciliation,We've been getting good value from the platform and adoption is steady.
MSG0005335,ACC00544,2024-07-27T15:00:00,customer,meeting_notes,SSO,We've been getting good value from the platform and adoption is steady.
MSG0005336,ACC00544,2024-05-26T15:00:00,agent,email,usage reporting,The reporting changes are useful and the team is happy with them.
MSG0005337,ACC00544,2024-01-14T09:00:00,agent,meeting_notes,API reliability,This has been affecting the team for a while and we need a clearer resolution.
MSG0005338,ACC00544,2024-02-11T12:00:00,agent,meeting_notes,API reliability,We're reviewing the latest changes and have a few questions.
MSG0005339,ACC00544,2024-05-09T14:00:00,customer,email,report exports,Thanks for getting this sorted so quickly. Everything is working now.
MSG0005340,ACC00545,2024-09-20T17:00:00,agent,email,API reliability,"The workflow is mostly fine, although there are a couple of things we'd like improved."
MSG0005341,ACC00545,2024-06-09T18:00:00,customer,email,renewal terms,The reporting changes are useful and the team is happy with them.
MSG0005342,ACC00546,2024-10-14T12:00:00,customer,email,integration errors,"The workflow is mostly fine, although there are a couple of things we'd like improved."
MSG0005343,ACC00546,2025-01-21T14:00:00,agent,support_chat,usage reporting,The reporting changes are useful and the team is happy with them.
MSG0005344,ACC00546,2025-08-19T16:00:00,customer,support_chat,workflow automation,The reporting changes are useful and the team is happy with them.
MSG0005345,ACC00546,2024-04-12T17:00:00,customer,support_chat,workflow automation,Could you help us understand why this is happening?
MSG0005346,ACC00546,2025-05-25T17:00:00,customer,meeting_notes,renewal terms,The latest release has made the workflow much easier for our team.
MSG0005347,ACC00546,2025-01-11T17:00:00,customer,meeting_notes,integration errors,Thanks for getting this sorted so quickly. Everything is working now.
MSG0005348,ACC00546,2024-01-16T10:00:00,customer,meeting_notes,mobile access,The reporting changes are useful and the team is happy with them.
MSG0005349,ACC00546,2024-02-26T11:00:00,customer,meeting_notes,renewal terms,Could you help us understand why this is happening?
MSG0005350,ACC00546,2025-10-03T18:00:00,agent,meeting_notes,SSO,This has been affecting the team for a while and we need a clearer resolution.
MSG0005351,ACC00547,2024-07-24T08:00:00,customer,email,workflow automation,The reporting changes are useful and the team is happy with them.
MSG0005352,ACC00547,2024-08-23T12:00:00,agent,support_chat,integration errors,Could you help us understand why this is happening?
MSG0005353,ACC00547,2025-01-16T17:00:00,customer,email,usage reporting,We've had to follow up several times and this is starting to become frustrating.
MSG0005354,ACC00547,2024-12-09T12:00:00,customer,meeting_notes,user provisioning,The latest release has made the workflow much easier for our team.
MSG0005355,ACC00547,2024-10-08T08:00:00,agent,meeting_notes,mobile access,Could you help us understand why this is happening?
MSG0005356,ACC00547,2025-04-07T16:00:00,customer,meeting_notes,user provisioning,This has been affecting the team for a while and we need a clearer resolution.
MSG0005357,ACC00547,2024-12-08T08:00:00,customer,meeting_notes,mobile access,The reporting changes are useful and the team is happy with them.
MSG0005358,ACC00547,2024-08-18T16:00:00,customer,meeting_notes,usage reporting,We're still evaluating the change internally.
MSG0005359,ACC00548,2024-04-17T15:00:00,customer,email,renewal terms,We've had to follow up several times and this is starting to become frustrating.
MSG0005360,ACC00548,2024-03-08T13:00:00,customer,support_chat,integration errors,We've had to follow up several times and this is starting to become frustrating.
MSG0005361,ACC00548,2024-12-06T15:00:00,customer,email,dashboard performance,The reporting changes are useful and the team is happy with them.
MSG0005362,ACC00548,2024-12-10T17:00:00,agent,meeting_notes,user provisioning,The reporting changes are useful and the team is happy with them.
MSG0005363,ACC00548,2024-10-11T18:00:00,customer,support_chat,billing configuration,The latest release has made the workflow much easier for our team.
MSG0005364,ACC00548,2024-01-07T17:00:00,customer,support_chat,renewal terms,We're reviewing the latest changes and have a few questions.
MSG0005365,ACC00548,2024-02-07T16:00:00,agent,email,usage reporting,We've been getting good value from the platform and adoption is steady.
MSG0005366,ACC00549,2024-06-16T11:00:00,agent,meeting_notes,billing configuration,Thanks for getting this sorted so quickly. Everything is working now.
MSG0005367,ACC00549,2024-02-19T12:00:00,customer,meeting_notes,permissions,We're still evaluating the change internally.
MSG0005368,ACC00549,2024-01-14T12:00:00,agent,support_chat,usage reporting,This has been affecting the team for a while and we need a clearer resolution.
MSG0005369,ACC00549,2024-05-25T09:00:00,agent,meeting_notes,workflow automation,The reporting changes are useful and the team is happy with them.
MSG0005370,ACC00549,2024-08-06T17:00:00,customer,meeting_notes,mobile access,We've had to follow up several times and this is starting to become frustrating.
MSG0005371,ACC00549,2024-02-17T17:00:00,customer,email,invoice reconciliation,We've had to follow up several times and this is starting to become frustrating.
MSG0005372,ACC00549,2024-08-23T17:00:00,customer,meeting_notes,data synchronization,We've been getting good value from the platform and adoption is steady.
MSG0005373,ACC00550,2025-07-06T16:00:00,customer,support_chat,usage reporting,Could you help us understand why this is happening?
MSG0005374,ACC00550,2024-11-18T16:00:00,agent,support_chat,invoice reconciliation,We've had to follow up several times and this is starting to become frustrating.
MSG0005375,ACC00550,2024-09-12T10:00:00,customer,email,usage reporting,"The workflow is mostly fine, although there are a couple of things we'd like improved."
MSG0005376,ACC00550,2024-10-01T17:00:00,agent,email,billing configuration,This has been affecting the team for a while and we need a clearer resolution.
MSG0005377,ACC00550,2024-04-25T15:00:00,customer,meeting_notes,user provisioning,Could you help us understand why this is happening?
MSG0005378,ACC00550,2024-07-11T09:00:00,agent,meeting_notes,invoice reconciliation,Could you help us understand why this is happening?
MSG0005379,ACC00550,2024-03-04T13:00:00,customer,meeting_notes,API reliability,Could you help us understand why this is happening?
MSG0005380,ACC00550,2024-03-09T17:00:00,agent,email,billing configuration,Could you help us understand why this is happening?
MSG0005381,ACC00551,2024-09-13T15:00:00,customer,meeting_notes,usage reporting,Could you help us understand why this is happening?
MSG0005382,ACC00551,2025-09-01T17:00:00,customer,email,invoice reconciliation,Could you help us understand why this is happening?
MSG0005383,ACC00551,2025-07-16T16:00:00,agent,email,data synchronization,The reporting changes are useful and the team is happy with them.
MSG0005384,ACC00551,2024-07-23T14:00:00,customer,support_chat,invoice reconciliation,We've been getting good value from the platform and adoption is steady.
MSG0005385,ACC00551,2025-04-26T10:00:00,customer,meeting_notes,report exports,Could you help us understand why this is happening?
MSG0005386,ACC00551,2024-06-21T15:00:00,customer,email,permissions,We're reviewing the latest changes and have a few questions.
MSG0005387,ACC00551,2024-06-09T16:00:00,customer,email,renewal terms,We're still evaluating the change internally.
MSG0005388,ACC00551,2025-05-15T15:00:00,customer,email,integration errors,We've been getting good value from the platform and adoption is steady.
MSG0005389,ACC00551,2024-08-05T14:00:00,customer,support_chat,dashboard performance,Could you help us understand why this is happening?
MSG0005390,ACC00551,2024-09-13T11:00:00,customer,support_chat,usage reporting,"The workflow is mostly fine, although there are a couple of things we'd like improved."
MSG0005391,ACC00551,2024-09-28T09:00:00,customer,email,dashboard performance,Thanks for getting this sorted so quickly. Everything is working now.
MSG0005392,ACC00552,2025-10-27T08:00:00,agent,meeting_notes,user provisioning,We've had to follow up several times and this is starting to become frustrating.
MSG0005393,ACC00552,2025-05-22T10:00:00,customer,support_chat,report exports,Thanks for getting this sorted so quickly. Everything is working now.
MSG0005394,ACC00552,2025-09-04T13:00:00,customer,support_chat,user provisioning,The reporting changes are useful and the team is happy with them.
MSG0005395,ACC00552,2025-10-23T08:00:00,agent,support_chat,API reliability,Thanks for getting this sorted so quickly. Everything is working now.
MSG0005396,ACC00552,2024-09-13T10:00:00,agent,meeting_notes,billing configuration,The reporting changes are useful and the team is happy with them.
MSG0005397,ACC00552,2024-10-13T16:00:00,customer,support_chat,integration errors,The latest release has made the workflow much easier for our team.
MSG0005398,ACC00552,2025-03-26T17:00:00,agent,email,billing configuration,We've had to follow up several times and this is starting to become frustrating.
MSG0005399,ACC00552,2025-10-04T16:00:00,customer,meeting_notes,report exports,We're still evaluating the change internally.
MSG0005400,ACC00552,2024-05-25T16:00:00,agent,email,API reliability,"The workflow is mostly fine, although there are a couple of things we'd like improved."
MSG0005401,ACC00552,2025-06-23T15:00:00,customer,meeting_notes,user provisioning,The latest release has made the workflow much easier for our team.
MSG0005402,ACC00552,2024-08-12T14:00:00,customer,meeting_notes,usage reporting,We're reviewing the latest changes and have a few questions.
MSG0005403,ACC00552,2024-04-09T16:00:00,agent,meeting_notes,invoice reconciliation,"The workflow is mostly fine, although there are a couple of things we'd like improved."
MSG0005404,ACC00552,2025-09-24T17:00:00,customer,meeting_notes,dashboard performance,"The workflow is mostly fine, although there are a couple of things we'd like improved."
MSG0005405,ACC00552,2024-06-22T08:00:00,customer,email,mobile access,The latest release has made the workflow much easier for our team.
MSG0005406,ACC00553,2024-06-05T13:00:00,customer,meeting_notes,usage reporting,The latest release has made the workflow much easier for our team.
MSG0005407,ACC00553,2024-02-06T15:00:00,customer,meeting_notes,billing configuration,We've been getting good value from the platform and adoption is steady.
MSG0005408,ACC00553,2024-07-27T18:00:00,customer,email,billing configuration,Thanks for getting this sorted so quickly. Everything is working now.
MSG0005409,ACC00554,2025-11-27T08:00:00,agent,meeting_notes,integration errors,We've been getting good value from the platform and adoption is steady.
MSG0005410,ACC00554,2024-01-09T16:00:00,customer,email,usage reporting,This has been affecting the team for a while and we need a clearer resolution.
MSG0005411,ACC00554,2025-01-23T14:00:00,agent,meeting_notes,report exports,The reporting changes are useful and the team is happy with them.
MSG0005412,ACC00554,2024-12-10T13:00:00,customer,email,billing configuration,Could you help us understand why this is happening?
MSG0005413,ACC00554,2025-02-01T10:00:00,customer,support_chat,dashboard performance,This has been affecting the team for a while and we need a clearer resolution.
MSG0005414,ACC00554,2024-12-07T11:00:00,customer,support_chat,mobile access,The latest release has made the workflow much easier for our team.
MSG0005415,ACC00554,2024-09-18T10:00:00,customer,support_chat,workflow automation,We're still evaluating the change internally.
MSG0005416,ACC00554,2024-07-21T08:00:00,customer,email,integration errors,"The workflow is mostly fine, although there are a couple of things we'd like improved."
MSG0005417,ACC00554,2025-01-26T16:00:00,customer,support_chat,data synchronization,The latest release has made the workflow much easier for our team.
MSG0005418,ACC00554,2025-06-15T16:00:00,agent,email,SSO,The reporting changes are useful and the team is happy with them.
MSG0005419,ACC00554,2024-02-19T13:00:00,customer,meeting_notes,dashboard performance,Thanks for getting this sorted so quickly. Everything is working now.
MSG0005420,ACC00554,2025-04-13T10:00:00,customer,support_chat,invoice reconciliation,We've been getting good value from the platform and adoption is steady.
MSG0005421,ACC00554,2024-05-18T18:00:00,customer,email,report exports,Thanks for getting this sorted so quickly. Everything is working now.
MSG0005422,ACC00554,2024-03-16T12:00:00,customer,support_chat,integration errors,We're reviewing the latest changes and have a few questions.
MSG0005423,ACC00554,2024-06-24T15:00:00,customer,email,billing configuration,The latest release has made the workflow much easier for our team.
MSG0005424,ACC00554,2024-09-05T08:00:00,agent,email,integration errors,Thanks for getting this sorted so quickly. Everything is working now.
MSG0005425,ACC00555,2025-11-01T12:00:00,customer,support_chat,mobile access,Could you help us understand why this is happening?
MSG0005426,ACC00555,2025-10-25T10:00:00,customer,email,report exports,Thanks for getting this sorted so quickly. Everything is working now.
MSG0005427,ACC00555,2025-08-05T08:00:00,customer,email,permissions,We've been getting good value from the platform and adoption is steady.
MSG0005428,ACC00555,2025-05-22T17:00:00,customer,support_chat,user provisioning,We've had to follow up several times and this is starting to become frustrating.
MSG0005429,ACC00555,2024-02-20T16:00:00,customer,email,renewal terms,"The workflow is mostly fine, although there are a couple of things we'd like improved."
MSG0005430,ACC00555,2025-09-19T15:00:00,customer,email,permissions,We're reviewing the latest changes and have a few questions.
MSG0005431,ACC00555,2024-04-05T18:00:00,customer,support_chat,billing configuration,Could you help us understand why this is happening?
MSG0005432,ACC00555,2025-02-08T09:00:00,customer,support_chat,permissions,We've been getting good value from the platform and adoption is steady.
MSG0005433,ACC00555,2025-03-13T11:00:00,customer,support_chat,billing configuration,"The workflow is mostly fine, although there are a couple of things we'd like improved."
MSG0005434,ACC00555,2024-08-06T17:00:00,customer,support_chat,integration errors,We're reviewing the latest changes and have a few questions.
MSG0005435,ACC00555,2025-09-18T11:00:00,customer,support_chat,dashboard performance,We've been getting good value from the platform and adoption is steady.
MSG0005436,ACC00555,2024-10-12T12:00:00,agent,email,mobile access,"The workflow is mostly fine, although there are a couple of things we'd like improved."
MSG0005437,ACC00555,2024-10-28T11:00:00,customer,support_chat,user provisioning,Could you help us understand why this is happening?
MSG0005438,ACC00555,2025-07-24T17:00:00,customer,email,integration errors,Thanks for getting this sorted so quickly. Everything is working now.
MSG0005439,ACC00555,2024-10-10T16:00:00,agent,support_chat,billing configuration,Could you help us understand why this is happening?
MSG0005440,ACC00555,2024-12-02T18:00:00,agent,email,renewal terms,The latest release has made the workflow much easier for our team.
MSG0005441,ACC00555,2025-03-06T14:00:00,customer,meeting_notes,dashboard performance,Could you help us understand why this is happening?
MSG0005442,ACC00556,2024-02-07T10:00:00,customer,meeting_notes,data synchronization,Thanks for getting this sorted so quickly. Everything is working now.
MSG0005443,ACC00556,2024-05-21T08:00:00,customer,support_chat,invoice reconciliation,This has been affecting the team for a while and we need a clearer resolution.
MSG0005444,ACC00556,2024-04-24T12:00:00,customer,meeting_notes,dashboard performance,The latest release has made the workflow much easier for our team.
MSG0005445,ACC00556,2024-02-19T10:00:00,agent,support_chat,dashboard performance,We've had to follow up several times and this is starting to become frustrating.
MSG0005446,ACC00556,2024-09-12T10:00:00,agent,support_chat,report exports,The reporting changes are useful and the team is happy with them.
MSG0005447,ACC00556,2024-02-06T17:00:00,customer,meeting_notes,dashboard performance,The reporting changes are useful and the team is happy with them.
MSG0005448,ACC00556,2024-02-26T12:00:00,customer,meeting_notes,data synchronization,We're reviewing the latest changes and have a few questions.
MSG0005449,ACC00556,2024-09-20T17:00:00,agent,support_chat,user provisioning,"The workflow is mostly fine, although there are a couple of things we'd like improved."
MSG0005450,ACC00556,2024-05-26T12:00:00,customer,support_chat,report exports,We're reviewing the latest changes and have a few questions.
MSG0005451,ACC00557,2024-05-26T15:00:00,customer,support_chat,workflow automation,"The workflow is mostly fine, although there are a couple of things we'd like improved."
MSG0005452,ACC00557,2024-06-06T11:00:00,customer,support_chat,integration errors,We're still evaluating the change internally.
MSG0005453,ACC00557,2024-01-25T18:00:00,agent,email,mobile access,This has been affecting the team for a while and we need a clearer resolution.
MSG0005454,ACC00557,2024-04-26T15:00:00,customer,support_chat,integration errors,We've had to follow up several times and this is starting to become frustrating.
MSG0005455,ACC00558,2024-07-01T14:00:00,customer,support_chat,API reliability,We're reviewing the latest changes and have a few questions.
MSG0005456,ACC00558,2024-03-07T14:00:00,customer,meeting_notes,permissions,The reporting changes are useful and the team is happy with them.
MSG0005457,ACC00558,2024-12-15T15:00:00,agent,support_chat,mobile access,The latest release has made the workflow much easier for our team.
MSG0005458,ACC00558,2025-05-02T12:00:00,agent,support_chat,report exports,"The workflow is mostly fine, although there are a couple of things we'd like improved."
MSG0005459,ACC00558,2024-12-08T14:00:00,customer,support_chat,user provisioning,We've been getting good value from the platform and adoption is steady.
MSG0005460,ACC00558,2025-01-03T18:00:00,agent,support_chat,invoice reconciliation,We're reviewing the latest changes and have a few questions.
MSG0005461,ACC00558,2024-07-11T18:00:00,agent,meeting_notes,dashboard performance,The latest release has made the workflow much easier for our team.
MSG0005462,ACC00558,2025-02-25T11:00:00,customer,email,integration errors,"The workflow is mostly fine, although there are a couple of things we'd like improved."
MSG0005463,ACC00558,2024-08-18T11:00:00,customer,meeting_notes,permissions,Could you help us understand why this is happening?
MSG0005464,ACC00558,2025-02-17T08:00:00,customer,meeting_notes,usage reporting,We've had to follow up several times and this is starting to become frustrating.
MSG0005465,ACC00558,2024-03-02T09:00:00,customer,email,data synchronization,"The workflow is mostly fine, although there are a couple of things we'd like improved."
MSG0005466,ACC00558,2025-04-01T11:00:00,customer,support_chat,renewal terms,This has been affecting the team for a while and we need a clearer resolution.
MSG0005467,ACC00558,2025-01-13T12:00:00,agent,meeting_notes,integration errors,We've had to follow up several times and this is starting to become frustrating.
MSG0005468,ACC00559,2024-03-23T11:00:00,customer,support_chat,renewal terms,The reporting changes are useful and the team is happy with them.
MSG0005469,ACC00560,2024-09-08T12:00:00,customer,email,API reliability,The latest release has made the workflow much easier for our team.
MSG0005470,ACC00560,2024-05-05T18:00:00,customer,meeting_notes,mobile access,This has been affecting the team for a while and we need a clearer resolution.
MSG0005471,ACC00560,2024-10-03T17:00:00,agent,support_chat,mobile access,"The workflow is mostly fine, although there are a couple of things we'd like improved."
MSG0005472,ACC00560,2024-01-03T15:00:00,agent,email,dashboard performance,The reporting changes are useful and the team is happy with them.
MSG0005473,ACC00560,2024-02-03T16:00:00,agent,meeting_notes,user provisioning,The latest release has made the workflow much easier for our team.
MSG0005474,ACC00561,2024-02-01T14:00:00,customer,support_chat,user provisioning,We're reviewing the latest changes and have a few questions.
MSG0005475,ACC00561,2024-08-28T15:00:00,customer,email,report exports,The latest release has made the workflow much easier for our team.
MSG0005476,ACC00561,2024-09-13T14:00:00,customer,email,billing configuration,The reporting changes are useful and the team is happy with them.
MSG0005477,ACC00561,2024-01-28T15:00:00,customer,meeting_notes,usage reporting,This has been affecting the team for a while and we need a clearer resolution.
MSG0005478,ACC00561,2024-01-21T17:00:00,customer,email,mobile access,We've been getting good value from the platform and adoption is steady.
MSG0005479,ACC00562,2024-03-22T15:00:00,customer,email,dashboard performance,The reporting changes are useful and the team is happy with them.
MSG0005480,ACC00562,2024-05-26T08:00:00,customer,meeting_notes,integration errors,The latest release has made the workflow much easier for our team.
MSG0005481,ACC00562,2024-01-02T15:00:00,customer,email,SSO,Could you help us understand why this is happening?
MSG0005482,ACC00562,2024-05-12T18:00:00,agent,email,usage reporting,We've had to follow up several times and this is starting to become frustrating.
MSG0005483,ACC00562,2024-03-21T14:00:00,customer,email,invoice reconciliation,Could you help us understand why this is happening?
MSG0005484,ACC00563,2024-02-25T16:00:00,customer,support_chat,SSO,We're reviewing the latest changes and have a few questions.
MSG0005485,ACC00563,2024-05-14T13:00:00,customer,email,data synchronization,Thanks for getting this sorted so quickly. Everything is working now.
MSG0005486,ACC00563,2024-04-10T11:00:00,customer,meeting_notes,report exports,We're still evaluating the change internally.
MSG0005487,ACC00563,2024-04-15T17:00:00,agent,email,usage reporting,Thanks for getting this sorted so quickly. Everything is working now.
MSG0005488,ACC00563,2024-01-25T13:00:00,customer,email,permissions,We're reviewing the latest changes and have a few questions.
MSG0005489,ACC00563,2024-03-08T10:00:00,customer,meeting_notes,user provisioning,Thanks for getting this sorted so quickly. Everything is working now.
MSG0005490,ACC00563,2024-03-18T15:00:00,agent,support_chat,report exports,We're reviewing the latest changes and have a few questions.
MSG0005491,ACC00563,2024-11-05T14:00:00,agent,support_chat,dashboard performance,Our leadership team is questioning whether we should continue with the platform.
MSG0005492,ACC00564,2024-05-27T12:00:00,customer,email,permissions,We're reviewing the latest changes and have a few questions.
MSG0005493,ACC00564,2024-05-03T09:00:00,agent,email,mobile access,The reporting changes are useful and the team is happy with them.
MSG0005494,ACC00564,2024-07-16T08:00:00,agent,email,mobile access,We've been getting good value from the platform and adoption is steady.
MSG0005495,ACC00564,2024-01-04T11:00:00,customer,support_chat,data synchronization,Could you help us understand why this is happening?
MSG0005496,ACC00564,2025-01-08T09:00:00,agent,support_chat,dashboard performance,We're considering reducing the footprint at renewal unless things improve.
MSG0005497,ACC00564,2024-10-18T14:00:00,customer,support_chat,usage reporting,"If we can't get this resolved soon, we'll need to look at other options."
MSG0005498,ACC00564,2024-06-04T09:00:00,customer,email,data synchronization,The latest release has made the workflow much easier for our team.
MSG0005499,ACC00564,2024-11-04T16:00:00,agent,email,billing configuration,The experience lately hasn't been great and we're spending more time working around the product.
MSG0005500,ACC00564,2024-09-26T18:00:00,customer,email,user provisioning,Could you help us understand why this is happening?
MSG0005501,ACC00565,2024-10-16T08:00:00,agent,email,workflow automation,We've been getting good value from the platform and adoption is steady.
MSG0005502,ACC00565,2024-01-09T13:00:00,customer,support_chat,workflow automation,We're still evaluating the change internally.
MSG0005503,ACC00565,2024-02-03T16:00:00,customer,support_chat,user provisioning,Could you help us understand why this is happening?
MSG0005504,ACC00565,2024-03-11T12:00:00,customer,email,user provisioning,We're still evaluating the change internally.
MSG0005505,ACC00565,2024-11-03T14:00:00,customer,email,data synchronization,We're still evaluating the change internally.
MSG0005506,ACC00566,2024-08-17T14:00:00,customer,support_chat,API reliability,We've had to follow up several times and this is starting to become frustrating.
MSG0005507,ACC00566,2024-09-27T15:00:00,customer,email,user provisioning,Could you help us understand why this is happening?
MSG0005508,ACC00566,2024-01-05T10:00:00,agent,meeting_notes,user provisioning,This has been affecting the team for a while and we need a clearer resolution.
MSG0005509,ACC00566,2024-04-06T16:00:00,customer,meeting_notes,data synchronization,We're still evaluating the change internally.
MSG0005510,ACC00566,2024-02-05T15:00:00,customer,support_chat,API reliability,This has been affecting the team for a while and we need a clearer resolution.
MSG0005511,ACC00566,2024-10-15T17:00:00,customer,meeting_notes,SSO,The reporting changes are useful and the team is happy with them.
MSG0005512,ACC00567,2024-04-03T14:00:00,agent,support_chat,integration errors,Thanks for getting this sorted so quickly. Everything is working now.
MSG0005513,ACC00567,2024-02-05T08:00:00,customer,support_chat,user provisioning,Thanks for getting this sorted so quickly. Everything is working now.
MSG0005514,ACC00567,2024-07-14T16:00:00,customer,meeting_notes,billing configuration,This has been affecting the team for a while and we need a clearer resolution.
MSG0005515,ACC00567,2024-01-06T12:00:00,customer,meeting_notes,invoice reconciliation,We're reviewing the latest changes and have a few questions.
MSG0005516,ACC00567,2024-08-11T11:00:00,customer,meeting_notes,integration errors,We've been getting good value from the platform and adoption is steady.
MSG0005517,ACC00567,2024-08-05T14:00:00,customer,meeting_notes,billing configuration,We're still evaluating the change internally.
MSG0005518,ACC00568,2024-02-16T17:00:00,customer,email,integration errors,Could you help us understand why this is happening?
MSG0005519,ACC00568,2024-10-07T18:00:00,agent,email,invoice reconciliation,Thanks for getting this sorted so quickly. Everything is working now.
MSG0005520,ACC00568,2025-09-03T12:00:00,customer,support_chat,usage reporting,"The workflow is mostly fine, although there are a couple of things we'd like improved."
MSG0005521,ACC00568,2025-04-01T15:00:00,customer,meeting_notes,API reliability,We've had to follow up several times and this is starting to become frustrating.
MSG0005522,ACC00568,2025-09-01T08:00:00,customer,meeting_notes,data synchronization,We've had to follow up several times and this is starting to become frustrating.
MSG0005523,ACC00568,2025-01-01T14:00:00,customer,email,permissions,We're still evaluating the change internally.
MSG0005524,ACC00568,2025-01-23T16:00:00,customer,support_chat,invoice reconciliation,We're still evaluating the change internally.
MSG0005525,ACC00568,2024-04-06T15:00:00,agent,email,integration errors,We're reviewing the latest changes and have a few questions.
MSG0005526,ACC00568,2024-05-22T12:00:00,agent,email,billing configuration,"The workflow is mostly fine, although there are a couple of things we'd like improved."
MSG0005527,ACC00568,2024-04-23T16:00:00,customer,meeting_notes,dashboard performance,We're reviewing the latest changes and have a few questions.
MSG0005528,ACC00568,2024-09-05T13:00:00,agent,email,SSO,Could you help us understand why this is happening?
MSG0005529,ACC00568,2025-06-05T15:00:00,customer,support_chat,renewal terms,We've been getting good value from the platform and adoption is steady.
MSG0005530,ACC00568,2024-11-01T10:00:00,customer,support_chat,user provisioning,The latest release has made the workflow much easier for our team.
MSG0005531,ACC00569,2025-01-02T14:00:00,agent,support_chat,workflow automation,The latest release has made the workflow much easier for our team.
MSG0005532,ACC00569,2025-09-15T17:00:00,customer,meeting_notes,usage reporting,This has been affecting the team for a while and we need a clearer resolution.
MSG0005533,ACC00569,2024-09-10T18:00:00,agent,support_chat,user provisioning,The latest release has made the workflow much easier for our team.
MSG0005534,ACC00569,2025-05-06T17:00:00,customer,support_chat,renewal terms,The latest release has made the workflow much easier for our team.
MSG0005535,ACC00569,2025-02-24T08:00:00,agent,email,data synchronization,The reporting changes are useful and the team is happy with them.
MSG0005536,ACC00569,2024-07-15T13:00:00,customer,email,API reliability,We've been getting good value from the platform and adoption is steady.
MSG0005537,ACC00569,2025-06-06T15:00:00,agent,email,renewal terms,We're still evaluating the change internally.
MSG0005538,ACC00569,2024-04-27T12:00:00,customer,meeting_notes,workflow automation,We've had to follow up several times and this is starting to become frustrating.
MSG0005539,ACC00569,2025-10-02T12:00:00,customer,support_chat,data synchronization,The reporting changes are useful and the team is happy with them.
MSG0005540,ACC00569,2024-10-24T09:00:00,agent,meeting_notes,invoice reconciliation,We've been getting good value from the platform and adoption is steady.
MSG0005541,ACC00569,2025-06-02T13:00:00,agent,email,API reliability,This has been affecting the team for a while and we need a clearer resolution.
MSG0005542,ACC00569,2025-02-18T08:00:00,customer,meeting_notes,API reliability,We're still evaluating the change internally.
MSG0005543,ACC00569,2024-12-21T12:00:00,customer,email,report exports,We're still evaluating the change internally.
MSG0005544,ACC00570,2024-06-23T12:00:00,customer,meeting_notes,billing configuration,Thanks for getting this sorted so quickly. Everything is working now.
MSG0005545,ACC00570,2024-05-04T10:00:00,agent,email,data synchronization,The reporting changes are useful and the team is happy with them.
MSG0005546,ACC00570,2024-02-17T16:00:00,customer,support_chat,billing configuration,Could you help us understand why this is happening?
MSG0005547,ACC00570,2024-04-03T08:00:00,customer,email,SSO,Thanks for getting this sorted so quickly. Everything is working now.
MSG0005548,ACC00570,2024-03-02T09:00:00,agent,support_chat,integration errors,This has been affecting the team for a while and we need a clearer resolution.
MSG0005549,ACC00570,2024-03-08T14:00:00,customer,email,renewal terms,We've been getting good value from the platform and adoption is steady.
MSG0005550,ACC00571,2024-05-26T11:00:00,customer,support_chat,mobile access,We've been getting good value from the platform and adoption is steady.
MSG0005551,ACC00571,2024-01-16T12:00:00,agent,email,billing configuration,Could you help us understand why this is happening?
MSG0005552,ACC00571,2024-11-23T09:00:00,customer,support_chat,user provisioning,"The workflow is mostly fine, although there are a couple of things we'd like improved."
MSG0005553,ACC00571,2024-08-16T10:00:00,customer,support_chat,API reliability,This has been affecting the team for a while and we need a clearer resolution.
MSG0005554,ACC00571,2025-03-20T08:00:00,customer,email,user provisioning,We're still evaluating the change internally.
MSG0005555,ACC00571,2024-03-15T12:00:00,agent,meeting_notes,dashboard performance,This has been affecting the team for a while and we need a clearer resolution.
MSG0005556,ACC00571,2025-05-04T12:00:00,agent,meeting_notes,mobile access,We're still evaluating the change internally.
MSG0005557,ACC00571,2024-11-08T09:00:00,agent,support_chat,permissions,We're reviewing the latest changes and have a few questions.
MSG0005558,ACC00571,2024-12-07T15:00:00,customer,meeting_notes,report exports,"The workflow is mostly fine, although there are a couple of things we'd like improved."
MSG0005559,ACC00571,2025-04-27T10:00:00,customer,email,data synchronization,We're reviewing the latest changes and have a few questions.
MSG0005560,ACC00571,2024-09-01T13:00:00,agent,support_chat,invoice reconciliation,Could you help us understand why this is happening?
MSG0005561,ACC00571,2025-06-09T18:00:00,customer,email,invoice reconciliation,This has been affecting the team for a while and we need a clearer resolution.
MSG0005562,ACC00571,2024-11-14T13:00:00,customer,support_chat,user provisioning,Could you help us understand why this is happening?
MSG0005563,ACC00571,2025-10-16T09:00:00,customer,support_chat,SSO,We're still evaluating the change internally.
MSG0005564,ACC00571,2025-01-17T11:00:00,customer,email,integration errors,We're reviewing the latest changes and have a few questions.
MSG0005565,ACC00571,2025-10-19T15:00:00,agent,meeting_notes,renewal terms,Thanks for getting this sorted so quickly. Everything is working now.
MSG0005566,ACC00572,2024-09-23T15:00:00,customer,meeting_notes,permissions,We're reviewing the latest changes and have a few questions.
MSG0005567,ACC00572,2025-07-04T13:00:00,customer,meeting_notes,invoice reconciliation,The latest release has made the workflow much easier for our team.
MSG0005568,ACC00572,2024-09-26T10:00:00,customer,meeting_notes,report exports,We've been getting good value from the platform and adoption is steady.
MSG0005569,ACC00572,2024-07-23T10:00:00,agent,email,SSO,This has been affecting the team for a while and we need a clearer resolution.
MSG0005570,ACC00572,2024-01-17T08:00:00,customer,support_chat,billing configuration,We're reviewing the latest changes and have a few questions.
MSG0005571,ACC00572,2025-07-26T11:00:00,agent,email,integration errors,This has been affecting the team for a while and we need a clearer resolution.
MSG0005572,ACC00572,2025-03-16T15:00:00,customer,meeting_notes,user provisioning,We're reviewing the latest changes and have a few questions.
MSG0005573,ACC00572,2025-06-01T15:00:00,agent,meeting_notes,billing configuration,This has been affecting the team for a while and we need a clearer resolution.
MSG0005574,ACC00572,2024-08-01T17:00:00,customer,meeting_notes,report exports,The latest release has made the workflow much easier for our team.
MSG0005575,ACC00572,2025-08-14T13:00:00,customer,email,data synchronization,The reporting changes are useful and the team is happy with them.
MSG0005576,ACC00572,2024-12-17T17:00:00,customer,email,integration errors,The reporting changes are useful and the team is happy with them.
MSG0005577,ACC00572,2025-11-23T13:00:00,agent,support_chat,usage reporting,"The workflow is mostly fine, although there are a couple of things we'd like improved."
MSG0005578,ACC00572,2024-11-12T10:00:00,customer,meeting_notes,integration errors,Thanks for getting this sorted so quickly. Everything is working now.
MSG0005579,ACC00572,2025-04-24T17:00:00,customer,email,invoice reconciliation,Thanks for getting this sorted so quickly. Everything is working now.
MSG0005580,ACC00572,2024-03-13T09:00:00,customer,meeting_notes,user provisioning,The latest release has made the workflow much easier for our team.
MSG0005581,ACC00572,2025-05-17T14:00:00,customer,support_chat,report exports,We've been getting good value from the platform and adoption is steady.
MSG0005582,ACC00572,2024-11-23T08:00:00,customer,support_chat,dashboard performance,Could you help us understand why this is happening?
MSG0005583,ACC00572,2024-09-28T11:00:00,customer,support_chat,report exports,"The workflow is mostly fine, although there are a couple of things we'd like improved."
MSG0005584,ACC00573,2025-11-11T11:00:00,agent,support_chat,dashboard performance,The latest release has made the workflow much easier for our team.
MSG0005585,ACC00573,2025-02-26T16:00:00,agent,email,dashboard performance,Could you help us understand why this is happening?
MSG0005586,ACC00573,2025-05-07T11:00:00,agent,email,SSO,This has been affecting the team for a while and we need a clearer resolution.
MSG0005587,ACC00573,2024-10-04T09:00:00,customer,email,usage reporting,We've been getting good value from the platform and adoption is steady.
MSG0005588,ACC00573,2025-10-16T13:00:00,customer,email,mobile access,We're reviewing the latest changes and have a few questions.
MSG0005589,ACC00573,2025-03-15T15:00:00,customer,email,report exports,The reporting changes are useful and the team is happy with them.
MSG0005590,ACC00573,2025-02-17T18:00:00,agent,meeting_notes,integration errors,Thanks for getting this sorted so quickly. Everything is working now.
MSG0005591,ACC00573,2024-04-01T10:00:00,agent,meeting_notes,integration errors,Thanks for getting this sorted so quickly. Everything is working now.
MSG0005592,ACC00573,2025-11-05T16:00:00,customer,meeting_notes,permissions,The latest release has made the workflow much easier for our team.
MSG0005593,ACC00573,2025-08-10T18:00:00,customer,support_chat,report exports,The latest release has made the workflow much easier for our team.
MSG0005594,ACC00573,2024-07-07T13:00:00,customer,support_chat,data synchronization,We've had to follow up several times and this is starting to become frustrating.
MSG0005595,ACC00573,2024-09-06T18:00:00,customer,meeting_notes,report exports,We've had to follow up several times and this is starting to become frustrating.
MSG0005596,ACC00573,2025-03-10T14:00:00,customer,support_chat,report exports,We've had to follow up several times and this is starting to become frustrating.
MSG0005597,ACC00573,2025-08-02T16:00:00,customer,meeting_notes,integration errors,The latest release has made the workflow much easier for our team.
MSG0005598,ACC00573,2024-07-12T08:00:00,customer,email,report exports,"The workflow is mostly fine, although there are a couple of things we'd like improved."
MSG0005599,ACC00573,2025-07-12T15:00:00,agent,support_chat,integration errors,The reporting changes are useful and the team is happy with them.
MSG0005600,ACC00573,2025-04-18T08:00:00,customer,email,billing configuration,Thanks for getting this sorted so quickly. Everything is working now.
MSG0005601,ACC00573,2024-03-18T17:00:00,agent,meeting_notes,dashboard performance,We've had to follow up several times and this is starting to become frustrating.
MSG0005602,ACC00574,2024-09-07T11:00:00,customer,support_chat,user provisioning,This has been affecting the team for a while and we need a clearer resolution.
MSG0005603,ACC00574,2025-07-28T12:00:00,customer,meeting_notes,integration errors,"The workflow is mostly fine, although there are a couple of things we'd like improved."
MSG0005604,ACC00574,2025-02-23T08:00:00,customer,meeting_notes,integration errors,"The workflow is mostly fine, although there are a couple of things we'd like improved."
MSG0005605,ACC00574,2025-04-05T08:00:00,customer,meeting_notes,usage reporting,Thanks for getting this sorted so quickly. Everything is working now.
MSG0005606,ACC00574,2024-09-28T12:00:00,customer,support_chat,dashboard performance,"The workflow is mostly fine, although there are a couple of things we'd like improved."
MSG0005607,ACC00574,2025-07-21T16:00:00,customer,email,mobile access,Thanks for getting this sorted so quickly. Everything is working now.
MSG0005608,ACC00574,2024-06-22T08:00:00,agent,support_chat,renewal terms,The reporting changes are useful and the team is happy with them.
MSG0005609,ACC00574,2024-02-17T10:00:00,customer,support_chat,permissions,We're reviewing the latest changes and have a few questions.
MSG0005610,ACC00575,2025-08-16T12:00:00,agent,support_chat,workflow automation,The latest release has made the workflow much easier for our team.
MSG0005611,ACC00575,2025-06-16T12:00:00,customer,meeting_notes,usage reporting,We're reviewing the latest changes and have a few questions.
MSG0005612,ACC00575,2024-02-21T10:00:00,customer,email,workflow automation,Thanks for getting this sorted so quickly. Everything is working now.
MSG0005613,ACC00575,2025-03-15T10:00:00,agent,email,integration errors,Thanks for getting this sorted so quickly. Everything is working now.
MSG0005614,ACC00575,2024-07-13T17:00:00,agent,support_chat,report exports,The reporting changes are useful and the team is happy with them.
MSG0005615,ACC00575,2025-07-20T15:00:00,agent,email,invoice reconciliation,Could you help us understand why this is happening?
MSG0005616,ACC00575,2025-12-20T13:00:00,customer,email,report exports,This has been affecting the team for a while and we need a clearer resolution.
MSG0005617,ACC00575,2025-01-15T14:00:00,agent,email,renewal terms,We're still evaluating the change internally.
MSG0005618,ACC00575,2025-09-20T13:00:00,customer,meeting_notes,permissions,We're reviewing the latest changes and have a few questions.
MSG0005619,ACC00575,2024-06-12T14:00:00,customer,email,permissions,We've had to follow up several times and this is starting to become frustrating.
MSG0005620,ACC00575,2025-01-25T10:00:00,agent,email,usage reporting,Thanks for getting this sorted so quickly. Everything is working now.
MSG0005621,ACC00576,2025-07-17T10:00:00,agent,support_chat,renewal terms,Thanks for getting this sorted so quickly. Everything is working now.
MSG0005622,ACC00576,2025-04-23T08:00:00,agent,email,dashboard performance,Could you help us understand why this is happening?
MSG0005623,ACC00576,2025-05-12T13:00:00,customer,email,SSO,The reporting changes are useful and the team is happy with them.
MSG0005624,ACC00576,2025-02-13T16:00:00,agent,meeting_notes,invoice reconciliation,The latest release has made the workflow much easier for our team.
MSG0005625,ACC00576,2024-11-08T11:00:00,customer,email,integration errors,Thanks for getting this sorted so quickly. Everything is working now.
MSG0005626,ACC00576,2025-06-26T16:00:00,customer,email,usage reporting,We've had to follow up several times and this is starting to become frustrating.
MSG0005627,ACC00576,2025-03-23T09:00:00,customer,support_chat,renewal terms,The reporting changes are useful and the team is happy with them.
MSG0005628,ACC00576,2024-08-04T08:00:00,customer,email,dashboard performance,We've been getting good value from the platform and adoption is steady.
MSG0005629,ACC00576,2024-06-01T18:00:00,customer,email,dashboard performance,We're still evaluating the change internally.
MSG0005630,ACC00577,2024-05-19T13:00:00,customer,email,mobile access,Could you help us understand why this is happening?
MSG0005631,ACC00577,2024-03-21T14:00:00,customer,email,integration errors,"The workflow is mostly fine, although there are a couple of things we'd like improved."
MSG0005632,ACC00577,2024-10-24T11:00:00,agent,email,integration errors,The latest release has made the workflow much easier for our team.
MSG0005633,ACC00577,2024-10-02T12:00:00,agent,meeting_notes,API reliability,We're reviewing the latest changes and have a few questions.
MSG0005634,ACC00577,2024-11-06T18:00:00,customer,meeting_notes,data synchronization,"The workflow is mostly fine, although there are a couple of things we'd like improved."
MSG0005635,ACC00577,2025-04-03T16:00:00,customer,support_chat,dashboard performance,Our leadership team is questioning whether we should continue with the platform.
MSG0005636,ACC00577,2024-12-08T09:00:00,agent,email,usage reporting,I'm concerned that we're not getting the level of support we expected.
MSG0005637,ACC00577,2025-02-28T18:00:00,customer,meeting_notes,SSO,We've had to follow up several times and this is starting to become frustrating.
MSG0005638,ACC00577,2024-10-17T12:00:00,customer,support_chat,dashboard performance,This has been affecting the team for a while and we need a clearer resolution.
MSG0005639,ACC00577,2024-03-16T15:00:00,agent,support_chat,usage reporting,The reporting changes are useful and the team is happy with them.
MSG0005640,ACC00577,2024-09-14T15:00:00,customer,support_chat,API reliability,We've had to follow up several times and this is starting to become frustrating.
MSG0005641,ACC00578,2025-10-10T12:00:00,customer,email,billing configuration,We've had to follow up several times and this is starting to become frustrating.
MSG0005642,ACC00578,2024-07-17T11:00:00,agent,email,permissions,"The workflow is mostly fine, although there are a couple of things we'd like improved."
MSG0005643,ACC00578,2025-10-17T12:00:00,customer,email,billing configuration,We're reviewing the latest changes and have a few questions.
MSG0005644,ACC00578,2025-07-15T16:00:00,customer,support_chat,mobile access,We've been getting good value from the platform and adoption is steady.
MSG0005645,ACC00578,2025-01-22T16:00:00,agent,email,workflow automation,We're reviewing the latest changes and have a few questions.
MSG0005646,ACC00578,2025-05-14T12:00:00,customer,support_chat,usage reporting,We're reviewing the latest changes and have a few questions.
MSG0005647,ACC00578,2025-02-25T12:00:00,agent,support_chat,renewal terms,We're still evaluating the change internally.
MSG0005648,ACC00578,2025-06-06T08:00:00,customer,email,API reliability,Could you help us understand why this is happening?
MSG0005649,ACC00578,2024-10-09T11:00:00,agent,support_chat,integration errors,The latest release has made the workflow much easier for our team.
MSG0005650,ACC00579,2024-03-22T16:00:00,customer,meeting_notes,permissions,Thanks for getting this sorted so quickly. Everything is working now.
MSG0005651,ACC00579,2024-02-01T10:00:00,customer,support_chat,renewal terms,We're still evaluating the change internally.
MSG0005652,ACC00579,2024-04-26T12:00:00,agent,meeting_notes,data synchronization,We've had to follow up several times and this is starting to become frustrating.
MSG0005653,ACC00579,2025-09-20T14:00:00,customer,support_chat,API reliability,"The workflow is mostly fine, although there are a couple of things we'd like improved."
MSG0005654,ACC00579,2025-10-02T12:00:00,agent,support_chat,data synchronization,This has been affecting the team for a while and we need a clearer resolution.
MSG0005655,ACC00579,2024-04-21T11:00:00,customer,meeting_notes,mobile access,We've been getting good value from the platform and adoption is steady.
MSG0005656,ACC00579,2024-02-01T18:00:00,customer,email,permissions,Thanks for getting this sorted so quickly. Everything is working now.
MSG0005657,ACC00579,2025-06-04T17:00:00,customer,email,data synchronization,We're reviewing the latest changes and have a few questions.
MSG0005658,ACC00579,2024-07-01T16:00:00,agent,meeting_notes,user provisioning,We're still evaluating the change internally.
MSG0005659,ACC00579,2024-01-12T09:00:00,customer,meeting_notes,user provisioning,Could you help us understand why this is happening?
MSG0005660,ACC00579,2025-06-24T09:00:00,customer,meeting_notes,billing configuration,We've had to follow up several times and this is starting to become frustrating.
MSG0005661,ACC00579,2024-04-26T13:00:00,customer,meeting_notes,workflow automation,We've been getting good value from the platform and adoption is steady.
MSG0005662,ACC00579,2024-09-18T17:00:00,customer,support_chat,integration errors,We're still evaluating the change internally.
MSG0005663,ACC00579,2024-11-27T08:00:00,customer,email,usage reporting,We've had to follow up several times and this is starting to become frustrating.
MSG0005664,ACC00579,2024-09-02T14:00:00,customer,support_chat,user provisioning,The latest release has made the workflow much easier for our team.
MSG0005665,ACC00580,2025-02-16T18:00:00,customer,email,invoice reconciliation,We've been getting good value from the platform and adoption is steady.
MSG0005666,ACC00580,2025-07-27T14:00:00,agent,email,workflow automation,We're still evaluating the change internally.
MSG0005667,ACC00580,2025-06-14T16:00:00,agent,email,report exports,The reporting changes are useful and the team is happy with them.
MSG0005668,ACC00580,2024-11-03T11:00:00,customer,email,usage reporting,Thanks for getting this sorted so quickly. Everything is working now.
MSG0005669,ACC00580,2025-03-14T10:00:00,agent,support_chat,mobile access,Thanks for getting this sorted so quickly. Everything is working now.
MSG0005670,ACC00580,2024-06-17T15:00:00,agent,meeting_notes,usage reporting,"The workflow is mostly fine, although there are a couple of things we'd like improved."
MSG0005671,ACC00580,2025-01-23T10:00:00,customer,support_chat,API reliability,We're reviewing the latest changes and have a few questions.
MSG0005672,ACC00580,2024-02-19T12:00:00,customer,meeting_notes,integration errors,Could you help us understand why this is happening?
MSG0005673,ACC00580,2024-04-15T16:00:00,agent,meeting_notes,invoice reconciliation,The latest release has made the workflow much easier for our team.
MSG0005674,ACC00580,2024-09-23T14:00:00,customer,meeting_notes,usage reporting,We're still evaluating the change internally.
MSG0005675,ACC00580,2024-01-24T17:00:00,customer,email,dashboard performance,We've had to follow up several times and this is starting to become frustrating.
MSG0005676,ACC00580,2024-07-28T14:00:00,agent,meeting_notes,billing configuration,We're reviewing the latest changes and have a few questions.
MSG0005677,ACC00580,2025-12-02T11:00:00,agent,email,report exports,The latest release has made the workflow much easier for our team.
MSG0005678,ACC00580,2024-01-28T12:00:00,agent,meeting_notes,mobile access,We're still evaluating the change internally.
MSG0005679,ACC00580,2025-03-23T13:00:00,agent,meeting_notes,permissions,We're reviewing the latest changes and have a few questions.
MSG0005680,ACC00580,2025-09-19T14:00:00,customer,email,invoice reconciliation,We're still evaluating the change internally.
MSG0005681,ACC00580,2025-05-17T16:00:00,customer,meeting_notes,SSO,This has been affecting the team for a while and we need a clearer resolution.
MSG0005682,ACC00581,2024-06-05T11:00:00,customer,meeting_notes,workflow automation,The latest release has made the workflow much easier for our team.
MSG0005683,ACC00581,2024-02-17T18:00:00,agent,support_chat,dashboard performance,We're reviewing the latest changes and have a few questions.
MSG0005684,ACC00581,2024-08-06T09:00:00,customer,meeting_notes,user provisioning,This has been affecting the team for a while and we need a clearer resolution.
MSG0005685,ACC00582,2025-09-23T09:00:00,customer,support_chat,billing configuration,The latest release has made the workflow much easier for our team.
MSG0005686,ACC00582,2024-10-19T15:00:00,customer,meeting_notes,mobile access,This has been affecting the team for a while and we need a clearer resolution.
MSG0005687,ACC00582,2024-10-05T13:00:00,customer,support_chat,usage reporting,We're reviewing the latest changes and have a few questions.
MSG0005688,ACC00582,2025-12-13T17:00:00,customer,meeting_notes,usage reporting,The reporting changes are useful and the team is happy with them.
MSG0005689,ACC00582,2024-10-09T13:00:00,customer,email,permissions,Thanks for getting this sorted so quickly. Everything is working now.
MSG0005690,ACC00582,2025-03-26T11:00:00,customer,support_chat,invoice reconciliation,"The workflow is mostly fine, although there are a couple of things we'd like improved."
MSG0005691,ACC00582,2025-03-12T18:00:00,customer,meeting_notes,usage reporting,We've had to follow up several times and this is starting to become frustrating.
MSG0005692,ACC00582,2025-03-20T15:00:00,customer,meeting_notes,dashboard performance,We're still evaluating the change internally.
MSG0005693,ACC00582,2024-10-28T08:00:00,agent,email,user provisioning,We're still evaluating the change internally.
MSG0005694,ACC00582,2024-09-28T12:00:00,customer,email,data synchronization,The reporting changes are useful and the team is happy with them.
MSG0005695,ACC00582,2025-10-08T12:00:00,customer,email,integration errors,This has been affecting the team for a while and we need a clearer resolution.
MSG0005696,ACC00582,2025-01-27T14:00:00,customer,support_chat,permissions,Could you help us understand why this is happening?
MSG0005697,ACC00582,2024-02-27T10:00:00,customer,support_chat,report exports,The latest release has made the workflow much easier for our team.
MSG0005698,ACC00582,2025-08-02T13:00:00,agent,meeting_notes,renewal terms,The latest release has made the workflow much easier for our team.
MSG0005699,ACC00582,2024-09-06T09:00:00,customer,meeting_notes,dashboard performance,We've had to follow up several times and this is starting to become frustrating.
MSG0005700,ACC00582,2025-09-20T12:00:00,customer,meeting_notes,renewal terms,The latest release has made the workflow much easier for our team.
MSG0005701,ACC00582,2025-05-27T08:00:00,customer,support_chat,integration errors,We've been getting good value from the platform and adoption is steady.
MSG0005702,ACC00583,2024-03-25T18:00:00,agent,email,permissions,Thanks for getting this sorted so quickly. Everything is working now.
MSG0005703,ACC00583,2024-01-05T18:00:00,agent,meeting_notes,workflow automation,We're still evaluating the change internally.
MSG0005704,ACC00583,2024-02-17T14:00:00,customer,email,usage reporting,The latest release has made the workflow much easier for our team.
MSG0005705,ACC00583,2024-01-14T11:00:00,customer,meeting_notes,dashboard performance,The latest release has made the workflow much easier for our team.
MSG0005706,ACC00584,2025-05-17T13:00:00,customer,support_chat,permissions,This has been affecting the team for a while and we need a clearer resolution.
MSG0005707,ACC00584,2025-06-03T15:00:00,customer,support_chat,user provisioning,The reporting changes are useful and the team is happy with them.
MSG0005708,ACC00584,2025-08-20T11:00:00,agent,support_chat,permissions,"The workflow is mostly fine, although there are a couple of things we'd like improved."
MSG0005709,ACC00584,2024-10-27T12:00:00,customer,email,usage reporting,The reporting changes are useful and the team is happy with them.
MSG0005710,ACC00584,2024-11-16T14:00:00,customer,email,usage reporting,Thanks for getting this sorted so quickly. Everything is working now.
MSG0005711,ACC00584,2024-03-28T09:00:00,agent,meeting_notes,permissions,We're still evaluating the change internally.
MSG0005712,ACC00584,2024-11-03T17:00:00,customer,email,report exports,We've been getting good value from the platform and adoption is steady.
MSG0005713,ACC00584,2024-12-14T18:00:00,customer,email,billing configuration,The latest release has made the workflow much easier for our team.
MSG0005714,ACC00585,2024-11-09T14:00:00,customer,support_chat,user provisioning,We're reviewing the latest changes and have a few questions.
MSG0005715,ACC00585,2024-02-19T13:00:00,customer,email,mobile access,The latest release has made the workflow much easier for our team.
MSG0005716,ACC00585,2025-01-11T09:00:00,agent,email,invoice reconciliation,We've been getting good value from the platform and adoption is steady.
MSG0005717,ACC00585,2024-03-03T16:00:00,customer,meeting_notes,billing configuration,We're still evaluating the change internally.
MSG0005718,ACC00585,2024-10-02T10:00:00,agent,support_chat,integration errors,We've been getting good value from the platform and adoption is steady.
MSG0005719,ACC00585,2024-04-28T16:00:00,agent,support_chat,workflow automation,Thanks for getting this sorted so quickly. Everything is working now.
MSG0005720,ACC00585,2024-02-17T12:00:00,customer,email,SSO,We're reviewing the latest changes and have a few questions.
MSG0005721,ACC00585,2025-03-09T12:00:00,customer,email,mobile access,The reporting changes are useful and the team is happy with them.
MSG0005722,ACC00585,2025-08-08T10:00:00,agent,email,user provisioning,This has been affecting the team for a while and we need a clearer resolution.
MSG0005723,ACC00585,2024-03-14T11:00:00,agent,email,data synchronization,We've been getting good value from the platform and adoption is steady.
MSG0005724,ACC00585,2024-07-08T18:00:00,agent,email,permissions,We've been getting good value from the platform and adoption is steady.
MSG0005725,ACC00585,2024-03-04T11:00:00,customer,support_chat,SSO,Could you help us understand why this is happening?
MSG0005726,ACC00585,2024-11-22T13:00:00,customer,email,usage reporting,We've been getting good value from the platform and adoption is steady.
MSG0005727,ACC00585,2024-11-07T18:00:00,customer,meeting_notes,permissions,We've been getting good value from the platform and adoption is steady.
MSG0005728,ACC00585,2024-05-01T16:00:00,agent,meeting_notes,data synchronization,"The workflow is mostly fine, although there are a couple of things we'd like improved."
MSG0005729,ACC00586,2024-09-04T16:00:00,agent,email,dashboard performance,We're reviewing the latest changes and have a few questions.
MSG0005730,ACC00586,2024-10-10T14:00:00,customer,meeting_notes,invoice reconciliation,We're still evaluating the change internally.
MSG0005731,ACC00586,2024-11-28T09:00:00,agent,meeting_notes,integration errors,Could you help us understand why this is happening?
MSG0005732,ACC00586,2024-09-16T14:00:00,customer,email,mobile access,Could you help us understand why this is happening?
MSG0005733,ACC00586,2024-03-24T14:00:00,customer,email,API reliability,Thanks for getting this sorted so quickly. Everything is working now.
MSG0005734,ACC00587,2025-04-01T08:00:00,customer,meeting_notes,API reliability,"The workflow is mostly fine, although there are a couple of things we'd like improved."
MSG0005735,ACC00587,2024-06-06T15:00:00,agent,support_chat,permissions,We're reviewing the latest changes and have a few questions.
MSG0005736,ACC00587,2024-02-25T18:00:00,agent,email,mobile access,The reporting changes are useful and the team is happy with them.
MSG0005737,ACC00587,2024-11-25T11:00:00,customer,support_chat,dashboard performance,Could you help us understand why this is happening?
MSG0005738,ACC00587,2025-02-16T12:00:00,agent,support_chat,permissions,"If we can't get this resolved soon, we'll need to look at other options."
MSG0005739,ACC00587,2024-06-04T15:00:00,agent,meeting_notes,invoice reconciliation,"The workflow is mostly fine, although there are a couple of things we'd like improved."
MSG0005740,ACC00588,2024-12-22T10:00:00,customer,support_chat,report exports,The reporting changes are useful and the team is happy with them.
MSG0005741,ACC00588,2024-01-03T13:00:00,customer,meeting_notes,mobile access,We're reviewing the latest changes and have a few questions.
MSG0005742,ACC00588,2025-03-11T08:00:00,agent,meeting_notes,dashboard performance,This has been affecting the team for a while and we need a clearer resolution.
MSG0005743,ACC00588,2024-02-25T12:00:00,customer,support_chat,SSO,We're reviewing the latest changes and have a few questions.
MSG0005744,ACC00588,2024-12-08T14:00:00,agent,email,invoice reconciliation,We're reviewing the latest changes and have a few questions.
MSG0005745,ACC00588,2024-02-27T09:00:00,agent,email,dashboard performance,We've had to follow up several times and this is starting to become frustrating.
MSG0005746,ACC00588,2024-08-18T13:00:00,customer,meeting_notes,renewal terms,Could you help us understand why this is happening?
MSG0005747,ACC00588,2025-05-14T13:00:00,customer,meeting_notes,user provisioning,I'm concerned that we're not getting the level of support we expected.
MSG0005748,ACC00588,2024-05-09T14:00:00,customer,support_chat,API reliability,This has been affecting the team for a while and we need a clearer resolution.
MSG0005749,ACC00588,2024-12-01T08:00:00,agent,meeting_notes,integration errors,Could you help us understand why this is happening?
MSG0005750,ACC00588,2024-01-26T14:00:00,customer,meeting_notes,renewal terms,The reporting changes are useful and the team is happy with them.
MSG0005751,ACC00588,2025-03-19T18:00:00,customer,email,billing configuration,We've had to follow up several times and this is starting to become frustrating.
MSG0005752,ACC00589,2024-09-23T12:00:00,customer,email,SSO,We've had to follow up several times and this is starting to become frustrating.
MSG0005753,ACC00589,2024-07-03T10:00:00,customer,support_chat,workflow automation,We've been getting good value from the platform and adoption is steady.
MSG0005754,ACC00589,2024-12-21T08:00:00,agent,email,dashboard performance,I'm concerned that we're not getting the level of support we expected.
MSG0005755,ACC00589,2024-09-07T16:00:00,agent,meeting_notes,SSO,We're still evaluating the change internally.
MSG0005756,ACC00589,2024-04-07T18:00:00,customer,email,mobile access,We're still evaluating the change internally.
MSG0005757,ACC00589,2024-06-16T09:00:00,customer,meeting_notes,report exports,Could you help us understand why this is happening?
MSG0005758,ACC00589,2024-03-18T11:00:00,customer,support_chat,report exports,We're reviewing the latest changes and have a few questions.
MSG0005759,ACC00590,2024-07-09T08:00:00,agent,email,renewal terms,The latest release has made the workflow much easier for our team.
MSG0005760,ACC00590,2025-01-08T13:00:00,customer,meeting_notes,workflow automation,"The workflow is mostly fine, although there are a couple of things we'd like improved."
MSG0005761,ACC00590,2025-11-01T18:00:00,customer,email,dashboard performance,We're considering reducing the footprint at renewal unless things improve.
MSG0005762,ACC00590,2025-11-05T10:00:00,customer,email,data synchronization,The experience lately hasn't been great and we're spending more time working around the product.
MSG0005763,ACC00590,2025-11-06T15:00:00,customer,support_chat,renewal terms,The experience lately hasn't been great and we're spending more time working around the product.
MSG0005764,ACC00590,2025-02-21T11:00:00,agent,support_chat,billing configuration,We're reviewing the latest changes and have a few questions.
MSG0005765,ACC00590,2025-08-28T13:00:00,agent,meeting_notes,API reliability,Could you help us understand why this is happening?
MSG0005766,ACC00590,2024-05-24T10:00:00,agent,meeting_notes,user provisioning,This has been affecting the team for a while and we need a clearer resolution.
MSG0005767,ACC00590,2024-10-08T12:00:00,customer,meeting_notes,usage reporting,We're still evaluating the change internally.
MSG0005768,ACC00590,2024-02-08T17:00:00,agent,meeting_notes,API reliability,We're still evaluating the change internally.
MSG0005769,ACC00591,2024-03-17T13:00:00,customer,email,API reliability,We've had to follow up several times and this is starting to become frustrating.
MSG0005770,ACC00591,2024-06-24T12:00:00,customer,support_chat,data synchronization,We've been getting good value from the platform and adoption is steady.
MSG0005771,ACC00591,2024-11-26T09:00:00,customer,email,data synchronization,We've had to follow up several times and this is starting to become frustrating.
MSG0005772,ACC00591,2024-11-03T09:00:00,customer,email,permissions,Thanks for getting this sorted so quickly. Everything is working now.
MSG0005773,ACC00591,2024-08-12T11:00:00,customer,support_chat,API reliability,We're reviewing the latest changes and have a few questions.
MSG0005774,ACC00591,2025-04-21T13:00:00,customer,email,dashboard performance,We're reviewing alternatives because this is becoming difficult to justify internally.
MSG0005775,ACC00591,2024-11-28T09:00:00,agent,email,integration errors,This has been affecting the team for a while and we need a clearer resolution.
MSG0005776,ACC00591,2024-09-20T10:00:00,agent,support_chat,dashboard performance,The latest release has made the workflow much easier for our team.
MSG0005777,ACC00591,2025-02-10T16:00:00,customer,email,report exports,We've had to follow up several times and this is starting to become frustrating.
MSG0005778,ACC00592,2024-09-15T08:00:00,agent,email,report exports,Could you help us understand why this is happening?
MSG0005779,ACC00592,2024-02-16T17:00:00,customer,meeting_notes,usage reporting,We're reviewing the latest changes and have a few questions.
MSG0005780,ACC00592,2024-03-04T18:00:00,agent,meeting_notes,usage reporting,This has been affecting the team for a while and we need a clearer resolution.
MSG0005781,ACC00592,2024-05-28T17:00:00,customer,meeting_notes,dashboard performance,We've been getting good value from the platform and adoption is steady.
MSG0005782,ACC00592,2024-05-10T11:00:00,customer,meeting_notes,integration errors,The reporting changes are useful and the team is happy with them.
MSG0005783,ACC00592,2024-10-16T15:00:00,agent,email,usage reporting,Could you help us understand why this is happening?
MSG0005784,ACC00592,2024-02-22T13:00:00,customer,email,billing configuration,Thanks for getting this sorted so quickly. Everything is working now.
MSG0005785,ACC00592,2024-05-20T18:00:00,agent,meeting_notes,integration errors,The reporting changes are useful and the team is happy with them.
MSG0005786,ACC00592,2024-01-11T14:00:00,agent,meeting_notes,report exports,The latest release has made the workflow much easier for our team.
MSG0005787,ACC00592,2024-08-19T09:00:00,customer,email,dashboard performance,Thanks for getting this sorted so quickly. Everything is working now.
MSG0005788,ACC00593,2024-07-21T09:00:00,customer,meeting_notes,data synchronization,We've been getting good value from the platform and adoption is steady.
MSG0005789,ACC00593,2024-07-21T10:00:00,agent,support_chat,API reliability,"The workflow is mostly fine, although there are a couple of things we'd like improved."
MSG0005790,ACC00593,2024-08-15T13:00:00,customer,meeting_notes,billing configuration,The reporting changes are useful and the team is happy with them.
MSG0005791,ACC00593,2024-09-16T10:00:00,agent,email,data synchronization,The reporting changes are useful and the team is happy with them.
MSG0005792,ACC00594,2024-03-09T17:00:00,customer,email,dashboard performance,We've had to follow up several times and this is starting to become frustrating.
MSG0005793,ACC00594,2024-04-13T18:00:00,customer,support_chat,SSO,We're reviewing the latest changes and have a few questions.
MSG0005794,ACC00595,2025-01-04T11:00:00,agent,meeting_notes,report exports,This has been affecting the team for a while and we need a clearer resolution.
MSG0005795,ACC00595,2025-09-02T08:00:00,customer,support_chat,workflow automation,We're still evaluating the change internally.
MSG0005796,ACC00595,2024-08-08T13:00:00,agent,email,data synchronization,Could you help us understand why this is happening?
MSG0005797,ACC00595,2025-12-16T17:00:00,customer,support_chat,data synchronization,This has been affecting the team for a while and we need a clearer resolution.
MSG0005798,ACC00595,2025-10-20T12:00:00,customer,meeting_notes,renewal terms,The latest release has made the workflow much easier for our team.
MSG0005799,ACC00595,2024-04-11T14:00:00,customer,email,renewal terms,We've been getting good value from the platform and adoption is steady.
MSG0005800,ACC00595,2024-02-16T08:00:00,customer,meeting_notes,report exports,This has been affecting the team for a while and we need a clearer resolution.
MSG0005801,ACC00595,2025-05-21T16:00:00,customer,email,invoice reconciliation,"The workflow is mostly fine, although there are a couple of things we'd like improved."
MSG0005802,ACC00595,2024-05-24T16:00:00,customer,email,mobile access,The latest release has made the workflow much easier for our team.
MSG0005803,ACC00595,2024-02-20T13:00:00,agent,support_chat,mobile access,We're reviewing the latest changes and have a few questions.
MSG0005804,ACC00595,2024-09-12T08:00:00,customer,email,SSO,"The workflow is mostly fine, although there are a couple of things we'd like improved."
MSG0005805,ACC00595,2024-02-11T09:00:00,customer,email,SSO,Thanks for getting this sorted so quickly. Everything is working now.
MSG0005806,ACC00595,2025-10-06T17:00:00,customer,email,dashboard performance,We're still evaluating the change internally.
MSG0005807,ACC00595,2025-08-17T15:00:00,customer,email,billing configuration,Could you help us understand why this is happening?
MSG0005808,ACC00595,2025-11-16T10:00:00,customer,email,invoice reconciliation,The reporting changes are useful and the team is happy with them.
MSG0005809,ACC00595,2025-09-05T17:00:00,customer,email,data synchronization,The latest release has made the workflow much easier for our team.
MSG0005810,ACC00596,2024-05-04T10:00:00,customer,meeting_notes,renewal terms,"The workflow is mostly fine, although there are a couple of things we'd like improved."
MSG0005811,ACC00596,2024-09-03T18:00:00,customer,meeting_notes,renewal terms,Could you help us understand why this is happening?
MSG0005812,ACC00596,2024-01-04T18:00:00,customer,meeting_notes,data synchronization,This has been affecting the team for a while and we need a clearer resolution.
MSG0005813,ACC00596,2024-02-16T08:00:00,customer,support_chat,user provisioning,Thanks for getting this sorted so quickly. Everything is working now.
MSG0005814,ACC00596,2024-08-07T16:00:00,customer,meeting_notes,workflow automation,"The workflow is mostly fine, although there are a couple of things we'd like improved."
MSG0005815,ACC00596,2024-08-14T12:00:00,customer,email,report exports,The reporting changes are useful and the team is happy with them.
MSG0005816,ACC00596,2024-08-10T16:00:00,agent,meeting_notes,SSO,We're reviewing the latest changes and have a few questions.
MSG0005817,ACC00596,2024-08-15T16:00:00,customer,email,usage reporting,Could you help us understand why this is happening?
MSG0005818,ACC00597,2025-03-02T18:00:00,customer,meeting_notes,dashboard performance,The reporting changes are useful and the team is happy with them.
MSG0005819,ACC00597,2024-11-03T12:00:00,agent,email,user provisioning,The latest release has made the workflow much easier for our team.
MSG0005820,ACC00597,2024-09-28T17:00:00,agent,meeting_notes,data synchronization,We've had to follow up several times and this is starting to become frustrating.
MSG0005821,ACC00597,2025-01-06T13:00:00,customer,email,integration errors,Could you help us understand why this is happening?
MSG0005822,ACC00597,2024-04-23T12:00:00,agent,meeting_notes,invoice reconciliation,The latest release has made the workflow much easier for our team.
MSG0005823,ACC00597,2025-04-17T12:00:00,customer,email,SSO,The latest release has made the workflow much easier for our team.
MSG0005824,ACC00597,2024-05-25T12:00:00,agent,meeting_notes,SSO,The latest release has made the workflow much easier for our team.
MSG0005825,ACC00597,2024-09-18T14:00:00,agent,support_chat,workflow automation,We've been getting good value from the platform and adoption is steady.
MSG0005826,ACC00597,2025-06-13T18:00:00,customer,support_chat,billing configuration,The latest release has made the workflow much easier for our team.
MSG0005827,ACC00597,2024-03-04T13:00:00,customer,email,usage reporting,We've been getting good value from the platform and adoption is steady.
MSG0005828,ACC00597,2025-02-14T10:00:00,agent,meeting_notes,dashboard performance,The reporting changes are useful and the team is happy with them.
MSG0005829,ACC00597,2025-02-16T15:00:00,customer,email,user provisioning,We're reviewing the latest changes and have a few questions.
MSG0005830,ACC00598,2024-02-01T09:00:00,agent,meeting_notes,permissions,We've been getting good value from the platform and adoption is steady.
MSG0005831,ACC00598,2024-09-27T12:00:00,agent,support_chat,dashboard performance,We've been getting good value from the platform and adoption is steady.
MSG0005832,ACC00598,2025-12-11T17:00:00,customer,meeting_notes,user provisioning,We're still evaluating the change internally.
MSG0005833,ACC00598,2025-04-23T15:00:00,agent,support_chat,dashboard performance,This has been affecting the team for a while and we need a clearer resolution.
MSG0005834,ACC00598,2025-10-06T18:00:00,agent,meeting_notes,workflow automation,Could you help us understand why this is happening?
MSG0005835,ACC00598,2024-03-27T12:00:00,agent,meeting_notes,dashboard performance,We're still evaluating the change internally.
MSG0005836,ACC00598,2025-08-19T10:00:00,customer,support_chat,workflow automation,The latest release has made the workflow much easier for our team.
MSG0005837,ACC00598,2025-05-28T16:00:00,customer,meeting_notes,API reliability,We've been getting good value from the platform and adoption is steady.
MSG0005838,ACC00599,2025-11-22T18:00:00,agent,email,user provisioning,"The workflow is mostly fine, although there are a couple of things we'd like improved."
MSG0005839,ACC00599,2024-10-21T09:00:00,agent,support_chat,invoice reconciliation,This has been affecting the team for a while and we need a clearer resolution.
MSG0005840,ACC00599,2025-07-23T15:00:00,customer,support_chat,permissions,We've had to follow up several times and this is starting to become frustrating.
MSG0005841,ACC00599,2024-10-21T12:00:00,customer,support_chat,billing configuration,The reporting changes are useful and the team is happy with them.
MSG0005842,ACC00599,2024-11-07T08:00:00,agent,support_chat,SSO,We've been getting good value from the platform and adoption is steady.
MSG0005843,ACC00599,2024-01-20T18:00:00,agent,meeting_notes,data synchronization,We've been getting good value from the platform and adoption is steady.
MSG0005844,ACC00599,2024-04-19T14:00:00,agent,support_chat,permissions,We're reviewing the latest changes and have a few questions.
MSG0005845,ACC00599,2025-09-21T09:00:00,customer,email,integration errors,We're still evaluating the change internally.
MSG0005846,ACC00599,2024-03-28T13:00:00,customer,meeting_notes,data synchronization,"The workflow is mostly fine, although there are a couple of things we'd like improved."
MSG0005847,ACC00599,2024-11-16T18:00:00,agent,email,mobile access,The reporting changes are useful and the team is happy with them.
MSG0005848,ACC00599,2025-01-06T08:00:00,agent,email,API reliability,We've had to follow up several times and this is starting to become frustrating.
MSG0005849,ACC00599,2024-06-17T16:00:00,customer,meeting_notes,report exports,We're reviewing the latest changes and have a few questions.
MSG0005850,ACC00599,2025-12-18T14:00:00,agent,meeting_notes,dashboard performance,The latest release has made the workflow much easier for our team.
MSG0005851,ACC00599,2024-07-01T12:00:00,customer,email,SSO,We've been getting good value from the platform and adoption is steady.
MSG0005852,ACC00599,2025-09-03T09:00:00,customer,support_chat,API reliability,The reporting changes are useful and the team is happy with them.
MSG0005853,ACC00600,2024-10-22T14:00:00,customer,meeting_notes,dashboard performance,We've had to follow up several times and this is starting to become frustrating.
MSG0005854,ACC00600,2024-06-06T10:00:00,customer,email,report exports,The latest release has made the workflow much easier for our team.
MSG0005855,ACC00600,2024-11-15T08:00:00,agent,meeting_notes,integration errors,We've had to follow up several times and this is starting to become frustrating.
MSG0005856,ACC00600,2024-07-21T11:00:00,customer,email,billing configuration,We're reviewing alternatives because this is becoming difficult to justify internally.
MSG0005857,ACC00600,2024-08-18T09:00:00,agent,email,dashboard performance,Could you help us understand why this is happening?
MSG0005858,ACC00600,2024-10-11T17:00:00,customer,email,data synchronization,We're reviewing the latest changes and have a few questions.
MSG0005859,ACC00601,2024-02-01T08:00:00,customer,meeting_notes,data synchronization,We've had to follow up several times and this is starting to become frustrating.
MSG0005860,ACC00601,2024-10-24T12:00:00,customer,email,renewal terms,I'm concerned that we're not getting the level of support we expected.
MSG0005861,ACC00601,2024-05-21T15:00:00,agent,support_chat,report exports,Could you help us understand why this is happening?
MSG0005862,ACC00601,2024-02-11T16:00:00,agent,email,integration errors,We've had to follow up several times and this is starting to become frustrating.
MSG0005863,ACC00601,2024-04-13T18:00:00,customer,meeting_notes,workflow automation,We're still evaluating the change internally.
MSG0005864,ACC00601,2024-06-01T09:00:00,agent,support_chat,billing configuration,We've had to follow up several times and this is starting to become frustrating.
MSG0005865,ACC00601,2024-09-04T09:00:00,agent,meeting_notes,dashboard performance,Could you help us understand why this is happening?
MSG0005866,ACC00601,2024-05-14T08:00:00,agent,meeting_notes,SSO,The reporting changes are useful and the team is happy with them.
MSG0005867,ACC00601,2024-06-12T16:00:00,agent,meeting_notes,API reliability,"The workflow is mostly fine, although there are a couple of things we'd like improved."
MSG0005868,ACC00602,2024-10-11T12:00:00,customer,meeting_notes,user provisioning,We've been getting good value from the platform and adoption is steady.
MSG0005869,ACC00602,2024-04-19T09:00:00,customer,support_chat,usage reporting,"The workflow is mostly fine, although there are a couple of things we'd like improved."
MSG0005870,ACC00602,2024-08-10T08:00:00,customer,email,renewal terms,This has been affecting the team for a while and we need a clearer resolution.
MSG0005871,ACC00603,2024-05-19T12:00:00,customer,email,dashboard performance,Thanks for getting this sorted so quickly. Everything is working now.
MSG0005872,ACC00603,2024-12-01T08:00:00,agent,email,API reliability,Thanks for getting this sorted so quickly. Everything is working now.
MSG0005873,ACC00603,2024-11-04T14:00:00,customer,email,dashboard performance,The latest release has made the workflow much easier for our team.
MSG0005874,ACC00604,2024-02-08T10:00:00,customer,support_chat,permissions,Thanks for getting this sorted so quickly. Everything is working now.
MSG0005875,ACC00604,2025-06-06T17:00:00,customer,email,workflow automation,The reporting changes are useful and the team is happy with them.
MSG0005876,ACC00604,2025-02-04T08:00:00,agent,support_chat,report exports,This has been affecting the team for a while and we need a clearer resolution.
MSG0005877,ACC00604,2024-05-28T13:00:00,customer,meeting_notes,mobile access,"The workflow is mostly fine, although there are a couple of things we'd like improved."
MSG0005878,ACC00604,2025-03-13T14:00:00,agent,email,data synchronization,"The workflow is mostly fine, although there are a couple of things we'd like improved."
MSG0005879,ACC00604,2024-06-16T11:00:00,customer,support_chat,mobile access,We've had to follow up several times and this is starting to become frustrating.
MSG0005880,ACC00604,2024-06-15T09:00:00,customer,meeting_notes,dashboard performance,We're still evaluating the change internally.
MSG0005881,ACC00604,2024-02-18T10:00:00,agent,email,workflow automation,We're reviewing the latest changes and have a few questions.
MSG0005882,ACC00604,2024-02-19T17:00:00,agent,meeting_notes,mobile access,We've been getting good value from the platform and adoption is steady.
MSG0005883,ACC00604,2024-03-01T08:00:00,agent,meeting_notes,invoice reconciliation,We're still evaluating the change internally.
MSG0005884,ACC00605,2024-10-04T18:00:00,customer,support_chat,invoice reconciliation,We're reviewing alternatives because this is becoming difficult to justify internally.
MSG0005885,ACC00605,2024-07-01T15:00:00,customer,support_chat,SSO,Could you help us understand why this is happening?
MSG0005886,ACC00605,2024-05-28T18:00:00,agent,support_chat,integration errors,Thanks for getting this sorted so quickly. Everything is working now.
MSG0005887,ACC00605,2024-07-27T13:00:00,agent,email,billing configuration,I'm concerned that we're not getting the level of support we expected.
MSG0005888,ACC00605,2024-06-16T13:00:00,customer,support_chat,renewal terms,The experience lately hasn't been great and we're spending more time working around the product.
MSG0005889,ACC00606,2024-07-27T14:00:00,customer,support_chat,user provisioning,Thanks for getting this sorted so quickly. Everything is working now.
MSG0005890,ACC00606,2024-04-28T18:00:00,agent,email,report exports,We've been getting good value from the platform and adoption is steady.
MSG0005891,ACC00606,2024-12-14T14:00:00,customer,meeting_notes,dashboard performance,This has been affecting the team for a while and we need a clearer resolution.
MSG0005892,ACC00606,2024-03-17T14:00:00,agent,email,SSO,Could you help us understand why this is happening?
MSG0005893,ACC00606,2024-02-02T11:00:00,customer,email,workflow automation,Could you help us understand why this is happening?
MSG0005894,ACC00606,2024-05-04T10:00:00,agent,meeting_notes,SSO,This has been affecting the team for a while and we need a clearer resolution.
MSG0005895,ACC00606,2024-01-12T08:00:00,agent,email,integration errors,Could you help us understand why this is happening?
MSG0005896,ACC00606,2024-07-15T15:00:00,customer,email,API reliability,Thanks for getting this sorted so quickly. Everything is working now.
MSG0005897,ACC00606,2024-05-04T13:00:00,customer,email,dashboard performance,This has been affecting the team for a while and we need a clearer resolution.
MSG0005898,ACC00606,2024-04-18T09:00:00,customer,support_chat,mobile access,Thanks for getting this sorted so quickly. Everything is working now.
MSG0005899,ACC00606,2024-05-16T09:00:00,agent,support_chat,mobile access,Could you help us understand why this is happening?
MSG0005900,ACC00607,2024-07-21T13:00:00,agent,meeting_notes,SSO,We're still evaluating the change internally.
MSG0005901,ACC00607,2024-01-05T13:00:00,customer,meeting_notes,data synchronization,We've had to follow up several times and this is starting to become frustrating.
MSG0005902,ACC00609,2025-05-01T08:00:00,customer,support_chat,integration errors,This has been affecting the team for a while and we need a clearer resolution.
MSG0005903,ACC00609,2025-09-07T09:00:00,customer,support_chat,renewal terms,"The workflow is mostly fine, although there are a couple of things we'd like improved."
MSG0005904,ACC00609,2025-04-02T09:00:00,agent,support_chat,mobile access,We're reviewing the latest changes and have a few questions.
MSG0005905,ACC00609,2024-09-11T15:00:00,agent,email,data synchronization,We've been getting good value from the platform and adoption is steady.
MSG0005906,ACC00609,2024-08-19T13:00:00,customer,meeting_notes,mobile access,We're still evaluating the change internally.
MSG0005907,ACC00609,2024-09-04T09:00:00,agent,email,invoice reconciliation,We're reviewing the latest changes and have a few questions.
MSG0005908,ACC00609,2024-09-08T16:00:00,customer,support_chat,billing configuration,This has been affecting the team for a while and we need a clearer resolution.
MSG0005909,ACC00609,2025-03-10T14:00:00,customer,meeting_notes,SSO,Could you help us understand why this is happening?
MSG0005910,ACC00609,2024-04-06T11:00:00,customer,meeting_notes,workflow automation,We've been getting good value from the platform and adoption is steady.
MSG0005911,ACC00609,2025-07-14T15:00:00,customer,support_chat,workflow automation,We've had to follow up several times and this is starting to become frustrating.
MSG0005912,ACC00609,2024-09-19T17:00:00,customer,support_chat,invoice reconciliation,This has been affecting the team for a while and we need a clearer resolution.
MSG0005913,ACC00609,2024-07-10T14:00:00,agent,meeting_notes,user provisioning,"The workflow is mostly fine, although there are a couple of things we'd like improved."
MSG0005914,ACC00609,2025-09-14T17:00:00,customer,meeting_notes,permissions,This has been affecting the team for a while and we need a clearer resolution.
MSG0005915,ACC00609,2024-07-11T17:00:00,customer,support_chat,usage reporting,We've had to follow up several times and this is starting to become frustrating.
MSG0005916,ACC00609,2024-06-09T17:00:00,customer,email,invoice reconciliation,We've had to follow up several times and this is starting to become frustrating.
MSG0005917,ACC00610,2024-04-24T12:00:00,customer,support_chat,invoice reconciliation,We're still evaluating the change internally.
MSG0005918,ACC00610,2024-04-03T13:00:00,customer,support_chat,report exports,We've had to follow up several times and this is starting to become frustrating.
MSG0005919,ACC00610,2024-03-18T17:00:00,customer,email,renewal terms,Thanks for getting this sorted so quickly. Everything is working now.
MSG0005920,ACC00610,2025-02-07T12:00:00,customer,meeting_notes,workflow automation,The reporting changes are useful and the team is happy with them.
MSG0005921,ACC00610,2024-07-14T17:00:00,customer,meeting_notes,usage reporting,We've had to follow up several times and this is starting to become frustrating.
MSG0005922,ACC00610,2024-07-06T08:00:00,customer,meeting_notes,mobile access,"The workflow is mostly fine, although there are a couple of things we'd like improved."
MSG0005923,ACC00610,2025-03-18T16:00:00,agent,email,dashboard performance,"The workflow is mostly fine, although there are a couple of things we'd like improved."
MSG0005924,ACC00610,2024-02-18T11:00:00,customer,meeting_notes,SSO,The reporting changes are useful and the team is happy with them.
MSG0005925,ACC00610,2024-11-03T11:00:00,agent,support_chat,API reliability,The latest release has made the workflow much easier for our team.
MSG0005926,ACC00610,2024-04-23T17:00:00,customer,email,data synchronization,We're reviewing the latest changes and have a few questions.
MSG0005927,ACC00610,2024-04-21T13:00:00,agent,support_chat,renewal terms,Thanks for getting this sorted so quickly. Everything is working now.
MSG0005928,ACC00610,2024-02-08T10:00:00,customer,support_chat,permissions,We've had to follow up several times and this is starting to become frustrating.
MSG0005929,ACC00610,2025-01-06T15:00:00,customer,support_chat,invoice reconciliation,The latest release has made the workflow much easier for our team.
MSG0005930,ACC00610,2024-04-25T17:00:00,customer,meeting_notes,user provisioning,Thanks for getting this sorted so quickly. Everything is working now.
MSG0005931,ACC00610,2024-02-22T13:00:00,agent,email,dashboard performance,The latest release has made the workflow much easier for our team.
MSG0005932,ACC00611,2024-08-03T14:00:00,customer,email,workflow automation,We're reviewing alternatives because this is becoming difficult to justify internally.
MSG0005933,ACC00611,2024-01-05T16:00:00,customer,email,SSO,Thanks for getting this sorted so quickly. Everything is working now.
MSG0005934,ACC00611,2024-03-21T16:00:00,customer,support_chat,user provisioning,The latest release has made the workflow much easier for our team.
MSG0005935,ACC00611,2024-03-20T09:00:00,customer,email,SSO,This has been affecting the team for a while and we need a clearer resolution.
MSG0005936,ACC00611,2024-03-11T08:00:00,customer,email,renewal terms,We're still evaluating the change internally.
MSG0005937,ACC00611,2024-07-01T08:00:00,agent,meeting_notes,report exports,We've been getting good value from the platform and adoption is steady.
MSG0005938,ACC00611,2024-09-02T18:00:00,agent,email,workflow automation,We're still evaluating the change internally.
MSG0005939,ACC00611,2024-11-20T15:00:00,customer,email,report exports,We've had to follow up several times and this is starting to become frustrating.
MSG0005940,ACC00612,2024-01-07T11:00:00,customer,email,invoice reconciliation,The latest release has made the workflow much easier for our team.
MSG0005941,ACC00612,2024-01-27T15:00:00,customer,email,mobile access,This has been affecting the team for a while and we need a clearer resolution.
MSG0005942,ACC00612,2025-03-20T08:00:00,customer,meeting_notes,mobile access,We're still evaluating the change internally.
MSG0005943,ACC00612,2024-10-15T11:00:00,agent,email,dashboard performance,The latest release has made the workflow much easier for our team.
MSG0005944,ACC00612,2025-06-12T17:00:00,customer,support_chat,data synchronization,We're reviewing the latest changes and have a few questions.
MSG0005945,ACC00612,2024-07-28T15:00:00,customer,email,permissions,The reporting changes are useful and the team is happy with them.
MSG0005946,ACC00612,2024-10-01T12:00:00,customer,support_chat,permissions,We've been getting good value from the platform and adoption is steady.
MSG0005947,ACC00612,2025-10-19T18:00:00,customer,meeting_notes,permissions,We've been getting good value from the platform and adoption is steady.
MSG0005948,ACC00612,2025-07-07T10:00:00,customer,support_chat,invoice reconciliation,We've been getting good value from the platform and adoption is steady.
MSG0005949,ACC00613,2024-05-18T09:00:00,customer,email,usage reporting,The reporting changes are useful and the team is happy with them.
MSG0005950,ACC00613,2024-03-19T14:00:00,customer,support_chat,invoice reconciliation,Thanks for getting this sorted so quickly. Everything is working now.
MSG0005951,ACC00613,2024-05-10T16:00:00,customer,support_chat,dashboard performance,We're reviewing the latest changes and have a few questions.
MSG0005952,ACC00613,2024-05-10T17:00:00,customer,meeting_notes,mobile access,This has been affecting the team for a while and we need a clearer resolution.
MSG0005953,ACC00613,2024-06-12T12:00:00,customer,meeting_notes,usage reporting,Thanks for getting this sorted so quickly. Everything is working now.
MSG0005954,ACC00613,2024-01-25T14:00:00,customer,support_chat,mobile access,This has been affecting the team for a while and we need a clearer resolution.
MSG0005955,ACC00614,2024-05-20T18:00:00,customer,support_chat,billing configuration,We're still evaluating the change internally.
MSG0005956,ACC00614,2024-02-11T18:00:00,customer,email,data synchronization,We've had to follow up several times and this is starting to become frustrating.
MSG0005957,ACC00614,2024-01-07T18:00:00,customer,meeting_notes,renewal terms,Thanks for getting this sorted so quickly. Everything is working now.
MSG0005958,ACC00614,2024-10-14T13:00:00,customer,support_chat,report exports,"The workflow is mostly fine, although there are a couple of things we'd like improved."
MSG0005959,ACC00614,2024-11-03T17:00:00,customer,meeting_notes,workflow automation,We're still evaluating the change internally.
MSG0005960,ACC00614,2025-01-28T09:00:00,customer,email,report exports,"The workflow is mostly fine, although there are a couple of things we'd like improved."
MSG0005961,ACC00614,2024-08-12T13:00:00,customer,support_chat,workflow automation,We've been getting good value from the platform and adoption is steady.
MSG0005962,ACC00614,2024-03-04T16:00:00,customer,meeting_notes,billing configuration,We're still evaluating the change internally.
MSG0005963,ACC00614,2024-01-16T10:00:00,agent,meeting_notes,API reliability,We've had to follow up several times and this is starting to become frustrating.
MSG0005964,ACC00614,2024-12-05T12:00:00,agent,support_chat,report exports,We've had to follow up several times and this is starting to become frustrating.
MSG0005965,ACC00614,2024-12-05T18:00:00,customer,support_chat,invoice reconciliation,We're reviewing alternatives because this is becoming difficult to justify internally.
MSG0005966,ACC00614,2024-01-15T18:00:00,customer,email,usage reporting,Could you help us understand why this is happening?
MSG0005967,ACC00615,2025-10-02T17:00:00,customer,meeting_notes,billing configuration,We're still evaluating the change internally.
MSG0005968,ACC00615,2025-07-02T16:00:00,customer,email,dashboard performance,Thanks for getting this sorted so quickly. Everything is working now.
MSG0005969,ACC00615,2025-08-24T09:00:00,customer,email,billing configuration,The latest release has made the workflow much easier for our team.
MSG0005970,ACC00615,2024-08-22T15:00:00,customer,email,workflow automation,Could you help us understand why this is happening?
MSG0005971,ACC00615,2024-07-09T18:00:00,agent,meeting_notes,user provisioning,Thanks for getting this sorted so quickly. Everything is working now.
MSG0005972,ACC00615,2024-10-14T17:00:00,customer,meeting_notes,data synchronization,We're reviewing the latest changes and have a few questions.
MSG0005973,ACC00615,2025-10-10T09:00:00,agent,support_chat,integration errors,The reporting changes are useful and the team is happy with them.
MSG0005974,ACC00615,2025-12-28T17:00:00,customer,support_chat,user provisioning,Could you help us understand why this is happening?
MSG0005975,ACC00615,2024-06-02T11:00:00,agent,email,workflow automation,"The workflow is mostly fine, although there are a couple of things we'd like improved."
MSG0005976,ACC00615,2025-04-10T14:00:00,agent,meeting_notes,invoice reconciliation,"The workflow is mostly fine, although there are a couple of things we'd like improved."
MSG0005977,ACC00616,2024-01-16T11:00:00,customer,email,data synchronization,We've been getting good value from the platform and adoption is steady.
MSG0005978,ACC00616,2025-01-10T18:00:00,customer,email,integration errors,The latest release has made the workflow much easier for our team.
MSG0005979,ACC00616,2025-04-18T15:00:00,agent,meeting_notes,invoice reconciliation,We're still evaluating the change internally.
MSG0005980,ACC00616,2025-06-01T14:00:00,agent,meeting_notes,workflow automation,We're reviewing the latest changes and have a few questions.
MSG0005981,ACC00616,2024-07-08T10:00:00,customer,meeting_notes,SSO,We're still evaluating the change internally.
MSG0005982,ACC00616,2025-10-23T18:00:00,customer,meeting_notes,billing configuration,Thanks for getting this sorted so quickly. Everything is working now.
MSG0005983,ACC00616,2024-04-20T12:00:00,customer,email,SSO,This has been affecting the team for a while and we need a clearer resolution.
MSG0005984,ACC00616,2024-07-21T11:00:00,customer,support_chat,permissions,"The workflow is mostly fine, although there are a couple of things we'd like improved."
MSG0005985,ACC00616,2024-02-24T17:00:00,agent,support_chat,workflow automation,We're reviewing the latest changes and have a few questions.
MSG0005986,ACC00617,2024-06-15T15:00:00,customer,support_chat,data synchronization,I'm concerned that we're not getting the level of support we expected.
MSG0005987,ACC00617,2024-06-08T15:00:00,agent,meeting_notes,invoice reconciliation,We've had to follow up several times and this is starting to become frustrating.
MSG0005988,ACC00617,2024-03-11T11:00:00,customer,email,API reliability,Could you help us understand why this is happening?
MSG0005989,ACC00617,2024-04-14T13:00:00,agent,support_chat,report exports,We're reviewing the latest changes and have a few questions.
MSG0005990,ACC00617,2024-09-28T08:00:00,customer,support_chat,user provisioning,We've had to follow up several times and this is starting to become frustrating.
MSG0005991,ACC00617,2024-04-08T16:00:00,customer,support_chat,SSO,Could you help us understand why this is happening?
MSG0005992,ACC00618,2024-07-03T09:00:00,customer,email,permissions,Thanks for getting this sorted so quickly. Everything is working now.
MSG0005993,ACC00618,2025-06-11T11:00:00,agent,support_chat,API reliability,"The workflow is mostly fine, although there are a couple of things we'd like improved."
MSG0005994,ACC00618,2024-12-09T13:00:00,customer,email,mobile access,We've had to follow up several times and this is starting to become frustrating.
MSG0005995,ACC00618,2024-04-01T16:00:00,customer,support_chat,API reliability,We're still evaluating the change internally.
MSG0005996,ACC00618,2024-12-20T12:00:00,customer,support_chat,renewal terms,This has been affecting the team for a while and we need a clearer resolution.
MSG0005997,ACC00618,2024-11-05T08:00:00,customer,email,mobile access,We're still evaluating the change internally.
MSG0005998,ACC00618,2025-02-28T12:00:00,customer,email,API reliability,This has been affecting the team for a while and we need a clearer resolution.
MSG0005999,ACC00618,2024-09-02T18:00:00,agent,meeting_notes,SSO,We've been getting good value from the platform and adoption is steady.
MSG0006000,ACC00618,2024-09-12T12:00:00,agent,email,user provisioning,The reporting changes are useful and the team is happy with them.
MSG0006001,ACC00618,2024-09-03T13:00:00,customer,support_chat,invoice reconciliation,Thanks for getting this sorted so quickly. Everything is working now.
MSG0006002,ACC00618,2025-05-05T11:00:00,agent,support_chat,SSO,The latest release has made the workflow much easier for our team.
MSG0006003,ACC00618,2024-03-27T17:00:00,customer,support_chat,user provisioning,We've been getting good value from the platform and adoption is steady.
MSG0006004,ACC00618,2024-10-02T16:00:00,customer,meeting_notes,invoice reconciliation,The latest release has made the workflow much easier for our team.
MSG0006005,ACC00618,2025-03-18T13:00:00,agent,support_chat,usage reporting,We're reviewing the latest changes and have a few questions.
MSG0006006,ACC00618,2024-08-05T18:00:00,agent,meeting_notes,integration errors,The latest release has made the workflow much easier for our team.
MSG0006007,ACC00618,2025-04-06T13:00:00,customer,support_chat,integration errors,Thanks for getting this sorted so quickly. Everything is working now.
MSG0006008,ACC00618,2024-06-19T18:00:00,customer,support_chat,renewal terms,We've had to follow up several times and this is starting to become frustrating.
MSG0006009,ACC00619,2024-04-26T16:00:00,customer,email,report exports,The latest release has made the workflow much easier for our team.
MSG0006010,ACC00619,2025-11-27T08:00:00,customer,email,usage reporting,"The workflow is mostly fine, although there are a couple of things we'd like improved."
MSG0006011,ACC00619,2025-07-27T14:00:00,customer,email,usage reporting,The reporting changes are useful and the team is happy with them.
MSG0006012,ACC00619,2025-08-09T15:00:00,agent,meeting_notes,integration errors,The reporting changes are useful and the team is happy with them.
MSG0006013,ACC00619,2025-02-06T11:00:00,customer,meeting_notes,integration errors,The reporting changes are useful and the team is happy with them.
MSG0006014,ACC00619,2024-02-14T18:00:00,agent,meeting_notes,usage reporting,We've had to follow up several times and this is starting to become frustrating.
MSG0006015,ACC00619,2024-12-13T10:00:00,customer,email,dashboard performance,We've been getting good value from the platform and adoption is steady.
MSG0006016,ACC00619,2025-01-11T11:00:00,agent,meeting_notes,billing configuration,Thanks for getting this sorted so quickly. Everything is working now.
MSG0006017,ACC00619,2025-01-05T10:00:00,agent,email,integration errors,Could you help us understand why this is happening?
MSG0006018,ACC00619,2025-12-07T15:00:00,customer,email,invoice reconciliation,"The workflow is mostly fine, although there are a couple of things we'd like improved."
MSG0006019,ACC00619,2025-12-24T10:00:00,agent,email,invoice reconciliation,Could you help us understand why this is happening?
MSG0006020,ACC00620,2025-07-26T16:00:00,agent,meeting_notes,integration errors,Could you help us understand why this is happening?
MSG0006021,ACC00620,2025-03-20T13:00:00,customer,support_chat,permissions,This has been affecting the team for a while and we need a clearer resolution.
MSG0006022,ACC00620,2024-09-10T15:00:00,customer,email,billing configuration,Could you help us understand why this is happening?
MSG0006023,ACC00620,2024-06-07T12:00:00,agent,support_chat,dashboard performance,This has been affecting the team for a while and we need a clearer resolution.
MSG0006024,ACC00620,2025-04-18T10:00:00,agent,meeting_notes,dashboard performance,"The workflow is mostly fine, although there are a couple of things we'd like improved."
MSG0006025,ACC00620,2024-10-15T18:00:00,customer,email,workflow automation,The reporting changes are useful and the team is happy with them.
MSG0006026,ACC00620,2025-07-17T12:00:00,customer,email,usage reporting,Could you help us understand why this is happening?
MSG0006027,ACC00620,2024-05-15T15:00:00,agent,meeting_notes,dashboard performance,Thanks for getting this sorted so quickly. Everything is working now.
MSG0006028,ACC00620,2025-03-12T09:00:00,customer,email,usage reporting,We've been getting good value from the platform and adoption is steady.
MSG0006029,ACC00620,2024-06-23T08:00:00,agent,support_chat,report exports,The latest release has made the workflow much easier for our team.
MSG0006030,ACC00621,2024-07-12T15:00:00,customer,email,report exports,The reporting changes are useful and the team is happy with them.
MSG0006031,ACC00621,2025-07-09T12:00:00,customer,meeting_notes,SSO,We're still evaluating the change internally.
MSG0006032,ACC00621,2024-07-20T18:00:00,agent,meeting_notes,user provisioning,We've had to follow up several times and this is starting to become frustrating.
MSG0006033,ACC00621,2024-01-26T09:00:00,customer,email,data synchronization,This has been affecting the team for a while and we need a clearer resolution.
MSG0006034,ACC00621,2024-07-20T17:00:00,customer,email,integration errors,Could you help us understand why this is happening?
MSG0006035,ACC00621,2025-08-04T18:00:00,agent,email,renewal terms,We're reviewing the latest changes and have a few questions.
MSG0006036,ACC00621,2024-08-22T10:00:00,customer,meeting_notes,SSO,The reporting changes are useful and the team is happy with them.
MSG0006037,ACC00621,2024-03-12T17:00:00,customer,meeting_notes,user provisioning,We've been getting good value from the platform and adoption is steady.
MSG0006038,ACC00621,2024-06-23T08:00:00,agent,email,API reliability,We've had to follow up several times and this is starting to become frustrating.
MSG0006039,ACC00621,2025-02-04T08:00:00,agent,email,permissions,The reporting changes are useful and the team is happy with them.
MSG0006040,ACC00621,2024-04-05T11:00:00,customer,meeting_notes,API reliability,We've had to follow up several times and this is starting to become frustrating.
MSG0006041,ACC00622,2024-02-25T11:00:00,customer,email,SSO,Could you help us understand why this is happening?
MSG0006042,ACC00622,2024-09-20T17:00:00,agent,meeting_notes,SSO,Thanks for getting this sorted so quickly. Everything is working now.
MSG0006043,ACC00622,2024-07-04T10:00:00,agent,email,invoice reconciliation,Could you help us understand why this is happening?
MSG0006044,ACC00622,2024-07-23T14:00:00,customer,email,billing configuration,We've had to follow up several times and this is starting to become frustrating.
MSG0006045,ACC00622,2024-01-08T10:00:00,agent,email,mobile access,Thanks for getting this sorted so quickly. Everything is working now.
MSG0006046,ACC00623,2025-04-07T18:00:00,customer,meeting_notes,billing configuration,Thanks for getting this sorted so quickly. Everything is working now.
MSG0006047,ACC00623,2024-05-10T15:00:00,customer,support_chat,integration errors,We've been getting good value from the platform and adoption is steady.
MSG0006048,ACC00623,2024-09-21T12:00:00,agent,email,mobile access,We've had to follow up several times and this is starting to become frustrating.
MSG0006049,ACC00623,2025-06-16T09:00:00,customer,email,invoice reconciliation,We've had to follow up several times and this is starting to become frustrating.
MSG0006050,ACC00623,2024-07-09T17:00:00,customer,support_chat,renewal terms,This has been affecting the team for a while and we need a clearer resolution.
MSG0006051,ACC00623,2025-03-23T18:00:00,customer,email,permissions,The reporting changes are useful and the team is happy with them.
MSG0006052,ACC00623,2025-06-18T09:00:00,customer,email,data synchronization,Could you help us understand why this is happening?
MSG0006053,ACC00623,2024-08-14T12:00:00,customer,email,data synchronization,Thanks for getting this sorted so quickly. Everything is working now.
MSG0006054,ACC00623,2024-09-04T10:00:00,customer,support_chat,dashboard performance,Could you help us understand why this is happening?
MSG0006055,ACC00624,2025-02-28T08:00:00,customer,email,integration errors,Could you help us understand why this is happening?
MSG0006056,ACC00624,2024-12-08T16:00:00,agent,meeting_notes,integration errors,We've been getting good value from the platform and adoption is steady.
MSG0006057,ACC00624,2025-02-18T10:00:00,agent,meeting_notes,billing configuration,Thanks for getting this sorted so quickly. Everything is working now.
MSG0006058,ACC00624,2025-02-26T13:00:00,customer,meeting_notes,usage reporting,Could you help us understand why this is happening?
MSG0006059,ACC00624,2024-12-27T09:00:00,agent,support_chat,renewal terms,"The workflow is mostly fine, although there are a couple of things we'd like improved."
MSG0006060,ACC00624,2025-01-10T08:00:00,customer,meeting_notes,data synchronization,"The workflow is mostly fine, although there are a couple of things we'd like improved."
MSG0006061,ACC00624,2024-10-18T13:00:00,agent,email,data synchronization,"The workflow is mostly fine, although there are a couple of things we'd like improved."
MSG0006062,ACC00624,2024-08-04T17:00:00,agent,support_chat,mobile access,The latest release has made the workflow much easier for our team.
MSG0006063,ACC00624,2024-08-26T10:00:00,agent,meeting_notes,integration errors,We've been getting good value from the platform and adoption is steady.
MSG0006064,ACC00624,2024-06-26T17:00:00,customer,email,billing configuration,The latest release has made the workflow much easier for our team.
MSG0006065,ACC00624,2024-02-03T10:00:00,customer,email,integration errors,The reporting changes are useful and the team is happy with them.
MSG0006066,ACC00624,2024-07-02T16:00:00,customer,support_chat,user provisioning,This has been affecting the team for a while and we need a clearer resolution.
MSG0006067,ACC00624,2025-09-27T12:00:00,agent,email,billing configuration,The latest release has made the workflow much easier for our team.
MSG0006068,ACC00624,2024-07-15T16:00:00,customer,email,user provisioning,We're reviewing the latest changes and have a few questions.
MSG0006069,ACC00625,2024-12-03T17:00:00,customer,meeting_notes,invoice reconciliation,We've had to follow up several times and this is starting to become frustrating.
MSG0006070,ACC00625,2025-10-27T15:00:00,customer,support_chat,API reliability,We've been getting good value from the platform and adoption is steady.
MSG0006071,ACC00625,2025-08-07T08:00:00,agent,support_chat,renewal terms,Thanks for getting this sorted so quickly. Everything is working now.
MSG0006072,ACC00625,2025-08-13T18:00:00,customer,email,workflow automation,We've been getting good value from the platform and adoption is steady.
MSG0006073,ACC00625,2025-01-12T15:00:00,customer,email,permissions,We've had to follow up several times and this is starting to become frustrating.
MSG0006074,ACC00625,2024-08-01T15:00:00,customer,support_chat,integration errors,We're reviewing the latest changes and have a few questions.
MSG0006075,ACC00625,2024-11-24T14:00:00,customer,meeting_notes,API reliability,This has been affecting the team for a while and we need a clearer resolution.
MSG0006076,ACC00625,2025-11-08T17:00:00,customer,email,permissions,Thanks for getting this sorted so quickly. Everything is working now.
MSG0006077,ACC00625,2024-01-15T14:00:00,agent,meeting_notes,renewal terms,The reporting changes are useful and the team is happy with them.
MSG0006078,ACC00625,2024-10-25T13:00:00,agent,meeting_notes,renewal terms,We're still evaluating the change internally.
MSG0006079,ACC00625,2025-02-07T08:00:00,customer,email,report exports,We've had to follow up several times and this is starting to become frustrating.
MSG0006080,ACC00625,2025-06-22T12:00:00,customer,meeting_notes,renewal terms,This has been affecting the team for a while and we need a clearer resolution.
MSG0006081,ACC00625,2024-07-02T10:00:00,customer,email,data synchronization,Thanks for getting this sorted so quickly. Everything is working now.
MSG0006082,ACC00625,2025-07-03T17:00:00,customer,meeting_notes,workflow automation,Could you help us understand why this is happening?
MSG0006083,ACC00625,2024-06-04T14:00:00,customer,support_chat,usage reporting,We're still evaluating the change internally.
MSG0006084,ACC00626,2024-05-18T16:00:00,customer,support_chat,dashboard performance,The latest release has made the workflow much easier for our team.
MSG0006085,ACC00626,2024-05-20T12:00:00,customer,email,SSO,The latest release has made the workflow much easier for our team.
MSG0006086,ACC00626,2024-07-08T11:00:00,agent,email,billing configuration,Thanks for getting this sorted so quickly. Everything is working now.
MSG0006087,ACC00626,2024-02-13T13:00:00,customer,email,permissions,This has been affecting the team for a while and we need a clearer resolution.
MSG0006088,ACC00626,2024-07-07T14:00:00,customer,email,workflow automation,We're reviewing the latest changes and have a few questions.
MSG0006089,ACC00627,2024-08-25T14:00:00,customer,meeting_notes,report exports,We've been getting good value from the platform and adoption is steady.
MSG0006090,ACC00627,2024-12-27T17:00:00,customer,email,report exports,We've had to follow up several times and this is starting to become frustrating.
MSG0006091,ACC00627,2024-04-20T10:00:00,agent,email,renewal terms,We're still evaluating the change internally.
MSG0006092,ACC00627,2025-02-16T16:00:00,customer,support_chat,SSO,We've had to follow up several times and this is starting to become frustrating.
MSG0006093,ACC00627,2024-05-11T13:00:00,agent,meeting_notes,report exports,The latest release has made the workflow much easier for our team.
MSG0006094,ACC00627,2025-05-08T18:00:00,agent,meeting_notes,data synchronization,Could you help us understand why this is happening?
MSG0006095,ACC00627,2024-04-24T17:00:00,customer,meeting_notes,usage reporting,The reporting changes are useful and the team is happy with them.
MSG0006096,ACC00627,2024-11-13T11:00:00,agent,support_chat,invoice reconciliation,Thanks for getting this sorted so quickly. Everything is working now.
MSG0006097,ACC00627,2024-07-08T08:00:00,customer,meeting_notes,data synchronization,Thanks for getting this sorted so quickly. Everything is working now.
MSG0006098,ACC00628,2024-07-24T08:00:00,agent,email,integration errors,We're reviewing the latest changes and have a few questions.
MSG0006099,ACC00628,2024-06-03T15:00:00,customer,meeting_notes,renewal terms,"The workflow is mostly fine, although there are a couple of things we'd like improved."
MSG0006100,ACC00629,2025-11-05T16:00:00,customer,support_chat,renewal terms,Could you help us understand why this is happening?
MSG0006101,ACC00629,2025-08-12T09:00:00,customer,meeting_notes,usage reporting,We've had to follow up several times and this is starting to become frustrating.
MSG0006102,ACC00629,2024-10-01T17:00:00,agent,support_chat,data synchronization,This has been affecting the team for a while and we need a clearer resolution.
MSG0006103,ACC00629,2025-07-14T14:00:00,customer,meeting_notes,usage reporting,We're reviewing alternatives because this is becoming difficult to justify internally.
MSG0006104,ACC00629,2025-04-02T11:00:00,agent,email,invoice reconciliation,We've been getting good value from the platform and adoption is steady.
MSG0006105,ACC00629,2024-10-25T17:00:00,customer,support_chat,workflow automation,"The workflow is mostly fine, although there are a couple of things we'd like improved."
MSG0006106,ACC00629,2025-04-19T18:00:00,customer,support_chat,billing configuration,Could you help us understand why this is happening?
MSG0006107,ACC00629,2025-02-13T09:00:00,customer,support_chat,invoice reconciliation,We're reviewing the latest changes and have a few questions.
MSG0006108,ACC00629,2025-10-06T09:00:00,agent,support_chat,mobile access,We're considering reducing the footprint at renewal unless things improve.
MSG0006109,ACC00629,2024-12-19T14:00:00,customer,support_chat,user provisioning,The latest release has made the workflow much easier for our team.
MSG0006110,ACC00629,2024-04-24T16:00:00,customer,meeting_notes,invoice reconciliation,"The workflow is mostly fine, although there are a couple of things we'd like improved."
MSG0006111,ACC00629,2025-08-24T18:00:00,agent,meeting_notes,invoice reconciliation,We're considering reducing the footprint at renewal unless things improve.
MSG0006112,ACC00629,2024-06-22T08:00:00,customer,email,renewal terms,We're still evaluating the change internally.
MSG0006113,ACC00630,2024-11-20T15:00:00,customer,meeting_notes,permissions,The reporting changes are useful and the team is happy with them.
MSG0006114,ACC00630,2024-07-12T08:00:00,agent,meeting_notes,integration errors,This has been affecting the team for a while and we need a clearer resolution.
MSG0006115,ACC00630,2024-06-19T16:00:00,customer,meeting_notes,report exports,We've had to follow up several times and this is starting to become frustrating.
MSG0006116,ACC00630,2024-01-01T08:00:00,agent,email,report exports,This has been affecting the team for a while and we need a clearer resolution.
MSG0006117,ACC00630,2024-02-03T13:00:00,customer,email,usage reporting,The reporting changes are useful and the team is happy with them.
MSG0006118,ACC00630,2024-05-12T12:00:00,agent,email,SSO,This has been affecting the team for a while and we need a clearer resolution.
MSG0006119,ACC00631,2024-07-17T13:00:00,customer,email,report exports,Could you help us understand why this is happening?
MSG0006120,ACC00631,2025-10-16T17:00:00,agent,email,usage reporting,Thanks for getting this sorted so quickly. Everything is working now.
MSG0006121,ACC00631,2025-06-05T16:00:00,agent,meeting_notes,integration errors,Could you help us understand why this is happening?
MSG0006122,ACC00631,2025-08-17T18:00:00,customer,meeting_notes,billing configuration,We're reviewing the latest changes and have a few questions.
MSG0006123,ACC00631,2025-01-09T16:00:00,agent,support_chat,billing configuration,"The workflow is mostly fine, although there are a couple of things we'd like improved."
MSG0006124,ACC00631,2024-02-24T16:00:00,agent,email,API reliability,We've been getting good value from the platform and adoption is steady.
MSG0006125,ACC00631,2025-05-04T16:00:00,customer,email,SSO,"The workflow is mostly fine, although there are a couple of things we'd like improved."
MSG0006126,ACC00631,2025-09-20T15:00:00,customer,support_chat,data synchronization,The reporting changes are useful and the team is happy with them.
MSG0006127,ACC00631,2025-05-02T11:00:00,agent,meeting_notes,billing configuration,The latest release has made the workflow much easier for our team.
MSG0006128,ACC00631,2024-05-28T08:00:00,customer,support_chat,integration errors,We've been getting good value from the platform and adoption is steady.
MSG0006129,ACC00631,2024-05-05T15:00:00,agent,email,billing configuration,The reporting changes are useful and the team is happy with them.
MSG0006130,ACC00631,2024-05-24T12:00:00,customer,meeting_notes,SSO,Thanks for getting this sorted so quickly. Everything is working now.
MSG0006131,ACC00631,2025-03-22T16:00:00,customer,meeting_notes,SSO,"The workflow is mostly fine, although there are a couple of things we'd like improved."
MSG0006132,ACC00631,2024-07-18T18:00:00,agent,meeting_notes,API reliability,We're reviewing the latest changes and have a few questions.
MSG0006133,ACC00632,2024-06-16T08:00:00,customer,meeting_notes,dashboard performance,We're still evaluating the change internally.
MSG0006134,ACC00632,2025-10-01T15:00:00,customer,email,billing configuration,Thanks for getting this sorted so quickly. Everything is working now.
MSG0006135,ACC00632,2024-12-27T09:00:00,agent,support_chat,SSO,We've had to follow up several times and this is starting to become frustrating.
MSG0006136,ACC00632,2025-01-20T10:00:00,agent,meeting_notes,permissions,We're still evaluating the change internally.
MSG0006137,ACC00632,2024-06-12T16:00:00,customer,email,billing configuration,We're still evaluating the change internally.
MSG0006138,ACC00632,2025-05-05T14:00:00,customer,meeting_notes,user provisioning,This has been affecting the team for a while and we need a clearer resolution.
MSG0006139,ACC00632,2025-09-09T08:00:00,customer,email,SSO,The latest release has made the workflow much easier for our team.
MSG0006140,ACC00632,2025-03-10T08:00:00,customer,email,permissions,Thanks for getting this sorted so quickly. Everything is working now.
MSG0006141,ACC00632,2024-06-08T15:00:00,agent,support_chat,data synchronization,We've had to follow up several times and this is starting to become frustrating.
MSG0006142,ACC00632,2024-04-09T18:00:00,customer,meeting_notes,dashboard performance,We're reviewing the latest changes and have a few questions.
MSG0006143,ACC00632,2025-01-28T17:00:00,agent,support_chat,user provisioning,This has been affecting the team for a while and we need a clearer resolution.
MSG0006144,ACC00632,2024-04-14T14:00:00,customer,email,dashboard performance,Could you help us understand why this is happening?
MSG0006145,ACC00632,2025-10-20T15:00:00,customer,support_chat,data synchronization,"The workflow is mostly fine, although there are a couple of things we'd like improved."
MSG0006146,ACC00632,2025-12-22T18:00:00,customer,meeting_notes,data synchronization,This has been affecting the team for a while and we need a clearer resolution.
MSG0006147,ACC00632,2025-11-02T14:00:00,customer,email,user provisioning,The latest release has made the workflow much easier for our team.
MSG0006148,ACC00632,2024-07-20T12:00:00,agent,email,user provisioning,We're reviewing the latest changes and have a few questions.
MSG0006149,ACC00633,2024-05-22T11:00:00,agent,support_chat,billing configuration,The latest release has made the workflow much easier for our team.
MSG0006150,ACC00633,2024-06-14T17:00:00,agent,support_chat,mobile access,The latest release has made the workflow much easier for our team.
MSG0006151,ACC00633,2024-06-15T09:00:00,customer,meeting_notes,API reliability,The reporting changes are useful and the team is happy with them.
MSG0006152,ACC00633,2024-02-15T11:00:00,customer,meeting_notes,SSO,Thanks for getting this sorted so quickly. Everything is working now.
MSG0006153,ACC00633,2024-03-12T11:00:00,customer,meeting_notes,user provisioning,We're reviewing the latest changes and have a few questions.
MSG0006154,ACC00633,2024-11-13T11:00:00,agent,meeting_notes,dashboard performance,This has been affecting the team for a while and we need a clearer resolution.
MSG0006155,ACC00634,2024-08-12T12:00:00,customer,meeting_notes,usage reporting,We're reviewing the latest changes and have a few questions.
MSG0006156,ACC00634,2024-04-18T10:00:00,customer,meeting_notes,usage reporting,We're reviewing the latest changes and have a few questions.
MSG0006157,ACC00635,2024-10-27T14:00:00,customer,meeting_notes,integration errors,We've been getting good value from the platform and adoption is steady.
MSG0006158,ACC00635,2024-02-07T18:00:00,customer,email,invoice reconciliation,Thanks for getting this sorted so quickly. Everything is working now.
MSG0006159,ACC00635,2024-03-19T08:00:00,agent,support_chat,data synchronization,This has been affecting the team for a while and we need a clearer resolution.
MSG0006160,ACC00635,2024-06-21T18:00:00,agent,support_chat,usage reporting,The reporting changes are useful and the team is happy with them.
MSG0006161,ACC00635,2025-03-24T17:00:00,agent,email,permissions,This has been affecting the team for a while and we need a clearer resolution.
MSG0006162,ACC00635,2025-01-12T17:00:00,customer,meeting_notes,dashboard performance,We've had to follow up several times and this is starting to become frustrating.
MSG0006163,ACC00635,2024-10-12T11:00:00,customer,support_chat,renewal terms,"The workflow is mostly fine, although there are a couple of things we'd like improved."
MSG0006164,ACC00636,2024-01-17T12:00:00,customer,email,dashboard performance,We've been getting good value from the platform and adoption is steady.
MSG0006165,ACC00636,2024-08-21T09:00:00,agent,email,report exports,"The workflow is mostly fine, although there are a couple of things we'd like improved."
MSG0006166,ACC00636,2024-10-08T11:00:00,customer,support_chat,user provisioning,Could you help us understand why this is happening?
MSG0006167,ACC00636,2024-05-10T09:00:00,customer,email,usage reporting,Thanks for getting this sorted so quickly. Everything is working now.
MSG0006168,ACC00636,2024-11-27T09:00:00,customer,meeting_notes,permissions,This has been affecting the team for a while and we need a clearer resolution.
MSG0006169,ACC00636,2024-05-25T14:00:00,customer,meeting_notes,renewal terms,Could you help us understand why this is happening?
MSG0006170,ACC00636,2024-01-13T11:00:00,customer,support_chat,usage reporting,We're reviewing the latest changes and have a few questions.
MSG0006171,ACC00637,2024-10-20T12:00:00,agent,support_chat,mobile access,"The workflow is mostly fine, although there are a couple of things we'd like improved."
MSG0006172,ACC00637,2024-09-12T18:00:00,agent,email,report exports,We've been getting good value from the platform and adoption is steady.
MSG0006173,ACC00638,2025-02-01T09:00:00,customer,meeting_notes,invoice reconciliation,The latest release has made the workflow much easier for our team.
MSG0006174,ACC00638,2024-12-19T10:00:00,customer,meeting_notes,renewal terms,We've had to follow up several times and this is starting to become frustrating.
MSG0006175,ACC00638,2024-07-28T10:00:00,customer,email,permissions,We're still evaluating the change internally.
MSG0006176,ACC00638,2025-03-23T14:00:00,agent,email,user provisioning,We've been getting good value from the platform and adoption is steady.
MSG0006177,ACC00638,2024-04-10T08:00:00,customer,support_chat,invoice reconciliation,Thanks for getting this sorted so quickly. Everything is working now.
MSG0006178,ACC00639,2024-03-05T09:00:00,customer,email,report exports,The latest release has made the workflow much easier for our team.
MSG0006179,ACC00639,2024-09-23T17:00:00,customer,meeting_notes,report exports,Could you help us understand why this is happening?
MSG0006180,ACC00639,2024-03-28T09:00:00,customer,support_chat,user provisioning,The latest release has made the workflow much easier for our team.
MSG0006181,ACC00639,2024-07-15T08:00:00,customer,email,integration errors,We're reviewing the latest changes and have a few questions.
MSG0006182,ACC00639,2024-06-28T14:00:00,customer,email,invoice reconciliation,"The workflow is mostly fine, although there are a couple of things we'd like improved."
MSG0006183,ACC00640,2024-11-24T12:00:00,agent,meeting_notes,renewal terms,We've had to follow up several times and this is starting to become frustrating.
MSG0006184,ACC00640,2024-03-26T12:00:00,customer,meeting_notes,invoice reconciliation,We're still evaluating the change internally.
MSG0006185,ACC00640,2025-10-13T09:00:00,agent,email,renewal terms,Thanks for getting this sorted so quickly. Everything is working now.
MSG0006186,ACC00640,2024-12-12T08:00:00,agent,email,renewal terms,We've been getting good value from the platform and adoption is steady.
MSG0006187,ACC00640,2024-07-26T16:00:00,customer,support_chat,billing configuration,The latest release has made the workflow much easier for our team.
MSG0006188,ACC00640,2025-05-21T15:00:00,customer,support_chat,mobile access,The latest release has made the workflow much easier for our team.
MSG0006189,ACC00640,2025-11-11T13:00:00,agent,email,data synchronization,We're still evaluating the change internally.
MSG0006190,ACC00640,2024-11-01T18:00:00,customer,meeting_notes,dashboard performance,This has been affecting the team for a while and we need a clearer resolution.
MSG0006191,ACC00640,2024-02-16T09:00:00,customer,support_chat,permissions,Could you help us understand why this is happening?
MSG0006192,ACC00640,2025-04-26T11:00:00,agent,support_chat,permissions,We're still evaluating the change internally.
MSG0006193,ACC00640,2024-12-24T17:00:00,agent,support_chat,API reliability,We're still evaluating the change internally.
MSG0006194,ACC00641,2024-02-21T12:00:00,agent,email,user provisioning,We're still evaluating the change internally.
MSG0006195,ACC00641,2024-02-14T18:00:00,customer,meeting_notes,invoice reconciliation,We've been getting good value from the platform and adoption is steady.
MSG0006196,ACC00642,2024-08-14T11:00:00,customer,support_chat,user provisioning,The latest release has made the workflow much easier for our team.
MSG0006197,ACC00642,2024-02-17T16:00:00,agent,support_chat,mobile access,We're still evaluating the change internally.
MSG0006198,ACC00642,2025-06-05T10:00:00,customer,meeting_notes,billing configuration,We're reviewing the latest changes and have a few questions.
MSG0006199,ACC00642,2024-06-16T16:00:00,agent,meeting_notes,invoice reconciliation,Could you help us understand why this is happening?
MSG0006200,ACC00642,2024-07-04T09:00:00,customer,meeting_notes,dashboard performance,Could you help us understand why this is happening?
MSG0006201,ACC00642,2024-02-22T08:00:00,customer,support_chat,permissions,We've had to follow up several times and this is starting to become frustrating.
MSG0006202,ACC00642,2025-05-11T16:00:00,customer,email,user provisioning,The latest release has made the workflow much easier for our team.
MSG0006203,ACC00642,2024-12-27T13:00:00,customer,support_chat,mobile access,The reporting changes are useful and the team is happy with them.
MSG0006204,ACC00642,2024-03-15T16:00:00,customer,support_chat,dashboard performance,The reporting changes are useful and the team is happy with them.
MSG0006205,ACC00643,2025-04-01T16:00:00,customer,support_chat,renewal terms,Could you help us understand why this is happening?
MSG0006206,ACC00643,2024-05-24T08:00:00,customer,email,report exports,This has been affecting the team for a while and we need a clearer resolution.
MSG0006207,ACC00643,2025-08-04T08:00:00,customer,email,billing configuration,We're still evaluating the change internally.
MSG0006208,ACC00643,2024-07-17T11:00:00,customer,email,usage reporting,Could you help us understand why this is happening?
MSG0006209,ACC00643,2024-06-25T17:00:00,agent,email,API reliability,We've had to follow up several times and this is starting to become frustrating.
MSG0006210,ACC00643,2025-07-25T16:00:00,customer,email,invoice reconciliation,We're reviewing the latest changes and have a few questions.
MSG0006211,ACC00643,2024-09-03T10:00:00,agent,email,integration errors,Could you help us understand why this is happening?
MSG0006212,ACC00643,2024-10-04T17:00:00,agent,email,permissions,We've had to follow up several times and this is starting to become frustrating.
MSG0006213,ACC00644,2024-09-26T15:00:00,customer,meeting_notes,workflow automation,"The workflow is mostly fine, although there are a couple of things we'd like improved."
MSG0006214,ACC00644,2025-09-10T16:00:00,customer,email,report exports,The reporting changes are useful and the team is happy with them.
MSG0006215,ACC00644,2025-09-26T16:00:00,customer,meeting_notes,invoice reconciliation,The reporting changes are useful and the team is happy with them.
MSG0006216,ACC00644,2024-09-25T10:00:00,customer,meeting_notes,permissions,We've been getting good value from the platform and adoption is steady.
MSG0006217,ACC00644,2024-08-09T11:00:00,agent,meeting_notes,workflow automation,We're reviewing the latest changes and have a few questions.
MSG0006218,ACC00644,2024-03-26T14:00:00,customer,email,dashboard performance,Could you help us understand why this is happening?
MSG0006219,ACC00644,2025-03-08T08:00:00,agent,email,workflow automation,We're still evaluating the change internally.
MSG0006220,ACC00644,2025-11-06T08:00:00,agent,email,SSO,Could you help us understand why this is happening?
MSG0006221,ACC00644,2025-08-18T18:00:00,agent,email,API reliability,This has been affecting the team for a while and we need a clearer resolution.
MSG0006222,ACC00644,2025-11-20T09:00:00,agent,email,SSO,"The workflow is mostly fine, although there are a couple of things we'd like improved."
MSG0006223,ACC00645,2024-02-01T15:00:00,customer,support_chat,report exports,We've been getting good value from the platform and adoption is steady.
MSG0006224,ACC00645,2024-02-27T10:00:00,customer,meeting_notes,SSO,We've been getting good value from the platform and adoption is steady.
MSG0006225,ACC00645,2024-09-08T13:00:00,customer,support_chat,mobile access,The latest release has made the workflow much easier for our team.
MSG0006226,ACC00645,2025-05-21T09:00:00,customer,meeting_notes,integration errors,There seems to be a discrepancy in the invoice total.
MSG0006227,ACC00645,2024-05-25T11:00:00,agent,support_chat,user provisioning,We've been getting good value from the platform and adoption is steady.
MSG0006228,ACC00645,2024-04-18T12:00:00,customer,email,usage reporting,The latest release has made the workflow much easier for our team.
MSG0006229,ACC00645,2024-04-14T08:00:00,agent,email,report exports,Could you help us understand why this is happening?
MSG0006230,ACC00645,2024-10-14T11:00:00,customer,support_chat,dashboard performance,The reporting changes are useful and the team is happy with them.
MSG0006231,ACC00646,2024-04-06T12:00:00,customer,support_chat,renewal terms,The latest release has made the workflow much easier for our team.
MSG0006232,ACC00646,2025-02-12T14:00:00,agent,support_chat,usage reporting,We're still evaluating the change internally.
MSG0006233,ACC00646,2025-02-25T09:00:00,agent,email,mobile access,The latest release has made the workflow much easier for our team.
MSG0006234,ACC00646,2025-01-14T15:00:00,agent,meeting_notes,usage reporting,"The workflow is mostly fine, although there are a couple of things we'd like improved."
MSG0006235,ACC00646,2024-07-25T15:00:00,customer,support_chat,mobile access,The reporting changes are useful and the team is happy with them.
MSG0006236,ACC00646,2024-09-21T14:00:00,customer,meeting_notes,workflow automation,The reporting changes are useful and the team is happy with them.
MSG0006237,ACC00646,2025-09-19T13:00:00,agent,meeting_notes,user provisioning,We're still evaluating the change internally.
MSG0006238,ACC00646,2025-07-27T17:00:00,customer,meeting_notes,report exports,We're reviewing the latest changes and have a few questions.
MSG0006239,ACC00646,2024-10-21T12:00:00,agent,email,invoice reconciliation,Thanks for getting this sorted so quickly. Everything is working now.
MSG0006240,ACC00646,2025-03-07T11:00:00,customer,support_chat,dashboard performance,We've had to follow up several times and this is starting to become frustrating.
MSG0006241,ACC00646,2024-05-05T16:00:00,agent,email,renewal terms,Could you help us understand why this is happening?
MSG0006242,ACC00646,2025-08-23T14:00:00,agent,support_chat,report exports,This has been affecting the team for a while and we need a clearer resolution.
MSG0006243,ACC00646,2025-03-13T17:00:00,customer,meeting_notes,report exports,The reporting changes are useful and the team is happy with them.
MSG0006244,ACC00647,2024-12-16T17:00:00,customer,meeting_notes,workflow automation,We've had to follow up several times and this is starting to become frustrating.
MSG0006245,ACC00647,2024-04-28T09:00:00,customer,meeting_notes,billing configuration,We're reviewing the latest changes and have a few questions.
MSG0006246,ACC00647,2024-04-27T15:00:00,customer,email,user provisioning,Thanks for getting this sorted so quickly. Everything is working now.
MSG0006247,ACC00647,2024-06-02T16:00:00,customer,meeting_notes,workflow automation,We've had to follow up several times and this is starting to become frustrating.
MSG0006248,ACC00647,2024-04-18T15:00:00,customer,meeting_notes,workflow automation,The latest release has made the workflow much easier for our team.
MSG0006249,ACC00647,2025-04-17T18:00:00,customer,support_chat,invoice reconciliation,The latest release has made the workflow much easier for our team.
MSG0006250,ACC00647,2025-11-21T13:00:00,agent,support_chat,report exports,We're still evaluating the change internally.
MSG0006251,ACC00647,2025-01-11T17:00:00,customer,support_chat,workflow automation,Thanks for getting this sorted so quickly. Everything is working now.
MSG0006252,ACC00647,2025-12-14T08:00:00,customer,support_chat,SSO,"The workflow is mostly fine, although there are a couple of things we'd like improved."
MSG0006253,ACC00647,2024-10-07T10:00:00,customer,email,workflow automation,We're reviewing the latest changes and have a few questions.
MSG0006254,ACC00647,2025-10-18T14:00:00,customer,meeting_notes,user provisioning,We've been getting good value from the platform and adoption is steady.
MSG0006255,ACC00647,2025-01-05T14:00:00,agent,support_chat,data synchronization,We're reviewing the latest changes and have a few questions.
MSG0006256,ACC00648,2024-05-16T13:00:00,customer,email,workflow automation,We've had to follow up several times and this is starting to become frustrating.
MSG0006257,ACC00648,2024-07-25T16:00:00,agent,email,dashboard performance,The reporting changes are useful and the team is happy with them.
MSG0006258,ACC00648,2025-05-10T11:00:00,customer,meeting_notes,SSO,The latest release has made the workflow much easier for our team.
MSG0006259,ACC00648,2024-02-18T13:00:00,customer,meeting_notes,SSO,"The workflow is mostly fine, although there are a couple of things we'd like improved."
MSG0006260,ACC00648,2025-03-18T13:00:00,customer,email,data synchronization,The latest release has made the workflow much easier for our team.
MSG0006261,ACC00648,2025-10-02T08:00:00,customer,meeting_notes,API reliability,We're still evaluating the change internally.
MSG0006262,ACC00648,2024-06-19T15:00:00,agent,support_chat,billing configuration,We've had to follow up several times and this is starting to become frustrating.
MSG0006263,ACC00648,2025-02-07T13:00:00,customer,support_chat,mobile access,"The workflow is mostly fine, although there are a couple of things we'd like improved."
MSG0006264,ACC00648,2025-04-06T17:00:00,agent,meeting_notes,SSO,The reporting changes are useful and the team is happy with them.
MSG0006265,ACC00648,2024-03-25T18:00:00,agent,meeting_notes,user provisioning,We've had to follow up several times and this is starting to become frustrating.
MSG0006266,ACC00648,2025-04-25T13:00:00,agent,email,mobile access,The latest release has made the workflow much easier for our team.
MSG0006267,ACC00648,2024-07-24T11:00:00,customer,meeting_notes,data synchronization,We're still evaluating the change internally.
MSG0006268,ACC00648,2025-08-14T08:00:00,customer,email,dashboard performance,Thanks for getting this sorted so quickly. Everything is working now.
MSG0006269,ACC00648,2024-03-09T11:00:00,agent,email,API reliability,This has been affecting the team for a while and we need a clearer resolution.
MSG0006270,ACC00648,2024-05-07T17:00:00,agent,meeting_notes,SSO,This has been affecting the team for a while and we need a clearer resolution.
MSG0006271,ACC00649,2025-12-04T10:00:00,agent,meeting_notes,dashboard performance,We're still evaluating the change internally.
MSG0006272,ACC00649,2025-04-05T14:00:00,customer,meeting_notes,SSO,Could you help us understand why this is happening?
MSG0006273,ACC00649,2025-02-18T09:00:00,agent,support_chat,workflow automation,This has been affecting the team for a while and we need a clearer resolution.
MSG0006274,ACC00649,2024-02-04T14:00:00,customer,email,usage reporting,"The workflow is mostly fine, although there are a couple of things we'd like improved."
MSG0006275,ACC00649,2025-05-28T11:00:00,agent,email,permissions,The reporting changes are useful and the team is happy with them.
MSG0006276,ACC00649,2025-01-04T17:00:00,customer,meeting_notes,renewal terms,We've had to follow up several times and this is starting to become frustrating.
MSG0006277,ACC00649,2025-06-12T14:00:00,customer,email,invoice reconciliation,"The workflow is mostly fine, although there are a couple of things we'd like improved."
MSG0006278,ACC00649,2024-04-23T17:00:00,customer,meeting_notes,integration errors,Could you help us understand why this is happening?
MSG0006279,ACC00649,2024-03-15T08:00:00,agent,meeting_notes,integration errors,Could you help us understand why this is happening?
MSG0006280,ACC00649,2024-05-12T17:00:00,customer,meeting_notes,integration errors,We've been getting good value from the platform and adoption is steady.
MSG0006281,ACC00649,2025-02-25T17:00:00,customer,email,usage reporting,The reporting changes are useful and the team is happy with them.
MSG0006282,ACC00649,2025-12-11T15:00:00,agent,meeting_notes,SSO,We've been getting good value from the platform and adoption is steady.
MSG0006283,ACC00649,2024-05-11T13:00:00,customer,support_chat,invoice reconciliation,We're reviewing the latest changes and have a few questions.
MSG0006284,ACC00649,2024-02-13T16:00:00,customer,email,integration errors,The reporting changes are useful and the team is happy with them.
MSG0006285,ACC00650,2024-11-28T12:00:00,agent,meeting_notes,usage reporting,"The workflow is mostly fine, although there are a couple of things we'd like improved."
MSG0006286,ACC00650,2025-01-17T16:00:00,agent,meeting_notes,usage reporting,Could you help us understand why this is happening?
MSG0006287,ACC00650,2025-01-24T08:00:00,customer,email,dashboard performance,This has been affecting the team for a while and we need a clearer resolution.
MSG0006288,ACC00650,2024-08-27T11:00:00,customer,email,integration errors,We're reviewing the latest changes and have a few questions.
MSG0006289,ACC00650,2024-03-06T15:00:00,customer,email,dashboard performance,"The workflow is mostly fine, although there are a couple of things we'd like improved."
MSG0006290,ACC00650,2024-05-14T09:00:00,agent,support_chat,invoice reconciliation,The reporting changes are useful and the team is happy with them.
MSG0006291,ACC00650,2024-10-24T16:00:00,customer,support_chat,workflow automation,We've had to follow up several times and this is starting to become frustrating.
MSG0006292,ACC00650,2025-01-25T15:00:00,customer,support_chat,report exports,We've been getting good value from the platform and adoption is steady.
MSG0006293,ACC00650,2024-06-09T18:00:00,customer,email,user provisioning,We're reviewing the latest changes and have a few questions.
MSG0006294,ACC00650,2024-03-01T09:00:00,customer,support_chat,mobile access,The reporting changes are useful and the team is happy with them.
MSG0006295,ACC00650,2024-01-17T08:00:00,customer,meeting_notes,permissions,The reporting changes are useful and the team is happy with them.
MSG0006296,ACC00651,2025-11-07T14:00:00,customer,support_chat,usage reporting,We're reviewing alternatives because this is becoming difficult to justify internally.
MSG0006297,ACC00651,2025-10-24T16:00:00,agent,support_chat,renewal terms,We're reviewing alternatives because this is becoming difficult to justify internally.
MSG0006298,ACC00651,2025-10-23T12:00:00,customer,email,user provisioning,We're reviewing alternatives because this is becoming difficult to justify internally.
MSG0006299,ACC00651,2025-11-11T08:00:00,agent,support_chat,integration errors,"If we can't get this resolved soon, we'll need to look at other options."
MSG0006300,ACC00651,2025-10-18T16:00:00,customer,meeting_notes,permissions,Could you help us understand why this is happening?
MSG0006301,ACC00651,2025-06-14T11:00:00,agent,support_chat,renewal terms,Thanks for getting this sorted so quickly. Everything is working now.
MSG0006302,ACC00651,2025-07-26T10:00:00,customer,support_chat,report exports,"The workflow is mostly fine, although there are a couple of things we'd like improved."
MSG0006303,ACC00651,2025-03-25T13:00:00,agent,meeting_notes,integration errors,We've had to follow up several times and this is starting to become frustrating.
MSG0006304,ACC00651,2024-01-16T11:00:00,agent,email,permissions,The latest release has made the workflow much easier for our team.
MSG0006305,ACC00652,2024-04-16T15:00:00,customer,meeting_notes,renewal terms,Could you help us understand why this is happening?
MSG0006306,ACC00652,2024-09-01T14:00:00,customer,support_chat,mobile access,Could you help us understand why this is happening?
MSG0006307,ACC00652,2024-03-22T13:00:00,customer,email,SSO,We're still evaluating the change internally.
MSG0006308,ACC00652,2024-04-20T17:00:00,customer,meeting_notes,invoice reconciliation,Could you help us understand why this is happening?
MSG0006309,ACC00652,2024-06-14T13:00:00,customer,support_chat,report exports,We're reviewing the latest changes and have a few questions.
MSG0006310,ACC00652,2024-08-12T09:00:00,customer,meeting_notes,user provisioning,"The workflow is mostly fine, although there are a couple of things we'd like improved."
MSG0006311,ACC00653,2025-10-16T15:00:00,agent,support_chat,dashboard performance,The reporting changes are useful and the team is happy with them.
MSG0006312,ACC00653,2025-10-26T11:00:00,agent,meeting_notes,dashboard performance,The latest release has made the workflow much easier for our team.
MSG0006313,ACC00653,2025-06-05T18:00:00,customer,meeting_notes,billing configuration,We're still evaluating the change internally.
MSG0006314,ACC00653,2024-10-25T12:00:00,customer,meeting_notes,report exports,This has been affecting the team for a while and we need a clearer resolution.
MSG0006315,ACC00653,2024-02-11T11:00:00,agent,email,dashboard performance,We're still evaluating the change internally.
MSG0006316,ACC00653,2024-05-26T16:00:00,customer,email,workflow automation,We're reviewing the latest changes and have a few questions.
MSG0006317,ACC00653,2025-08-18T08:00:00,customer,meeting_notes,API reliability,Could you help us understand why this is happening?
MSG0006318,ACC00653,2024-11-07T18:00:00,customer,email,data synchronization,We've had to follow up several times and this is starting to become frustrating.
MSG0006319,ACC00653,2025-10-12T09:00:00,customer,support_chat,mobile access,We're reviewing the latest changes and have a few questions.
MSG0006320,ACC00653,2025-06-26T13:00:00,customer,meeting_notes,mobile access,We're reviewing the latest changes and have a few questions.
MSG0006321,ACC00653,2025-06-02T11:00:00,agent,meeting_notes,API reliability,We've been getting good value from the platform and adoption is steady.
MSG0006322,ACC00653,2025-04-04T13:00:00,customer,email,usage reporting,The reporting changes are useful and the team is happy with them.
MSG0006323,ACC00654,2024-09-20T17:00:00,agent,email,data synchronization,The reporting changes are useful and the team is happy with them.
MSG0006324,ACC00654,2024-09-07T12:00:00,customer,email,dashboard performance,The reporting changes are useful and the team is happy with them.
MSG0006325,ACC00655,2024-09-05T16:00:00,agent,email,integration errors,"The workflow is mostly fine, although there are a couple of things we'd like improved."
MSG0006326,ACC00655,2024-09-14T12:00:00,customer,meeting_notes,API reliability,The latest release has made the workflow much easier for our team.
MSG0006327,ACC00655,2024-04-05T09:00:00,customer,email,dashboard performance,We're reviewing the latest changes and have a few questions.
MSG0006328,ACC00655,2024-09-11T08:00:00,agent,email,user provisioning,This has been affecting the team for a while and we need a clearer resolution.
MSG0006329,ACC00655,2024-02-09T09:00:00,customer,support_chat,invoice reconciliation,We're reviewing the latest changes and have a few questions.
MSG0006330,ACC00655,2024-07-21T10:00:00,customer,meeting_notes,user provisioning,We've had to follow up several times and this is starting to become frustrating.
MSG0006331,ACC00656,2024-07-25T08:00:00,customer,email,billing configuration,We're reviewing the latest changes and have a few questions.
MSG0006332,ACC00656,2024-06-04T10:00:00,customer,meeting_notes,SSO,We're reviewing alternatives because this is becoming difficult to justify internally.
MSG0006333,ACC00656,2024-10-12T14:00:00,agent,meeting_notes,report exports,"The workflow is mostly fine, although there are a couple of things we'd like improved."
MSG0006334,ACC00656,2024-09-01T10:00:00,agent,email,API reliability,Could you help us understand why this is happening?
MSG0006335,ACC00656,2024-04-21T14:00:00,customer,meeting_notes,integration errors,We're still evaluating the change internally.
MSG0006336,ACC00656,2024-06-13T18:00:00,agent,email,mobile access,"The workflow is mostly fine, although there are a couple of things we'd like improved."
MSG0006337,ACC00656,2024-08-02T17:00:00,agent,email,usage reporting,"If we can't get this resolved soon, we'll need to look at other options."
MSG0006338,ACC00656,2024-06-07T18:00:00,customer,meeting_notes,billing configuration,Could you help us understand why this is happening?
MSG0006339,ACC00657,2024-02-19T17:00:00,agent,support_chat,data synchronization,The reporting changes are useful and the team is happy with them.
MSG0006340,ACC00657,2024-07-02T11:00:00,customer,email,integration errors,Thanks for getting this sorted so quickly. Everything is working now.
MSG0006341,ACC00657,2024-06-13T12:00:00,agent,meeting_notes,API reliability,Thanks for getting this sorted so quickly. Everything is working now.
MSG0006342,ACC00657,2024-03-06T13:00:00,agent,meeting_notes,API reliability,Could you help us understand why this is happening?
MSG0006343,ACC00657,2024-05-12T08:00:00,agent,meeting_notes,invoice reconciliation,The reporting changes are useful and the team is happy with them.
MSG0006344,ACC00658,2024-03-22T18:00:00,agent,meeting_notes,user provisioning,We've been getting good value from the platform and adoption is steady.
MSG0006345,ACC00658,2024-07-05T16:00:00,customer,support_chat,workflow automation,The reporting changes are useful and the team is happy with them.
MSG0006346,ACC00659,2024-05-05T14:00:00,customer,meeting_notes,permissions,We're reviewing the latest changes and have a few questions.
MSG0006347,ACC00659,2025-02-19T15:00:00,customer,meeting_notes,workflow automation,We've had to follow up several times and this is starting to become frustrating.
MSG0006348,ACC00659,2024-05-04T15:00:00,agent,email,permissions,The reporting changes are useful and the team is happy with them.
MSG0006349,ACC00659,2024-09-20T11:00:00,agent,email,API reliability,This has been affecting the team for a while and we need a clearer resolution.
MSG0006350,ACC00659,2025-06-26T14:00:00,customer,email,mobile access,We've been getting good value from the platform and adoption is steady.
MSG0006351,ACC00659,2024-07-13T11:00:00,agent,meeting_notes,usage reporting,We're still evaluating the change internally.
MSG0006352,ACC00659,2024-09-05T17:00:00,customer,email,integration errors,"The workflow is mostly fine, although there are a couple of things we'd like improved."
MSG0006353,ACC00659,2024-05-09T09:00:00,agent,support_chat,user provisioning,The latest release has made the workflow much easier for our team.
MSG0006354,ACC00659,2024-03-16T18:00:00,customer,email,invoice reconciliation,Thanks for getting this sorted so quickly. Everything is working now.
MSG0006355,ACC00659,2025-03-03T17:00:00,customer,email,invoice reconciliation,We're reviewing the latest changes and have a few questions.
MSG0006356,ACC00660,2024-05-18T11:00:00,customer,support_chat,workflow automation,The latest release has made the workflow much easier for our team.
MSG0006357,ACC00660,2024-09-21T14:00:00,customer,support_chat,report exports,The reporting changes are useful and the team is happy with them.
MSG0006358,ACC00660,2024-11-02T12:00:00,customer,support_chat,dashboard performance,Thanks for getting this sorted so quickly. Everything is working now.
MSG0006359,ACC00660,2024-01-23T15:00:00,customer,support_chat,renewal terms,We've had to follow up several times and this is starting to become frustrating.
MSG0006360,ACC00660,2024-05-23T17:00:00,customer,support_chat,report exports,The latest release has made the workflow much easier for our team.
MSG0006361,ACC00660,2024-01-09T18:00:00,customer,support_chat,renewal terms,The reporting changes are useful and the team is happy with them.
MSG0006362,ACC00660,2024-09-28T18:00:00,customer,email,renewal terms,"The workflow is mostly fine, although there are a couple of things we'd like improved."
MSG0006363,ACC00660,2024-10-15T17:00:00,customer,support_chat,user provisioning,The latest release has made the workflow much easier for our team.
MSG0006364,ACC00660,2024-06-20T09:00:00,customer,meeting_notes,usage reporting,The reporting changes are useful and the team is happy with them.
MSG0006365,ACC00660,2025-07-07T18:00:00,agent,support_chat,data synchronization,We're reviewing the latest changes and have a few questions.
MSG0006366,ACC00660,2025-04-20T16:00:00,customer,support_chat,renewal terms,We're reviewing the latest changes and have a few questions.
MSG0006367,ACC00660,2024-03-26T16:00:00,customer,meeting_notes,renewal terms,We've been getting good value from the platform and adoption is steady.
MSG0006368,ACC00660,2024-03-02T09:00:00,agent,support_chat,data synchronization,We're reviewing the latest changes and have a few questions.
MSG0006369,ACC00661,2025-08-12T14:00:00,customer,meeting_notes,integration errors,Could you help us understand why this is happening?
MSG0006370,ACC00661,2024-07-10T12:00:00,customer,support_chat,workflow automation,We're reviewing the latest changes and have a few questions.
MSG0006371,ACC00661,2025-07-10T10:00:00,customer,support_chat,API reliability,We're reviewing the latest changes and have a few questions.
MSG0006372,ACC00661,2025-07-14T10:00:00,customer,meeting_notes,billing configuration,The reporting changes are useful and the team is happy with them.
MSG0006373,ACC00661,2024-06-16T13:00:00,customer,meeting_notes,API reliability,The reporting changes are useful and the team is happy with them.
MSG0006374,ACC00661,2024-04-19T15:00:00,customer,meeting_notes,dashboard performance,The latest release has made the workflow much easier for our team.
MSG0006375,ACC00661,2025-08-24T17:00:00,agent,email,dashboard performance,We've had to follow up several times and this is starting to become frustrating.
MSG0006376,ACC00661,2025-07-03T08:00:00,agent,meeting_notes,permissions,We've had to follow up several times and this is starting to become frustrating.
MSG0006377,ACC00661,2025-05-25T09:00:00,customer,email,data synchronization,The latest release has made the workflow much easier for our team.
MSG0006378,ACC00661,2024-11-09T13:00:00,agent,email,integration errors,We're reviewing the latest changes and have a few questions.
MSG0006379,ACC00661,2024-05-16T13:00:00,agent,email,usage reporting,We've been getting good value from the platform and adoption is steady.
MSG0006380,ACC00661,2025-10-11T18:00:00,agent,meeting_notes,dashboard performance,We've been getting good value from the platform and adoption is steady.
MSG0006381,ACC00661,2024-02-01T14:00:00,agent,meeting_notes,billing configuration,We're still evaluating the change internally.
MSG0006382,ACC00661,2025-05-11T08:00:00,agent,meeting_notes,API reliability,The latest release has made the workflow much easier for our team.
MSG0006383,ACC00661,2025-08-25T15:00:00,agent,email,user provisioning,We're still evaluating the change internally.
MSG0006384,ACC00661,2024-01-27T14:00:00,customer,support_chat,SSO,Could you help us understand why this is happening?
MSG0006385,ACC00662,2025-10-20T17:00:00,agent,meeting_notes,report exports,The latest release has made the workflow much easier for our team.
MSG0006386,ACC00662,2024-09-01T09:00:00,agent,meeting_notes,renewal terms,We're reviewing the latest changes and have a few questions.
MSG0006387,ACC00662,2024-10-07T15:00:00,agent,meeting_notes,user provisioning,We're reviewing the latest changes and have a few questions.
MSG0006388,ACC00662,2025-12-09T13:00:00,customer,meeting_notes,dashboard performance,The reporting changes are useful and the team is happy with them.
MSG0006389,ACC00662,2024-12-27T11:00:00,customer,support_chat,workflow automation,The reporting changes are useful and the team is happy with them.
MSG0006390,ACC00662,2024-08-22T18:00:00,customer,meeting_notes,user provisioning,The latest release has made the workflow much easier for our team.
MSG0006391,ACC00662,2024-10-23T13:00:00,customer,email,mobile access,The latest release has made the workflow much easier for our team.
MSG0006392,ACC00662,2025-03-20T08:00:00,customer,meeting_notes,data synchronization,Thanks for getting this sorted so quickly. Everything is working now.
MSG0006393,ACC00662,2025-05-23T14:00:00,customer,email,dashboard performance,We've been getting good value from the platform and adoption is steady.
MSG0006394,ACC00662,2024-06-25T16:00:00,customer,meeting_notes,mobile access,The latest release has made the workflow much easier for our team.
MSG0006395,ACC00662,2024-09-25T12:00:00,customer,email,integration errors,The reporting changes are useful and the team is happy with them.
MSG0006396,ACC00662,2024-06-07T08:00:00,agent,support_chat,data synchronization,We're still evaluating the change internally.
MSG0006397,ACC00663,2024-04-28T10:00:00,customer,email,dashboard performance,This has been affecting the team for a while and we need a clearer resolution.
MSG0006398,ACC00663,2024-02-13T11:00:00,customer,meeting_notes,billing configuration,Could you help us understand why this is happening?
MSG0006399,ACC00663,2024-09-08T18:00:00,customer,email,API reliability,"The workflow is mostly fine, although there are a couple of things we'd like improved."
MSG0006400,ACC00663,2024-01-26T09:00:00,customer,support_chat,user provisioning,Could you help us understand why this is happening?
MSG0006401,ACC00664,2024-04-07T12:00:00,customer,meeting_notes,data synchronization,We've been getting good value from the platform and adoption is steady.
MSG0006402,ACC00664,2024-01-01T16:00:00,agent,meeting_notes,report exports,"The workflow is mostly fine, although there are a couple of things we'd like improved."
MSG0006403,ACC00665,2025-02-15T09:00:00,agent,support_chat,report exports,There seems to be a discrepancy in the invoice total.
MSG0006404,ACC00665,2025-04-17T12:00:00,customer,meeting_notes,workflow automation,We've had to follow up several times and this is starting to become frustrating.
MSG0006405,ACC00665,2024-08-08T09:00:00,customer,meeting_notes,dashboard performance,We're still evaluating the change internally.
MSG0006406,ACC00665,2024-12-13T10:00:00,agent,meeting_notes,usage reporting,This has been affecting the team for a while and we need a clearer resolution.
MSG0006407,ACC00665,2024-06-24T08:00:00,customer,email,user provisioning,We've had to follow up several times and this is starting to become frustrating.
MSG0006408,ACC00665,2025-02-14T09:00:00,customer,support_chat,invoice reconciliation,There seems to be a discrepancy in the invoice total.
MSG0006409,ACC00665,2025-01-14T14:00:00,agent,meeting_notes,data synchronization,The invoice amount doesn't match our purchase order. Can someone review it?
MSG0006410,ACC00665,2024-02-20T08:00:00,agent,email,dashboard performance,Could you help us understand why this is happening?
MSG0006411,ACC00665,2025-01-05T09:00:00,agent,email,permissions,This has been affecting the team for a while and we need a clearer resolution.
MSG0006412,ACC00665,2024-12-14T17:00:00,agent,email,report exports,Our payment was rejected again and we'd like help resolving the billing issue.
MSG0006413,ACC00666,2024-02-28T14:00:00,customer,meeting_notes,billing configuration,"The workflow is mostly fine, although there are a couple of things we'd like improved."
MSG0006414,ACC00666,2025-06-16T10:00:00,customer,meeting_notes,user provisioning,This has been affecting the team for a while and we need a clearer resolution.
MSG0006415,ACC00666,2024-02-17T08:00:00,customer,meeting_notes,workflow automation,We've been getting good value from the platform and adoption is steady.
MSG0006416,ACC00666,2024-11-23T17:00:00,customer,email,mobile access,Could you help us understand why this is happening?
MSG0006417,ACC00666,2024-09-20T15:00:00,agent,email,renewal terms,Could you help us understand why this is happening?
MSG0006418,ACC00666,2024-02-15T17:00:00,agent,support_chat,permissions,We're reviewing the latest changes and have a few questions.
MSG0006419,ACC00666,2025-07-07T13:00:00,customer,support_chat,dashboard performance,Our leadership team is questioning whether we should continue with the platform.
MSG0006420,ACC00667,2024-11-26T11:00:00,customer,support_chat,workflow automation,Could you help us understand why this is happening?
MSG0006421,ACC00667,2024-05-05T15:00:00,agent,meeting_notes,usage reporting,We've had to follow up several times and this is starting to become frustrating.
MSG0006422,ACC00667,2024-05-21T13:00:00,customer,email,permissions,We've had to follow up several times and this is starting to become frustrating.
MSG0006423,ACC00667,2024-10-09T11:00:00,customer,meeting_notes,permissions,The reporting changes are useful and the team is happy with them.
MSG0006424,ACC00667,2024-12-23T13:00:00,agent,email,API reliability,We've been getting good value from the platform and adoption is steady.
MSG0006425,ACC00667,2024-05-24T16:00:00,customer,meeting_notes,permissions,Could you help us understand why this is happening?
MSG0006426,ACC00667,2024-06-18T14:00:00,agent,meeting_notes,report exports,Thanks for getting this sorted so quickly. Everything is working now.
MSG0006427,ACC00667,2024-08-01T08:00:00,customer,email,usage reporting,We've had to follow up several times and this is starting to become frustrating.
MSG0006428,ACC00667,2024-03-17T09:00:00,customer,meeting_notes,user provisioning,This has been affecting the team for a while and we need a clearer resolution.
MSG0006429,ACC00667,2024-03-02T13:00:00,agent,support_chat,invoice reconciliation,We've been getting good value from the platform and adoption is steady.
MSG0006430,ACC00667,2024-11-10T08:00:00,customer,email,data synchronization,We've been getting good value from the platform and adoption is steady.
MSG0006431,ACC00668,2024-12-14T18:00:00,agent,email,invoice reconciliation,The experience lately hasn't been great and we're spending more time working around the product.
MSG0006432,ACC00668,2024-04-24T17:00:00,customer,meeting_notes,billing configuration,We've had to follow up several times and this is starting to become frustrating.
MSG0006433,ACC00668,2024-01-27T16:00:00,agent,meeting_notes,renewal terms,The latest release has made the workflow much easier for our team.
MSG0006434,ACC00668,2024-08-25T13:00:00,customer,email,integration errors,Our leadership team is questioning whether we should continue with the platform.
MSG0006435,ACC00668,2024-08-10T12:00:00,agent,meeting_notes,mobile access,"The workflow is mostly fine, although there are a couple of things we'd like improved."
MSG0006436,ACC00669,2025-09-26T14:00:00,customer,email,mobile access,We've been getting good value from the platform and adoption is steady.
MSG0006437,ACC00669,2025-04-01T12:00:00,agent,meeting_notes,report exports,We've been getting good value from the platform and adoption is steady.
MSG0006438,ACC00669,2024-07-14T14:00:00,agent,support_chat,API reliability,"The workflow is mostly fine, although there are a couple of things we'd like improved."
MSG0006439,ACC00669,2025-03-16T08:00:00,customer,support_chat,renewal terms,We're still evaluating the change internally.
MSG0006440,ACC00669,2025-11-10T09:00:00,agent,meeting_notes,API reliability,Could you help us understand why this is happening?
MSG0006441,ACC00669,2024-12-26T17:00:00,customer,email,usage reporting,We're reviewing the latest changes and have a few questions.
MSG0006442,ACC00669,2025-04-07T13:00:00,customer,email,workflow automation,Thanks for getting this sorted so quickly. Everything is working now.
MSG0006443,ACC00669,2024-07-22T16:00:00,agent,support_chat,permissions,The latest release has made the workflow much easier for our team.
MSG0006444,ACC00669,2024-01-12T15:00:00,customer,email,usage reporting,Thanks for getting this sorted so quickly. Everything is working now.
MSG0006445,ACC00669,2025-01-18T14:00:00,agent,email,usage reporting,We're reviewing the latest changes and have a few questions.
MSG0006446,ACC00669,2024-09-23T16:00:00,customer,email,dashboard performance,"The workflow is mostly fine, although there are a couple of things we'd like improved."
MSG0006447,ACC00670,2024-03-04T12:00:00,agent,email,mobile access,Could you help us understand why this is happening?
MSG0006448,ACC00670,2025-04-16T18:00:00,agent,email,billing configuration,We're still evaluating the change internally.
MSG0006449,ACC00670,2025-03-11T17:00:00,customer,meeting_notes,API reliability,The reporting changes are useful and the team is happy with them.
MSG0006450,ACC00670,2025-02-14T16:00:00,agent,meeting_notes,invoice reconciliation,We've had to follow up several times and this is starting to become frustrating.
MSG0006451,ACC00670,2024-07-16T12:00:00,customer,email,mobile access,The latest release has made the workflow much easier for our team.
MSG0006452,ACC00670,2024-04-23T17:00:00,agent,support_chat,renewal terms,We've been getting good value from the platform and adoption is steady.
MSG0006453,ACC00670,2025-06-07T10:00:00,customer,email,dashboard performance,The latest release has made the workflow much easier for our team.
MSG0006454,ACC00670,2024-11-18T14:00:00,agent,meeting_notes,data synchronization,The latest release has made the workflow much easier for our team.
MSG0006455,ACC00670,2024-05-27T11:00:00,customer,email,usage reporting,We've had to follow up several times and this is starting to become frustrating.
MSG0006456,ACC00670,2024-09-20T16:00:00,agent,email,data synchronization,We've had to follow up several times and this is starting to become frustrating.
MSG0006457,ACC00670,2024-02-21T15:00:00,customer,meeting_notes,SSO,We're reviewing the latest changes and have a few questions.
MSG0006458,ACC00670,2024-06-16T17:00:00,customer,meeting_notes,data synchronization,Thanks for getting this sorted so quickly. Everything is working now.
MSG0006459,ACC00670,2024-11-24T12:00:00,agent,email,API reliability,Thanks for getting this sorted so quickly. Everything is working now.
MSG0006460,ACC00671,2025-02-03T14:00:00,customer,email,SSO,The reporting changes are useful and the team is happy with them.
MSG0006461,ACC00671,2025-04-23T12:00:00,customer,support_chat,integration errors,We've been getting good value from the platform and adoption is steady.
MSG0006462,ACC00671,2025-08-19T13:00:00,agent,email,integration errors,Could you help us understand why this is happening?
MSG0006463,ACC00671,2024-06-18T09:00:00,agent,email,SSO,Thanks for getting this sorted so quickly. Everything is working now.
MSG0006464,ACC00671,2025-05-25T15:00:00,customer,meeting_notes,renewal terms,We're reviewing the latest changes and have a few questions.
MSG0006465,ACC00671,2024-10-03T18:00:00,customer,email,SSO,We're still evaluating the change internally.
MSG0006466,ACC00671,2024-11-06T18:00:00,customer,meeting_notes,mobile access,We've been getting good value from the platform and adoption is steady.
MSG0006467,ACC00671,2024-06-25T12:00:00,customer,email,renewal terms,Thanks for getting this sorted so quickly. Everything is working now.
MSG0006468,ACC00671,2024-07-25T18:00:00,customer,meeting_notes,dashboard performance,Thanks for getting this sorted so quickly. Everything is working now.
MSG0006469,ACC00671,2025-05-14T14:00:00,customer,support_chat,SSO,The latest release has made the workflow much easier for our team.
MSG0006470,ACC00671,2024-12-24T11:00:00,customer,support_chat,report exports,Thanks for getting this sorted so quickly. Everything is working now.
MSG0006471,ACC00671,2025-06-01T11:00:00,customer,meeting_notes,usage reporting,We've had to follow up several times and this is starting to become frustrating.
MSG0006472,ACC00671,2024-10-27T17:00:00,customer,meeting_notes,billing configuration,We're reviewing the latest changes and have a few questions.
MSG0006473,ACC00671,2024-02-24T15:00:00,customer,support_chat,API reliability,The latest release has made the workflow much easier for our team.
MSG0006474,ACC00671,2024-05-03T12:00:00,agent,meeting_notes,usage reporting,Could you help us understand why this is happening?
MSG0006475,ACC00671,2025-02-17T16:00:00,agent,meeting_notes,SSO,Could you help us understand why this is happening?
MSG0006476,ACC00672,2025-03-07T18:00:00,customer,meeting_notes,integration errors,This has been affecting the team for a while and we need a clearer resolution.
MSG0006477,ACC00672,2024-04-09T16:00:00,agent,meeting_notes,billing configuration,We've been getting good value from the platform and adoption is steady.
MSG0006478,ACC00672,2024-02-25T11:00:00,agent,meeting_notes,workflow automation,Thanks for getting this sorted so quickly. Everything is working now.
MSG0006479,ACC00672,2025-04-18T10:00:00,customer,support_chat,API reliability,"The workflow is mostly fine, although there are a couple of things we'd like improved."
MSG0006480,ACC00672,2024-07-11T17:00:00,agent,support_chat,usage reporting,"The workflow is mostly fine, although there are a couple of things we'd like improved."
MSG0006481,ACC00672,2024-12-05T16:00:00,customer,email,billing configuration,We're still evaluating the change internally.
MSG0006482,ACC00672,2024-01-26T14:00:00,customer,email,SSO,We've had to follow up several times and this is starting to become frustrating.
MSG0006483,ACC00672,2025-11-11T14:00:00,customer,email,usage reporting,We've had to follow up several times and this is starting to become frustrating.
MSG0006484,ACC00672,2024-03-24T09:00:00,customer,support_chat,SSO,Thanks for getting this sorted so quickly. Everything is working now.
MSG0006485,ACC00672,2025-12-08T13:00:00,customer,support_chat,user provisioning,Could you help us understand why this is happening?
MSG0006486,ACC00672,2025-01-02T15:00:00,agent,meeting_notes,user provisioning,We've had to follow up several times and this is starting to become frustrating.
MSG0006487,ACC00672,2025-03-17T13:00:00,customer,meeting_notes,invoice reconciliation,The latest release has made the workflow much easier for our team.
MSG0006488,ACC00672,2025-10-25T18:00:00,agent,support_chat,API reliability,This has been affecting the team for a while and we need a clearer resolution.
MSG0006489,ACC00672,2025-03-02T08:00:00,customer,meeting_notes,renewal terms,The latest release has made the workflow much easier for our team.
MSG0006490,ACC00672,2024-05-28T12:00:00,customer,meeting_notes,integration errors,We're reviewing the latest changes and have a few questions.
MSG0006491,ACC00672,2025-11-17T15:00:00,customer,email,dashboard performance,We're still evaluating the change internally.
MSG0006492,ACC00672,2024-01-01T13:00:00,customer,meeting_notes,report exports,The latest release has made the workflow much easier for our team.
MSG0006493,ACC00672,2025-06-09T14:00:00,customer,meeting_notes,user provisioning,Thanks for getting this sorted so quickly. Everything is working now.
MSG0006494,ACC00673,2024-12-13T16:00:00,customer,email,mobile access,Our leadership team is questioning whether we should continue with the platform.
MSG0006495,ACC00673,2024-05-03T14:00:00,customer,email,invoice reconciliation,We've had to follow up several times and this is starting to become frustrating.
MSG0006496,ACC00673,2024-02-08T16:00:00,agent,email,API reliability,We've been getting good value from the platform and adoption is steady.
MSG0006497,ACC00674,2024-07-20T18:00:00,agent,email,mobile access,Thanks for getting this sorted so quickly. Everything is working now.
MSG0006498,ACC00674,2025-10-11T15:00:00,customer,support_chat,user provisioning,We're reviewing the latest changes and have a few questions.
MSG0006499,ACC00674,2024-08-10T15:00:00,customer,email,renewal terms,We've been getting good value from the platform and adoption is steady.
MSG0006500,ACC00674,2024-03-23T16:00:00,customer,email,integration errors,Thanks for getting this sorted so quickly. Everything is working now.
MSG0006501,ACC00674,2024-08-28T18:00:00,customer,meeting_notes,report exports,Could you help us understand why this is happening?
MSG0006502,ACC00674,2025-01-18T08:00:00,agent,meeting_notes,report exports,This has been affecting the team for a while and we need a clearer resolution.
MSG0006503,ACC00674,2025-02-26T14:00:00,customer,support_chat,user provisioning,This has been affecting the team for a while and we need a clearer resolution.
MSG0006504,ACC00674,2024-05-06T14:00:00,agent,email,API reliability,"The workflow is mostly fine, although there are a couple of things we'd like improved."
MSG0006505,ACC00674,2025-09-09T17:00:00,customer,email,renewal terms,Could you help us understand why this is happening?
MSG0006506,ACC00674,2024-01-12T18:00:00,customer,meeting_notes,permissions,This has been affecting the team for a while and we need a clearer resolution.
MSG0006507,ACC00674,2024-08-06T17:00:00,customer,email,data synchronization,This has been affecting the team for a while and we need a clearer resolution.
MSG0006508,ACC00675,2025-01-03T18:00:00,agent,support_chat,SSO,The latest release has made the workflow much easier for our team.
MSG0006509,ACC00675,2024-10-06T08:00:00,customer,email,SSO,We're reviewing the latest changes and have a few questions.
MSG0006510,ACC00675,2024-01-26T18:00:00,customer,support_chat,SSO,This has been affecting the team for a while and we need a clearer resolution.
MSG0006511,ACC00675,2025-01-06T14:00:00,customer,meeting_notes,renewal terms,"The workflow is mostly fine, although there are a couple of things we'd like improved."
MSG0006512,ACC00675,2024-11-03T18:00:00,agent,meeting_notes,dashboard performance,Thanks for getting this sorted so quickly. Everything is working now.
MSG0006513,ACC00675,2024-08-16T18:00:00,customer,meeting_notes,data synchronization,"The workflow is mostly fine, although there are a couple of things we'd like improved."
MSG0006514,ACC00676,2025-09-01T14:00:00,customer,meeting_notes,invoice reconciliation,We've been getting good value from the platform and adoption is steady.
MSG0006515,ACC00676,2025-07-13T12:00:00,customer,support_chat,data synchronization,This has been affecting the team for a while and we need a clearer resolution.
MSG0006516,ACC00676,2024-12-27T18:00:00,customer,meeting_notes,renewal terms,The latest release has made the workflow much easier for our team.
MSG0006517,ACC00676,2025-07-20T11:00:00,customer,email,workflow automation,We've had to follow up several times and this is starting to become frustrating.
MSG0006518,ACC00676,2025-05-17T10:00:00,agent,email,report exports,We've had to follow up several times and this is starting to become frustrating.
MSG0006519,ACC00676,2025-11-06T13:00:00,customer,email,invoice reconciliation,The reporting changes are useful and the team is happy with them.
MSG0006520,ACC00676,2024-10-04T17:00:00,agent,support_chat,permissions,We're reviewing the latest changes and have a few questions.
MSG0006521,ACC00676,2024-07-15T17:00:00,customer,support_chat,usage reporting,We're still evaluating the change internally.
MSG0006522,ACC00676,2025-10-05T18:00:00,agent,support_chat,workflow automation,"The workflow is mostly fine, although there are a couple of things we'd like improved."
MSG0006523,ACC00676,2025-01-09T10:00:00,customer,email,mobile access,Thanks for getting this sorted so quickly. Everything is working now.
MSG0006524,ACC00676,2024-09-07T10:00:00,customer,support_chat,workflow automation,Thanks for getting this sorted so quickly. Everything is working now.
MSG0006525,ACC00676,2025-04-11T18:00:00,agent,email,data synchronization,This has been affecting the team for a while and we need a clearer resolution.
MSG0006526,ACC00676,2025-02-11T18:00:00,agent,email,API reliability,Could you help us understand why this is happening?
MSG0006527,ACC00677,2024-03-06T12:00:00,agent,meeting_notes,renewal terms,Could you help us understand why this is happening?
MSG0006528,ACC00677,2024-01-05T10:00:00,agent,meeting_notes,user provisioning,"The workflow is mostly fine, although there are a couple of things we'd like improved."
MSG0006529,ACC00677,2024-08-20T10:00:00,customer,email,invoice reconciliation,This has been affecting the team for a while and we need a clearer resolution.
MSG0006530,ACC00677,2024-04-08T10:00:00,customer,meeting_notes,workflow automation,Thanks for getting this sorted so quickly. Everything is working now.
MSG0006531,ACC00678,2024-12-09T18:00:00,agent,meeting_notes,API reliability,The reporting changes are useful and the team is happy with them.
MSG0006532,ACC00678,2024-06-17T18:00:00,customer,support_chat,permissions,Thanks for getting this sorted so quickly. Everything is working now.
MSG0006533,ACC00678,2025-08-12T17:00:00,customer,support_chat,data synchronization,Thanks for getting this sorted so quickly. Everything is working now.
MSG0006534,ACC00678,2024-01-18T17:00:00,customer,support_chat,report exports,Thanks for getting this sorted so quickly. Everything is working now.
MSG0006535,ACC00678,2025-01-06T10:00:00,customer,support_chat,API reliability,Thanks for getting this sorted so quickly. Everything is working now.
MSG0006536,ACC00678,2024-01-23T13:00:00,customer,support_chat,mobile access,The reporting changes are useful and the team is happy with them.
MSG0006537,ACC00678,2024-10-27T15:00:00,customer,support_chat,workflow automation,We're still evaluating the change internally.
MSG0006538,ACC00678,2025-02-01T09:00:00,customer,support_chat,data synchronization,The latest release has made the workflow much easier for our team.
MSG0006539,ACC00678,2025-08-26T12:00:00,customer,support_chat,renewal terms,The latest release has made the workflow much easier for our team.
MSG0006540,ACC00678,2024-05-17T09:00:00,customer,email,invoice reconciliation,The latest release has made the workflow much easier for our team.
MSG0006541,ACC00678,2024-11-17T15:00:00,agent,meeting_notes,SSO,Could you help us understand why this is happening?
MSG0006542,ACC00678,2024-08-22T10:00:00,agent,support_chat,mobile access,This has been affecting the team for a while and we need a clearer resolution.
MSG0006543,ACC00678,2024-03-25T13:00:00,customer,support_chat,mobile access,Thanks for getting this sorted so quickly. Everything is working now.
MSG0006544,ACC00678,2024-04-18T15:00:00,customer,meeting_notes,invoice reconciliation,The latest release has made the workflow much easier for our team.
MSG0006545,ACC00679,2024-01-19T14:00:00,agent,meeting_notes,usage reporting,Could you help us understand why this is happening?
MSG0006546,ACC00679,2025-01-08T08:00:00,customer,meeting_notes,workflow automation,We've been getting good value from the platform and adoption is steady.
MSG0006547,ACC00679,2025-06-13T15:00:00,customer,meeting_notes,report exports,We're still evaluating the change internally.
MSG0006548,ACC00679,2025-08-23T13:00:00,customer,email,report exports,We're reviewing the latest changes and have a few questions.
MSG0006549,ACC00679,2025-03-17T18:00:00,customer,meeting_notes,user provisioning,This has been affecting the team for a while and we need a clearer resolution.
MSG0006550,ACC00679,2024-05-27T10:00:00,agent,meeting_notes,renewal terms,The reporting changes are useful and the team is happy with them.
MSG0006551,ACC00679,2025-03-08T09:00:00,customer,support_chat,report exports,We're still evaluating the change internally.
MSG0006552,ACC00679,2024-08-10T12:00:00,agent,support_chat,user provisioning,Could you help us understand why this is happening?
MSG0006553,ACC00679,2024-06-04T10:00:00,agent,email,API reliability,This has been affecting the team for a while and we need a clearer resolution.
MSG0006554,ACC00679,2025-06-27T11:00:00,agent,meeting_notes,mobile access,We've been getting good value from the platform and adoption is steady.
MSG0006555,ACC00679,2025-09-08T09:00:00,customer,support_chat,mobile access,We've been getting good value from the platform and adoption is steady.
MSG0006556,ACC00679,2025-08-04T10:00:00,customer,support_chat,API reliability,The reporting changes are useful and the team is happy with them.
MSG0006557,ACC00679,2025-06-20T15:00:00,customer,support_chat,workflow automation,"The workflow is mostly fine, although there are a couple of things we'd like improved."
MSG0006558,ACC00679,2024-07-13T17:00:00,agent,support_chat,usage reporting,We're reviewing the latest changes and have a few questions.
MSG0006559,ACC00679,2025-04-11T16:00:00,customer,meeting_notes,dashboard performance,The reporting changes are useful and the team is happy with them.
MSG0006560,ACC00679,2024-06-20T13:00:00,customer,support_chat,data synchronization,This has been affecting the team for a while and we need a clearer resolution.
MSG0006561,ACC00679,2024-07-27T09:00:00,agent,email,integration errors,We're reviewing the latest changes and have a few questions.
MSG0006562,ACC00679,2024-12-06T16:00:00,customer,email,integration errors,This has been affecting the team for a while and we need a clearer resolution.
MSG0006563,ACC00680,2025-09-16T14:00:00,agent,email,invoice reconciliation,Thanks for getting this sorted so quickly. Everything is working now.
MSG0006564,ACC00680,2024-12-02T13:00:00,customer,meeting_notes,billing configuration,"The workflow is mostly fine, although there are a couple of things we'd like improved."
MSG0006565,ACC00680,2024-03-01T15:00:00,agent,meeting_notes,invoice reconciliation,The latest release has made the workflow much easier for our team.
MSG0006566,ACC00680,2024-09-23T09:00:00,customer,email,dashboard performance,The latest release has made the workflow much easier for our team.
MSG0006567,ACC00680,2025-08-27T08:00:00,customer,support_chat,billing configuration,We've had to follow up several times and this is starting to become frustrating.
MSG0006568,ACC00680,2024-03-12T09:00:00,customer,email,permissions,Thanks for getting this sorted so quickly. Everything is working now.
MSG0006569,ACC00680,2024-07-23T17:00:00,agent,email,SSO,We've been getting good value from the platform and adoption is steady.
MSG0006570,ACC00680,2024-04-21T10:00:00,customer,support_chat,mobile access,We've had to follow up several times and this is starting to become frustrating.
MSG0006571,ACC00680,2024-02-19T10:00:00,customer,email,usage reporting,We've had to follow up several times and this is starting to become frustrating.
MSG0006572,ACC00680,2024-09-09T10:00:00,customer,meeting_notes,dashboard performance,We've had to follow up several times and this is starting to become frustrating.
MSG0006573,ACC00680,2025-07-28T08:00:00,customer,meeting_notes,workflow automation,We're reviewing the latest changes and have a few questions.
MSG0006574,ACC00680,2025-03-09T18:00:00,agent,meeting_notes,integration errors,The reporting changes are useful and the team is happy with them.
MSG0006575,ACC00680,2024-07-09T11:00:00,agent,meeting_notes,SSO,"The workflow is mostly fine, although there are a couple of things we'd like improved."
MSG0006576,ACC00680,2024-09-05T18:00:00,customer,support_chat,mobile access,We've had to follow up several times and this is starting to become frustrating.
MSG0006577,ACC00680,2025-08-24T09:00:00,customer,support_chat,report exports,We're still evaluating the change internally.
MSG0006578,ACC00680,2024-03-07T15:00:00,customer,meeting_notes,dashboard performance,Thanks for getting this sorted so quickly. Everything is working now.
MSG0006579,ACC00681,2024-08-05T11:00:00,customer,email,usage reporting,The latest release has made the workflow much easier for our team.
MSG0006580,ACC00681,2024-06-09T10:00:00,customer,support_chat,permissions,The latest release has made the workflow much easier for our team.
MSG0006581,ACC00681,2025-01-21T16:00:00,customer,meeting_notes,dashboard performance,Thanks for getting this sorted so quickly. Everything is working now.
MSG0006582,ACC00681,2025-02-13T13:00:00,agent,email,renewal terms,The reporting changes are useful and the team is happy with them.
MSG0006583,ACC00681,2024-08-22T13:00:00,agent,email,usage reporting,The latest release has made the workflow much easier for our team.
MSG0006584,ACC00681,2025-05-07T14:00:00,customer,meeting_notes,mobile access,The reporting changes are useful and the team is happy with them.
MSG0006585,ACC00681,2024-03-11T18:00:00,agent,email,mobile access,We're reviewing the latest changes and have a few questions.
MSG0006586,ACC00681,2024-01-19T16:00:00,agent,email,user provisioning,We've been getting good value from the platform and adoption is steady.
MSG0006587,ACC00681,2025-03-05T08:00:00,customer,meeting_notes,dashboard performance,The reporting changes are useful and the team is happy with them.
MSG0006588,ACC00681,2025-08-26T09:00:00,agent,support_chat,renewal terms,"The workflow is mostly fine, although there are a couple of things we'd like improved."
MSG0006589,ACC00681,2024-10-04T17:00:00,customer,meeting_notes,user provisioning,"The workflow is mostly fine, although there are a couple of things we'd like improved."
MSG0006590,ACC00682,2024-05-20T08:00:00,customer,meeting_notes,report exports,"The workflow is mostly fine, although there are a couple of things we'd like improved."
MSG0006591,ACC00682,2025-02-03T18:00:00,customer,email,report exports,Could you help us understand why this is happening?
MSG0006592,ACC00682,2025-05-27T08:00:00,agent,meeting_notes,integration errors,The latest release has made the workflow much easier for our team.
MSG0006593,ACC00682,2024-08-18T13:00:00,customer,support_chat,integration errors,The reporting changes are useful and the team is happy with them.
MSG0006594,ACC00682,2025-02-07T08:00:00,customer,support_chat,mobile access,We're reviewing the latest changes and have a few questions.
MSG0006595,ACC00682,2025-03-03T13:00:00,agent,email,report exports,Thanks for getting this sorted so quickly. Everything is working now.
MSG0006596,ACC00682,2024-08-24T13:00:00,customer,support_chat,billing configuration,The reporting changes are useful and the team is happy with them.
MSG0006597,ACC00682,2024-09-06T08:00:00,customer,meeting_notes,API reliability,The reporting changes are useful and the team is happy with them.
MSG0006598,ACC00682,2025-07-03T13:00:00,customer,support_chat,mobile access,"The workflow is mostly fine, although there are a couple of things we'd like improved."
MSG0006599,ACC00682,2025-03-27T14:00:00,customer,email,permissions,Thanks for getting this sorted so quickly. Everything is working now.
MSG0006600,ACC00682,2024-09-09T12:00:00,agent,support_chat,data synchronization,The reporting changes are useful and the team is happy with them.
MSG0006601,ACC00682,2024-09-09T10:00:00,customer,support_chat,dashboard performance,"The workflow is mostly fine, although there are a couple of things we'd like improved."
MSG0006602,ACC00682,2024-11-25T17:00:00,customer,meeting_notes,SSO,The reporting changes are useful and the team is happy with them.
MSG0006603,ACC00682,2024-03-17T15:00:00,agent,meeting_notes,billing configuration,Thanks for getting this sorted so quickly. Everything is working now.
MSG0006604,ACC00682,2024-08-20T14:00:00,agent,email,workflow automation,Could you help us understand why this is happening?
MSG0006605,ACC00682,2025-05-04T16:00:00,customer,meeting_notes,permissions,This has been affecting the team for a while and we need a clearer resolution.
MSG0006606,ACC00683,2024-03-22T13:00:00,customer,meeting_notes,invoice reconciliation,We're reviewing the latest changes and have a few questions.
MSG0006607,ACC00683,2024-04-02T09:00:00,customer,meeting_notes,workflow automation,We're reviewing the latest changes and have a few questions.
MSG0006608,ACC00683,2025-08-05T18:00:00,customer,meeting_notes,billing configuration,Could you help us understand why this is happening?
MSG0006609,ACC00683,2025-01-05T14:00:00,customer,support_chat,mobile access,"The workflow is mostly fine, although there are a couple of things we'd like improved."
MSG0006610,ACC00683,2024-04-06T17:00:00,customer,meeting_notes,workflow automation,The reporting changes are useful and the team is happy with them.
MSG0006611,ACC00683,2024-11-09T10:00:00,customer,email,billing configuration,The reporting changes are useful and the team is happy with them.
MSG0006612,ACC00683,2025-07-03T16:00:00,agent,meeting_notes,renewal terms,We've been getting good value from the platform and adoption is steady.
MSG0006613,ACC00683,2024-08-10T14:00:00,agent,support_chat,API reliability,This has been affecting the team for a while and we need a clearer resolution.
MSG0006614,ACC00683,2024-03-07T13:00:00,customer,email,dashboard performance,Thanks for getting this sorted so quickly. Everything is working now.
MSG0006615,ACC00683,2025-02-09T16:00:00,customer,support_chat,dashboard performance,This has been affecting the team for a while and we need a clearer resolution.
MSG0006616,ACC00683,2024-10-27T16:00:00,customer,support_chat,renewal terms,We're reviewing the latest changes and have a few questions.
MSG0006617,ACC00683,2025-10-15T15:00:00,customer,email,billing configuration,The reporting changes are useful and the team is happy with them.
MSG0006618,ACC00683,2024-04-07T08:00:00,customer,email,billing configuration,The latest release has made the workflow much easier for our team.
MSG0006619,ACC00683,2024-07-15T10:00:00,customer,support_chat,workflow automation,We're still evaluating the change internally.
MSG0006620,ACC00683,2024-04-24T09:00:00,agent,support_chat,invoice reconciliation,This has been affecting the team for a while and we need a clearer resolution.
MSG0006621,ACC00684,2025-06-26T18:00:00,agent,meeting_notes,data synchronization,Thanks for getting this sorted so quickly. Everything is working now.
MSG0006622,ACC00684,2024-04-14T14:00:00,agent,support_chat,usage reporting,We've been getting good value from the platform and adoption is steady.
MSG0006623,ACC00684,2024-06-11T13:00:00,agent,support_chat,report exports,Could you help us understand why this is happening?
MSG0006624,ACC00684,2025-08-07T08:00:00,customer,email,workflow automation,We've been getting good value from the platform and adoption is steady.
MSG0006625,ACC00684,2024-09-23T09:00:00,customer,email,permissions,The latest release has made the workflow much easier for our team.
MSG0006626,ACC00684,2024-11-28T16:00:00,customer,support_chat,billing configuration,Thanks for getting this sorted so quickly. Everything is working now.
MSG0006627,ACC00684,2024-10-07T10:00:00,agent,support_chat,usage reporting,This has been affecting the team for a while and we need a clearer resolution.
MSG0006628,ACC00684,2025-03-04T11:00:00,customer,meeting_notes,dashboard performance,We're still evaluating the change internally.
MSG0006629,ACC00684,2025-06-27T12:00:00,customer,meeting_notes,user provisioning,We've been getting good value from the platform and adoption is steady.
MSG0006630,ACC00684,2025-08-12T08:00:00,agent,meeting_notes,dashboard performance,We've had to follow up several times and this is starting to become frustrating.
MSG0006631,ACC00684,2025-08-16T15:00:00,agent,support_chat,permissions,This has been affecting the team for a while and we need a clearer resolution.
MSG0006632,ACC00684,2024-06-26T12:00:00,agent,support_chat,data synchronization,Could you help us understand why this is happening?
MSG0006633,ACC00684,2024-05-18T10:00:00,customer,support_chat,invoice reconciliation,Thanks for getting this sorted so quickly. Everything is working now.
MSG0006634,ACC00684,2024-04-26T15:00:00,agent,meeting_notes,API reliability,Thanks for getting this sorted so quickly. Everything is working now.
MSG0006635,ACC00684,2024-03-21T17:00:00,customer,email,renewal terms,Thanks for getting this sorted so quickly. Everything is working now.
MSG0006636,ACC00684,2024-07-27T10:00:00,agent,meeting_notes,user provisioning,"The workflow is mostly fine, although there are a couple of things we'd like improved."
MSG0006637,ACC00684,2025-08-05T13:00:00,customer,meeting_notes,mobile access,Could you help us understand why this is happening?
MSG0006638,ACC00684,2024-04-16T08:00:00,agent,meeting_notes,API reliability,This has been affecting the team for a while and we need a clearer resolution.
MSG0006639,ACC00685,2025-11-16T17:00:00,customer,support_chat,integration errors,"The workflow is mostly fine, although there are a couple of things we'd like improved."
MSG0006640,ACC00685,2025-05-01T17:00:00,customer,email,invoice reconciliation,We're reviewing the latest changes and have a few questions.
MSG0006641,ACC00685,2025-02-01T11:00:00,agent,email,dashboard performance,This has been affecting the team for a while and we need a clearer resolution.
MSG0006642,ACC00685,2025-03-14T13:00:00,customer,email,invoice reconciliation,The reporting changes are useful and the team is happy with them.
MSG0006643,ACC00685,2024-03-16T09:00:00,customer,support_chat,SSO,This has been affecting the team for a while and we need a clearer resolution.
MSG0006644,ACC00685,2025-02-26T09:00:00,customer,meeting_notes,billing configuration,We're reviewing the latest changes and have a few questions.
MSG0006645,ACC00685,2025-03-08T12:00:00,agent,support_chat,SSO,We're still evaluating the change internally.
MSG0006646,ACC00685,2025-10-10T10:00:00,agent,meeting_notes,permissions,Thanks for getting this sorted so quickly. Everything is working now.
MSG0006647,ACC00685,2024-11-12T17:00:00,customer,meeting_notes,data synchronization,Thanks for getting this sorted so quickly. Everything is working now.
MSG0006648,ACC00685,2025-10-27T13:00:00,customer,email,workflow automation,We've had to follow up several times and this is starting to become frustrating.
MSG0006649,ACC00685,2024-01-11T17:00:00,agent,meeting_notes,mobile access,We're still evaluating the change internally.
MSG0006650,ACC00685,2024-12-18T18:00:00,agent,support_chat,SSO,We're reviewing the latest changes and have a few questions.
MSG0006651,ACC00685,2024-01-21T08:00:00,customer,email,dashboard performance,Could you help us understand why this is happening?
MSG0006652,ACC00685,2025-02-19T17:00:00,customer,email,report exports,Could you help us understand why this is happening?
MSG0006653,ACC00685,2025-11-24T18:00:00,customer,email,renewal terms,The reporting changes are useful and the team is happy with them.
MSG0006654,ACC00686,2024-02-18T09:00:00,agent,support_chat,API reliability,We've been getting good value from the platform and adoption is steady.
MSG0006655,ACC00686,2024-06-02T08:00:00,agent,support_chat,usage reporting,This has been affecting the team for a while and we need a clearer resolution.
MSG0006656,ACC00686,2024-12-09T14:00:00,customer,support_chat,usage reporting,The reporting changes are useful and the team is happy with them.
MSG0006657,ACC00686,2024-12-02T10:00:00,customer,meeting_notes,mobile access,This has been affecting the team for a while and we need a clearer resolution.
MSG0006658,ACC00686,2024-11-10T11:00:00,customer,support_chat,report exports,We've been getting good value from the platform and adoption is steady.
MSG0006659,ACC00686,2025-06-20T13:00:00,customer,meeting_notes,billing configuration,We've had to follow up several times and this is starting to become frustrating.
MSG0006660,ACC00686,2024-01-03T08:00:00,agent,email,mobile access,We're reviewing the latest changes and have a few questions.
MSG0006661,ACC00686,2024-08-20T18:00:00,agent,meeting_notes,integration errors,"The workflow is mostly fine, although there are a couple of things we'd like improved."
MSG0006662,ACC00686,2024-07-21T13:00:00,agent,support_chat,dashboard performance,"The workflow is mostly fine, although there are a couple of things we'd like improved."
MSG0006663,ACC00687,2024-07-15T17:00:00,customer,email,SSO,We're still evaluating the change internally.
MSG0006664,ACC00687,2024-08-20T09:00:00,agent,support_chat,user provisioning,This has been affecting the team for a while and we need a clearer resolution.
MSG0006665,ACC00687,2024-02-10T16:00:00,customer,support_chat,usage reporting,We're still evaluating the change internally.
MSG0006666,ACC00687,2024-08-02T15:00:00,customer,support_chat,billing configuration,The latest release has made the workflow much easier for our team.
MSG0006667,ACC00687,2024-11-12T11:00:00,agent,meeting_notes,API reliability,The latest release has made the workflow much easier for our team.
MSG0006668,ACC00687,2024-07-17T11:00:00,agent,email,invoice reconciliation,Could you help us understand why this is happening?
MSG0006669,ACC00687,2024-01-27T15:00:00,customer,meeting_notes,invoice reconciliation,Could you help us understand why this is happening?
MSG0006670,ACC00687,2024-01-14T12:00:00,customer,email,billing configuration,We're reviewing the latest changes and have a few questions.
MSG0006671,ACC00688,2024-03-25T09:00:00,customer,meeting_notes,user provisioning,We're reviewing the latest changes and have a few questions.
MSG0006672,ACC00688,2024-07-17T11:00:00,customer,support_chat,usage reporting,We've been getting good value from the platform and adoption is steady.
MSG0006673,ACC00688,2024-08-04T11:00:00,customer,email,renewal terms,We're reviewing the latest changes and have a few questions.
MSG0006674,ACC00688,2024-05-23T16:00:00,customer,support_chat,usage reporting,We're reviewing the latest changes and have a few questions.
MSG0006675,ACC00689,2024-10-20T10:00:00,customer,meeting_notes,data synchronization,We've had to follow up several times and this is starting to become frustrating.
MSG0006676,ACC00689,2025-02-23T13:00:00,customer,support_chat,SSO,"The workflow is mostly fine, although there are a couple of things we'd like improved."
MSG0006677,ACC00689,2024-04-10T18:00:00,agent,email,SSO,The latest release has made the workflow much easier for our team.
MSG0006678,ACC00689,2024-12-22T13:00:00,customer,support_chat,renewal terms,We're reviewing the latest changes and have a few questions.
MSG0006679,ACC00689,2025-09-22T12:00:00,customer,support_chat,API reliability,This has been affecting the team for a while and we need a clearer resolution.
MSG0006680,ACC00689,2024-02-19T12:00:00,agent,support_chat,user provisioning,Could you help us understand why this is happening?
MSG0006681,ACC00689,2024-01-06T08:00:00,customer,meeting_notes,usage reporting,The latest release has made the workflow much easier for our team.
MSG0006682,ACC00689,2025-11-05T13:00:00,agent,support_chat,SSO,We're reviewing the latest changes and have a few questions.
MSG0006683,ACC00689,2024-04-07T11:00:00,agent,support_chat,integration errors,We've been getting good value from the platform and adoption is steady.
MSG0006684,ACC00690,2024-07-03T10:00:00,agent,support_chat,dashboard performance,Thanks for getting this sorted so quickly. Everything is working now.
MSG0006685,ACC00690,2024-08-13T17:00:00,agent,meeting_notes,usage reporting,We've had to follow up several times and this is starting to become frustrating.
MSG0006686,ACC00690,2024-04-02T13:00:00,customer,meeting_notes,data synchronization,The reporting changes are useful and the team is happy with them.
MSG0006687,ACC00690,2024-08-06T18:00:00,customer,support_chat,SSO,We're still evaluating the change internally.
MSG0006688,ACC00690,2024-06-05T08:00:00,agent,meeting_notes,usage reporting,Could you help us understand why this is happening?
MSG0006689,ACC00690,2024-04-13T18:00:00,customer,meeting_notes,permissions,Could you help us understand why this is happening?
MSG0006690,ACC00691,2024-10-28T12:00:00,customer,support_chat,report exports,We've been getting good value from the platform and adoption is steady.
MSG0006691,ACC00691,2024-12-07T11:00:00,customer,meeting_notes,dashboard performance,We've been getting good value from the platform and adoption is steady.
MSG0006692,ACC00691,2024-10-04T16:00:00,agent,email,SSO,Could you help us understand why this is happening?
MSG0006693,ACC00691,2024-03-24T18:00:00,customer,email,billing configuration,Could you help us understand why this is happening?
MSG0006694,ACC00691,2025-02-27T13:00:00,customer,email,renewal terms,Could you help us understand why this is happening?
MSG0006695,ACC00691,2024-03-22T14:00:00,agent,email,SSO,The latest release has made the workflow much easier for our team.
MSG0006696,ACC00691,2025-09-17T12:00:00,customer,email,dashboard performance,We're still evaluating the change internally.
MSG0006697,ACC00691,2025-04-22T14:00:00,customer,support_chat,mobile access,Thanks for getting this sorted so quickly. Everything is working now.
MSG0006698,ACC00691,2025-01-14T16:00:00,customer,email,API reliability,"The workflow is mostly fine, although there are a couple of things we'd like improved."
MSG0006699,ACC00691,2024-09-25T14:00:00,agent,support_chat,API reliability,Thanks for getting this sorted so quickly. Everything is working now.
MSG0006700,ACC00692,2025-08-10T18:00:00,customer,meeting_notes,renewal terms,Thanks for getting this sorted so quickly. Everything is working now.
MSG0006701,ACC00692,2025-02-19T11:00:00,customer,support_chat,invoice reconciliation,The reporting changes are useful and the team is happy with them.
MSG0006702,ACC00692,2024-09-28T11:00:00,agent,meeting_notes,permissions,The latest release has made the workflow much easier for our team.
MSG0006703,ACC00692,2025-03-06T08:00:00,customer,email,API reliability,The reporting changes are useful and the team is happy with them.
MSG0006704,ACC00692,2025-01-08T14:00:00,customer,email,invoice reconciliation,This has been affecting the team for a while and we need a clearer resolution.
MSG0006705,ACC00692,2025-04-21T13:00:00,agent,email,invoice reconciliation,The latest release has made the workflow much easier for our team.
MSG0006706,ACC00692,2025-01-18T16:00:00,customer,email,permissions,This has been affecting the team for a while and we need a clearer resolution.
MSG0006707,ACC00692,2024-06-14T18:00:00,customer,meeting_notes,permissions,The reporting changes are useful and the team is happy with them.
MSG0006708,ACC00692,2024-11-24T15:00:00,customer,support_chat,integration errors,This has been affecting the team for a while and we need a clearer resolution.
MSG0006709,ACC00693,2024-10-04T15:00:00,agent,meeting_notes,billing configuration,We're reviewing the latest changes and have a few questions.
MSG0006710,ACC00693,2024-12-01T13:00:00,agent,meeting_notes,renewal terms,The reporting changes are useful and the team is happy with them.
MSG0006711,ACC00693,2024-10-19T12:00:00,agent,email,report exports,Thanks for getting this sorted so quickly. Everything is working now.
MSG0006712,ACC00693,2024-10-20T15:00:00,customer,support_chat,mobile access,This has been affecting the team for a while and we need a clearer resolution.
MSG0006713,ACC00693,2024-10-02T11:00:00,agent,meeting_notes,permissions,"The workflow is mostly fine, although there are a couple of things we'd like improved."
MSG0006714,ACC00693,2025-01-07T09:00:00,agent,support_chat,SSO,We've had to follow up several times and this is starting to become frustrating.
MSG0006715,ACC00693,2024-05-06T09:00:00,customer,meeting_notes,data synchronization,We're reviewing the latest changes and have a few questions.
MSG0006716,ACC00693,2024-11-23T15:00:00,agent,support_chat,SSO,The latest release has made the workflow much easier for our team.
MSG0006717,ACC00693,2024-07-17T14:00:00,customer,meeting_notes,invoice reconciliation,We've been getting good value from the platform and adoption is steady.
MSG0006718,ACC00694,2024-11-04T14:00:00,customer,email,renewal terms,Thanks for getting this sorted so quickly. Everything is working now.
MSG0006719,ACC00694,2024-05-19T14:00:00,customer,email,renewal terms,We're reviewing the latest changes and have a few questions.
MSG0006720,ACC00694,2024-07-28T14:00:00,customer,email,billing configuration,We're reviewing the latest changes and have a few questions.
MSG0006721,ACC00694,2024-06-21T13:00:00,customer,support_chat,invoice reconciliation,Thanks for getting this sorted so quickly. Everything is working now.
MSG0006722,ACC00695,2024-08-06T14:00:00,customer,meeting_notes,integration errors,Our payment was rejected again and we'd like help resolving the billing issue.
MSG0006723,ACC00695,2024-08-08T18:00:00,agent,meeting_notes,usage reporting,Our payment was rejected again and we'd like help resolving the billing issue.
MSG0006724,ACC00695,2024-04-18T13:00:00,customer,email,workflow automation,Could you help us understand why this is happening?
MSG0006725,ACC00695,2024-08-03T10:00:00,customer,email,data synchronization,The invoice amount doesn't match our purchase order. Can someone review it?
MSG0006726,ACC00696,2025-08-02T09:00:00,customer,email,report exports,We're still evaluating the change internally.
MSG0006727,ACC00696,2025-01-15T09:00:00,customer,support_chat,report exports,The reporting changes are useful and the team is happy with them.
MSG0006728,ACC00696,2024-09-20T17:00:00,customer,email,usage reporting,The reporting changes are useful and the team is happy with them.
MSG0006729,ACC00696,2025-02-05T13:00:00,customer,email,dashboard performance,Thanks for getting this sorted so quickly. Everything is working now.
MSG0006730,ACC00696,2025-10-11T12:00:00,customer,meeting_notes,renewal terms,We're reviewing the latest changes and have a few questions.
MSG0006731,ACC00696,2024-06-14T10:00:00,customer,email,data synchronization,We've had to follow up several times and this is starting to become frustrating.
MSG0006732,ACC00696,2025-11-11T11:00:00,agent,meeting_notes,billing configuration,Thanks for getting this sorted so quickly. Everything is working now.
MSG0006733,ACC00696,2024-05-17T09:00:00,customer,meeting_notes,dashboard performance,Thanks for getting this sorted so quickly. Everything is working now.
MSG0006734,ACC00696,2024-05-21T17:00:00,customer,email,user provisioning,"The workflow is mostly fine, although there are a couple of things we'd like improved."
MSG0006735,ACC00696,2024-02-04T09:00:00,agent,email,renewal terms,The reporting changes are useful and the team is happy with them.
MSG0006736,ACC00696,2025-05-18T16:00:00,customer,support_chat,billing configuration,Thanks for getting this sorted so quickly. Everything is working now.
MSG0006737,ACC00696,2025-06-23T11:00:00,customer,meeting_notes,integration errors,We're reviewing the latest changes and have a few questions.
MSG0006738,ACC00697,2024-08-01T10:00:00,agent,support_chat,dashboard performance,The reporting changes are useful and the team is happy with them.
MSG0006739,ACC00697,2024-09-08T13:00:00,customer,email,usage reporting,Could you help us understand why this is happening?
MSG0006740,ACC00697,2024-01-26T12:00:00,agent,meeting_notes,mobile access,We've had to follow up several times and this is starting to become frustrating.
MSG0006741,ACC00698,2024-04-26T16:00:00,customer,meeting_notes,report exports,The latest release has made the workflow much easier for our team.
MSG0006742,ACC00698,2025-02-26T17:00:00,agent,email,dashboard performance,"The workflow is mostly fine, although there are a couple of things we'd like improved."
MSG0006743,ACC00698,2024-08-24T15:00:00,customer,meeting_notes,workflow automation,Thanks for getting this sorted so quickly. Everything is working now.
MSG0006744,ACC00698,2025-04-14T11:00:00,customer,support_chat,report exports,We've been getting good value from the platform and adoption is steady.
MSG0006745,ACC00698,2024-06-25T14:00:00,agent,support_chat,billing configuration,We've been getting good value from the platform and adoption is steady.
MSG0006746,ACC00698,2025-08-20T08:00:00,agent,meeting_notes,dashboard performance,Could you help us understand why this is happening?
MSG0006747,ACC00698,2024-01-21T15:00:00,agent,meeting_notes,workflow automation,"The workflow is mostly fine, although there are a couple of things we'd like improved."
MSG0006748,ACC00698,2025-03-21T10:00:00,customer,meeting_notes,workflow automation,The reporting changes are useful and the team is happy with them.
MSG0006749,ACC00698,2024-08-07T08:00:00,agent,support_chat,invoice reconciliation,We've been getting good value from the platform and adoption is steady.
MSG0006750,ACC00698,2024-09-08T16:00:00,agent,email,workflow automation,Thanks for getting this sorted so quickly. Everything is working now.
MSG0006751,ACC00699,2024-11-23T09:00:00,customer,email,billing configuration,"If we can't get this resolved soon, we'll need to look at other options."
MSG0006752,ACC00699,2024-01-05T08:00:00,customer,email,workflow automation,Could you help us understand why this is happening?
MSG0006753,ACC00699,2024-10-03T15:00:00,agent,meeting_notes,workflow automation,The experience lately hasn't been great and we're spending more time working around the product.
MSG0006754,ACC00699,2024-04-14T10:00:00,agent,email,dashboard performance,We're still evaluating the change internally.
MSG0006755,ACC00699,2024-04-24T11:00:00,customer,support_chat,user provisioning,The reporting changes are useful and the team is happy with them.
MSG0006756,ACC00699,2024-10-15T15:00:00,customer,support_chat,workflow automation,We're still evaluating the change internally.
MSG0006757,ACC00700,2025-09-17T17:00:00,customer,email,report exports,"The workflow is mostly fine, although there are a couple of things we'd like improved."
MSG0006758,ACC00700,2024-08-09T10:00:00,agent,email,permissions,Could you help us understand why this is happening?
MSG0006759,ACC00700,2024-11-05T15:00:00,customer,meeting_notes,workflow automation,We've had to follow up several times and this is starting to become frustrating.
MSG0006760,ACC00700,2025-07-18T12:00:00,customer,email,billing configuration,We've been getting good value from the platform and adoption is steady.
MSG0006761,ACC00700,2024-02-02T18:00:00,customer,email,data synchronization,We're still evaluating the change internally.
MSG0006762,ACC00700,2024-05-15T16:00:00,agent,email,mobile access,We're reviewing the latest changes and have a few questions.
MSG0006763,ACC00700,2025-11-25T16:00:00,customer,support_chat,data synchronization,Thanks for getting this sorted so quickly. Everything is working now.
MSG0006764,ACC00700,2025-03-18T18:00:00,agent,meeting_notes,permissions,We're reviewing the latest changes and have a few questions.
MSG0006765,ACC00700,2024-07-10T14:00:00,customer,email,renewal terms,The latest release has made the workflow much easier for our team.
MSG0006766,ACC00700,2025-01-26T10:00:00,agent,support_chat,integration errors,The latest release has made the workflow much easier for our team.
MSG0006767,ACC00700,2025-02-07T14:00:00,customer,email,billing configuration,The reporting changes are useful and the team is happy with them.
MSG0006768,ACC00700,2025-02-25T15:00:00,agent,support_chat,billing configuration,"The workflow is mostly fine, although there are a couple of things we'd like improved."
MSG0006769,ACC00700,2025-02-17T08:00:00,agent,meeting_notes,renewal terms,Thanks for getting this sorted so quickly. Everything is working now.
MSG0006770,ACC00700,2024-04-05T13:00:00,customer,email,mobile access,We've been getting good value from the platform and adoption is steady.
MSG0006771,ACC00700,2024-10-07T12:00:00,agent,support_chat,billing configuration,The reporting changes are useful and the team is happy with them.
